COMPLAINT ID,COMPLAINT TYPE,ADDRESS,STREET NUMBER FROM,STREET NUMBER TO,DIRECTION,STREET NAME,STREET TYPE,INSPECTOR,COMPLAINT DATE,COMPLAINT DETAIL,DATA SOURCE,RESOLUTION,RESOLVED DATE,LATITUDE,LONGITUDE,LOCATION
601476680,Construction and Demolition,451 W HURON ST,451,,W,HURON,ST,379542,2023-11-30T00:00:00Z,,DEPT. OF PUBLIC HEALTH,Resolved,2023-12-04T00:00:00Z,41.8946027055,-87.64049614903,POINT (-87.640496149034 41.894602705495)
601323921,Asbestos Work Order,7145 S HERMITAGE AVE,7145,,S,HERMITAGE,AVE,379542,2023-03-23T00:00:00Z,not sure if this is the right request. owner has asbestos tile and is wondering about any potential programs/help for abating tile,DEPT. OF PUBLIC HEALTH,Resolved,2023-03-27T00:00:00Z,41.76353846885,-87.66727739404,POINT (-87.667277394043 41.763538468853)
601412353,Air Pollution Work Order,2701 E 100TH ST,2701,,E,100TH,ST,10937,2023-08-09T00:00:00Z,"While driving east on 100th Street , just past the railroad tracks, my wife and I detected the foul smell of rotten eggs or worse emanating from the plant",DEPT. OF PUBLIC HEALTH,Complaint Valid,2023-08-11T00:00:00Z,41.71324291275,-87.55803846898,POINT (-87.558038468978 41.713242912752)
601299487,Construction and Demolition,3119 N RACINE AVE,3119,,N,RACINE,AVE,425726,2023-01-26T00:00:00Z,"The summary of the issue is attached in a PDF. We also have support emails, text, photos and videos documenting the situation and can send upon request. Thank you!&nbsp;",DEPT. OF PUBLIC HEALTH,Resolved,2023-01-27T00:00:00Z,41.93859439624,-87.65877701804,POINT (-87.658777018039 41.938594396244)
601422939,Air Pollution Work Order,3937 N SAYRE AVE,3937,,N,SAYRE,AVE,417337,2023-08-27T00:00:00Z,,DEPT. OF PUBLIC HEALTH,Resolved,2023-08-28T00:00:00Z,41.95197177153,-87.80095695804,POINT (-87.80095695804 41.951971771526)
601307046,Air Pollution Work Order,5154 N KEELER AVE,5154,,N,KEELER,AVE,249349,2023-02-16T00:00:00Z,,DEPT. OF PUBLIC HEALTH,Complaint Valid,2023-02-17T00:00:00Z,41.97527305171,-87.73331390703,POINT (-87.733313907035 41.975273051705)
601464418,Air Pollution Work Order,2701 E 100TH ST,2701,,E,100TH,ST,10937,2023-11-02T00:00:00Z,,DEPT. OF PUBLIC HEALTH,Complaint Valid,2023-11-02T00:00:00Z,41.71324291275,-87.55803846898,POINT (-87.558038468978 41.713242912752)
601461246,Noise Complaint,750 N ORLEANS ST,750,,N,ORLEANS,ST,437489,2023-10-26T00:00:00Z,Rooftop cooling tower emits a consistent drowning hum from across the alleyway into neighboring condominium units and balcony spaces. Phone application measures 75+ dB and the noise is far beyond a conversational level.,DEPT. OF PUBLIC HEALTH,Resolved,2024-06-14T00:00:00Z,41.89629265479,-87.63731316709,POINT (-87.637313167087 41.896292654788)
601401746,Air Pollution Work Order,3636 W 61ST ST,3636,,W,61ST,ST,249349,2023-07-24T00:00:00Z,Open burning in the back of house for a week.,DEPT. OF PUBLIC HEALTH,Alleged violation not found,2023-07-25T00:00:00Z,41.78253561956,-87.71467471563,POINT (-87.714674715626 41.782535619557)
601316503,Air Pollution Work Order,4813 S KEELER AVE,4813,,S,KEELER,AVE,10937,2023-03-09T00:00:00Z,quemical smell in the air coming inside apartment,DEPT. OF PUBLIC HEALTH,Alleged violation not found,2023-03-10T00:00:00Z,41.80555074246,-87.72826830753,POINT (-87.728268307534 41.805550742463)
601463016,Air Pollution Work Order,1810 N KILBOURN AVE,1810,,N,KILBOURN,AVE,10937,2023-10-31T00:00:00Z,I ride Metra and often observe open burning of material in the back lot of this business. Residences and School nearby.,DEPT. OF PUBLIC HEALTH,Alleged violation founded,2023-10-31T00:00:00Z,41.91431404389,-87.73889083418,POINT (-87.738890834178 41.914314043887)
601397245,Air Pollution Work Order,4837 S KEDZIE AVE,4837,,S,KEDZIE,AVE,417337,2023-07-17T00:00:00Z,,DEPT. OF PUBLIC HEALTH,Complaint Valid,2023-07-17T00:00:00Z,41.80518651456,-87.70374424459,POINT (-87.703744244589 41.805186514563)
601290353,Air Pollution Work Order,2220 W 37TH ST,2220,,W,37TH,ST,425726,2023-01-01T00:00:00Z,"reported fir oct 22, 2022",DEPT. OF PUBLIC HEALTH,Resolved,2023-01-04T00:00:00Z,41.82678868839,-87.68100126353,POINT (-87.681001263527 41.826788688394)
601356662,Noise Complaint,1540 W FULLERTON AVE,1540,,W,FULLERTON,AVE,417325,2023-05-15T00:00:00Z,,DEPT. OF PUBLIC HEALTH,Complaint Valid,2023-05-16T00:00:00Z,41.92527083003,-87.66742133245,POINT (-87.667421332445 41.925270830034)
601399719,Air Pollution Work Order,3051 W 48TH PL,3051,,W,48TH,PL,417337,2023-07-20T00:00:00Z,,DEPT. OF PUBLIC HEALTH,Resolved,2023-07-17T00:00:00Z,41.80509480079,-87.70101245268,POINT (-87.701012452685 41.805094800795)
601298981,Air Pollution Work Order,2520 W WASHINGTON BLVD,2520,,W,WASHINGTON,BLVD,249349,2023-01-25T00:00:00Z,,DEPT. OF PUBLIC HEALTH,Alleged violation not found,2023-01-26T00:00:00Z,41.88308668486,-87.68938219426,POINT (-87.689382194258 41.883086684859)
601299850,Noise Complaint,9248 S PRAIRIE AVE,9248,,S,PRAIRIE,AVE,129151,2023-01-28T00:00:00Z,,DEPT. OF PUBLIC HEALTH,Alleged violation unfounded,2023-01-30T00:00:00Z,41.72585799316,-87.61802236191,POINT (-87.618022361908 41.725857993161)
601460708,Air Pollution Work Order,2701 E 100TH ST,2701,,E,100TH,ST,10937,2023-10-25T00:00:00Z,caller states that it smells like decaying animals,DEPT. OF PUBLIC HEALTH,Complaint Valid,2023-10-30T00:00:00Z,41.71324291275,-87.55803846898,POINT (-87.558038468978 41.713242912752)
601454710,Water Pollution,2028 W RACE AVE,2028,,W,RACE,AVE,84397,2023-10-13T00:00:00Z,"Green substance unsure if it’s toxic, smells chemical and scary. Doesn’t smell like antifreeze",DEPT. OF PUBLIC HEALTH,Resolved,2023-10-16T00:00:00Z,41.89163589231,-87.6781152753,POINT (-87.678115275305 41.891635892314)
601442219,Air Pollution Work Order,8491 S BALTIMORE AVE,8491,,S,BALTIMORE,AVE,13776,2023-09-26T00:00:00Z,The facility has open large piles of metal and dust and smells are generally being produced which can be smelled from blocks away,DEPT. OF PUBLIC HEALTH,Resolved,2023-10-06T00:00:00Z,41.74133000436,-87.55058181897,POINT (-87.550581818968 41.74133000436)
601369396,Air Pollution Work Order,1732 W BEACH AVE,1732,,W,BEACH,AVE,10937,2023-06-02T00:00:00Z,Entire street and surrounding area has smelled like chemicals/paint for a week,DEPT. OF PUBLIC HEALTH,Alleged violation not found,2023-06-05T00:00:00Z,41.90766719472,-87.67139407251,POINT (-87.671394072511 41.907667194719)
601417865,Construction and Demolition,7042 S MARSHFIELD AVE,7042,,S,MARSHFIELD,AVE,84397,2023-08-18T00:00:00Z,"Vacant home for ten years is now being gutted and worked on. Caller's (neighbor) property is now being infested with roaches, rats. Two full dumpsters are also on site.",DEPT. OF PUBLIC HEALTH,Resolved,2023-08-18T00:00:00Z,41.76543555963,-87.66519317827,POINT (-87.665193178266 41.765435559628)
601379650,Air Pollution Work Order,10933 S AVENUE H,10933,,S,AVENUE H,,13776,2023-06-17T00:00:00Z,: TRUCK EXHAUST,DEPT. OF PUBLIC HEALTH,Alleged violation not found,2023-06-20T00:00:00Z,41.69628321006,-87.53272122335,POINT (-87.532721223346 41.69628321006)
601410207,Air Pollution Work Order,5835 N SHERIDAN RD,5835,,N,SHERIDAN,RD,417337,2023-08-06T00:00:00Z,I’ve complained to management,DEPT. OF PUBLIC HEALTH,Refer to Building Dept,2023-08-07T00:00:00Z,41.98836546854,-87.65518764654,POINT (-87.655187646542 41.988365468544)
601359297,Air Pollution Work Order,3900 S MICHIGAN AVE,3900,,S,MICHIGAN,AVE,8386,2023-05-18T00:00:00Z,: IN THE AIR IT SMELLS LIKE SOMETHING IS DEAD FROM 3900 S MICHIGAN ALL AROUND UP TO STATE STREET,DEPT. OF PUBLIC HEALTH,Alleged violation not found,2023-05-19T00:00:00Z,41.82368919203,-87.62331240868,POINT (-87.623312408677 41.823689192028)
601462091,Air Pollution Work Order,3867 S COTTAGE GROVE AVE,3867,,S,COTTAGE GROVE,AVE,10937,2023-10-28T00:00:00Z,,DEPT. OF PUBLIC HEALTH,Complaint Valid,2023-10-30T00:00:00Z,41.82427924184,-87.60689701736,POINT (-87.606897017363 41.824279241836)
601410231,Construction and Demolition,2249 W BELMONT AVE,2249,,W,BELMONT,AVE,379542,2023-08-07T00:00:00Z,,DEPT. OF PUBLIC HEALTH,Resolved,2023-08-07T00:00:00Z,41.93938176294,-87.68512400113,POINT (-87.685124001135 41.939381762937)
601473963,Air Pollution Work Order,4178 W OGDEN AVE,4178,,W,OGDEN,AVE,417337,2023-11-22T00:00:00Z,,DEPT. OF PUBLIC HEALTH,Resolved,2023-11-24T00:00:00Z,41.8496072111,-87.72929347036,POINT (-87.729293470363 41.849607211104)
601296254,Construction and Demolition,2772 E 75TH ST,2772,,E,75TH,ST,13776,2023-01-17T00:00:00Z,,DEPT. OF PUBLIC HEALTH,Alleged violation unfounded,2023-01-18T00:00:00Z,41.76117674115,-87.55627850184,POINT (-87.556278501837 41.761176741155)
601383844,Air Pollution Work Order,2403 W MOFFAT ST,2403,,W,MOFFAT,ST,417337,2023-06-23T00:00:00Z,,DEPT. OF PUBLIC HEALTH,Resolved,2023-06-26T00:00:00Z,41.91474404555,-87.6875368293,POINT (-87.6875368293 41.914744045551)
601408347,Noise Complaint,1949 W DIVISION ST,1949,,W,DIVISION,ST,129151,2023-08-02T00:00:00Z,,DEPT. OF PUBLIC HEALTH,Refer to Building Dept,2023-08-07T00:00:00Z,41.90308928676,-87.67677205425,POINT (-87.676772054255 41.903089286759)
601464422,Air Pollution Work Order,2055 W PERSHING RD,2055,,W,PERSHING,RD,417337,2023-11-02T00:00:00Z,,DEPT. OF PUBLIC HEALTH,Complaint Valid,2023-11-02T00:00:00Z,41.82297276573,-87.67702220738,POINT (-87.677022207376 41.822972765727)
601403858,Construction and Demolition,2934 W MEDILL AVE,2934,,W,MEDILL,AVE,3308,2023-07-26T00:00:00Z,Ongoing construction complaints at 2934 W Medill,DEPT. OF PUBLIC HEALTH,Resolved,2023-07-27T00:00:00Z,41.92391941246,-87.70138754026,POINT (-87.701387540257 41.923919412462)
601306037,Noise Complaint,680 S FEDERAL ST,680,,S,FEDERAL,ST,417325,2023-02-15T00:00:00Z,: Digital Realty’s ground equipment is running 24 hrs 7 days a week and noise filters into my apartment disrupting my sleep,DEPT. OF PUBLIC HEALTH,Complaint Valid,2023-02-15T00:00:00Z,41.87341637357,-87.62977671782,POINT (-87.629776717815 41.873416373566)
601310334,Construction and Demolition,2700 W MONTROSE AVE,2700,,W,MONTROSE,AVE,84397,2023-02-23T00:00:00Z,"Construction leaving debris , blowing dirt and rocks all over the alley. Washing concrete truck in the alley leaving chunks of concrete and debris in the alley.",DEPT. OF PUBLIC HEALTH,Resolved,2023-02-24T00:00:00Z,41.96137384708,-87.69622327895,POINT (-87.69622327895 41.961373847081)
601478432,Noise Complaint,1135 W WISCONSIN ST,1135,,W,WISCONSIN,ST,129151,2023-12-04T00:00:00Z,Noisy equipment is still noisy after recent upgrades.,DEPT. OF PUBLIC HEALTH,Resolved,2023-12-05T00:00:00Z,41.91432058234,-87.65619991777,POINT (-87.656199917767 41.914320582341)
601440989,Air Pollution Work Order,8624 S STONY ISLAND AVE,8624,,S,STONY ISLAND,AVE,10937,2023-09-25T00:00:00Z,: Caller states that there is a chemical smell in the air outdoors.,DEPT. OF PUBLIC HEALTH,Alleged violation not found,2023-09-25T00:00:00Z,41.73792998436,-87.58580053414,POINT (-87.585800534138 41.737929984355)
601346044,Construction and Demolition,4407 N KIMBALL AVE,4407,,N,KIMBALL,AVE,425726,2023-04-29T00:00:00Z,,DEPT. OF PUBLIC HEALTH,Resolved,2023-05-01T00:00:00Z,41.9613941858,-87.71299632244,POINT (-87.712996322444 41.961394185801)
601485215,Construction and Demolition,6319 S HERMITAGE AVE,6319,,S,HERMITAGE,AVE,379542,2023-12-27T00:00:00Z,Putting up brick with no scaffolding,DEPT. OF PUBLIC HEALTH,Resolved,2023-12-28T00:00:00Z,41.77881145392,-87.66773013936,POINT (-87.667730139358 41.778811453923)
601476622,Air Pollution Work Order,5205 S CHRISTIANA AVE,5205,,S,CHRISTIANA,AVE,437489,2023-11-30T00:00:00Z,,DEPT. OF PUBLIC HEALTH,Alleged violation not found,2023-11-27T00:00:00Z,41.79874136771,-87.70723511956,POINT (-87.707235119563 41.798741367713)
601300195,Construction and Demolition,5429 W GRACE ST,5429,,W,GRACE,ST,379542,2023-01-30T00:00:00Z,"&nbsp;Construction debris has been dumped into my garbage bins, located in my alley",DEPT. OF PUBLIC HEALTH,Resolved,2023-01-31T00:00:00Z,41.94957431555,-87.76315249741,POINT (-87.763152497414 41.949574315551)
601319132,Air Pollution Work Order,2500 S PAULINA ST,2500,,S,PAULINA,ST,84397,2023-03-16T00:00:00Z,,DEPT. OF PUBLIC HEALTH,Resolved,2023-03-16T00:00:00Z,41.84676817856,-87.66850812646,POINT (-87.668508126456 41.846768178557)
601447786,Noise Complaint,7430 S STEWART AVE,7430,,S,STEWART,AVE,129151,2023-10-03T00:00:00Z,,DEPT. OF PUBLIC HEALTH,Resolved,2023-10-04T00:00:00Z,41.75895846745,-87.63465340855,POINT (-87.634653408548 41.75895846745)
601419460,Air Pollution Work Order,5345 N GLENWOOD AVE,5345,,N,GLENWOOD,AVE,417337,2023-08-19T00:00:00Z,,DEPT. OF PUBLIC HEALTH,Resolved,2023-08-21T00:00:00Z,41.97944418864,-87.66469062466,POINT (-87.664690624663 41.979444188643)
601443837,Air Pollution Work Order,2701 E 100TH ST,2701,,E,100TH,ST,10937,2023-09-28T00:00:00Z,Pullman Innovations … the chemicals are being released during the times that an inspector is unavailable which are early morning or late in the evening,DEPT. OF PUBLIC HEALTH,Alleged violation not found,2023-09-29T00:00:00Z,41.71324291275,-87.55803846898,POINT (-87.558038468978 41.713242912752)
601457201,Air Pollution Work Order,2055 W PERSHING RD,2055,,W,PERSHING,RD,84397,2023-10-19T00:00:00Z,,DEPT. OF PUBLIC HEALTH,Resolved,2023-10-19T00:00:00Z,41.82297276573,-87.67702220738,POINT (-87.677022207376 41.822972765727)
601378494,Noise Complaint,717 S WELLS ST,717,,S,WELLS,ST,417325,2023-06-16T00:00:00Z,The noise is starting even earlier (6:30am) and now and there is an additional form of compressor or reciprocating engine noise in addition to an exhaust note and loud fan noise&nbsp;,DEPT. OF PUBLIC HEALTH,Complaint Valid,2023-06-16T00:00:00Z,41.87296747272,-87.63344780864,POINT (-87.633447808641 41.872967472716)
601403134,Air Pollution Work Order,2500 S PAULINA ST,2500,,S,PAULINA,ST,10937,2023-07-25T00:00:00Z,metal shredder is cause huge smoke and the smell is terrible,DEPT. OF PUBLIC HEALTH,Alleged violation not found,2023-07-26T00:00:00Z,41.84676817856,-87.66850812646,POINT (-87.668508126456 41.846768178557)
601397331,Air Pollution Work Order,4837 S KEDZIE AVE,4837,,S,KEDZIE,AVE,417337,2023-07-17T00:00:00Z,Smells horrendously like something has died. Rotten! Smell Lingers for hours please investigate! This business has No name and is not registered on the map.,DEPT. OF PUBLIC HEALTH,Resolved,2023-07-17T00:00:00Z,41.80518651456,-87.70374424459,POINT (-87.703744244589 41.805186514563)
601361174,Water Pollution,11645 S SANGAMON ST,11645,,S,SANGAMON,ST,13776,2023-05-23T00:00:00Z,,DEPT. OF PUBLIC HEALTH,Alleged violation not found,2023-05-23T00:00:00Z,41.68188359041,-87.64555057548,POINT (-87.645550575477 41.681883590405)
601477789,Water Pollution,2631 S EMERALD AVE,2631,,S,EMERALD,AVE,8386,2023-12-01T00:00:00Z,: SEWER IS AT 2629 S EMERALD&nbsp;,DEPT. OF PUBLIC HEALTH,Alleged violation not found,2023-12-04T00:00:00Z,41.84441597957,-87.64506847391,POINT (-87.645068473908 41.84441597957)
601351336,Noise Complaint,5217 S NASHVILLE AVE,5217,,S,NASHVILLE,AVE,129151,2023-05-06T00:00:00Z,,DEPT. OF PUBLIC HEALTH,Alleged violation not found,2023-05-08T00:00:00Z,41.7972474491,-87.78669220925,POINT (-87.78669220925 41.797247449098)
601297638,Water Pollution,9137 S LUELLA AVE,9137,,S,LUELLA,AVE,13776,2023-01-22T00:00:00Z,,DEPT. OF PUBLIC HEALTH,Refer to Code Enforcement,2023-01-23T00:00:00Z,41.72876913931,-87.569284466,POINT (-87.569284466 41.728769139308)
601320812,Construction and Demolition,3605 N BELL AVE,3605,,N,BELL,AVE,3308,2023-03-20T00:00:00Z,,DEPT. OF PUBLIC HEALTH,Alleged violation not found,2023-03-21T00:00:00Z,41.94699064589,-87.68447818962,POINT (-87.684478189616 41.946990645889)
601426133,Air Pollution Work Order,6901 S BELL AVE,6901,,S,BELL,AVE,249349,2023-08-24T00:00:00Z,,DEPT. OF PUBLIC HEALTH,Alleged violation not found,2023-08-24T00:00:00Z,41.76828622622,-87.67944196099,POINT (-87.679441960988 41.768286226221)
601435281,Air Pollution Work Order,1741 N DAMEN AVE,1741,,N,DAMEN,AVE,3308,2023-09-14T00:00:00Z,,DEPT. OF PUBLIC HEALTH,Alleged violation founded,2023-09-15T00:00:00Z,41.91350926837,-87.67738500913,POINT (-87.67738500913 41.913509268368)
601482509,Construction and Demolition,5405 S WELLS ST,5405,,S,WELLS,ST,8386,2023-12-13T00:00:00Z,Side empty lot / &amp; alley,DEPT. OF PUBLIC HEALTH,Alleged violation not found,2023-12-14T00:00:00Z,41.79610222101,-87.63172060099,POINT (-87.631720600991 41.796102221007)
601473955,Air Pollution Work Order,7530 S CONSTANCE AVE,7530,,S,CONSTANCE,AVE,10937,2023-11-23T00:00:00Z,,DEPT. OF PUBLIC HEALTH,Alleged violation not found,2023-11-24T00:00:00Z,41.75789563862,-87.57993840779,POINT (-87.579938407789 41.757895638623)
601416452,Service Stations/Storage Tanks Work Order,5726 N NAGLE AVE,5726,,N,NAGLE,AVE,12770,2023-08-12T00:00:00Z,THE CALLER STATED THAT THEY WERE SELLING BACK GAS,DEPT. OF PUBLIC HEALTH,Resolved,2023-08-14T00:00:00Z,41.98548013781,-87.78783171823,POINT (-87.787831718231 41.985480137808)
601464421,Air Pollution Work Order,2055 W PERSHING RD,2055,,W,PERSHING,RD,417337,2023-11-02T00:00:00Z,": It smells almost every weekday from 6-7 am. It doesn't smell at 5am. By 6am it smells like asphalt and toluene because they are operating. It does not smell every day, please inspect multiple times. Did they install the agreed upon odor controls by Oct 1?",DEPT. OF PUBLIC HEALTH,Complaint Valid,2023-11-02T00:00:00Z,41.82297276573,-87.67702220738,POINT (-87.677022207376 41.822972765727)
601428140,Construction and Demolition,8624 S DAMEN AVE,8624,,S,DAMEN,AVE,13776,2023-09-03T00:00:00Z,,DEPT. OF PUBLIC HEALTH,Alleged violation unfounded,2023-09-05T00:00:00Z,41.73670770654,-87.67295892566,POINT (-87.672958925659 41.73670770654)
601325359,Service Stations/Storage Tanks Work Order,2801 W ARMITAGE AVE,2801,,W,ARMITAGE,AVE,12770,2023-03-27T00:00:00Z,caller states pump 8 appears to be sinking into the ground and there is a strong gas smell&nbsp;,DEPT. OF PUBLIC HEALTH,Alleged violation unfounded,2023-03-27T00:00:00Z,41.91737931679,-87.69725064027,POINT (-87.697250640266 41.917379316788)
601333178,Noise Complaint,510 W BRIAR PL,510,,W,BRIAR,PL,417325,2023-04-09T00:00:00Z,Air compressor box attached to the electric pole,DEPT. OF PUBLIC HEALTH,Complaint Valid,2023-04-13T00:00:00Z,41.93882607533,-87.64247858094,POINT (-87.642478580941 41.938826075331)
601365563,Air Pollution Work Order,6110 S PRINCETON AVE,6110,,S,PRINCETON,AVE,10937,2023-05-29T00:00:00Z,,DEPT. OF PUBLIC HEALTH,Alleged violation not found,2023-05-30T00:00:00Z,41.78321098273,-87.63284348509,POINT (-87.632843485086 41.783210982732)
601377225,Noise Complaint,600 S FEDERAL ST,600,,S,FEDERAL,ST,417325,2023-06-15T00:00:00Z,"One or more of the air conditioning compressors is making a consistent high pitched, whistling noise. It sounds as if an alarm is always sounding 24/7.",DEPT. OF PUBLIC HEALTH,Complaint Valid,2023-06-15T00:00:00Z,41.87447214941,-87.62981321502,POINT (-87.629813215024 41.874472149412)
601449189,Construction and Demolition,7914 S PEORIA ST,7914,,S,PEORIA,ST,13776,2023-10-06T00:00:00Z,,DEPT. OF PUBLIC HEALTH,Alleged violation not found,2023-10-06T00:00:00Z,41.75011634049,-87.64659991903,POINT (-87.646599919032 41.750116340489)
601346905,Noise Complaint,680 S FEDERAL ST,680,,S,FEDERAL,ST,129151,2023-04-28T00:00:00Z,Noise occurs 24 hours 7 days a week. The noise is coming from the fans next to the silver unit as shown in the pictures. Fans need noise canceling barrier or encasement to contain the noise from filtering out.&nbsp;,DEPT. OF PUBLIC HEALTH,Resolved,2023-05-01T00:00:00Z,41.87341637357,-87.62977671782,POINT (-87.629776717815 41.873416373566)
601408341,Noise Complaint,735 W DIVERSEY PKWY,735,,W,DIVERSEY,PKWY,417325,2023-08-02T00:00:00Z,"Excessive noise in excess of 65 dba coming from rooftop air conditioner. Have tried to discuss with property management on multiple occasions, but they are unwilling to do anything about the noise.",DEPT. OF PUBLIC HEALTH,Complaint Valid,2023-09-29T00:00:00Z,41.93263163257,-87.64797278442,POINT (-87.647972784417 41.932631632573)
601437951,Noise Complaint,5033 N SHERIDAN RD,5033,,N,SHERIDAN,RD,417325,2023-09-19T00:00:00Z,,DEPT. OF PUBLIC HEALTH,Resolved,2023-09-22T00:00:00Z,41.97425216527,-87.65480576,POINT (-87.654805759999 41.97425216527)
601450692,Construction and Demolition,3922 N PAULINA ST,3922,,N,PAULINA,ST,84397,2023-10-09T00:00:00Z,"CALLER STATES PRIVATE CONSTRUCTION COMPANY WITH BIG YELLOW TRUCK IS USING WATER AT 3920 N PAULINA, WORKING IN THE BACK OF THE BUILDING AT 3922 N PAULINA&nbsp;",DEPT. OF PUBLIC HEALTH,Resolved,2023-10-10T00:00:00Z,41.95314527831,-87.67159969002,POINT (-87.671599690019 41.953145278307)
601448496,Construction and Demolition,6960 N WOLCOTT AVE,6960,,N,WOLCOTT,AVE,417337,2023-10-04T00:00:00Z,Creating a lot of dust,DEPT. OF PUBLIC HEALTH,Resolved,2023-10-04T00:00:00Z,42.00830436024,-87.67818537681,POINT (-87.678185376807 42.008304360241)
601383769,Air Pollution Work Order,6619 S CARPENTER ST,6619,,S,CARPENTER,ST,10937,2023-06-23T00:00:00Z,,DEPT. OF PUBLIC HEALTH,Resolved,2023-06-26T00:00:00Z,41.77360825689,-87.6505546157,POINT (-87.650554615695 41.773608256887)
601357307,Construction and Demolition,4335 N FRANCISCO AVE,4335,,N,FRANCISCO,AVE,425726,2023-05-17T00:00:00Z,PER CALLER- THERE ARE NAILS AND OTHER CONSTRUCTION DEBRIS IN THE ALLEY. THEY ARE ALSOBLOCKING THE ALLEY ALL DAY.,DEPT. OF PUBLIC HEALTH,Resolved,2023-05-17T00:00:00Z,41.96046189016,-87.70073986261,POINT (-87.700739862614 41.960461890165)
601384698,Air Pollution Work Order,10933 S AVENUE H,10933,,S,AVENUE H,,10937,2023-06-26T00:00:00Z,"&nbsp;Per Caller- always happens mostly at night, would also like a phone call.",DEPT. OF PUBLIC HEALTH,Resolved,2023-06-27T00:00:00Z,41.69628321006,-87.53272122335,POINT (-87.532721223346 41.69628321006)
601351436,Noise Complaint,1042 W MARQUETTE RD,1042,,W,MARQUETTE,RD,129151,2023-05-07T00:00:00Z,LIGHTPOLE WITH BOX MAKING NOISE,DEPT. OF PUBLIC HEALTH,Resolved,2023-05-08T00:00:00Z,41.77248874279,-87.65115148102,POINT (-87.65115148102 41.772488742791)
601308133,Noise Complaint,808 S MICHIGAN AVE,808,,S,MICHIGAN,AVE,129151,2023-02-22T00:00:00Z,,DEPT. OF PUBLIC HEALTH,Resolved,2023-02-24T00:00:00Z,41.87171754808,-87.6243127769,POINT (-87.624312776897 41.87171754808)
601398619,Air Pollution Work Order,250 E PEARSON ST,250,,E,PEARSON,ST,10937,2023-07-19T00:00:00Z,,DEPT. OF PUBLIC HEALTH,Resolved,2023-07-20T00:00:00Z,41.89775838229,-87.6196620999,POINT (-87.619662099897 41.897758382287)
601412678,Air Pollution Work Order,1234 N CICERO AVE,1234,,N,CICERO,AVE,417337,2023-08-09T00:00:00Z,Idk its 2 paint shops on the corner and both of them are painting and the fumes are so bad I can't breath.&nbsp;,DEPT. OF PUBLIC HEALTH,Resolved,2023-08-10T00:00:00Z,41.90330783655,-87.74613164993,POINT (-87.746131649926 41.903307836545)
601464391,Asbestos Work Order,10501 S AVENUE G,10501,,S,AVENUE G,,379542,2023-11-02T00:00:00Z,Caller wants to remain anonymous but states that you can enter into the back door. The backdoor is always open. Caller reports that the landlord information is on the building.,DEPT. OF PUBLIC HEALTH,Resolved,2023-11-03T00:00:00Z,41.70446203349,-87.53151095445,POINT (-87.531510954445 41.704462033489)
601390819,Noise Complaint,11362 S LAWNDALE AVE,11362,,S,LAWNDALE,AVE,129151,2023-07-06T00:00:00Z,,DEPT. OF PUBLIC HEALTH,Resolved,2023-07-07T00:00:00Z,41.68595710042,-87.71272896747,POINT (-87.712728967467 41.685957100419)
601448492,Air Pollution Work Order,2500 S PAULINA ST,2500,,S,PAULINA,ST,129151,2023-10-04T00:00:00Z,,DEPT. OF PUBLIC HEALTH,Resolved,2023-10-05T00:00:00Z,41.84676817856,-87.66850812646,POINT (-87.668508126456 41.846768178557)
601295629,Air Pollution Work Order,900 N PAULINA ST,900,,N,PAULINA,ST,10937,2023-01-17T00:00:00Z,"&nbsp;CHEMICAL, PLASTIC, BURNING SMELL, CALLER CAME IN FROM WALKING HIS DOG AND CLOSED SMELLED OF THE ODOR",DEPT. OF PUBLIC HEALTH,Alleged violation not found,2023-01-18T00:00:00Z,41.8985849342,-87.66995713308,POINT (-87.669957133085 41.898584934199)
601461245,Air Pollution Work Order,1210 S INDIANA AVE,1210,,S,INDIANA,AVE,84397,2023-10-26T00:00:00Z,There is a gas smell on the north side of the sidewalk between Columbus and Michigan on Roosevelt avenue&nbsp;,DEPT. OF PUBLIC HEALTH,Resolved,2023-10-27T00:00:00Z,41.86713651873,-87.62269374006,POINT (-87.622693740064 41.867136518732)
601425186,Construction and Demolition,1942 S DESPLAINES ST,1942,,S,DESPLAINES,ST,84397,2023-08-29T00:00:00Z,THE FARGO GROUP. TORE NEIGHBORS PROPERTY UNABLE DUE TO COMPANY DESTRUCTION,DEPT. OF PUBLIC HEALTH,Resolved,2023-08-30T00:00:00Z,41.85556982951,-87.64292035768,POINT (-87.64292035768 41.855569829514)
601387652,Water Pollution,359 W CHICAGO AVE,359,,W,CHICAGO,AVE,8386,2023-06-29T00:00:00Z,From their air conditioning down their drain pipe into the alley and eventually the sewers,DEPT. OF PUBLIC HEALTH,Alleged violation not found,2023-06-30T00:00:00Z,41.89642989557,-87.63802548323,POINT (-87.638025483233 41.896429895569)
601322796,Noise Complaint,5101 N LEAVITT ST,5101,,N,LEAVITT,ST,417325,2023-03-22T00:00:00Z,: This is an ongoing noise that began when the water was turned on for the spring. I am told by maintenance in the school that it is a water heater,DEPT. OF PUBLIC HEALTH,Alleged violation not found,2023-03-23T00:00:00Z,41.97457000707,-87.68409562455,POINT (-87.684095624547 41.974570007068)
601426336,Air Pollution Work Order,9204 S COMMERCIAL AVE,9204,,S,COMMERCIAL,AVE,249349,2023-08-30T00:00:00Z,mold smell,DEPT. OF PUBLIC HEALTH,Refer to Building Dept,2023-08-31T00:00:00Z,41.72803591373,-87.55135785247,POINT (-87.551357852469 41.728035913732)
601341501,Air Pollution Work Order,3835 S DAMEN AVE,3835,,S,DAMEN,AVE,425726,2023-04-21T00:00:00Z,,DEPT. OF PUBLIC HEALTH,Resolved,2023-04-25T00:00:00Z,41.82388752432,-87.67496079658,POINT (-87.674960796583 41.823887524318)
601383051,Air Pollution Work Order,10629 S EMERALD AVE,10629,,S,EMERALD,AVE,249349,2023-06-22T00:00:00Z,,DEPT. OF PUBLIC HEALTH,Alleged violation not found,2023-06-23T00:00:00Z,41.70059389824,-87.64127743598,POINT (-87.641277435981 41.700593898241)
601468396,Asbestos Work Order,2330 W LYNDALE ST,2330,,W,LYNDALE,ST,379542,2023-11-08T00:00:00Z,unknown but they are removing the roof and there is possible asbestos,DEPT. OF PUBLIC HEALTH,Resolved,2023-11-13T00:00:00Z,41.92274184532,-87.68644560072,POINT (-87.686445600715 41.922741845318)
601374545,Air Pollution Work Order,5200 N LAKE SHORE DR,5200,,N,LAKE SHORE,DR,417337,2023-06-09T00:00:00Z,"unit 205, plz call per caller in advance and for entry 312-468-4883, berwyn and sheridan&nbsp;",DEPT. OF PUBLIC HEALTH,Refer to Building Dept,2023-06-12T00:00:00Z,41.97662162787,-87.65079002625,POINT (-87.650790026249 41.976621627865)
601475446,Air Pollution Work Order,5205 S CHRISTIANA AVE,5205,,S,CHRISTIANA,AVE,437489,2023-11-28T00:00:00Z,,DEPT. OF PUBLIC HEALTH,Alleged violation not found,2023-11-27T00:00:00Z,41.79874136771,-87.70723511956,POINT (-87.707235119563 41.798741367713)
601428120,Construction and Demolition,2632 W AUGUSTA BLVD,2632,,W,AUGUSTA,BLVD,379542,2023-09-01T00:00:00Z,No dust control material on fence Dust on cars etc,DEPT. OF PUBLIC HEALTH,Alleged violation not found,2023-09-05T00:00:00Z,41.89942910807,-87.69321176051,POINT (-87.693211760515 41.899429108068)
601440746,Noise Complaint,5651 N CAMPBELL AVE,5651,,N,CAMPBELL,AVE,129151,2023-09-21T00:00:00Z,5 days non stop,DEPT. OF PUBLIC HEALTH,Resolved,2023-09-27T00:00:00Z,41.98466307857,-87.69177378839,POINT (-87.69177378839 41.984663078568)
601365411,Construction and Demolition,1359 W 76TH ST,1359,,W,76TH,ST,379542,2023-05-26T00:00:00Z,,DEPT. OF PUBLIC HEALTH,Resolved,2023-05-30T00:00:00Z,41.75577537941,-87.6586153461,POINT (-87.658615346104 41.755775379406)
601315862,Service Stations/Storage Tanks Work Order,3450 S CALIFORNIA AVE,3450,,S,CALIFORNIA,AVE,129032,2023-03-08T00:00:00Z,,DEPT. OF PUBLIC HEALTH,Resolved,2023-03-13T00:00:00Z,41.8304028226,-87.69495246787,POINT (-87.694952467868 41.830402822602)
601483326,Construction and Demolition,1902 N FREMONT ST,1902,,N,FREMONT,ST,379542,2023-12-14T00:00:00Z,"&nbsp;worksite unkept, using barricades",DEPT. OF PUBLIC HEALTH,Resolved,2023-12-15T00:00:00Z,41.91615593711,-87.65101499182,POINT (-87.65101499182 41.916155937111)
601356479,Construction and Demolition,2614 N CALIFORNIA AVE,2614,,N,CALIFORNIA,AVE,379542,2023-05-16T00:00:00Z,,DEPT. OF PUBLIC HEALTH,Resolved,2023-05-16T00:00:00Z,41.92915227194,-87.69768140595,POINT (-87.697681405946 41.929152271944)
601447440,Water Pollution,1923 N HAMLIN AVE,1923,,N,HAMLIN,AVE,8386,2023-10-03T00:00:00Z,,DEPT. OF PUBLIC HEALTH,Alleged violation not found,2023-10-04T00:00:00Z,41.91611766838,-87.7214876898,POINT (-87.721487689804 41.916117668385)
601409079,Air Pollution Work Order,5059 S LARAMIE AVE,5059,,S,LARAMIE,AVE,8386,2023-08-03T00:00:00Z,: smell is present outdoors of the home&nbsp;,DEPT. OF PUBLIC HEALTH,Alleged violation not found,2023-08-04T00:00:00Z,41.8002812892,-87.75259254048,POINT (-87.752592540482 41.800281289203)
601403341,Noise Complaint,725 S WELLS ST,725,,S,WELLS,ST,129151,2023-07-25T00:00:00Z,Particularly loud cyclic low frequency sounds,DEPT. OF PUBLIC HEALTH,Resolved,2023-07-26T00:00:00Z,41.8728233617,-87.6334446048,POINT (-87.633444604796 41.872823361702)
601354078,Construction and Demolition,1048 N MARSHFIELD AVE,1048,,N,MARSHFIELD,AVE,379542,2023-05-10T00:00:00Z,DEBRIS FALLING FROM CONSTRUCTION SITE,DEPT. OF PUBLIC HEALTH,Resolved,2023-05-16T00:00:00Z,41.9010801261,-87.66880066095,POINT (-87.668800660949 41.901080126101)
601333175,Air Pollution Work Order,1001 W 47TH ST,1001,,W,47TH,ST,379542,2023-04-07T00:00:00Z,"Hi folks, 47th and Morgan is a dust bowl everyday around noon. Folks have to cover their faces to keep themselves out of harm’s way. Please help to find a solution to this. Area needs maintenance &amp; truck traffic control.",DEPT. OF PUBLIC HEALTH,Resolved,2023-04-10T00:00:00Z,41.80868404636,-87.65051590304,POINT (-87.65051590304 41.808684046361)
601355425,Air Pollution Work Order,2622 N CALIFORNIA AVE,2622,,N,CALIFORNIA,AVE,379542,2023-05-15T00:00:00Z,PER CALLER- THE WORKERS ARE DRY CUTTING WITH A SAW IN THE ALLEY. THERE IS A LOT OF DUSTAND THEY SHOULD BE USING A WET SAW.,DEPT. OF PUBLIC HEALTH,Resolved,2023-05-15T00:00:00Z,41.92936180228,-87.69769005299,POINT (-87.697690052986 41.929361802284)
601390616,Service Stations/Storage Tanks Work Order,2477 S ARCHER AVE,2477,,S,ARCHER,AVE,187825,2023-07-05T00:00:00Z,,DEPT. OF PUBLIC HEALTH,Alleged violation unfounded,2023-07-07T00:00:00Z,41.84755805016,-87.64549599168,POINT (-87.645495991682 41.847558050164)
601364054,Air Pollution Work Order,447 W 26TH ST,447,,W,26TH,ST,187825,2023-05-24T00:00:00Z,,DEPT. OF PUBLIC HEALTH,Alleged violation not found,2023-05-26T00:00:00Z,41.84532465058,-87.63849525618,POINT (-87.638495256183 41.845324650584)
601365498,Air Pollution Work Order,2940 W 36TH ST,2940,,W,36TH,ST,417337,2023-05-27T00:00:00Z,,DEPT. OF PUBLIC HEALTH,Complaint Valid,2023-05-30T00:00:00Z,41.82829903887,-87.69877296802,POINT (-87.698772968018 41.828299038872)
601353234,Asbestos Work Order,2302 W DEVON AVE,2302,,W,DEVON,AVE,379542,2023-05-09T00:00:00Z,": From the illegal work without city permit on the drop ceiling , there is asbestos coming from the old pipes from the ceiling spreading all over the office space on 2302 W Devon Ave . 60645 making it hazardous for people.&nbsp;There was illegal work done on the drop ceiling of the office at 2302 W Devon Ave , Chicago IL, 60645. . The management did not obtain city permit to do rehab construction of the drop ceiling at 2302 W Devon Ave.",DEPT. OF PUBLIC HEALTH,Resolved,2023-05-10T00:00:00Z,41.99787948386,-87.68759515153,POINT (-87.687595151528 41.99787948386)
601415975,Construction and Demolition,7200 W BALMORAL AVE,7200,,W,BALMORAL,AVE,8386,2023-08-15T00:00:00Z,"The construction crew working on the road construction consistently leaves materials and trash on my property after the work day has concluded. On top of the attached picture, materials were on my front lawn at 4am",DEPT. OF PUBLIC HEALTH,Alleged violation not found,2023-08-16T00:00:00Z,41.97803626964,-87.80708403481,POINT (-87.80708403481 41.978036269642)
601301422,Noise Complaint,9050 S GREEN ST,9050,,S,GREEN,ST,129151,2023-02-01T00:00:00Z,,DEPT. OF PUBLIC HEALTH,Alleged violation not found,2023-02-02T00:00:00Z,41.72920193704,-87.64481372912,POINT (-87.644813729115 41.729201937035)
601477797,Air Pollution Work Order,3244 N LINCOLN AVE,3244,,N,LINCOLN,AVE,379542,2023-12-02T00:00:00Z,,DEPT. OF PUBLIC HEALTH,Resolved,2023-12-05T00:00:00Z,41.94081095314,-87.66961181279,POINT (-87.669611812785 41.940810953144)
601479761,Noise Complaint,3041 W LAWRENCE AVE,3041,,W,LAWRENCE,AVE,129151,2023-12-06T00:00:00Z,,DEPT. OF PUBLIC HEALTH,Resolved,2023-12-07T00:00:00Z,41.9683706505,-87.70526125024,POINT (-87.705261250237 41.968370650498)
601377348,Noise Complaint,228 W HILL ST,228,,W,HILL,ST,129151,2023-06-14T00:00:00Z,,DEPT. OF PUBLIC HEALTH,Resolved,2023-06-15T00:00:00Z,41.90219892638,-87.63564922164,POINT (-87.635649221642 41.902198926376)
601301908,Noise Complaint,5872 N MILWAUKEE AVE,5872,,N,MILWAUKEE,AVE,417325,2023-02-02T00:00:00Z,NOISE FROM COMPRESSOR OCCURS ALL DAY AND ALL NIGHT. CALLER NOT GETTING ANY SLEEP.,DEPT. OF PUBLIC HEALTH,Resolved,2023-02-03T00:00:00Z,41.98853896023,-87.77969531508,POINT (-87.779695315081 41.988538960226)
601425290,Noise Complaint,501 W SURF ST,501,,W,SURF,ST,417325,2023-08-30T00:00:00Z,,DEPT. OF PUBLIC HEALTH,Complaint Valid,2023-08-30T00:00:00Z,41.93419516579,-87.64140393809,POINT (-87.641403938087 41.934195165792)
601483628,Construction and Demolition,3270 N CLARK ST,3270,,N,CLARK,ST,417337,2023-12-18T00:00:00Z,": Per caller- company has not placed any gating and barriers around the construction site. Concerned for residents. Also, concerned the soil they are bringing up is toxic to environment.",DEPT. OF PUBLIC HEALTH,Alleged violation founded,2023-12-19T00:00:00Z,41.94162125554,-87.65219590191,POINT (-87.652195901906 41.941621255545)
601353271,Noise Complaint,819 S STATE ST,819,,S,STATE,ST,417325,2023-05-09T00:00:00Z,,DEPT. OF PUBLIC HEALTH,Alleged violation not found,2023-05-10T00:00:00Z,41.87153497463,-87.62737081569,POINT (-87.627370815686 41.871534974632)
601424245,Air Pollution Work Order,5927 W IOWA ST,5927,,W,IOWA,ST,249349,2023-08-28T00:00:00Z,"2 vehicles in driveway, when started, vehicles are producing, per caller, air pollution-carbon monoxide detector is going off in neighbors home constantly, on side of home",DEPT. OF PUBLIC HEALTH,Alleged violation not found,2023-08-29T00:00:00Z,41.89644573007,-87.77346977901,POINT (-87.773469779012 41.896445730075)
601419868,Air Pollution Work Order,1912 W FLETCHER ST,1912,,W,FLETCHER,ST,379542,2023-08-21T00:00:00Z,Unknown business name but significant construction dust and debris in alley behind fletcher,DEPT. OF PUBLIC HEALTH,Resolved,2023-08-22T00:00:00Z,41.93879404622,-87.67647506884,POINT (-87.676475068835 41.938794046224)
601306019,Construction and Demolition,5729 S MARSHFIELD AVE,5729,,S,MARSHFIELD,AVE,84397,2023-02-15T00:00:00Z,working on garage,DEPT. OF PUBLIC HEALTH,Resolved,2023-02-15T00:00:00Z,41.78949333716,-87.66553457117,POINT (-87.665534571165 41.789493337155)
601436589,Air Pollution Work Order,2701 E 100TH ST,2701,,E,100TH,ST,10937,2023-09-15T00:00:00Z,,DEPT. OF PUBLIC HEALTH,Alleged violation not found,2023-09-19T00:00:00Z,41.71324291275,-87.55803846898,POINT (-87.558038468978 41.713242912752)
601409086,Air Pollution Work Order,2015 S PEORIA ST,2015,,S,PEORIA,ST,10937,2023-08-03T00:00:00Z,John Walsh School,DEPT. OF PUBLIC HEALTH,Complaint Valid,2023-08-04T00:00:00Z,41.85484214279,-87.64804964196,POINT (-87.648049641959 41.854842142791)
601419007,Air Pollution Work Order,2145 W PERSHING RD,2145,,W,PERSHING,RD,425726,2023-08-19T00:00:00Z,,DEPT. OF PUBLIC HEALTH,Resolved,2023-08-23T00:00:00Z,41.82295315143,-87.67876997066,POINT (-87.678769970664 41.822953151429)
601445599,Air Pollution Work Order,1340 W 18TH PL,1340,,W,18TH,PL,10937,2023-10-02T00:00:00Z,The pollution is coming into my apartment through open windows and causing health problems.,DEPT. OF PUBLIC HEALTH,Complaint Invalid,2023-10-02T00:00:00Z,41.85708957501,-87.66049138837,POINT (-87.660491388369 41.857089575014)
601437958,Noise Complaint,5047 N SHERIDAN RD,5047,,N,SHERIDAN,RD,417325,2023-09-19T00:00:00Z,,DEPT. OF PUBLIC HEALTH,Resolved,2023-09-22T00:00:00Z,41.97472755169,-87.65481937663,POINT (-87.654819376629 41.974727551692)
601390704,Air Pollution Work Order,5133 N OAK PARK AVE,5133,,N,OAK PARK,AVE,417337,2023-07-06T00:00:00Z,,DEPT. OF PUBLIC HEALTH,Referred to another agency,2023-07-06T00:00:00Z,41.97475850644,-87.79622741404,POINT (-87.79622741404 41.974758506444)
601357278,Air Pollution Work Order,3704 N MILWAUKEE AVE,3704,,N,MILWAUKEE,AVE,10937,2023-05-17T00:00:00Z,"using power washing w/bleach to clean outside of homes, polluting air",DEPT. OF PUBLIC HEALTH,Alleged violation not found,2023-05-22T00:00:00Z,41.94801092502,-87.7387150506,POINT (-87.738715050598 41.948010925018)
601432217,Air Pollution Work Order,8634 S KOMENSKY AVE,8634,,S,KOMENSKY,AVE,13776,2023-09-10T00:00:00Z,The strong chemicals/fumes and burning odors are located in the garage and driveway of house due to home owner appearing as if repairing cars which he does not drive. This activity occurs off/on; stops for awhile when police officers respond. Ongoing.&nbsp;,DEPT. OF PUBLIC HEALTH,Alleged violation unfounded,2023-09-11T00:00:00Z,41.73557155939,-87.72281963705,POINT (-87.722819637046 41.735571559389)
601375380,Air Pollution Work Order,3307 S MAY ST,3307,,S,MAY,ST,84397,2023-06-12T00:00:00Z,"Ice cream truck parks for hours and continues running engine, emitting Diesel fumes into the air, polluting neighbors homes.",DEPT. OF PUBLIC HEALTH,Resolved,2023-06-13T00:00:00Z,41.834026833,-87.65455120966,POINT (-87.654551209664 41.834026833001)
601359914,Air Pollution Work Order,3606 S HERMITAGE AVE,3606,,S,HERMITAGE,AVE,10937,2023-05-19T00:00:00Z,Caller is complaining about the general quality of the air; worried about pollution.&nbsp;,DEPT. OF PUBLIC HEALTH,Alleged violation not found,2023-05-22T00:00:00Z,41.82838121067,-87.66927176393,POINT (-87.66927176393 41.828381210673)
601359295,Air Pollution Work Order,5441 N EAST RIVER RD,5441,,N,EAST RIVER,RD,249349,2023-05-19T00:00:00Z,,DEPT. OF PUBLIC HEALTH,Alleged violation not found,2023-05-22T00:00:00Z,41.97830714609,-87.84631557802,POINT (-87.846315578024 41.978307146086)
601378484,Air Pollution Work Order,2940 W 36TH ST,2940,,W,36TH,ST,425726,2023-06-15T00:00:00Z,2940 w 36th St. The dust on the ground in this place pollutes the ambient air and often honks the horn in the middle of the night.&nbsp;,DEPT. OF PUBLIC HEALTH,Resolved,2023-06-15T00:00:00Z,41.82829903887,-87.69877296802,POINT (-87.698772968018 41.828299038872)
601338621,Noise Complaint,1164 N DEARBORN ST,1164,,N,DEARBORN,ST,129151,2023-04-19T00:00:00Z,,DEPT. OF PUBLIC HEALTH,Resolved,2023-04-19T00:00:00Z,41.90381316794,-87.63012985114,POINT (-87.630129851143 41.903813167942)
601351432,Air Pollution Work Order,2222 W LAKE ST,2222,,W,LAKE,ST,249349,2023-05-08T00:00:00Z,PER CALLER- THIS COMPANY IS SMOKING FISH.,DEPT. OF PUBLIC HEALTH,Alleged violation not found,2023-05-08T00:00:00Z,41.88488160077,-87.68244584189,POINT (-87.682445841894 41.884881600774)
601436277,Air Pollution Work Order,5005 N ROCKWELL ST,5005,,N,ROCKWELL,ST,417337,2023-09-15T00:00:00Z,HIGHWAY MARKING CONTRACTOR 847-608-6614,DEPT. OF PUBLIC HEALTH,Alleged violation unfounded,2023-09-18T00:00:00Z,41.9720366863,-87.69377207211,POINT (-87.693772072109 41.972036686305)
601401127,Noise Complaint,717 S WELLS ST,717,,S,WELLS,ST,417325,2023-07-24T00:00:00Z,,DEPT. OF PUBLIC HEALTH,Complaint Valid,2023-07-24T00:00:00Z,41.87296747272,-87.63344780864,POINT (-87.633447808641 41.872967472716)
601411132,Noise Complaint,2211 N MILWAUKEE AVE,2211,,N,MILWAUKEE,AVE,129151,2023-08-07T00:00:00Z,,DEPT. OF PUBLIC HEALTH,Resolved,2023-08-08T00:00:00Z,41.92107615756,-87.69413785909,POINT (-87.694137859093 41.921076157561)
601441377,Noise Complaint,4652 N SHERIDAN RD,4652,,N,SHERIDAN,RD,417325,2023-09-24T00:00:00Z,: Industrial exhaust used by DOS Bros is very loud in my apartment and shakes the floors and walls casing building damage. Please help!&nbsp;,DEPT. OF PUBLIC HEALTH,Alleged violation not found,2023-09-26T00:00:00Z,41.96703976288,-87.65494521476,POINT (-87.65494521476 41.967039762881)
601418672,Noise Complaint,1 W SUPERIOR ST,1,,W,SUPERIOR,ST,417325,2023-08-18T00:00:00Z,,DEPT. OF PUBLIC HEALTH,Complaint Valid,2023-08-22T00:00:00Z,41.8955683487,-87.62825186147,POINT (-87.628251861473 41.895568348703)
601469890,Air Pollution Work Order,3065 E 93RD ST,3065,,E,93RD,ST,10937,2023-11-14T00:00:00Z,,DEPT. OF PUBLIC HEALTH,Alleged violation not found,2023-11-14T00:00:00Z,41.72634144984,-87.5485512123,POINT (-87.548551212301 41.72634144984)
601443503,Noise Complaint,1606 E HYDE PARK BLVD,1606,,E,HYDE PARK,BLVD,129151,2023-09-27T00:00:00Z,AIR CONDITION IS NEXT TO THE PARKING LOT SIDE OF BUILDING. MAKING A LOT OF NOISE. UNIT ISON THE NORTH SIDE OF BUILDING,DEPT. OF PUBLIC HEALTH,Resolved,2023-09-28T00:00:00Z,41.80260873548,-87.5861141912,POINT (-87.586114191196 41.80260873548)
601462089,Air Pollution Work Order,9701 S PROSPECT AVE,9701,,S,PROSPECT,AVE,10937,2023-10-27T00:00:00Z,,DEPT. OF PUBLIC HEALTH,Complaint Valid,2023-10-30T00:00:00Z,41.71801544917,-87.66442869804,POINT (-87.664428698039 41.718015449173)
601483651,Construction and Demolition,1035 W 61ST ST,1035,,W,61ST,ST,13776,2023-12-18T00:00:00Z,,DEPT. OF PUBLIC HEALTH,Alleged violation not found,2023-12-19T00:00:00Z,41.78318507506,-87.65109998519,POINT (-87.651099985188 41.783185075059)
601290504,Construction and Demolition,1358 W OHIO ST,1358,,W,OHIO,ST,84397,2023-01-03T00:00:00Z,Over flowing dumpsters. Dumpster blocking public way on side walk.,DEPT. OF PUBLIC HEALTH,Resolved,2023-01-04T00:00:00Z,41.89260388446,-87.66181441118,POINT (-87.661814411182 41.892603884464)
601347970,Construction and Demolition,6122 S UNIVERSITY AVE,6122,,S,UNIVERSITY,AVE,84397,2023-05-02T00:00:00Z,,DEPT. OF PUBLIC HEALTH,Resolved,2023-05-03T00:00:00Z,41.78343368467,-87.59803991329,POINT (-87.598039913292 41.783433684674)
601446579,Air Pollution Work Order,2834 W IRVING PARK RD,2834,,W,IRVING PARK,RD,249349,2023-10-02T00:00:00Z,This Burger King constantly pollutes the neighborhood with smoke and dirty grease smells. We have reported this before but no improvement was made. There has to be a way to cut down on the smoke and stench!,DEPT. OF PUBLIC HEALTH,Complaint Valid,2023-10-03T00:00:00Z,41.95407627735,-87.69968215567,POINT (-87.699682155672 41.95407627735)
601387658,Air Pollution Work Order,3644 W 64TH ST,3644,,W,64TH,ST,249349,2023-06-29T00:00:00Z,&nbsp;repainting home with industrial spraying no tarps. overspray all over the neighborhood,DEPT. OF PUBLIC HEALTH,Alleged violation unfounded,2023-06-30T00:00:00Z,41.77706052989,-87.71481541838,POINT (-87.714815418384 41.777060529888)
601431547,Air Pollution Work Order,8101 S MANISTEE AVE,8101,,S,MANISTEE,AVE,13776,2023-09-07T00:00:00Z,,DEPT. OF PUBLIC HEALTH,Alleged violation not found,2023-09-08T00:00:00Z,41.74812035557,-87.55753639947,POINT (-87.55753639947 41.748120355566)
601321630,Asbestos Work Order,2600 W 25TH ST,2600,,W,25TH,ST,379542,2023-03-22T00:00:00Z,The building is being demolished and there are no permits publicly displayed. It is a private development and the contractor has not provided any information. There are no containments up and there a new born living at 2602 W. 25th St. and another at 2608 W. 25th St. We are worried because we don't believe they are following lead and Asbestos safety protocol. I was unable to take pictures because the contractors where staring at the neighbors,DEPT. OF PUBLIC HEALTH,Resolved,2023-03-23T00:00:00Z,41.84662424738,-87.69051643005,POINT (-87.69051643005 41.846624247384)
601440743,Construction and Demolition,5201 N SHERIDAN RD,5201,,N,SHERIDAN,RD,129151,2023-09-21T00:00:00Z,There is construction work taking place at Mariano's and the construction trailer has a generator that sits just outside of it that is running nonstop and is very loud. There is a loud hissing noise coming from the generator,DEPT. OF PUBLIC HEALTH,Resolved,2023-09-22T00:00:00Z,41.97648166761,-87.65483977717,POINT (-87.654839777167 41.976481667612)
601437941,Noise Complaint,518 N HERMITAGE AVE,518,,N,HERMITAGE,AVE,129151,2023-09-20T00:00:00Z,,DEPT. OF PUBLIC HEALTH,Resolved,2023-09-20T00:00:00Z,41.8915316014,-87.67061019061,POINT (-87.67061019061 41.891531601402)
601379760,Air Pollution Work Order,2701 E 100TH ST,2701,,E,100TH,ST,10937,2023-06-20T00:00:00Z,foul odor for over 2-3 days&nbsp;,DEPT. OF PUBLIC HEALTH,Complaint Invalid,2023-06-21T00:00:00Z,41.71324291275,-87.55803846898,POINT (-87.558038468978 41.713242912752)
601409080,Air Pollution Work Order,2857 S HALSTED ST,2857,,S,HALSTED,ST,10937,2023-08-04T00:00:00Z,&nbsp;Smell that tracks with previous smell near business,DEPT. OF PUBLIC HEALTH,Alleged violation not found,2023-08-04T00:00:00Z,41.84181026572,-87.64622736544,POINT (-87.646227365435 41.84181026572)
601358332,Air Pollution Work Order,2033 W PERSHING RD,2033,,W,PERSHING,RD,425726,2023-05-18T00:00:00Z,Can smell a strong odor of Asphault while at the park.&nbsp;,DEPT. OF PUBLIC HEALTH,Resolved,2023-05-17T00:00:00Z,41.82298056906,-87.67634351908,POINT (-87.676343519079 41.822980569065)
601447765,Air Pollution Work Order,6960 N WOLCOTT AVE,6960,,N,WOLCOTT,AVE,417337,2023-10-03T00:00:00Z,,DEPT. OF PUBLIC HEALTH,Resolved,2023-10-04T00:00:00Z,42.00830436024,-87.67818537681,POINT (-87.678185376807 42.008304360241)
601366003,Noise Complaint,361 W CHESTNUT ST,361,,W,CHESTNUT,ST,129151,2023-05-30T00:00:00Z,,DEPT. OF PUBLIC HEALTH,Resolved,2023-05-31T00:00:00Z,41.89804115638,-87.63792798102,POINT (-87.637927981017 41.898041156379)
601335475,Air Pollution Work Order,4141 W FULLERTON AVE,4141,,W,FULLERTON,AVE,249349,2023-04-12T00:00:00Z,PER CALLER- THERE IS FLOUR SHOOTING OUT OF THE SMOKE STACK OF THE FACTORY.&nbsp;,DEPT. OF PUBLIC HEALTH,Complaint Valid,2023-04-13T00:00:00Z,41.92432674423,-87.7308945887,POINT (-87.730894588699 41.924326744228)
601375991,Air Pollution Work Order,2221 W ARGYLE ST,2221,,W,ARGYLE,ST,417337,2023-06-13T00:00:00Z,Dust is accumulating indoors on all sides of the building to the point of needing to tape windows up and use plastic sheeting to further block it. Slightly worse in the courtyard area. Also experiencing exhaust smoke from gas powered machinery,DEPT. OF PUBLIC HEALTH,Complaint Valid,2023-06-14T00:00:00Z,41.9722030377,-87.68506667321,POINT (-87.685066673209 41.972203037705)
601421809,Service Stations/Storage Tanks Work Order,6655 S KEDZIE AVE,6655,,S,KEDZIE,AVE,129032,2023-08-24T00:00:00Z,Bad gasoline&nbsp;,DEPT. OF PUBLIC HEALTH,Resolved,2023-08-28T00:00:00Z,41.77184387979,-87.70282543174,POINT (-87.702825431736 41.771843879793)
601463723,Air Pollution Work Order,1304 W 72ND ST,1304,,W,72ND,ST,84397,2023-10-31T00:00:00Z,"&nbsp;There is a semi truck parked in a lot the idling all the time, and the air is hard to breathe when this truck is running",DEPT. OF PUBLIC HEALTH,Resolved,2023-11-01T00:00:00Z,41.76329465105,-87.65755090695,POINT (-87.657550906953 41.763294651053)
601392607,Air Pollution Work Order,3821 S HONORE ST,3821,,S,HONORE,ST,425726,2023-07-11T00:00:00Z,": This is the worst yet this summerI can smell MAT Asphalt from inside my house this morning, which means it’s unusually strong. I would normally have to walk a block or two towards the plant",DEPT. OF PUBLIC HEALTH,Resolved,2023-07-10T00:00:00Z,41.82431800163,-87.67129811507,POINT (-87.671298115069 41.824318001629)
601411135,Noise Complaint,1949 W DIVISION ST,1949,,W,DIVISION,ST,129151,2023-08-07T00:00:00Z,GENERATOR RUNNING NON-STOP PLACED IN THE ALLEY,DEPT. OF PUBLIC HEALTH,Resolved,2023-08-09T00:00:00Z,41.90308928676,-87.67677205425,POINT (-87.676772054255 41.903089286759)
601317010,Construction and Demolition,6927 S WENTWORTH AVE,6927,,S,WENTWORTH,AVE,13776,2023-03-12T00:00:00Z,"There are a lot of construction nails and screws left after construction project finished in the front lot ( near sidewalk) of 3018 west hood ave . Chicago , IL , 60659",DEPT. OF PUBLIC HEALTH,Refer to StreetsSanitation,2023-03-13T00:00:00Z,41.7682561771,-87.62969987125,POINT (-87.629699871251 41.768256177096)
601463721,Construction and Demolition,1304 W 72ND ST,1304,,W,72ND,ST,84397,2023-10-31T00:00:00Z,There is a fence me in put up,DEPT. OF PUBLIC HEALTH,Resolved,2023-11-01T00:00:00Z,41.76329465105,-87.65755090695,POINT (-87.657550906953 41.763294651053)
601345809,Asbestos Work Order,10839 S HOYNE AVE,10839,,S,HOYNE,AVE,379542,2023-04-28T00:00:00Z,"complaint of asbestos
within the dwelling",DEPT. OF PUBLIC HEALTH,Resolved,2023-05-01T00:00:00Z,41.69629198148,-87.67402323018,POINT (-87.674023230179 41.696291981478)
601341509,Air Pollution Work Order,3320 W GRAND AVE,3320,,W,GRAND,AVE,3308,2023-04-21T00:00:00Z,Have given complains regarding issue and nothing has been done,DEPT. OF PUBLIC HEALTH,Alleged violation not found,2023-04-24T00:00:00Z,41.89980471074,-87.71009205249,POINT (-87.710092052493 41.899804710743)
601480254,Air Pollution Work Order,434 N MONTICELLO AVE,434,,N,MONTICELLO,AVE,379542,2023-12-07T00:00:00Z,": R City CDC (Business address of 3709 W. Grand Ave. Chicago, IL 60651) - Unlicensed Business - Unlicensed unpermitted masonry work on south elevation of house for 6-weeks after hours and after dark. Grinding mortar without dust control. Visible plumes of Respiratory Crystalline Silica dust spreading throughout neighboring properties. - Residential - Monday|Tuesday|Wednesday|Thursday|Friday - Mostly between 5:00pm to 7:00pm, but at times as early as 4:00 pm.&nbsp;",DEPT. OF PUBLIC HEALTH,Resolved,2023-12-11T00:00:00Z,41.88915551775,-87.71754881756,POINT (-87.717548817558 41.889155517753)
601357300,Air Pollution Work Order,2701 E 100TH ST,2701,,E,100TH,ST,10937,2023-05-17T00:00:00Z,PER CALLER- THEY MAKE CANOLA OIL AND ANIMAL FEED. THERE IS ALWAYS A CONSTANT SMELLTHAT IS POLLUTING THE AIR. IT SMELLS LIKE DEAD DOGS.,DEPT. OF PUBLIC HEALTH,Alleged violation not found,2023-05-17T00:00:00Z,41.71324291275,-87.55803846898,POINT (-87.558038468978 41.713242912752)
601327077,Construction and Demolition,1751 W AUGUSTA BLVD,1751,,W,AUGUSTA,BLVD,379542,2023-03-29T00:00:00Z,,DEPT. OF PUBLIC HEALTH,Resolved,2023-03-30T00:00:00Z,41.89953044734,-87.67179512009,POINT (-87.671795120089 41.899530447337)
601324917,Noise Complaint,510 W BRIAR PL,510,,W,BRIAR,PL,417325,2023-03-25T00:00:00Z,The metal box on the left side of the pole in the image contains some kind of compressor that is constantly making a very loud rumbling noise. The noise happens 24/7 and it can be heard inside my apartment in the building at 510 West Briar Place.&nbsp;,DEPT. OF PUBLIC HEALTH,Alleged violation not found,2023-07-26T00:00:00Z,41.93882607533,-87.64247858094,POINT (-87.642478580941 41.938826075331)
601452277,Air Pollution Work Order,2 N MICHIGAN AVE,2,,N,MICHIGAN,AVE,249349,2023-10-11T00:00:00Z,THE CALLER STATED THAT THE CHICKEN GREASE SMELL BAD AND CAUSING PEOPLE NAUSEA,DEPT. OF PUBLIC HEALTH,Alleged violation not found,2023-10-12T00:00:00Z,41.88216416733,-87.62451427362,POINT (-87.624514273622 41.88216416733)
601346110,Construction and Demolition,7404 N SEELEY AVE,7404,,N,SEELEY,AVE,3308,2023-04-28T00:00:00Z,The construction dumpsters are uncovered and a large amount of debris is blowing around the street and getting stuck in trees,DEPT. OF PUBLIC HEALTH,Resolved,2023-05-01T00:00:00Z,42.01608465267,-87.68180791079,POINT (-87.681807910789 42.016084652674)
601448542,Noise Complaint,649 S CLARK ST,649,,S,CLARK,ST,437489,2023-10-04T00:00:00Z,We have been reaching out to the owner of the business since June 2023. There have been no improvements in the noise. The kitchen exhaust is extremely loud and is on from 7:30-8 AM till at least 11AM.&nbsp;,DEPT. OF PUBLIC HEALTH,Resolved,2023-12-19T00:00:00Z,41.87360828514,-87.630500286,POINT (-87.630500285996 41.873608285143)
601312001,Air Pollution Work Order,901 W MADISON ST,901,,W,MADISON,ST,249349,2023-02-28T00:00:00Z,There is a sewer smell in the building as soon as you enter. It's throughout the hallways as well.,DEPT. OF PUBLIC HEALTH,Refer to Building Dept,2023-03-01T00:00:00Z,41.88162693657,-87.64975194168,POINT (-87.64975194168 41.881626936573)
601329569,Noise Complaint,441 E ERIE ST,441,,E,ERIE,ST,129151,2023-04-03T00:00:00Z,THIS IS ALL RESIDENTIAL BUILDING---THE MGMT CO.----GROUP FOX--773-267-5600-----------CALL BEFORE COMING OUTTHIS IS A HIGH-RISE BUILDING WITH 59 FLOORS AND THE NOISE IS COMING FROM THE ROOFTOP EQUIPMENT ROOM&nbsp;,DEPT. OF PUBLIC HEALTH,Resolved,2023-04-05T00:00:00Z,41.89416115508,-87.61620201268,POINT (-87.616202012684 41.89416115508)
601432432,Asbestos Work Order,2302 W MORSE AVE,2302,,W,MORSE,AVE,379542,2023-09-08T00:00:00Z,"the historic home at 2302 W. Morse Ave in the northernmost part of the ward is being demolished. It looks like a bit of a mess, unkempt, and the rubble from the home demolition has been sitting around for at least one week, with the winds picking things up and likely affecting the air quality around. Drive past today and you will see it. Is there asbestos in this old, historic farm house flying around the air now? I would like the air quality tested there",DEPT. OF PUBLIC HEALTH,Resolved,2023-09-13T00:00:00Z,42.00730772969,-87.68822928114,POINT (-87.688229281141 42.007307729691)
601323932,Construction and Demolition,4940 W GRAND AVE,4940,,W,GRAND,AVE,84397,2023-03-23T00:00:00Z,Creating too much dust and debris,DEPT. OF PUBLIC HEALTH,Resolved,2023-03-24T00:00:00Z,41.91588423577,-87.75066169369,POINT (-87.750661693686 41.915884235768)
601324901,Noise Complaint,4000 W DIVERSEY AVE,4000,,W,DIVERSEY,AVE,417325,2023-03-25T00:00:00Z,There is an extremely loud motor/fan on the roof of Cermak Fresh Market that has been getting increasingly louder over the past month. It is right outside my apartment bedroom window on the Diversey side of the building.,DEPT. OF PUBLIC HEALTH,Resolved,2023-03-27T00:00:00Z,41.93189772315,-87.72710503045,POINT (-87.727105030454 41.931897723146)
601457520,Construction and Demolition,1535 W FRY ST,1535,,W,FRY,ST,379542,2023-10-17T00:00:00Z,,DEPT. OF PUBLIC HEALTH,Resolved,2023-10-26T00:00:00Z,41.896830713,-87.66630362319,POINT (-87.666303623194 41.896830713)
601354056,Air Pollution Work Order,2655 N KEELER AVE,2655,,N,KEELER,AVE,417337,2023-05-10T00:00:00Z,,DEPT. OF PUBLIC HEALTH,Alleged violation not found,2023-05-12T00:00:00Z,41.92960213084,-87.73167800136,POINT (-87.731678001363 41.92960213084)
601383065,Noise Complaint,1641 W JARVIS AVE,1641,,W,JARVIS,AVE,417325,2023-06-23T00:00:00Z,,DEPT. OF PUBLIC HEALTH,Alleged violation not found,2023-06-23T00:00:00Z,42.0158525073,-87.67191732253,POINT (-87.671917322526 42.015852507295)
601342168,Noise Complaint,1512 W FARGO AVE,1512,,W,FARGO,AVE,129151,2023-04-25T00:00:00Z,This incident has been happening for the last 3-4 weeks per caller during 3-7 AM air compressor is during the time of day this is occurring.,DEPT. OF PUBLIC HEALTH,Resolved,2023-04-25T00:00:00Z,42.01721933133,-87.66873407526,POINT (-87.668734075261 42.017219331329)
601429757,Construction and Demolition,1845 W 47TH ST,1845,,W,47TH,ST,8386,2023-09-06T00:00:00Z,: Illegal fly dumping occurring weekly.&nbsp;First floor business front being rehabbed/gutted,DEPT. OF PUBLIC HEALTH,Alleged violation founded,2023-09-07T00:00:00Z,41.8084292391,-87.67160502618,POINT (-87.671605026178 41.8084292391)
601471010,Air Pollution Work Order,2055 W PERSHING RD,2055,,W,PERSHING,RD,417337,2023-11-16T00:00:00Z,,DEPT. OF PUBLIC HEALTH,Alleged violation founded,2023-11-16T00:00:00Z,41.82297276573,-87.67702220738,POINT (-87.677022207376 41.822972765727)
601314768,Construction and Demolition,7807 S YATES BLVD,7807,,S,YATES,BLVD,84397,2023-03-07T00:00:00Z,,DEPT. OF PUBLIC HEALTH,Resolved,2023-03-07T00:00:00Z,41.75328791583,-87.56611575368,POINT (-87.566115753676 41.753287915829)
601306587,Air Pollution Work Order,2701 E 100TH ST,2701,,E,100TH,ST,10937,2023-02-16T00:00:00Z,This site makes Canola Oil and Animal Feed. This Factory releases a Plume of smoke in the air. They are not using the required equipment during the overnights that prevents this foul smell from polluting the air.,DEPT. OF PUBLIC HEALTH,Alleged violation not found,2023-02-17T00:00:00Z,41.71324291275,-87.55803846898,POINT (-87.558038468978 41.713242912752)
601332721,Air Pollution Work Order,3323 N RIDGEWAY AVE,3323,,N,RIDGEWAY,AVE,3308,2023-04-08T00:00:00Z,"Neighbor is burning yard waste (leaves, cut logs, etc.) and not in compliance with article Ii air pollution control section 11-4-740 open fires prohibited rules and regulations",DEPT. OF PUBLIC HEALTH,Alleged violation not found,2023-04-10T00:00:00Z,41.94170658409,-87.72099790992,POINT (-87.720997909924 41.941706584088)
601312498,Asbestos Work Order,5700 N PARKSIDE AVE,5700,,N,PARKSIDE,AVE,425726,2023-03-01T00:00:00Z,,DEPT. OF PUBLIC HEALTH,Resolved,2023-03-03T00:00:00Z,41.98480671864,-87.76965884074,POINT (-87.769658840738 41.984806718641)
601351438,Noise Complaint,680 S FEDERAL ST,680,,S,FEDERAL,ST,417325,2023-05-05T00:00:00Z,,DEPT. OF PUBLIC HEALTH,Complaint Valid,2023-06-16T00:00:00Z,41.87341637357,-87.62977671782,POINT (-87.629776717815 41.873416373566)
601374534,Air Pollution Work Order,6113 S MAPLEWOOD AVE,6113,,S,MAPLEWOOD,AVE,8386,2023-06-11T00:00:00Z,,DEPT. OF PUBLIC HEALTH,Alleged violation not found,2023-06-12T00:00:00Z,41.78242538501,-87.68724692814,POINT (-87.687246928144 41.782425385007)
601473961,Illegal Dumping Work Order,4178 W OGDEN AVE,4178,,W,OGDEN,AVE,417337,2023-11-22T00:00:00Z,,DEPT. OF PUBLIC HEALTH,Resolved,2023-11-24T00:00:00Z,41.8496072111,-87.72929347036,POINT (-87.729293470363 41.849607211104)
601308132,Air Pollution Work Order,4126 W CONGRESS PKWY,4126,,W,CONGRESS,PKWY,249349,2023-02-21T00:00:00Z,"Strong Fumes and Chemical odors coming from residential property, business being conducted from a residential property. Causing strong odors and fumes to seep into my home, food which is causing breathing concerns. Air duct is on my property and chemical fumes are coming into my home and food. The business owner is making products in her home which she uses chemicals and lye to make the products. The owner also has heavy machinery equipment inside her home which makes these products. This has been going on for more than five years now and I'm worried these fumes could affect my family members health. I currennt have a disabled family member residing with me that has chronic health concerns. Please investigate as I believe this business owner should not be making these types of products or using these types of chemicals in a residential area.",DEPT. OF PUBLIC HEALTH,Refer to other Depts,2023-02-22T00:00:00Z,41.87442204116,-87.72900855224,POINT (-87.729008552245 41.87442204116)
601427032,Noise Complaint,4015 N SAWYER AVE,4015,,N,SAWYER,AVE,417325,2023-08-31T00:00:00Z,CALLER SAYS THE CARWASH HAS A DOOR FOR THE VACUM CLEANER BECAUSE ITS TOO LOUD AND TONIGHT ITS NOT CLOSED,DEPT. OF PUBLIC HEALTH,Alleged violation not found,2023-09-01T00:00:00Z,41.95439843384,-87.70910751319,POINT (-87.709107513187 41.954398433844)
601436598,Noise Complaint,750 E 43RD ST,750,,E,43RD,ST,129151,2023-09-15T00:00:00Z,,DEPT. OF PUBLIC HEALTH,Resolved,2023-09-18T00:00:00Z,41.816915993,-87.60714340757,POINT (-87.607143407565 41.816915993002)
601343151,Noise Complaint,1317 W MORSE AVE,1317,,W,MORSE,AVE,129151,2023-04-25T00:00:00Z,Thanks for checking on this. It is a huge pain in the ass. It is this large apartment building. They have a generator room that is brutally loud. You can hear it from down the block.,DEPT. OF PUBLIC HEALTH,Alleged violation not found,2023-04-26T00:00:00Z,42.00782468034,-87.66446357753,POINT (-87.664463577532 42.007824680338)
601428687,Noise Complaint,1112 S WABASH AVE,1112,,S,WABASH,AVE,129151,2023-09-05T00:00:00Z,Previously complained on SR23-01470286 ws a high pitched screeching sound - now it is a loud rattling noise of a motor - noticeable behind the building in alley. Almost positive it is the 1112 bldg however it could be the 1104 Columbia University bldg.,DEPT. OF PUBLIC HEALTH,Resolved,2023-09-06T00:00:00Z,41.86883410488,-87.62600895041,POINT (-87.626008950412 41.868834104882)
601323928,Air Pollution Work Order,6221 N MAGNOLIA AVE,6221,,N,MAGNOLIA,AVE,417337,2023-03-23T00:00:00Z,,DEPT. OF PUBLIC HEALTH,Resolved,2023-03-24T00:00:00Z,41.99520007209,-87.66156239441,POINT (-87.661562394406 41.99520007209)
601466926,Construction and Demolition,200 E PEARSON ST,200,,E,PEARSON,ST,3308,2023-11-06T00:00:00Z,New roof being installed. Debris flies off roof and cuts into the siding of the building next door (210 E. Pearson St.),DEPT. OF PUBLIC HEALTH,Alleged violation not found,2023-11-07T00:00:00Z,41.89772600484,-87.62175937836,POINT (-87.621759378357 41.897726004842)
601342171,Construction and Demolition,819 W LAWRENCE AVE,819,,W,LAWRENCE,AVE,3308,2023-04-24T00:00:00Z,,DEPT. OF PUBLIC HEALTH,Resolved,2023-04-25T00:00:00Z,41.96903134012,-87.6510068329,POINT (-87.651006832896 41.969031340115)
601453867,Air Pollution Work Order,2003 S WESTERN AVE,2003,,S,WESTERN,AVE,249349,2023-10-12T00:00:00Z,,DEPT. OF PUBLIC HEALTH,Complaint Valid,2023-10-13T00:00:00Z,41.85468620068,-87.68556150003,POINT (-87.685561500031 41.854686200682)
601355379,Air Pollution Work Order,215 N DAMEN AVE,215,,N,DAMEN,AVE,417337,2023-05-15T00:00:00Z,Cutting brick without dust control. Building permit appears to be 100.970.046. Contractor shown is ez masonry773-875-7173. GC is formed space llc 847-208-8540.,DEPT. OF PUBLIC HEALTH,Complaint Valid,2023-05-15T00:00:00Z,41.88553351231,-87.67660981048,POINT (-87.676609810483 41.88553351231)
601411903,Construction and Demolition,3825 N KIMBALL AVE,3825,,N,KIMBALL,AVE,84397,2023-08-08T00:00:00Z,Constituent says demolition is happening without permits. Please send inspector,DEPT. OF PUBLIC HEALTH,Resolved,2023-08-09T00:00:00Z,41.95098737278,-87.71267059409,POINT (-87.712670594094 41.950987372779)
601406835,Air Pollution Work Order,653 W BITTERSWEET PL,653,,W,BITTERSWEET,PL,3308,2023-07-31T00:00:00Z,"#1 Idling for hours, #2 street cleaning violation (park on Marine). #3 no 343 sticker. Fumes making us sick of idling diesel and our street isn’t getting cleaned (especially after storms sewers blocked up)",DEPT. OF PUBLIC HEALTH,Alleged violation not found,2023-08-01T00:00:00Z,41.95559134358,-87.64704340988,POINT (-87.647043409879 41.955591343585)
601460285,Air Pollution Work Order,2500 S PAULINA ST,2500,,S,PAULINA,ST,129151,2023-10-24T00:00:00Z,,DEPT. OF PUBLIC HEALTH,Resolved,2023-10-25T00:00:00Z,41.84676817856,-87.66850812646,POINT (-87.668508126456 41.846768178557)
601381193,Air Pollution Work Order,5419 N CLARK ST,5419,,N,CLARK,ST,417337,2023-05-26T00:00:00Z,"&nbsp;Fiya has a wood burning oven where they are burning wood constantly and polluting and stinking up the air within at least a 2 block radius. The stench is noticeable from 2 blocks away. It's really creating a public nuisance as well as an air pollution haz - Fiya - Other - No merchandise - I purchased nothing - May 26, 2023",DEPT. OF PUBLIC HEALTH,Resolved,2023-06-21T00:00:00Z,41.98035903557,-87.66817124314,POINT (-87.668171243138 41.980359035573)
601336352,Noise Complaint,725 S WELLS ST,725,,S,WELLS,ST,417325,2023-04-13T00:00:00Z,,DEPT. OF PUBLIC HEALTH,Alleged violation not found,2023-04-14T00:00:00Z,41.8728233617,-87.6334446048,POINT (-87.633444604796 41.872823361702)
601427990,Noise Complaint,2426 N CLARK ST,2426,,N,CLARK,ST,129151,2023-09-04T00:00:00Z,Horrible mechanical grinding noises - potentially from air conditioner or other fan machine on roof of building - has been occurring 24/7 every few minutes for the last week.,DEPT. OF PUBLIC HEALTH,Resolved,2023-09-05T00:00:00Z,41.92625187626,-87.64105058986,POINT (-87.641050589862 41.926251876261)
601377196,Construction and Demolition,1844 N MAUD AVE,1844,,N,MAUD,AVE,84397,2023-06-14T00:00:00Z,Beer bottles on west side of lot. Lot of other debris all over site. Rats on property. Disgusting site as usual!!!!! Zero care for neighbors or respect of city officials. Drinking on front fence.,DEPT. OF PUBLIC HEALTH,Resolved,2023-06-15T00:00:00Z,41.91508403763,-87.65400012647,POINT (-87.654000126467 41.915084037629)
601406684,Illegal Dumping Work Order,2323 W HUBBARD ST,2323,,W,HUBBARD,ST,3308,2023-08-01T00:00:00Z,"The Complainant witnessed the illegal disposal of used coolant waste. Supervisor, Eduardo Pinero takes coolant from a welder’s tool sharpener and pours it directly into the garbage.",DEPT. OF PUBLIC HEALTH,Alleged violation not found,2023-08-01T00:00:00Z,41.88947363748,-87.68520681874,POINT (-87.685206818745 41.889473637479)
601463712,Air Pollution Work Order,6234 S ARCHER AVE,6234,,S,ARCHER,AVE,249349,2023-10-31T00:00:00Z,Business owner has a semi truck that he has running for over 1 hour in the mornings off the alley. noise and fumes,DEPT. OF PUBLIC HEALTH,Resolved,2023-11-02T00:00:00Z,41.79375516325,-87.77584706847,POINT (-87.775847068469 41.793755163252)
601447813,Air Pollution Work Order,7703 S STONY ISLAND AVE,7703,,S,STONY ISLAND,AVE,10937,2023-10-03T00:00:00Z,&nbsp;Generator in use,DEPT. OF PUBLIC HEALTH,Complaint Valid,2023-10-04T00:00:00Z,41.75498138972,-87.58537766805,POINT (-87.585377668049 41.754981389717)
601467685,Construction and Demolition,1664 W BRYN MAWR AVE,1664,,W,BRYN MAWR,AVE,3308,2023-11-07T00:00:00Z,Making excessive noise throwing construction debris out of house into yard,DEPT. OF PUBLIC HEALTH,Refer to Building Dept,2023-11-08T00:00:00Z,41.98354384816,-87.67239182955,POINT (-87.672391829547 41.983543848159)
601442605,Construction and Demolition,2220 W CORTEZ ST,2220,,W,CORTEZ,ST,379542,2023-09-26T00:00:00Z,,DEPT. OF PUBLIC HEALTH,Resolved,2023-09-27T00:00:00Z,41.90046869488,-87.6829524202,POINT (-87.682952420199 41.900468694885)
601472626,Construction and Demolition,1325 E 71ST ST,1325,,E,71ST,ST,13776,2023-11-17T00:00:00Z,dust and construction debris blowing all over street and area causing dust to be over cars and properties near by,DEPT. OF PUBLIC HEALTH,Alleged violation not found,2023-11-20T00:00:00Z,41.7659017473,-87.59229083499,POINT (-87.592290834993 41.765901747304)
601428682,Noise Complaint,444 W FULLERTON PKWY,444,,W,FULLERTON,PKWY,417325,2023-09-05T00:00:00Z,"I reside at 444 W Fullerton Parkway and have been experiencing a persistent and disruptive industrial machinery noise every few minutes, day and night, for an entire week. Noise can be heard on Clark and Fullerton. Not sure where the noise froms.",DEPT. OF PUBLIC HEALTH,Alleged violation not found,2023-09-06T00:00:00Z,41.92568726351,-87.64095823959,POINT (-87.640958239588 41.925687263511)
601392063,Air Pollution Work Order,10933 S AVENUE H,10933,,S,AVENUE H,,10937,2023-07-09T00:00:00Z,"***THICK EXHAUST SMELL, LIKE A BURNING RUBBER***&nbsp;",DEPT. OF PUBLIC HEALTH,Alleged violation not found,2023-07-10T00:00:00Z,41.69628321006,-87.53272122335,POINT (-87.532721223346 41.69628321006)
601368951,Air Pollution Work Order,2500 S PAULINA ST,2500,,S,PAULINA,ST,84397,2023-06-01T00:00:00Z,,DEPT. OF PUBLIC HEALTH,Resolved,2023-06-02T00:00:00Z,41.84676817856,-87.66850812646,POINT (-87.668508126456 41.846768178557)
601482341,Air Pollution Work Order,5205 S CHRISTIANA AVE,5205,,S,CHRISTIANA,AVE,249349,2023-12-13T00:00:00Z,,DEPT. OF PUBLIC HEALTH,Refer to other Depts,2023-12-13T00:00:00Z,41.79874136771,-87.70723511956,POINT (-87.707235119563 41.798741367713)
601359915,Noise Complaint,2652 W CHICAGO AVE,2652,,W,CHICAGO,AVE,417325,2023-05-21T00:00:00Z,&nbsp;This is my second request and remains on ongoing issue. The airconditioner unit on the rooftop runs 24/7 and can be heard blocks away.,DEPT. OF PUBLIC HEALTH,Resolved,2023-05-22T00:00:00Z,41.89578141888,-87.69388617819,POINT (-87.693886178187 41.895781418884)
601303185,Air Pollution Work Order,149 N LEAMINGTON AVE,149,,N,LEAMINGTON,AVE,249349,2023-02-07T00:00:00Z,,DEPT. OF PUBLIC HEALTH,Alleged violation not found,2023-02-08T00:00:00Z,41.88308922096,-87.75379484961,POINT (-87.753794849607 41.88308922096)
601295648,Vehicle Idling Work Order,3042 S SHIELDS AVE,3042,,S,SHIELDS,AVE,8386,2023-01-17T00:00:00Z,Semi truck sits out on the street as early as 5:37am to make a delivery and leaves the truck running the entire time,DEPT. OF PUBLIC HEALTH,Alleged violation not found,2023-01-17T00:00:00Z,41.83829774048,-87.63546705442,POINT (-87.635467054425 41.838297740475)
601403136,Air Pollution Work Order,2015 S PEORIA ST,2015,,S,PEORIA,ST,249349,2023-07-25T00:00:00Z,,DEPT. OF PUBLIC HEALTH,Alleged violation not found,2023-07-26T00:00:00Z,41.85484214279,-87.64804964196,POINT (-87.648049641959 41.854842142791)
601458707,Air Pollution Work Order,7943 S MAPLEWOOD AVE,7943,,S,MAPLEWOOD,AVE,249349,2023-10-22T00:00:00Z,"The odor has been intermittent and seems to happen after we’ve had rain and I’ve tried home remedies like baking soda and vinegar down the drains which is a simple bandaid to the problem, but the smell is getting worse.&nbsp;",DEPT. OF PUBLIC HEALTH,Alleged violation not found,2023-10-23T00:00:00Z,41.74871189134,-87.68633255383,POINT (-87.686332553832 41.748711891337)
601417867,Noise Complaint,4035 W ARGYLE ST,4035,,W,ARGYLE,ST,417325,2023-08-17T00:00:00Z,": Leaving machinery running all night. Sound is blaring and house is vibrating. Impossible to remain in home let alone sleep, had to go to a hotel.&nbsp;",DEPT. OF PUBLIC HEALTH,Alleged violation not found,2023-08-18T00:00:00Z,41.97175746887,-87.72958199115,POINT (-87.729581991153 41.971757468868)
601451508,Air Pollution Work Order,3051 W 48TH PL,3051,,W,48TH,PL,417337,2023-10-10T00:00:00Z,"Garbage smell mixed with chemical smell throughout neighborhood, at Western Ave and 49th, 47th Street and Francisco Ave, today and intermittently since recycling plant started operating less than a year ago.",DEPT. OF PUBLIC HEALTH,Alleged violation not found,2023-10-11T00:00:00Z,41.80509480079,-87.70101245268,POINT (-87.701012452685 41.805094800795)
601432992,Construction and Demolition,5134 N MOBILE AVE,5134,,N,MOBILE,AVE,3308,2023-09-12T00:00:00Z,FP LANDSCAPING,DEPT. OF PUBLIC HEALTH,Alleged violation not found,2023-09-12T00:00:00Z,41.97490793256,-87.78561332124,POINT (-87.785613321236 41.974907932555)
601410953,Illegal Dumping Work Order,931 N OGDEN AVE,931,,N,OGDEN,AVE,84397,2023-08-04T00:00:00Z,"Dave can you please have Streets and Sans run by Ogden and Chestnut to see if there’s oil pooling on the road, from a truck leak, and please clean-up if they see any.&nbsp; I believe the location, at Ogden and Chestnut, is at the entrance area to the Ogden Avenue Materials Ready Mix Plant at 931 N. Ogden Ave.&nbsp;This seems like a small issue, but I don’t really know.&nbsp; Please see the attached info.&nbsp;&nbsp;Please send us a copy of any report you do for this and follow the delegation agreement rules for submitting the info.&nbsp; If it’s just simply applying oil dry or sand and sweeping it up, then a follow-up email reply to this email will suffice for this one, if it’s an easy one.&nbsp; &nbsp;&nbsp;",DEPT. OF PUBLIC HEALTH,Resolved,2023-08-10T00:00:00Z,41.89921642769,-87.6515756899,POINT (-87.651575689902 41.899216427685)
601483100,Illegal Dumping Work Order,5148 N CICERO AVE,5148,,N,CICERO,AVE,3308,2023-12-14T00:00:00Z,": JD Enterprises Inc. trucking company 312-771-6030, and other unknown entities have been unloading soil and dirt on the empty vacant lot since the morning of Saturday 12/9/23 up until today 12/14/23, possible unauthorized access to the property. Property tax address traces back to Cicero Sacramento Property 18200 W. Dixie Highway, North Miami Beach 33160. Please advise and investigate, residents on the other side of alley, 5100 block of N. La Crosse Ave. are very concerned",DEPT. OF PUBLIC HEALTH,Resolved,2023-12-15T00:00:00Z,41.97493559702,-87.74813226588,POINT (-87.748132265883 41.974935597018)
601312867,Construction and Demolition,847 N PAULINA ST,847,,N,PAULINA,ST,379542,2023-03-02T00:00:00Z,"Please inspect demolition site for 847 N Paulina, 1st Ward Office is hearing neighborhood complaints about siteSEBASTIAN MADEJ (847)712-8190 .",DEPT. OF PUBLIC HEALTH,Resolved,2023-03-03T00:00:00Z,41.89741156502,-87.66962842026,POINT (-87.669628420259 41.897411565021)
601464853,Air Pollution Work Order,1226 W 73RD PL,1226,,W,73RD,PL,249349,2023-11-02T00:00:00Z,,DEPT. OF PUBLIC HEALTH,Alleged violation not found,2023-11-03T00:00:00Z,41.76060160774,-87.65510559019,POINT (-87.655105590189 41.760601607741)
601396083,Construction and Demolition,5358 S MARSHFIELD AVE,5358,,S,MARSHFIELD,AVE,84397,2023-07-16T00:00:00Z,gangway and some of the font &amp; back yard of the neighbor's property at residue of shingles and exposed nails. 5356 S Marshfield is the caller's address of where this is taking place.,DEPT. OF PUBLIC HEALTH,Resolved,2023-07-17T00:00:00Z,41.79592763519,-87.66599788808,POINT (-87.66599788808 41.795927635185)
601435276,Noise Complaint,2701 N CENTRAL PARK AVE,2701,,N,CENTRAL PARK,AVE,129151,2023-09-14T00:00:00Z,,DEPT. OF PUBLIC HEALTH,Resolved,2023-09-15T00:00:00Z,41.93018450117,-87.71700047677,POINT (-87.717000476769 41.930184501165)
601469883,Construction and Demolition,1717 N DAYTON ST,1717,,N,DAYTON,ST,379542,2023-11-13T00:00:00Z,They are cutting brick or stone and the dust is so thick I can't walk out my door without it getting all over me and getting in my house. It is thick and everywhere.,DEPT. OF PUBLIC HEALTH,Resolved,2023-11-14T00:00:00Z,41.91325984573,-87.64941269053,POINT (-87.649412690532 41.913259845733)
601474649,Air Pollution Work Order,1226 W 97TH PL,1226,,W,97TH,PL,10937,2023-11-25T00:00:00Z,,DEPT. OF PUBLIC HEALTH,Refer to StreetsSanitation,2023-11-27T00:00:00Z,41.71708949565,-87.6539492558,POINT (-87.653949255798 41.71708949565)
601374554,Air Pollution Work Order,2701 E 100TH ST,2701,,E,100TH,ST,10937,2023-06-10T00:00:00Z,,DEPT. OF PUBLIC HEALTH,Alleged violation not found,2023-06-13T00:00:00Z,41.71324291275,-87.55803846898,POINT (-87.558038468978 41.713242912752)
601339186,Noise Complaint,400 E SOUTH WATER ST,400,,E,SOUTH WATER,ST,129151,2023-04-15T00:00:00Z,"Some piece of equipment beneath the St Regis Tower, on the lower level at Lakeshore East Park, sounds like an airplane engine at 6am on Saturday. This is not the first time",DEPT. OF PUBLIC HEALTH,Resolved,2023-04-21T00:00:00Z,41.8866335194,-87.61741342043,POINT (-87.617413420432 41.886633519398)
601296248,Noise Complaint,1332 W HENDERSON ST,1332,,W,HENDERSON,ST,417325,2023-01-17T00:00:00Z,,DEPT. OF PUBLIC HEALTH,Alleged violation not found,2023-01-19T00:00:00Z,41.94262758537,-87.66279689704,POINT (-87.662796897035 41.942627585368)
601336309,Noise Complaint,2458 W MOFFAT ST,2458,,W,MOFFAT,ST,129151,2023-04-13T00:00:00Z,"&nbsp;A humming sound coming from Tamazula Grocery that is disturbing several residents in the area. Has been occurring for month. Seems to come from the large chimney/pipe/duct at the back of the lot, facing the alley. Common in the evenings, even after 10 PM",DEPT. OF PUBLIC HEALTH,Alleged violation founded,2023-04-17T00:00:00Z,41.91494584242,-87.68966296727,POINT (-87.689662967275 41.914945842417)
601324884,Asbestos Work Order,3959 N LINCOLN AVE,3959,,N,LINCOLN,AVE,379542,2023-03-24T00:00:00Z,: 2ND FL OF OPEN ATRIUM ON THE NE SIDE INSIDE THE BANK WORKERS WERE REMOVING AND REPLACING CARPETING POSSIBLY EXPOSING ASBESTOS INTO THE OPEN AIR - CONTRACTOR AMERICAN BUILDING RESOURCES (630) 774-0532 //PROJECT COORDINATOR (702) 768-0146,DEPT. OF PUBLIC HEALTH,Resolved,2023-03-28T00:00:00Z,41.95404231677,-87.67850964485,POINT (-87.678509644849 41.954042316768)
601445624,Noise Complaint,3832 W DIVERSEY AVE,3832,,W,DIVERSEY,AVE,417325,2023-10-02T00:00:00Z,The AC between the buildings makes a loud buzzing every 5-10 minutes at all hours of the day.&nbsp;,DEPT. OF PUBLIC HEALTH,Alleged violation not found,2023-10-03T00:00:00Z,41.93194600915,-87.72344452042,POINT (-87.723444520415 41.931946009148)
601369489,Noise Complaint,6350 S CICERO AVE,6350,,S,CICERO,AVE,417325,2023-06-02T00:00:00Z,&nbsp;It is a constant noise from this establishment you hear it all day,DEPT. OF PUBLIC HEALTH,Resolved,2023-06-29T00:00:00Z,41.77692054208,-87.74238400617,POINT (-87.742384006174 41.77692054208)
601403338,Air Pollution Work Order,4354 N CENTRAL AVE,4354,,N,CENTRAL,AVE,417337,2023-07-25T00:00:00Z,Fashion Nails which is adjacent to the Currency Exchange has the fumes coming onto the Currency Exchange,DEPT. OF PUBLIC HEALTH,Resolved,2023-07-26T00:00:00Z,41.96031895689,-87.76738524641,POINT (-87.767385246409 41.960318956887)
601473958,Air Pollution Work Order,7530 S CONSTANCE AVE,7530,,S,CONSTANCE,AVE,10937,2023-11-23T00:00:00Z,,DEPT. OF PUBLIC HEALTH,Alleged violation not found,2023-11-24T00:00:00Z,41.75789563862,-87.57993840779,POINT (-87.579938407789 41.757895638623)
601302220,Air Pollution Work Order,4659 N CLARK ST,4659,,N,CLARK,ST,249349,2023-02-03T00:00:00Z,"&nbsp;Vents might need replacing, some neighbors have complained about odors",DEPT. OF PUBLIC HEALTH,Alleged violation not found,2023-02-06T00:00:00Z,41.96700507358,-87.66695423207,POINT (-87.666954232068 41.967005073583)
601386395,Service Stations/Storage Tanks Work Order,301 N CLINTON ST,301,,N,CLINTON,ST,426086,2023-06-27T00:00:00Z,,DEPT. OF PUBLIC HEALTH,Complaint Valid,2023-06-29T00:00:00Z,41.88687645177,-87.64119059362,POINT (-87.641190593617 41.886876451774)
601386376,Air Pollution Work Order,4844 S KEDZIE AVE,4844,,S,KEDZIE,AVE,10937,2023-06-27T00:00:00Z,doors are always open even if they dont have trucks operating,DEPT. OF PUBLIC HEALTH,Resolved,2023-07-03T00:00:00Z,41.80495361246,-87.70403064123,POINT (-87.70403064123 41.804953612457)
601428013,Noise Complaint,8146 S MERRILL AVE,8146,,S,MERRILL,AVE,129151,2023-09-01T00:00:00Z,A/C is on the Side of the house,DEPT. OF PUBLIC HEALTH,Resolved,2023-09-05T00:00:00Z,41.74662615623,-87.57238616949,POINT (-87.572386169485 41.746626156234)
601401801,Air Pollution Work Order,11300 S LANGLEY AVE,11300,,S,LANGLEY,AVE,13776,2023-07-24T00:00:00Z,Caller states that a horrible smell came into her home coming from the East where there is a recycling plant. She states the odor made it hard to breathe and she could feel it in her throat.,DEPT. OF PUBLIC HEALTH,Alleged violation not found,2023-07-25T00:00:00Z,41.68910571215,-87.60606911588,POINT (-87.606069115875 41.689105712151)
601447732,Construction and Demolition,1902 W MORSE AVE,1902,,W,MORSE,AVE,417337,2023-10-03T00:00:00Z,Creating a lot of dust throwing things out window into trucks below,DEPT. OF PUBLIC HEALTH,Resolved,2023-10-04T00:00:00Z,42.00780767328,-87.67825896959,POINT (-87.678258969589 42.007807673276)
601422840,Air Pollution Work Order,2252 W 79TH ST,2252,,W,79TH,ST,249349,2023-08-25T00:00:00Z,"There was so much dust, it almost caused a traffic accident on 79th street. There are no dust mitigation efforts in place at all&nbsp;",DEPT. OF PUBLIC HEALTH,Complaint Valid,2023-08-28T00:00:00Z,41.7502419522,-87.68005387812,POINT (-87.680053878125 41.750241952197)
601415600,Air Pollution Work Order,2434 W GRAND AVE,2434,,W,GRAND,AVE,379542,2023-08-14T00:00:00Z,,DEPT. OF PUBLIC HEALTH,Resolved,2023-08-15T00:00:00Z,41.89093440057,-87.6878310833,POINT (-87.687831083296 41.890934400568)
601317065,Asbestos Work Order,1039 W 103RD ST,1039,,W,103RD,ST,379542,2023-03-10T00:00:00Z,,DEPT. OF PUBLIC HEALTH,Resolved,2023-03-13T00:00:00Z,41.70674965766,-87.64928537218,POINT (-87.649285372177 41.706749657655)
601421902,Noise Complaint,1521 S WABASH AVE,1521,,S,WABASH,AVE,129151,2023-08-24T00:00:00Z,Compressor on roof in disrepair continues to cause noise pollution at all hours of day and night that can be heard inside other buildings,DEPT. OF PUBLIC HEALTH,Resolved,2023-08-15T00:00:00Z,41.86132451284,-87.62554225943,POINT (-87.625542259426 41.86132451284)
601357305,Air Pollution Work Order,2520 N MOZART ST,2520,,N,MOZART,ST,379542,2023-05-17T00:00:00Z,No fence on or around construction site. 2 other buildings on the block were required to have them. It is also stated on the Chicago.gov website that they need it.,DEPT. OF PUBLIC HEALTH,Resolved,2023-05-17T00:00:00Z,41.92725673162,-87.69885295501,POINT (-87.698852955011 41.927256731622)
601462088,Noise Complaint,4055 N ALBANY AVE,4055,,N,ALBANY,AVE,3308,2023-10-28T00:00:00Z,"Construction workers are on site every morning at 06:00 am- 09:00 am, including weekends. The construction of this new home has brought excessive noise, dust, debris to the neighborhood and is in violation of normal working hours established by the City&nbsp;",DEPT. OF PUBLIC HEALTH,Alleged violation not found,2023-10-30T00:00:00Z,41.95555288828,-87.70547703601,POINT (-87.705477036013 41.955552888283)
601379631,Air Pollution Work Order,13160 S FORRESTVILLE AVE,13160,,S,FORRESTVILLE,AVE,10937,2023-06-19T00:00:00Z,: Caller states that there is a water filtration plant in the area that is letting off an unbearable smell. It is in the air and the smell has infiltrated her home.,DEPT. OF PUBLIC HEALTH,Complaint Invalid,2023-06-21T00:00:00Z,41.65565127601,-87.60868505342,POINT (-87.608685053424 41.65565127601)
601466913,Noise Complaint,4677 N ELSTON AVE,4677,,N,ELSTON,AVE,437489,2023-11-06T00:00:00Z,"My husband and I are outside, enjoying the nice fall weather and it’s being interrupted by the XSport Building’s HVAC unit once again. It’s loud and sounds like it might stop working at any moment, but unfortunately it doesn’t. So, instead we’re stuck with a screeching clank every 3-5 minutes, which puts quite a damper on the evening. This has been happening since their heat has turned on, so roughly 6-8 weeks. Since they haven’t fixed anything themselves, we’re once again left to figure it out ourselves.&nbsp;",DEPT. OF PUBLIC HEALTH,Alleged violation not found,2023-11-07T00:00:00Z,41.96622739209,-87.73718362212,POINT (-87.737183622119 41.966227392086)
601301420,Construction and Demolition,3858 N FRANCISCO AVE,3858,,N,FRANCISCO,AVE,249349,2023-02-01T00:00:00Z,: Construction site not properly secured- open vent/no ceiling in the unit below causing a severe amount of dust to come into our unit. The vents in our unit also aren’t properly secured,DEPT. OF PUBLIC HEALTH,Refer to Building Dept,2023-02-02T00:00:00Z,41.95204650528,-87.70077718019,POINT (-87.700777180193 41.952046505279)
601364075,Air Pollution Work Order,2139 N CLEVELAND AVE,2139,,N,CLEVELAND,AVE,417337,2023-05-24T00:00:00Z,,DEPT. OF PUBLIC HEALTH,Resolved,2023-05-26T00:00:00Z,41.92127447443,-87.64119801822,POINT (-87.641198018216 41.921274474428)
601406821,Noise Complaint,1501 N KINGSBURY ST,1501,,N,KINGSBURY,ST,129151,2023-07-31T00:00:00Z,,DEPT. OF PUBLIC HEALTH,Resolved,2023-08-01T00:00:00Z,41.90830578569,-87.65179957093,POINT (-87.651799570927 41.908305785692)
601435282,Construction and Demolition,1741 N DAMEN AVE,1741,,N,DAMEN,AVE,3308,2023-09-14T00:00:00Z,: they are doing demolition and bricks are falling into the street,DEPT. OF PUBLIC HEALTH,Complaint Valid,2023-09-15T00:00:00Z,41.91350926837,-87.67738500913,POINT (-87.67738500913 41.913509268368)
601397929,Construction and Demolition,1723 S MICHIGAN AVE,1723,,S,MICHIGAN,AVE,84397,2023-07-19T00:00:00Z,,DEPT. OF PUBLIC HEALTH,Resolved,2023-07-19T00:00:00Z,41.85838553432,-87.62379856721,POINT (-87.62379856721 41.85838553432)
601379784,Air Pollution Work Order,1401 W GRAND AVE,1401,,W,GRAND,AVE,417337,2023-06-16T00:00:00Z,"Auto shop has windows open while using spray paint - spray paint seeps out and residents are breathing it in, creates clouds of smoke and paint within a residential zone",DEPT. OF PUBLIC HEALTH,Resolved,2023-06-20T00:00:00Z,41.89091758124,-87.66234399387,POINT (-87.662343993869 41.890917581241)
601482519,Toxics Hazardous Materials Work Order,2254 W 59TH ST,2254,,W,59TH,ST,84397,2023-12-12T00:00:00Z,"BACP CONDUCTED AN INVESTIGATION 12/11/23 AT 2254 W 59TH STREET ""ENGLEWOOD TRUCK REPAIR."" THERE ARE DANGEROUS AND HAZARDOUS CONDITIONS AT THIS LOCATION. THE CEILING IS PARTIALLY CAVING IN THE STRUCTURE LOOKS BAD AS WELL AS THE ELECTRICAL. AS FAR AS ENVIRONMENTAL THERE APPEARS TO BE A LOT OF HAZARDOUS LIQUID MATERIALS THROUGHOUT. REFERRING TO DOB &amp; CDPH.&nbsp;",DEPT. OF PUBLIC HEALTH,Referred to another agency,2023-12-14T00:00:00Z,41.78665167669,-87.68107055749,POINT (-87.681070557494 41.786651676687)
601427774,Water Pollution,210 S CLARK ST,210,,S,CLARK,ST,8386,2023-09-05T00:00:00Z,Oil/Grease from trap-storage tank,DEPT. OF PUBLIC HEALTH,Complaint Valid,2023-09-05T00:00:00Z,41.8790662091,-87.63095735732,POINT (-87.630957357324 41.879066209102)
601477798,Air Pollution Work Order,600 N LAKE SHORE DR,600,,N,LAKE SHORE,DR,417337,2023-12-01T00:00:00Z,: THE FUMES ARE CHOKING EVERYONE IN THE NEIGHBORHOODTHIS IS A 15-STORY PLUS CONDO BUILDING. THE EXHAUST FUMES ARE COMING FROM THE GARAGE ALL OUT IN THE AIR . NEIGHBORS ARE CHOKING&nbsp;,DEPT. OF PUBLIC HEALTH,Refer to Building Dept,2023-12-04T00:00:00Z,41.89274820924,-87.61468679601,POINT (-87.614686796014 41.892748209238)
601434106,Noise Complaint,2020 N LINCOLN PARK WEST,2020,,N,LINCOLN PARK WEST,,417325,2023-09-12T00:00:00Z,"LOCATED IN ""EQUIPMENT PENTHOUSE,"" MGMT BELIEVES IT IS COMING FROM BOILER OR CHILLER, CALLER BELIEVES IT WAS IMPROPERLY INSTALLED LOUD NOISE IS COMING FROM ABOVE CALLERS UNIT, WAS PROFESSIONALLY SURVEYED AND DECIBAL LEVEL WELL OVER 60, PER CALLER, IN VIOLATION OF CITY'S BYLAWS",DEPT. OF PUBLIC HEALTH,Alleged violation not found,2023-09-13T00:00:00Z,41.91935710062,-87.63653408082,POINT (-87.636534080818 41.919357100617)
601484242,Air Pollution Work Order,4443 N ASHLAND AVE,4443,,N,ASHLAND,AVE,417337,2023-12-20T00:00:00Z,"I would like this investigation to be done anonymously (without revealing my identity). I would rather not fear retaliation from irritated contractors who know where I live. Also, I'm not sure whether what they're doing is allowed or not; it may be.",DEPT. OF PUBLIC HEALTH,Alleged violation founded,2023-12-21T00:00:00Z,41.96287271403,-87.66914317004,POINT (-87.669143170043 41.962872714028)
601451487,Noise Complaint,2754 N HAMPDEN CT,2754,,N,HAMPDEN,CT,8386,2023-10-10T00:00:00Z,Construction noise from 8am to 6pm every day lasts for over a month and no plan to stop. Concrete debris flying in the air.,DEPT. OF PUBLIC HEALTH,Complaint Valid,2023-10-11T00:00:00Z,41.93206231828,-87.6424488005,POINT (-87.642448800495 41.93206231828)
601469897,Construction and Demolition,6340 S VERNON AVE,6340,,S,VERNON,AVE,129151,2023-11-13T00:00:00Z,UNKNOWN. THROWING DEMOLITION DEBRIS FROM ROOF. DEBRIS IS DISRUPTING (6038) GARDEN UNIT SIDE.&nbsp;,DEPT. OF PUBLIC HEALTH,Alleged violation not found,2023-11-14T00:00:00Z,41.77904104752,-87.61452971607,POINT (-87.614529716068 41.779041047515)
601443489,Illegal Dumping Work Order,2415 W WASHBURNE AVE,2415,,W,WASHBURNE,AVE,8386,2023-09-27T00:00:00Z,PVC PIPES FROM ALLEY GOING DOWN STREET AND INTO STREET SEWER,DEPT. OF PUBLIC HEALTH,Complaint Valid,2023-09-28T00:00:00Z,41.86529596248,-87.68658923548,POINT (-87.686589235475 41.865295962481)
601434060,Air Pollution Work Order,2500 S PAULINA ST,2500,,S,PAULINA,ST,129151,2023-09-12T00:00:00Z,"***SMOKE, DUST, DEBRIS***",DEPT. OF PUBLIC HEALTH,Resolved,2023-09-13T00:00:00Z,41.84676817856,-87.66850812646,POINT (-87.668508126456 41.846768178557)
601392597,Air Pollution Work Order,7844 S KOSTNER AVE,7844,,S,KOSTNER,AVE,425726,2023-07-11T00:00:00Z,There a ammonia smell in the air I believe is coming from neighbors house,DEPT. OF PUBLIC HEALTH,Resolved,2023-07-11T00:00:00Z,41.75020879007,-87.73180838669,POINT (-87.731808386694 41.750208790071)
601385660,Water Pollution,924 W 18TH PL,924,,W,18TH,PL,129151,2023-06-27T00:00:00Z,dumped in container,DEPT. OF PUBLIC HEALTH,Resolved,2023-06-28T00:00:00Z,41.85753228255,-87.64925296526,POINT (-87.649252965259 41.85753228255)
601408334,Air Pollution Work Order,1701 W 71ST ST,1701,,W,71ST,ST,10937,2023-08-02T00:00:00Z,,DEPT. OF PUBLIC HEALTH,Resolved,2023-08-03T00:00:00Z,41.76477014856,-87.66630558334,POINT (-87.666305583336 41.764770148564)
601387107,Asbestos Work Order,2134 N BINGHAM ST,2134,,N,BINGHAM,ST,379542,2023-06-29T00:00:00Z,"JS: ""Ken Buehring of DoB has requested an inspection and maybe sampling at 2134 N. Bingham, a building and a coach house. It appears there may be transite no permits were pulled. JS heading there today. Please add an inspection for JS at that address.""&nbsp;",DEPT. OF PUBLIC HEALTH,Resolved,2023-06-29T00:00:00Z,41.91931641721,-87.69343445397,POINT (-87.693434453971 41.919316417212)
601395199,Air Pollution Work Order,6400 S STONY ISLAND AVE,6400,,S,STONY ISLAND,AVE,13776,2023-07-13T00:00:00Z,,DEPT. OF PUBLIC HEALTH,Alleged violation not found,2023-07-14T00:00:00Z,41.77867745636,-87.58656420677,POINT (-87.586564206768 41.778677456358)
601383068,Service Stations/Storage Tanks Work Order,508 E 67TH ST,508,,E,67TH,ST,426086,2023-06-22T00:00:00Z,,DEPT. OF PUBLIC HEALTH,Complaint Valid,2023-06-23T00:00:00Z,41.7731287129,-87.61265287773,POINT (-87.612652877726 41.773128712902)
601369264,Illegal Dumping Work Order,7331 S ARTESIAN AVE,7331,,S,ARTESIAN,AVE,425726,2023-05-25T00:00:00Z,a garbage truck leaked an unknown material onto the ground in an alley at 7331 s artesian avenue in chicago. complainant said this activity has been going on for at least a year. the release of material to the ground has caused a bad stench in the air. complainant said the responsible party is unknown but said the organization is city waste services with commercial truck #1027. not sure whether that is intended to mean city of chicago garbage truck,DEPT. OF PUBLIC HEALTH,Resolved,2023-05-26T00:00:00Z,41.7600940583,-87.68419425703,POINT (-87.684194257033 41.760094058303)
601422835,Air Pollution Work Order,3538 W 24TH ST,3538,,W,24TH,ST,249349,2023-08-25T00:00:00Z,exhaust fumes from the railroad train,DEPT. OF PUBLIC HEALTH,Alleged violation not found,2023-08-29T00:00:00Z,41.848151197,-87.71399120668,POINT (-87.713991206677 41.848151197004)
601442041,Asbestos Work Order,2739 N LOCKWOOD AVE,2739,,N,LOCKWOOD,AVE,379542,2023-09-26T00:00:00Z,,DEPT. OF PUBLIC HEALTH,Resolved,2023-09-26T00:00:00Z,41.93074337361,-87.75870631352,POINT (-87.758706313518 41.930743373614)
601312826,Illegal Dumping Work Order,2800 W ADDISON ST,2800,,W,ADDISON,ST,3308,2023-03-02T00:00:00Z,operating more as a junkyard rather than a motor vehicle repair shop.&nbsp;,DEPT. OF PUBLIC HEALTH,Alleged violation founded,2023-03-07T00:00:00Z,41.94679180932,-87.69809433709,POINT (-87.698094337095 41.946791809318)
601374574,Noise Complaint,167 E OHIO ST,167,,E,OHIO,ST,129151,2023-06-09T00:00:00Z,Noise is coming from the roof of 535 n Michigan Ave.&nbsp;,DEPT. OF PUBLIC HEALTH,Alleged violation not found,2023-06-12T00:00:00Z,41.89244892252,-87.62276316587,POINT (-87.622763165872 41.892448922517)
601319133,Water Pollution,2121 N MOBILE AVE,2121,,N,MOBILE,AVE,84397,2023-03-15T00:00:00Z,Smell is horrible and the health risks for dumping this black water which spills all over the alley are horrible,DEPT. OF PUBLIC HEALTH,Resolved,2023-03-16T00:00:00Z,41.91892527533,-87.78271543536,POINT (-87.782715435357 41.918925275333)
601371521,Noise Complaint,10100 S WESTERN AVE,10100,,S,WESTERN,AVE,129151,2023-06-06T00:00:00Z,&nbsp;Chronic noise issue. Starts at 7AM and goes to 10 PM every day. When will something be done???,DEPT. OF PUBLIC HEALTH,Resolved,2023-06-07T00:00:00Z,41.70992804814,-87.68187477913,POINT (-87.681874779128 41.709928048135)
601436225,Air Pollution Work Order,5700 S ASHLAND AVE,5700,,S,ASHLAND,AVE,8386,2023-09-16T00:00:00Z,: They have been working since 7:30am creating loud noise and dust.&nbsp;Looks like contractor was hired by First start child care. Not one hundred percent sure.,DEPT. OF PUBLIC HEALTH,Complaint Valid,2023-09-18T00:00:00Z,41.79029497046,-87.66463500144,POINT (-87.664635001437 41.790294970459)
601396082,Construction and Demolition,5358 S MARSHFIELD AVE,5358,,S,MARSHFIELD,AVE,84397,2023-07-16T00:00:00Z,COMPANY KEEPS LEAVING THE TRASH OVERNIGHT THIS WORK HAS BEEN GOING ON SINCE LAST SUNDAY (ORTEGA'S WELDING SERVICE),DEPT. OF PUBLIC HEALTH,Resolved,2023-07-17T00:00:00Z,41.79592763519,-87.66599788808,POINT (-87.66599788808 41.795927635185)
601302860,Air Pollution Work Order,3601 N DAMEN AVE,3601,,N,DAMEN,AVE,249349,2023-02-06T00:00:00Z,: PER CALLER- THERE IS A VERY STRONG CHEMICAL SMELL IN THE AREA. THEY ARE NOT SURE OF WHERE THE ODOR IS COMING FROM BUT THERE IS SOME CONSTRUCTION BEING DONE IN THE AREA.&nbsp;,DEPT. OF PUBLIC HEALTH,Alleged violation not found,2023-02-07T00:00:00Z,41.94691204804,-87.67840652746,POINT (-87.678406527463 41.946912048038)
601481537,Air Pollution Work Order,3315 N OCTAVIA AVE,3315,,N,OCTAVIA,AVE,417337,2023-12-11T00:00:00Z,,DEPT. OF PUBLIC HEALTH,Alleged violation founded,2023-12-12T00:00:00Z,41.94022995588,-87.80909813629,POINT (-87.809098136294 41.940229955881)
601464392,Asbestos Work Order,10501 S AVENUE G,10501,,S,AVENUE G,,379542,2023-11-02T00:00:00Z,: Caller wants to remain anonymous but states that you can enter into the back door. The backdoor is always open. Caller reports that the landlord information is on the building.,DEPT. OF PUBLIC HEALTH,Resolved,2023-11-02T00:00:00Z,41.70446203349,-87.53151095445,POINT (-87.531510954445 41.704462033489)
601382251,Construction and Demolition,555 W ROSCOE ST,555,,W,ROSCOE,ST,249349,2023-06-21T00:00:00Z,COMPANY THROWING LARGE CHUNKS OF CONCRETE OR DEBRIS INTO A DUMP TRUCK CAUSING DUST AND LOTS OF NOISE IN THE AREA&nbsp;,DEPT. OF PUBLIC HEALTH,Complaint Valid,2023-06-23T00:00:00Z,41.94321990259,-87.64411299451,POINT (-87.644112994506 41.943219902588)
601336711,Air Pollution Work Order,2542 S AVERS AVE,2542,,S,AVERS,AVE,425726,2023-04-14T00:00:00Z,,DEPT. OF PUBLIC HEALTH,Resolved,2023-04-17T00:00:00Z,41.84484757972,-87.72105177208,POINT (-87.721051772085 41.844847579725)
601353794,Construction and Demolition,2924 W MEDILL AVE,2924,,W,MEDILL,AVE,84397,2023-05-10T00:00:00Z,"Please inspect a construction site, the 1st ward office has received complaints of the alley being blocked by the contractor",DEPT. OF PUBLIC HEALTH,Resolved,2023-05-11T00:00:00Z,41.92392298352,-87.70102862882,POINT (-87.701028628816 41.923922983518)
601419867,Noise Complaint,600 N LAKE SHORE DR,600,,N,LAKE SHORE,DR,129151,2023-08-21T00:00:00Z,"Extremely loud, high pitched noise audible on Ohio St for weeks, at all times. Due to high pitch, may only be audible by animals/children/young adults. Attaching spectrum analyzer display showing sound at 16k Hz. Can’t add audio recording, email me for it",DEPT. OF PUBLIC HEALTH,Resolved,2023-08-22T00:00:00Z,41.89274820924,-87.61468679601,POINT (-87.614686796014 41.892748209238)
601379780,Noise Complaint,2211 N MILWAUKEE AVE,2211,,N,MILWAUKEE,AVE,129151,2023-06-18T00:00:00Z,There is a loud screeching noise coming from the roof top. It cycles on and off all day and night. It's louder and more piercing than the traing going by,DEPT. OF PUBLIC HEALTH,Alleged violation not found,2023-06-20T00:00:00Z,41.92107615756,-87.69413785909,POINT (-87.694137859093 41.921076157561)
601401806,Vehicle Idling Work Order,357 E 75TH ST,357,,E,75TH,ST,13776,2023-07-24T00:00:00Z,: Margarita pizza parking&nbsp;,DEPT. OF PUBLIC HEALTH,Alleged violation not found,2023-07-25T00:00:00Z,41.75828182827,-87.61606633653,POINT (-87.616066336525 41.758281828273)
601374563,Asbestos Work Order,2601 W CARMEN AVE,2601,,W,CARMEN,AVE,379542,2023-06-09T00:00:00Z,Fulton Grace Properties owned vacant church (Transfiguration Catholic Church)&nbsp;Demolition to an old church that was purported to have asbestos,DEPT. OF PUBLIC HEALTH,Resolved,2023-06-12T00:00:00Z,41.97390671844,-87.69425953812,POINT (-87.694259538124 41.973906718443)
601485714,Construction and Demolition,6458 S BISHOP ST,6458,,S,BISHOP,ST,8386,2023-12-30T00:00:00Z,,DEPT. OF PUBLIC HEALTH,Alleged violation founded,2024-01-02T00:00:00Z,41.7759728986,-87.66062216017,POINT (-87.66062216017 41.775972898603)
601469596,Construction and Demolition,39 E 101ST PL,39,,E,101ST,PL,13776,2023-11-13T00:00:00Z,PER CALLER- A BUILDING WAS DEMOLISHED 2 WEEKS AGO AND NOW SOMEONE HAS DUMPED ALL KINDS OF DEBRIS OVER THE FENCE INTO THE SITE THAT HAS A LARGE EXPOSED OPENING. SHE WOULD LIKE HOLE TO BE PROPERLY COVERED AND REMOVE ALL THIS DEBRIS THAT HAS BEEN DUMPED INTO THE CONSTRUCTION SITE,DEPT. OF PUBLIC HEALTH,Resolved,2023-11-14T00:00:00Z,41.70980984609,-87.62201633968,POINT (-87.622016339682 41.709809846088)
601410236,Construction and Demolition,1713 S JEFFERSON ST,1713,,S,JEFFERSON,ST,425726,2023-08-05T00:00:00Z,"Construction debris from unpermitted demolition spilling out into the alley including coaches, wood, and nails. Gutted units are in an abandoned state with open windows for a month. Rats seen in daylight in rubble, food containers appearing.",DEPT. OF PUBLIC HEALTH,Resolved,2023-08-07T00:00:00Z,41.85833245164,-87.64173978409,POINT (-87.64173978409 41.85833245164)
601371673,Service Stations/Storage Tanks Work Order,4114 N KNOX AVE,4114,,N,KNOX,AVE,426086,2023-06-07T00:00:00Z,,DEPT. OF PUBLIC HEALTH,Alleged violation founded,2023-06-07T00:00:00Z,41.95577000031,-87.74315986406,POINT (-87.743159864055 41.955770000314)
601392057,Noise Complaint,5308 N NAGLE AVE,5308,,N,NAGLE,AVE,417325,2023-07-08T00:00:00Z,The next door neighbor central air conditioner located between the house caused some much vibration to one of my bedroom. The noise is so irritating and only occurs when the ac unit activates,DEPT. OF PUBLIC HEALTH,Alleged violation not found,2023-07-10T00:00:00Z,41.97778467954,-87.78798216385,POINT (-87.787982163854 41.977784679544)
601362170,Air Pollution Work Order,7604 S CONSTANCE AVE,7604,,S,CONSTANCE,AVE,13776,2023-05-23T00:00:00Z,city of chicago doing street work for the past few weeks/ dust flying every where,DEPT. OF PUBLIC HEALTH,Alleged violation not found,2023-05-24T00:00:00Z,41.75681100164,-87.57991451941,POINT (-87.579914519415 41.756811001642)
601411990,Noise Complaint,501 W SURF ST,501,,W,SURF,ST,417325,2023-08-09T00:00:00Z,"Noise is constant, 24/7, regardless of weather. Has been occurring all summer. I measured with a scientific noise meter at 69 dBA from my deck at nights (2 am and 5 am). Noise is similar within my bedroom if we open the windows.&nbsp;",DEPT. OF PUBLIC HEALTH,Complaint Valid,2023-09-22T00:00:00Z,41.93419516579,-87.64140393809,POINT (-87.641403938087 41.934195165792)
601479762,Air Pollution Work Order,3801 S HONORE ST,3801,,S,HONORE,ST,84397,2023-12-07T00:00:00Z,"Strong asphalt emissions present indoors and outside. Indoor asphalt emissions are near door and at nuisance levels. Odors outside are present in southeast McKinley Park odors outdoors are very strongly at nuisance levels, impacting walking to school&nbsp;",DEPT. OF PUBLIC HEALTH,Resolved,2023-12-08T00:00:00Z,41.82487574264,-87.67131259092,POINT (-87.671312590922 41.824875742644)
601368972,Air Pollution Work Order,1017 W 48TH ST,1017,,W,48TH,ST,249349,2023-06-02T00:00:00Z,Trucking lot/trailer/mechanic ground is made out dirt and gravel,DEPT. OF PUBLIC HEALTH,Complaint Valid,2023-06-02T00:00:00Z,41.80685156994,-87.65106556285,POINT (-87.651065562848 41.806851569943)
601336758,Noise Complaint,1016 W ARGYLE ST,1016,,W,ARGYLE,ST,129151,2023-04-15T00:00:00Z,: I assuming it comes from an air conditioner on the top of the building in the back. It is next to a parking lot right on Kenmore. The noise goes at all times in warm weather. It can be heard outside and with windows open,DEPT. OF PUBLIC HEALTH,Alleged violation not found,2023-04-17T00:00:00Z,41.97341115092,-87.65567491246,POINT (-87.655674912457 41.973411150916)
601336290,Air Pollution Work Order,10100 S TORRENCE AVE,10100,,S,TORRENCE,AVE,10937,2023-04-14T00:00:00Z,Caller reports burning chemicals. The smell of chemicals in the air is very strong. Caller states that he suspects that there has been a chemical spill somewhere in this vicinity. The smell is usually the strongest from 95th-99th and Torrence. This Factory is located in the area of 101st and Torrence. Caller did not know exact address or name of the company.&nbsp;,DEPT. OF PUBLIC HEALTH,Complaint Valid,2023-04-14T00:00:00Z,41.71168005978,-87.55987215361,POINT (-87.559872153614 41.711680059782)
601484229,Construction and Demolition,4747 W MADISON ST,4747,,W,MADISON,ST,379542,2023-12-20T00:00:00Z,We’ve had big issues with lot owners in this stretch ignoring all rules and laws with unlawful business etc. We’re concerned an unsafe unpermitted demolition of the one store building here is underway.&nbsp;Unknown. Land was sold by the cook county land bank recently. Possibly to same owners as 4741-43 w Madison.,DEPT. OF PUBLIC HEALTH,Resolved,2024-01-16T00:00:00Z,41.88039476709,-87.74469740558,POINT (-87.744697405582 41.880394767093)
601336308,Air Pollution Work Order,2976 N MILWAUKEE AVE,2976,,N,MILWAUKEE,AVE,417337,2023-04-13T00:00:00Z,: Business regularly burns hard wood and releases smoke and fumes over a huge section of the neighborhood. Negatively impacts anyone with respiratory problems in a wide area. Tired of getting asthma attacks insid my home,DEPT. OF PUBLIC HEALTH,Complaint Valid,2023-04-14T00:00:00Z,41.93530555224,-87.71786010618,POINT (-87.717860106177 41.935305552241)
601392653,Construction and Demolition,737 W 51ST ST,737,,W,51ST,ST,84397,2023-07-10T00:00:00Z,No business. A detached garage at 731 W 51St that's housing,DEPT. OF PUBLIC HEALTH,Resolved,2023-07-11T00:00:00Z,41.80149379217,-87.64427120458,POINT (-87.644271204579 41.801493792166)
601361153,Air Pollution Work Order,2912 N MELVINA AVE,2912,,N,MELVINA,AVE,417337,2023-05-23T00:00:00Z,,DEPT. OF PUBLIC HEALTH,Resolved,2023-05-23T00:00:00Z,41.93332782598,-87.78105112491,POINT (-87.781051124908 41.933327825981)
601482343,Noise Complaint,1621 N MOZART ST,1621,,N,MOZART,ST,437489,2023-12-12T00:00:00Z,": There is an ongoing mechanical drone noise coming from the Burger King on North Ave. Since this location is 24 hours there is no break from the noise. This has been going on for weeks, but has recently gotten louder and white noise is not helping.",DEPT. OF PUBLIC HEALTH,Resolved,2024-01-02T00:00:00Z,41.91088565859,-87.69788644757,POINT (-87.697886447573 41.910885658585)
601440973,Water Pollution,4500 S RACINE AVE,4500,,S,RACINE,AVE,84397,2023-09-23T00:00:00Z,"&nbsp;Please inspect the sewers on Racine and 45th. Previous request to inspect was CANCELLED. Thank you for your time and help folks. Respectfully, Krys Medina.",DEPT. OF PUBLIC HEALTH,Refer to other Depts,2023-09-25T00:00:00Z,41.8122769787,-87.65538973549,POINT (-87.655389735492 41.812276978703)
601371503,Noise Complaint,2900 W MONTROSE AVE,2900,,W,MONTROSE,AVE,417325,2023-06-06T00:00:00Z,,DEPT. OF PUBLIC HEALTH,Resolved,2023-06-07T00:00:00Z,41.96134315328,-87.70097298219,POINT (-87.700972982187 41.961343153284)
601359897,Air Pollution Work Order,3036 N LINCOLN AVE,3036,,N,LINCOLN,AVE,379542,2023-05-22T00:00:00Z,Caller did not disclose contact info. Building is being repaired possibly asbestos during construction and demolition,DEPT. OF PUBLIC HEALTH,Resolved,2023-05-22T00:00:00Z,41.93686190742,-87.66494955942,POINT (-87.664949559422 41.936861907415)
601354558,Air Pollution Work Order,1363 W HUBBARD ST,1363,,W,HUBBARD,ST,249349,2023-05-11T00:00:00Z,,DEPT. OF PUBLIC HEALTH,Alleged violation not found,2023-05-12T00:00:00Z,41.88983518746,-87.66137916937,POINT (-87.661379169373 41.889835187458)
601463715,Air Pollution Work Order,6110 S PRINCETON AVE,6110,,S,PRINCETON,AVE,10937,2023-10-31T00:00:00Z,"on Saturday, 10/28 and Sunday 10/29, these people were burning stuff all day. the smell is so bad. stuff should be put in landfill. PLEASE, PLEASE, I AM BEGGING the city of chicago to stop these ppl from burning. i have ashthma. thanks",DEPT. OF PUBLIC HEALTH,Alleged violation not found,2023-11-01T00:00:00Z,41.78321098273,-87.63284348509,POINT (-87.632843485086 41.783210982732)
601310935,Construction and Demolition,10557 S EBERHART AVE,10557,,S,EBERHART,AVE,13776,2023-02-24T00:00:00Z,PER CALLER- CONSTRUCTION TEAM ARE APPLYING NEW ROOF TO BAD WOOD &amp; SHINGLES,DEPT. OF PUBLIC HEALTH,Alleged violation unfounded,2023-02-27T00:00:00Z,41.70202296235,-87.61103379638,POINT (-87.611033796382 41.702022962352)
601424912,Air Pollution Work Order,2976 N MILWAUKEE AVE,2976,,N,MILWAUKEE,AVE,249349,2023-08-24T00:00:00Z,"Alderman Ramirez-Rosa sent a complaint to BACP which we believe falls within your jurisdiction. Please see the complaint below regarding rodent infestation. I’m writing to flag health and safety issues in the neighborhood as a result of a local business’ operations. My home is adjacent to this property and thus observe daily their operations and these issues. The business is Kurwoski’s Sausauge shop on 2976 N Milwaukee Ave. The issues can be summarized as the following: 1) The business smokes meat to sell in their market. The smoke and ash that result from this process is evident when viewing the air on the block on days they are smoking and by simply breathing and smelling the very clear woodfire smoke. Their chimney is very prominently putting smoke and ash into the air. They smoke regularly during weekdays, it generally lasts most the day, and the frequency and potency of the smoke seems to be increasing in the last few months. This has caused issues for my family. We can’t have windows open as the smoke smell comes into the home and it brings in additional dust. I actually get a sore throat on days when they smoke, despite having air purifiers on – and I am in good health (i.e. not sensitive to the effects). I cannot speak for others on the block, but suspect given the level of smoke and breeze that others have similar issues. I am not sure what regulations if any apply here for their ability to burn wood so frequently and produce this smoke? Or what filtration methods they may be required to have that they are not using? 2) This business also owns the property behind the storefront across the alley that faces Oakdale Ave. It is part empty lot, part garage/shed. The shed is not well cared for, and this causes issues. The draining spout appears blocked and every time it rains, a large pool of water is on their roof for days, sometimes longer. This creates a breeding ground for mosquitos – not only annoying but with risk of West Nile, potentially dangerous. I am also concerned about the structural integrity of the shed with this weight – if this shed were to collapse it would potentially send a brick wall tumbling into our backyard where children play. More importantly, the shed (made of aluminum siding mostly) has clear gaping holes where siding is coming apart. This combined with the shed being a storage area for their wood and many other things (It looks very disheveled and messy inside when we’ve seen the doors open) has led to a major rat infestation. Rats have a burrow just outside the shed and are often combing the alley and along their shed wall and into our property. We have hired a private pest control to try to help defend our side of the property because of how bad the rats are, but it is very difficult given the free range and shelter they have in this shed. We fear the rats will chew into our garage soon and damage auto and property. I have tried to speak with this business several times about these issues. They have generally not been cooperative or good neighbors (they never shovel their Oakdale sidewalk for example) the entire time we’ve lived here.The business smokes meat to sell in their market. The smoke and ash that result from this process is evident when viewing the air on the block on days they are smoking and by simply breathing and smelling the very clear woodfire smoke. Their chimney is v",DEPT. OF PUBLIC HEALTH,Complaint Valid,2023-08-25T00:00:00Z,41.93530555224,-87.71786010618,POINT (-87.717860106177 41.935305552241)
601300326,Asbestos Work Order,3953 W WAVELAND AVE,3953,,W,WAVELAND,AVE,425726,2023-01-31T00:00:00Z,"·&nbsp;&nbsp;Construction has been ongoing at 3952 W Waveland since around the beginning of December, or longer. A basement unit is being demolished and rebuilt in its entirety. The building contains 10 apartment units, and was originally&nbsp;constructed sometime in the 1920s, by my estimation·&nbsp;&nbsp;On 12/20, I emailed my management company (Forte Properties)&nbsp;requesting, among other things, that permits be posted and that the 9"" tile which appeared to be in the process of removal be tested for asbestos, along with the mastic and plaster. They acknowledged my request.·&nbsp;&nbsp;Management has not since performed any testing. Demolition and construction have continued in the meantime unabated. Management has refused to communicate on the issue further, they are ignoring any inquiry.·&nbsp;&nbsp;Significant dust and debris from the demolition is infiltrating&nbsp;my adjacent unit and common areas, causing minor respiratory issues. Since the construction is unpermitted, all windows are closed and covered. Consequently, the dust is brought by heated air directly up into our apartment above through the floorboards and other openings created by the demolition.·&nbsp;&nbsp;About half of the building units have, in the past year, undergone renovations creating fine construction dust - though more limited in scope. Whether or not the same 9"" flooring was present in these is unknown to me.",DEPT. OF PUBLIC HEALTH,Resolved,2023-01-31T00:00:00Z,41.9480841846,-87.72713087194,POINT (-87.727130871944 41.948084184602)
601388472,Noise Complaint,301 E NORTH WATER ST,301,,E,NORTH WATER,ST,417325,2023-07-01T00:00:00Z,The Sheraton hotel HVAC was working much better and quieter until today . Today something must of broke because it is consistently squealing all day.&nbsp;,DEPT. OF PUBLIC HEALTH,Alleged violation not found,2023-07-05T00:00:00Z,41.88945828011,-87.62036837643,POINT (-87.620368376429 41.889458280109)
601413909,Noise Complaint,200 E OHIO ST,200,,E,OHIO,ST,417325,2023-08-13T00:00:00Z,,DEPT. OF PUBLIC HEALTH,Alleged violation not found,2023-08-15T00:00:00Z,41.89267129069,-87.62257220248,POINT (-87.622572202481 41.892671290686)
601297630,Asbestos Work Order,1252 W COLUMBIA AVE,1252,,W,COLUMBIA,AVE,379542,2023-01-22T00:00:00Z,boby and the board have known there is asbestos to be remediated in the boiler room for at least one year and have failed to solve the issue,DEPT. OF PUBLIC HEALTH,Resolved,2023-01-23T00:00:00Z,42.00461095853,-87.66294751174,POINT (-87.662947511737 42.004610958526)
601348022,Air Pollution Work Order,1437 W 37TH ST,1437,,W,37TH,ST,417337,2023-05-02T00:00:00Z,"Strong smell of harsh chemicals in the air in front of this building, made me start coughing and was uncomfortable to breath. Do they use bleach to clean their smoke stack. I should have not have to worry about my health and afety on my way to work",DEPT. OF PUBLIC HEALTH,Alleged violation unfounded,2023-05-03T00:00:00Z,41.82678927916,-87.66204808158,POINT (-87.662048081576 41.826789279157)
601364099,Noise Complaint,5301 S DAMEN AVE,5301,,S,DAMEN,AVE,129151,2023-05-25T00:00:00Z,,DEPT. OF PUBLIC HEALTH,Resolved,2023-05-25T00:00:00Z,41.7975322572,-87.67425804871,POINT (-87.674258048708 41.797532257197)
601406028,Noise Complaint,1949 W DIVISION ST,1949,,W,DIVISION,ST,129151,2023-07-29T00:00:00Z,"There is a generator that is running behind a business, Casa Tequila, that often runs over night causing a low hum and vibration.",DEPT. OF PUBLIC HEALTH,Resolved,2023-07-31T00:00:00Z,41.90308928676,-87.67677205425,POINT (-87.676772054255 41.903089286759)
601337535,Air Pollution Work Order,1336 W HURON ST,1336,,W,HURON,ST,84397,2023-04-17T00:00:00Z,: Please contact me prior to arriving to the resident Thanks!&nbsp;,DEPT. OF PUBLIC HEALTH,Refer to Building Dept,2023-04-18T00:00:00Z,41.89445844282,-87.66105549,POINT (-87.66105549 41.894458442823)
601333950,Noise Complaint,8156 W FOREST PRESERVE AVE,8156,,W,FOREST PRESERVE,AVE,129151,2023-04-10T00:00:00Z,Noise in excess of 90dB has been terrible all time (day and night). It is some sort of air conditioner or fan. The source of the noise is between buildings 8156 (restaurant) and 8164 (residential building). Can't sleep can't open windows. Do something!,DEPT. OF PUBLIC HEALTH,Resolved,2023-04-11T00:00:00Z,41.94260953292,-87.83093049204,POINT (-87.830930492038 41.942609532923)
601432400,Noise Complaint,4624 S LAWLER AVE,4624,,S,LAWLER,AVE,129151,2023-09-08T00:00:00Z,there is a very loud noise,DEPT. OF PUBLIC HEALTH,Resolved,2023-09-11T00:00:00Z,41.80859306012,-87.74944567724,POINT (-87.749445677235 41.808593060125)
601339624,Construction and Demolition,6103 S TROY ST,6103,,S,TROY,ST,8386,2023-04-19T00:00:00Z,: THERE ARE PEOPLE WHO BOUGHT THE BUILDING THAT ARE DUMPING DRYWALL AND OTHER DEBRIS IN THE BACK OF THE BUILDING. THEY DO NOT HAVE A DUMPSTER,DEPT. OF PUBLIC HEALTH,Complaint Valid,2023-04-20T00:00:00Z,41.78248000699,-87.70187294657,POINT (-87.701872946572 41.782480006988)
601474600,Air Pollution Work Order,3823 S HALSTED ST,3823,,S,HALSTED,ST,249349,2023-11-26T00:00:00Z,Production of pork blood gel causing entire area to stink. Operating at noon on a Sunday which is outside of business hours. City has been contacted numerous times over 2 years.,DEPT. OF PUBLIC HEALTH,Alleged violation not found,2023-11-27T00:00:00Z,41.82455722208,-87.6458152846,POINT (-87.645815284595 41.824557222083)
601410266,Noise Complaint,1252 N WELLS ST,1252,,N,WELLS,ST,84397,2023-08-05T00:00:00Z,,DEPT. OF PUBLIC HEALTH,Resolved,2023-08-07T00:00:00Z,41.90543300791,-87.63468085706,POINT (-87.634680857065 41.905433007909)
601472592,Air Pollution Work Order,2701 E 100TH ST,2701,,E,100TH,ST,10937,2023-11-17T00:00:00Z,PULLMAN INNOVATIONS - Other - THE SMELL OF THE BUSINESS IS AFFECTING QUALITY OF LIFE OF THE RESIDENTS - Commercial - Monday|Tuesday|Wednesday|Thursday|Friday - 7A-7P&nbsp;,DEPT. OF PUBLIC HEALTH,Complaint Valid,2023-11-20T00:00:00Z,41.71324291275,-87.55803846898,POINT (-87.558038468978 41.713242912752)
601379890,Noise Complaint,14 W SUPERIOR ST,14,,W,SUPERIOR,ST,417325,2023-06-17T00:00:00Z,,DEPT. OF PUBLIC HEALTH,Alleged violation not found,2023-06-20T00:00:00Z,41.89578127488,-87.62875796343,POINT (-87.628757963432 41.895781274878)
601484232,Air Pollution Work Order,4747 W MADISON ST,4747,,W,MADISON,ST,379542,2023-12-20T00:00:00Z,"Crews appear to be doing unpermitted demo work on the single story building here.Unknown. Property was recently sold by the cook county land bank, possibly to same owners as 4741-43 w madison.&nbsp;",DEPT. OF PUBLIC HEALTH,Resolved,2023-12-21T00:00:00Z,41.88039476709,-87.74469740558,POINT (-87.744697405582 41.880394767093)
601338594,Air Pollution Work Order,11948 S UNION AVE,11948,,S,UNION,AVE,13776,2023-04-18T00:00:00Z,"Open dumping is occurring on an abandon lot. The open dumping consists of oil spills, trash, debris, and large semi tires along with fallen trees. According to the complainant a complaint was filed with the City of Chicago. The complainant is concerned about the kids and the nearby residents.",DEPT. OF PUBLIC HEALTH,Alleged violation unfounded,2023-04-19T00:00:00Z,41.67639153401,-87.63960237291,POINT (-87.639602372914 41.676391534014)
601348027,Construction and Demolition,225 W RANDOLPH ST,225,,W,RANDOLPH,ST,3308,2023-05-02T00:00:00Z,,DEPT. OF PUBLIC HEALTH,Alleged violation not found,2023-05-03T00:00:00Z,41.88435557962,-87.63463654989,POINT (-87.634636549891 41.884355579622)
601401089,Air Pollution Work Order,5701 S CLAREMONT AVE,5701,,S,CLAREMONT,AVE,249349,2023-07-21T00:00:00Z,,DEPT. OF PUBLIC HEALTH,Refer to other Depts,2023-07-24T00:00:00Z,41.79012177707,-87.68238079877,POINT (-87.682380798769 41.790121777073)
601435283,Air Pollution Work Order,1606 S ASHLAND AVE,1606,,S,ASHLAND,AVE,84397,2023-09-15T00:00:00Z,Dust and debris has been an issue since 7AM.,DEPT. OF PUBLIC HEALTH,Resolved,2023-09-15T00:00:00Z,41.85937195328,-87.66633941999,POINT (-87.666339419991 41.859371953282)
601401777,Air Pollution Work Order,2444 W 71ST ST,2444,,W,71ST,ST,10937,2023-07-24T00:00:00Z,SPRAY PAINT ODOR,DEPT. OF PUBLIC HEALTH,Complaint Valid,2023-07-25T00:00:00Z,41.76477901885,-87.68503835665,POINT (-87.685038356651 41.764779018846)
601357274,Construction and Demolition,3604 N PINE GROVE AVE,3604,,N,PINE GROVE,AVE,417337,2023-05-17T00:00:00Z,,DEPT. OF PUBLIC HEALTH,Alleged violation not found,2023-05-17T00:00:00Z,41.94804042642,-87.64577604863,POINT (-87.645776048633 41.948040426419)
601294880,Noise Complaint,2136 N SAWYER AVE,2136,,N,SAWYER,AVE,417325,2023-01-05T00:00:00Z,,DEPT. OF PUBLIC HEALTH,Resolved,2023-01-05T00:00:00Z,41.92031728662,-87.70916449644,POINT (-87.709164496443 41.920317286622)
601302230,Illegal Dumping Work Order,10924 S EMERALD AVE,10924,,S,EMERALD,AVE,13776,2023-02-06T00:00:00Z,,DEPT. OF PUBLIC HEALTH,Refer to StreetsSanitation,2023-02-06T00:00:00Z,41.6952399847,-87.64140327015,POINT (-87.641403270147 41.695239984698)
601415996,Air Pollution Work Order,4547 S ALBANY AVE,4547,,S,ALBANY,AVE,417337,2023-08-16T00:00:00Z,"Nearby elementary schools are exposed to a cancer-causing, toxic benzene odor. This problem is worsened by a nearby garbage dump near the Kedzie Orange Line. Benzene is used dissolves specific plastics like polystyrene",DEPT. OF PUBLIC HEALTH,Alleged violation not found,2023-08-16T00:00:00Z,41.81040993843,-87.70145765662,POINT (-87.701457656622 41.810409938429)
601308143,Construction and Demolition,1400 W CHESTNUT ST,1400,,W,CHESTNUT,ST,379542,2023-02-20T00:00:00Z,,DEPT. OF PUBLIC HEALTH,Resolved,2023-02-21T00:00:00Z,41.89807717051,-87.66257914174,POINT (-87.662579141735 41.898077170507)
601328003,Air Pollution Work Order,2701 E 100TH ST,2701,,E,100TH,ST,10937,2023-03-30T00:00:00Z,Strong smell from Torrence all the way to Commercial,DEPT. OF PUBLIC HEALTH,Complaint Valid,2023-03-31T00:00:00Z,41.71324291275,-87.55803846898,POINT (-87.558038468978 41.713242912752)
601319464,Construction and Demolition,5047 N SHERIDAN RD,5047,,N,SHERIDAN,RD,3308,2023-03-16T00:00:00Z,&nbsp;Construction fence has fallen over blocking the sidewalk,DEPT. OF PUBLIC HEALTH,Alleged violation not found,2023-03-17T00:00:00Z,41.97472755169,-87.65481937663,POINT (-87.654819376629 41.974727551692)
601365168,Construction and Demolition,1334 W ROSEDALE AVE,1334,,W,ROSEDALE,AVE,3308,2023-05-26T00:00:00Z,,DEPT. OF PUBLIC HEALTH,Resolved,2023-05-30T00:00:00Z,41.98912796265,-87.66408604076,POINT (-87.664086040763 41.989127962648)
601354077,Noise Complaint,1540 W FULLERTON AVE,1540,,W,FULLERTON,AVE,417325,2023-05-11T00:00:00Z,by the rear exit&nbsp;,DEPT. OF PUBLIC HEALTH,Resolved,2024-01-04T00:00:00Z,41.92527083003,-87.66742133245,POINT (-87.667421332445 41.925270830034)
601473782,Air Pollution Work Order,1845 N LARRABEE ST,1845,,N,LARRABEE,ST,417337,2023-11-22T00:00:00Z,,DEPT. OF PUBLIC HEALTH,Refer to Building Dept,2023-11-22T00:00:00Z,41.91597395112,-87.64344616729,POINT (-87.643446167294 41.915973951117)
601425169,Toxics Hazardous Materials Work Order,1838 N LINCOLN PARK WEST,1838,,N,LINCOLN PARK WEST,,84397,2023-08-28T00:00:00Z,"Caller is concerned about the owner of 1838 N Lincoln Park West using a company with no certifications for home renovation. The home is over 150 years old and lots of debris and chemicals are spreading all over the property and neighborhood. Caller is especially concerned about chemicals associated with an old home (lead and asbestos etc) and also chemicals that the company is spraying all over the property/home. Caller said that originally the owners used a company that followed IEPA regulations until about a couple weeks ago they changed to this more affordable company. Caller has no idea what all of the chemicals are, but did identify one bucket of chemicals labeled as ""ABR Grip Strip."" Neighbors have also investigated remnants of unknown chemicals on the sidewalk and supposedly got a slight chemical burn after touching it.",DEPT. OF PUBLIC HEALTH,Resolved,2023-08-29T00:00:00Z,41.91591113547,-87.63644835477,POINT (-87.636448354774 41.915911135472)
601440860,Noise Complaint,4652 N SHERIDAN RD,4652,,N,SHERIDAN,RD,417325,2023-09-23T00:00:00Z,"DosBros is operating a large, industrial fan on the rooftop that is causing a loud rumble along with shaking throughout my apartment. They have stated they wish to run this fan daily between 6AM and 11AM&nbsp;",DEPT. OF PUBLIC HEALTH,Alleged violation not found,2023-09-26T00:00:00Z,41.96703976288,-87.65494521476,POINT (-87.65494521476 41.967039762881)
601382243,Noise Complaint,3137 W 53RD PL,3137,,W,53RD,PL,129151,2023-06-21T00:00:00Z,there some type of machine that is constantly running and vibrates everything in my apartment keeps my 9 year old and 5 year old awake all night lose power all the time with it connected&nbsp;,DEPT. OF PUBLIC HEALTH,Resolved,2023-06-22T00:00:00Z,41.79616047219,-87.7026764201,POINT (-87.702676420097 41.796160472191)
601411983,Noise Complaint,4619 N WESTERN AVE,4619,,N,WESTERN,AVE,417325,2023-08-08T00:00:00Z,Budlong Chicken,DEPT. OF PUBLIC HEALTH,Resolved,2023-09-13T00:00:00Z,41.96549910944,-87.68866018713,POINT (-87.688660187133 41.965499109437)
601294844,Noise Complaint,2440 W CORTLAND ST,2440,,W,CORTLAND,ST,417325,2023-01-12T00:00:00Z,,DEPT. OF PUBLIC HEALTH,Alleged violation not found,2023-01-13T00:00:00Z,41.91585624144,-87.68895400522,POINT (-87.688954005218 41.915856241437)
601428127,Air Pollution Work Order,3025 S BONFIELD ST,3025,,S,BONFIELD,ST,10937,2023-09-03T00:00:00Z,,DEPT. OF PUBLIC HEALTH,Alleged violation not found,2023-09-06T00:00:00Z,41.83979413577,-87.653868927,POINT (-87.653868926995 41.839794135769)
601465020,Air Pollution Work Order,5100 N CLARK ST,5100,,N,CLARK,ST,417337,2023-11-02T00:00:00Z,,DEPT. OF PUBLIC HEALTH,Resolved,2023-11-03T00:00:00Z,41.9744022518,-87.66835972621,POINT (-87.668359726212 41.974402251805)
601319112,Air Pollution Work Order,4800 W DIVERSEY AVE,4800,,W,DIVERSEY,AVE,249349,2023-03-15T00:00:00Z,This commercial unit is under construction. They are burning a toxic glue that is disturbing customers of surrounding businesses and unsafe for employees. The smell is extremely strong and toxic,DEPT. OF PUBLIC HEALTH,Complaint Valid,2023-03-16T00:00:00Z,41.93164142041,-87.74671991065,POINT (-87.746719910646 41.931641420407)
601316518,Noise Complaint,1355 W ALTGELD ST,1355,,W,ALTGELD,ST,417325,2023-03-09T00:00:00Z,&nbsp;Lakeshore Athletic Club (1320 W Fullerton) - the rooftop mechanical equipment at Lakeshore persistently violates the City noise ordinance. Sounds like an airplane taking off every 5 minutes. Recurring problem needs to be permanently fixed.,DEPT. OF PUBLIC HEALTH,Alleged violation not found,2023-03-10T00:00:00Z,41.92692730275,-87.66307606253,POINT (-87.663076062529 41.926927302754)
601443832,Air Pollution Work Order,3010 W 40TH ST,3010,,W,40TH,ST,84397,2023-09-27T00:00:00Z,,DEPT. OF PUBLIC HEALTH,Resolved,2023-09-28T00:00:00Z,41.8209792068,-87.70004356956,POINT (-87.700043569564 41.820979206804)
601346592,Illegal Dumping Work Order,1322 S SPAULDING AVE,1322,,S,SPAULDING,AVE,8386,2023-05-01T00:00:00Z,": PERSON AT 1322 S SPAULDING FLY DUMPED CONSTRUCTION DEBRIS (FLOORING, DRYWALL, CABINET, DOORS) ON THE VACANT LOT 1327 S CHRISTIANA AVE, 60623, THERE IS VIDEO FOOTAGE OF INCIDENT",DEPT. OF PUBLIC HEALTH,Alleged violation not found,2023-05-02T00:00:00Z,41.86379807953,-87.708175704,POINT (-87.708175704001 41.863798079535)
601398630,Construction and Demolition,350 N CANAL ST,350,,N,CANAL,ST,84397,2023-07-20T00:00:00Z,,DEPT. OF PUBLIC HEALTH,Resolved,2023-07-20T00:00:00Z,41.88825809463,-87.64011224908,POINT (-87.640112249084 41.888258094627)
601370366,Construction and Demolition,1818 N WELLS ST,1818,,N,WELLS,ST,379542,2023-06-05T00:00:00Z,": The ongoing construction at the former site of A New Leaf is causing a lot of issues with construction vehicles, rodents, and lots of air dust violations",DEPT. OF PUBLIC HEALTH,Resolved,2023-06-06T00:00:00Z,41.91534960619,-87.63498800612,POINT (-87.634988006119 41.915349606194)
601301364,Noise Complaint,2034 W IOWA ST,2034,,W,IOWA,ST,417325,2023-02-01T00:00:00Z,: FURNACE EXHAUST IS MAKING NOISE TOWARDS BEDROOM,DEPT. OF PUBLIC HEALTH,Resolved,2023-02-02T00:00:00Z,41.89781854321,-87.67852155787,POINT (-87.678521557866 41.89781854321)
601295642,Construction and Demolition,2220 N HALSTED ST,2220,,N,HALSTED,ST,379542,2023-01-13T00:00:00Z,,DEPT. OF PUBLIC HEALTH,Resolved,2023-01-17T00:00:00Z,41.92246729637,-87.64880237057,POINT (-87.648802370573 41.92246729637)
601413933,Noise Complaint,2522 N HALSTED ST,2522,,N,HALSTED,ST,129151,2023-08-11T00:00:00Z,,DEPT. OF PUBLIC HEALTH,Resolved,2023-08-14T00:00:00Z,41.92800415536,-87.64899976032,POINT (-87.648999760319 41.928004155357)
601295644,Air Pollution Work Order,2430 N LINDEN PL,2430,,N,LINDEN,PL,3308,2023-01-13T00:00:00Z,illegal mechanic repairing cars at night- idling,DEPT. OF PUBLIC HEALTH,Alleged violation not found,2023-01-17T00:00:00Z,41.9255950063,-87.70352941953,POINT (-87.703529419526 41.925595006304)
601401792,Air Pollution Work Order,1334 W ROSEDALE AVE,1334,,W,ROSEDALE,AVE,417337,2023-07-24T00:00:00Z,,DEPT. OF PUBLIC HEALTH,Alleged violation not found,2023-07-25T00:00:00Z,41.98912796265,-87.66408604076,POINT (-87.664086040763 41.989127962648)
601300943,Air Pollution Work Order,3405 S LITUANICA AVE,3405,,S,LITUANICA,AVE,10937,2023-01-31T00:00:00Z,: Constituent reported they do the construction and smell very bad. They share the same wall in the back of the coach house. Please contact the constituent below if have any questions.,DEPT. OF PUBLIC HEALTH,Alleged violation not found,2023-02-01T00:00:00Z,41.83259256745,-87.64843137735,POINT (-87.648431377345 41.832592567452)
601462987,Asbestos Work Order,5480 S CORNELL AVE,5480,,S,CORNELL,AVE,379542,2023-10-30T00:00:00Z,,DEPT. OF PUBLIC HEALTH,Resolved,2023-10-31T00:00:00Z,41.79577268884,-87.5855735685,POINT (-87.585573568497 41.795772688841)
601403139,Asbestos Work Order,1650 W 17TH ST,1650,,W,17TH,ST,379542,2023-07-25T00:00:00Z,"caller states dumpster has asbestos sign on it, church is used by senior citizens and children and they are concerned that the dumpster is in parking lot and no one is clearing it up from construction",DEPT. OF PUBLIC HEALTH,Resolved,2023-07-26T00:00:00Z,41.85878210033,-87.66829261177,POINT (-87.668292611772 41.85878210033)
601310944,Noise Complaint,4645 N SHERIDAN RD,4645,,N,SHERIDAN,RD,417325,2023-02-24T00:00:00Z,,DEPT. OF PUBLIC HEALTH,Resolved,2023-02-27T00:00:00Z,41.96675613103,-87.65464848123,POINT (-87.65464848123 41.966756131029)
601321592,Construction and Demolition,5600 S NEWCASTLE AVE,5600,,S,NEWCASTLE,AVE,84397,2023-03-21T00:00:00Z,construction debri and material is being left on sidewalk,DEPT. OF PUBLIC HEALTH,Resolved,2023-03-22T00:00:00Z,41.79023632324,-87.79287105297,POINT (-87.792871052972 41.790236323237)
601303247,Illegal Dumping Work Order,6723 S CLAREMONT AVE,6723,,S,CLAREMONT,AVE,84397,2023-02-07T00:00:00Z,,DEPT. OF PUBLIC HEALTH,Refer to StreetsSanitation,2023-02-08T00:00:00Z,41.77127026439,-87.68196141663,POINT (-87.68196141663 41.771270264385)
601417084,Asbestos Work Order,7020 S JEFFERY BLVD,7020,,S,JEFFERY,BLVD,425726,2023-08-16T00:00:00Z,I don’t know if abestos is in my unit but I would love for it to be checked. I didn’t move (7 1/2 years ago) in here with autoimmune problems. Now I’ve been diagnosed with Polymiositis back in 2019 after I slipped &amp; fell on this property due to negligence,DEPT. OF PUBLIC HEALTH,Resolved,2023-08-21T00:00:00Z,41.76735295457,-87.57647795845,POINT (-87.576477958446 41.767352954568)
601384748,Noise Complaint,1641 N ORCHARD ST,1641,,N,ORCHARD,ST,417325,2023-06-26T00:00:00Z,,DEPT. OF PUBLIC HEALTH,Alleged violation not found,2023-06-29T00:00:00Z,41.91219347732,-87.64574463251,POINT (-87.645744632514 41.912193477322)
601319124,Air Pollution Work Order,4800 W DIVERSEY AVE,4800,,W,DIVERSEY,AVE,249349,2023-03-15T00:00:00Z,,DEPT. OF PUBLIC HEALTH,Complaint Valid,2023-03-16T00:00:00Z,41.93164142041,-87.74671991065,POINT (-87.746719910646 41.931641420407)
601469270,Construction and Demolition,2430 W THOMAS ST,2430,,W,THOMAS,ST,417325,2023-11-11T00:00:00Z,unknown … Construction debris is and dust is left on neighbors property and crew is not cleaning up the debris,DEPT. OF PUBLIC HEALTH,Complaint Valid,2023-11-17T00:00:00Z,41.90129861822,-87.68825197665,POINT (-87.688251976645 41.901298618222)
601329537,Air Pollution Work Order,6935 S CALIFORNIA AVE,6935,,S,CALIFORNIA,AVE,417337,2023-04-04T00:00:00Z,,DEPT. OF PUBLIC HEALTH,Resolved,2023-04-04T00:00:00Z,41.76712813927,-87.69294513365,POINT (-87.692945133652 41.76712813927)
601322806,Noise Complaint,3427 W 37TH PL,3427,,W,37TH,PL,129151,2023-03-22T00:00:00Z,,DEPT. OF PUBLIC HEALTH,Resolved,2023-03-23T00:00:00Z,41.82511823532,-87.71043308567,POINT (-87.710433085671 41.825118235316)
601460300,Construction and Demolition,7946 S MUSKEGON AVE,7946,,S,MUSKEGON,AVE,13776,2023-10-24T00:00:00Z,,DEPT. OF PUBLIC HEALTH,Refer to Building Dept,2023-10-25T00:00:00Z,41.75048953586,-87.55544201787,POINT (-87.555442017872 41.750489535858)
601474580,Air Pollution Work Order,6655 N AVONDALE AVE,6655,,N,AVONDALE,AVE,417337,2023-11-25T00:00:00Z,"There is always a sewage smell over near the park and train tracks, but lately it is unbearable. It smells like vomit and bowel movements, but also stagnantly just there.&nbsp;",DEPT. OF PUBLIC HEALTH,Refer to other Depts,2023-11-28T00:00:00Z,42.00124095697,-87.81743718656,POINT (-87.817437186559 42.001240956968)
601357277,Noise Complaint,3227 N CLARK ST,3227,,N,CLARK,ST,129151,2023-05-17T00:00:00Z,We live behind this restaurant on Dayton St. The loud/constant whistling noise prevents us from opening our back windows and balcony doors. This is my second request. The noise stopped for 1 day after my first request.,DEPT. OF PUBLIC HEALTH,Resolved,2023-05-18T00:00:00Z,41.94073017467,-87.65113414673,POINT (-87.65113414673 41.940730174672)
601405003,Noise Complaint,50 E CHESTNUT ST,50,,E,CHESTNUT,ST,417325,2023-07-27T00:00:00Z,: I believe the 4 ventilation fans for the indoor garage are the problem located below the outdoor pool. The noise is above 55 decibels even at 2 AM. It is continuous then shuts off for 3 minutes then reoccurs. Cannot open our windows,DEPT. OF PUBLIC HEALTH,Complaint Valid,2023-07-31T00:00:00Z,41.8984650062,-87.62633254606,POINT (-87.626332546058 41.898465006201)
601421303,Air Pollution Work Order,3159 W DEVON AVE,3159,,W,DEVON,AVE,417337,2023-08-23T00:00:00Z,its a baseball stadium that is blowing dust/sand everywhere,DEPT. OF PUBLIC HEALTH,Alleged violation unfounded,2023-08-24T00:00:00Z,41.99728041541,-87.70928189447,POINT (-87.709281894471 41.997280415408)
601379894,Noise Complaint,1 W SUPERIOR ST,1,,W,SUPERIOR,ST,417325,2023-06-18T00:00:00Z,The air handlers are on the top deck of the parking garage. They have gotten steadily louder over the last year. Using the NIOSH app on an iPad they will occasionally read extremely high.,DEPT. OF PUBLIC HEALTH,Resolved,2023-06-21T00:00:00Z,41.8955683487,-87.62825186147,POINT (-87.628251861473 41.895568348703)
601342152,Air Pollution Work Order,2715 N CICERO AVE,2715,,N,CICERO,AVE,417337,2023-04-24T00:00:00Z,"Apt 405 - caller says the senior housing (Senior Suites of Kelvyn Park) has some kind of ash/dust floating in the air, that covers surfaces and clothes overnight. caller would like to meet with the inspectors so they can see the multiple videos he has of this dust/ash. Bldg mgmt tries to retaliate when caller addresses this issue with mgmt.",DEPT. OF PUBLIC HEALTH,Alleged violation not found,2023-04-25T00:00:00Z,41.93012656883,-87.74638853895,POINT (-87.746388538949 41.930126568826)
601292869,Construction and Demolition,4624 S ASHLAND AVE,4624,,S,ASHLAND,AVE,84397,2023-01-07T00:00:00Z,: THERE IS CONSTRUCTION BEING DONE AT 4624 S ASHLAND AND THEY HAVE TRACKED A LOT OF MUD AND DEBRIS ALONG THE STREETS.,DEPT. OF PUBLIC HEALTH,Resolved,2023-01-09T00:00:00Z,41.80968337928,-87.66514885189,POINT (-87.665148851892 41.80968337928)
601325364,Noise Complaint,3400 N KEDZIE AVE,3400,,N,KEDZIE,AVE,417325,2023-03-27T00:00:00Z,Gate is stuck with very loud alarm going off constantly from 5pm to 9:30am sometimes for days at a time. This is an ongoing issue,DEPT. OF PUBLIC HEALTH,Resolved,2023-03-28T00:00:00Z,41.94308124778,-87.7078759763,POINT (-87.707875976301 41.943081247782)
601334016,Noise Complaint,1920 W PETERSON AVE,1920,,W,PETERSON,AVE,129151,2023-04-10T00:00:00Z,,DEPT. OF PUBLIC HEALTH,Resolved,2023-04-11T00:00:00Z,41.99081369449,-87.67801110196,POINT (-87.678011101958 41.990813694486)
601328619,Air Pollution Work Order,2800 N LAKE SHORE DR,2800,,N,LAKE SHORE,DR,10937,2023-03-28T00:00:00Z,"Constant construction emitting noxious odors, so bad that I have to leave my apt and can't sleep at night. I don't know what chemicals are in violation, or which chemicals are being used, but neither does the Management. I am an 80 year old senior citizen whose health is being compromised by these constant, horrible smells. Please help!!!",DEPT. OF PUBLIC HEALTH,Alleged violation not found,2023-04-03T00:00:00Z,41.93290246651,-87.63637316515,POINT (-87.636373165151 41.932902466506)
601342781,Asbestos Work Order,2220 W MORSE AVE,2220,,W,MORSE,AVE,379542,2023-04-25T00:00:00Z,The house and garage are currently open and the fence is unsecure at the rear.&nbsp; There maybe Asbestos in the house. Looks like a hoarder house. We have had problems with this contractor in the past when it come to environmental&nbsp; issues.&nbsp;,DEPT. OF PUBLIC HEALTH,Resolved,2023-08-14T00:00:00Z,42.00733733346,-87.68682939107,POINT (-87.686829391075 42.007337333463)
601292849,Illegal Dumping Work Order,221 E 116TH ST,221,,E,116TH,ST,13776,2023-01-08T00:00:00Z,,DEPT. OF PUBLIC HEALTH,Refer to StreetsSanitation,2023-01-09T00:00:00Z,41.68247698354,-87.61697454734,POINT (-87.616974547343 41.682476983543)
601327072,Air Pollution Work Order,2500 S PAULINA ST,2500,,S,PAULINA,ST,129151,2023-03-29T00:00:00Z,PER CALLER- THEY HAVE A SHREDDER THAT SHREDS CARS. THIS IS WHEN YOU CAN NOTICE THE BAD SMELL.&nbsp;,DEPT. OF PUBLIC HEALTH,Resolved,2023-03-30T00:00:00Z,41.84676817856,-87.66850812646,POINT (-87.668508126456 41.846768178557)
601391899,Construction and Demolition,5815 N SHERIDAN RD,5815,,N,SHERIDAN,RD,379542,2023-07-07T00:00:00Z,"Lots of dust from the work they are doing, and scaffolding that is stacked un safely. Moreover there are supplies spilling through the fencing",DEPT. OF PUBLIC HEALTH,Resolved,2023-07-10T00:00:00Z,41.98782830709,-87.65517078153,POINT (-87.655170781532 41.987828307086)
601425189,Noise Complaint,2300 N MILWAUKEE AVE,2300,,N,MILWAUKEE,AVE,3308,2023-08-29T00:00:00Z,"Not a business, rather construction at 7:40pm on 8/28/23 at the corner of California &amp; Milwaukee. No water being used. Created hazardous conditions.",DEPT. OF PUBLIC HEALTH,Alleged violation not found,2023-08-30T00:00:00Z,41.92284257671,-87.69748748181,POINT (-87.697487481806 41.922842576706)
601354064,Noise Complaint,3912 W BYRON ST,3912,,W,BYRON,ST,417325,2023-05-11T00:00:00Z,&nbsp;Can hear vibration of air conditioning unit on second floor at all hours.&nbsp;,DEPT. OF PUBLIC HEALTH,Alleged violation not found,2023-05-11T00:00:00Z,41.95197271406,-87.72557422677,POINT (-87.725574226771 41.95197271406)
601308196,Air Pollution Work Order,6928 S OGLESBY AVE,6928,,S,OGLESBY,AVE,13776,2023-02-20T00:00:00Z,,DEPT. OF PUBLIC HEALTH,Alleged violation not found,2023-02-21T00:00:00Z,41.76900030336,-87.56836644947,POINT (-87.568366449474 41.769000303359)
601396257,Air Pollution Work Order,1431 N MENARD AVE,1431,,N,MENARD,AVE,249349,2023-07-13T00:00:00Z,"Open burning of waste, neighbors are having difficulty with breathing and odors",DEPT. OF PUBLIC HEALTH,Complaint Valid,2023-07-14T00:00:00Z,41.90662821601,-87.77051702674,POINT (-87.770517026744 41.906628216014)
601479098,Noise Complaint,5035 N SHERIDAN RD,5035,,N,SHERIDAN,RD,129151,2023-12-06T00:00:00Z,"Since at least Saturday, December 2nd, a generator has been running 24 hours a day in the existing pit which is not being worked on after hours.",DEPT. OF PUBLIC HEALTH,Resolved,2023-12-05T00:00:00Z,41.97435049682,-87.65481048726,POINT (-87.654810487257 41.974350496819)
601480498,Water Pollution,10752 S AVENUE M,10752,,S,AVENUE M,,13776,2023-12-09T00:00:00Z,"OIL FROM VEHICLE LEAKS INTO SEWER AND STREET CONSISTENTLY&nbsp;TONY, WHO DRIVES THE NISSAN, GOLD, 4-DOOR",DEPT. OF PUBLIC HEALTH,Alleged violation not found,2023-12-11T00:00:00Z,41.69937655026,-87.53784430332,POINT (-87.537844303319 41.69937655026)
601340601,Construction and Demolition,4027 S CALUMET AVE,4027,,S,CALUMET,AVE,417337,2023-04-20T00:00:00Z,new home construction has dust blowing all over neighbors house and property / huge mess&nbsp;,DEPT. OF PUBLIC HEALTH,Complaint Valid,2023-04-21T00:00:00Z,41.82122094632,-87.61833410472,POINT (-87.618334104717 41.821220946322)
601383809,Noise Complaint,3827 N BROADWAY,3827,,N,BROADWAY,,129151,2023-06-24T00:00:00Z,This restaurant's hvac machine is excessively loud.&nbsp;,DEPT. OF PUBLIC HEALTH,Resolved,2023-06-26T00:00:00Z,41.95203320398,-87.64948410673,POINT (-87.649484106734 41.95203320398)
601346036,Air Pollution Work Order,1600 W 43RD ST,1600,,W,43RD,ST,379542,2023-05-01T00:00:00Z,BUSINESS NAME UNKNOWN/ BREAKING ROCKS AND MOVING SAND/ DUST ALL OVER BLOCK,DEPT. OF PUBLIC HEALTH,Resolved,2023-05-01T00:00:00Z,41.81597981856,-87.66521191758,POINT (-87.665211917584 41.815979818564)
601346045,Construction and Demolition,4937 N DAMEN AVE,4937,,N,DAMEN,AVE,417337,2023-04-29T00:00:00Z,The building under construction has tarps up and they construction works used bricks weigh down the tarps but now the bricks are just swinging in the wind and continuously hitting the my building creating a lot of noise.,DEPT. OF PUBLIC HEALTH,Alleged violation not found,2023-05-01T00:00:00Z,41.97168636455,-87.67912716808,POINT (-87.679127168077 41.971686364553)
601335505,Air Pollution Work Order,1545 S STATE ST,1545,,S,STATE,ST,379542,2023-04-12T00:00:00Z,,DEPT. OF PUBLIC HEALTH,Resolved,2023-04-13T00:00:00Z,41.86059980853,-87.62711945578,POINT (-87.627119455778 41.860599808534)
601463724,Illegal Dumping Work Order,2231 N KEYSTONE AVE,2231,,N,KEYSTONE,AVE,3308,2023-10-27T00:00:00Z,"THE CALLER STATED THAT INDIVIDUALS ARE WORKING ON VEHICLES AT THE&nbsp; INCIDENT LOCATION, WHICH HAS CAUSED VARIOUS UNKNOWN OILS TO RELEASE&nbsp; ONTO THE PAVEMENT. THE AMOUNT OF MATERIAL THAT RELEASED IS UNKNOWN&nbsp; TO THE CALLER",DEPT. OF PUBLIC HEALTH,Alleged violation not found,2023-11-02T00:00:00Z,41.92175582875,-87.72776378309,POINT (-87.727763783089 41.921755828751)
601472473,Air Pollution Work Order,5001 W MONTROSE AVE,5001,,W,MONTROSE,AVE,417337,2023-11-19T00:00:00Z,,DEPT. OF PUBLIC HEALTH,Alleged violation not found,2023-11-20T00:00:00Z,41.96054476679,-87.75251226983,POINT (-87.752512269829 41.960544766794)
601453870,Air Pollution Work Order,215 N DAMEN AVE,215,,N,DAMEN,AVE,417337,2023-10-13T00:00:00Z,EZ Masonry Inc/(773)875-7173/pbrady1605@yahoo.com DOB permit 100970046,DEPT. OF PUBLIC HEALTH,Complaint Valid,2023-10-13T00:00:00Z,41.88553351231,-87.67660981048,POINT (-87.676609810483 41.88553351231)
601428131,Air Pollution Work Order,3753 N SOUTHPORT AVE,3753,,N,SOUTHPORT,AVE,249349,2023-09-01T00:00:00Z,TERRIBLE ODOR OF FECES IN THIS ALLEY,DEPT. OF PUBLIC HEALTH,Complaint Valid,2023-09-05T00:00:00Z,41.95040380318,-87.66396266022,POINT (-87.663962660218 41.950403803177)
601332710,Construction and Demolition,5305 W CUYLER AVE,5305,,W,CUYLER,AVE,3308,2023-04-07T00:00:00Z,,DEPT. OF PUBLIC HEALTH,Alleged violation not found,2023-04-10T00:00:00Z,41.95406874573,-87.75991590946,POINT (-87.759915909458 41.954068745732)
601364068,Air Pollution Work Order,855 W ADAMS ST,855,,W,ADAMS,ST,249349,2023-05-24T00:00:00Z,,DEPT. OF PUBLIC HEALTH,Alleged violation not found,2023-05-25T00:00:00Z,41.87907153451,-87.64947582421,POINT (-87.649475824213 41.879071534509)
601344953,Air Pollution Work Order,1806 N LINCOLN AVE,1806,,N,LINCOLN,AVE,417337,2023-04-27T00:00:00Z,,DEPT. OF PUBLIC HEALTH,Complaint Valid,2023-04-28T00:00:00Z,41.91534918255,-87.63475971844,POINT (-87.634759718436 41.915349182548)
601338608,Air Pollution Work Order,5344 S ROCKWELL ST,5344,,S,ROCKWELL,ST,84397,2023-04-18T00:00:00Z,,DEPT. OF PUBLIC HEALTH,Resolved,2023-04-19T00:00:00Z,41.79608706572,-87.68913131093,POINT (-87.689131310927 41.796087065718)
601446547,Noise Complaint,4819 W LAWRENCE AVE,4819,,W,LAWRENCE,AVE,249349,2023-10-02T00:00:00Z,"When the city took over the lot the noise has gotten out of hand. Everyday, beeping beeping and more beeping. Note to mention the uptick end trucks, tractors and other machines. There is a constant DUST storm over the lot!",DEPT. OF PUBLIC HEALTH,Complaint Valid,2023-10-03T00:00:00Z,41.96790653227,-87.74866661598,POINT (-87.748666615978 41.967906532269)
601342231,Air Pollution Work Order,3705 N SOUTHPORT AVE,3705,,N,SOUTHPORT,AVE,249349,2023-04-25T00:00:00Z,"Coal Fire Pizza – 3705-07 N. Southport. The oven(s) are powered by coal (hence the name) and spewing coal/ash into the air, covering neighboring decks, windows, cars, etc. This has been an issue since the opened a few years ago. Gets better then rears is ugly head again. Previously the restaurant had installed an upgraded vent system which may or may not be effective",DEPT. OF PUBLIC HEALTH,Complaint Valid,2023-04-25T00:00:00Z,41.94909155554,-87.66392624359,POINT (-87.66392624359 41.949091555545)
601304584,Noise Complaint,2501 W LAWRENCE AVE,2501,,W,LAWRENCE,AVE,417325,2023-02-08T00:00:00Z,,DEPT. OF PUBLIC HEALTH,Alleged violation not found,2023-02-09T00:00:00Z,41.96848268957,-87.69140890581,POINT (-87.691408905808 41.968482689572)
601379882,Construction and Demolition,201 S ASHLAND AVE,201,,S,ASHLAND,AVE,3308,2023-06-20T00:00:00Z,,DEPT. OF PUBLIC HEALTH,Alleged violation not found,2023-06-20T00:00:00Z,41.87883604176,-87.66660252562,POINT (-87.666602525618 41.878836041756)
601415989,Air Pollution Work Order,2130 N BINGHAM ST,2130,,N,BINGHAM,ST,379542,2023-08-15T00:00:00Z,,DEPT. OF PUBLIC HEALTH,Resolved,2023-08-16T00:00:00Z,41.9192513468,-87.69332731469,POINT (-87.693327314692 41.919251346802)
601451416,Noise Complaint,803 S WELLS ST,803,,S,WELLS,ST,129151,2023-10-09T00:00:00Z,,DEPT. OF PUBLIC HEALTH,Resolved,2023-10-11T00:00:00Z,41.87205230655,-87.63342371186,POINT (-87.633423711857 41.872052306554)
601434127,Toxics Hazardous Materials Work Order,5100 S MERRIMAC AVE,5100,,S,MERRIMAC,AVE,84397,2023-09-13T00:00:00Z,"complainant believes gas was sprayed on the ground around the mobile trailers that are used as an office. schneider uses a contractor to come out and spray weeds/pests around the trailers. the spray did not smell like sulfur, which is most insecticides smell like. it smelled like diesel fuel. it made complainant and others lightheaded and sick to the stomach. complainant and colleagues were not notified regarding spraying that day so they could not prepare for it",DEPT. OF PUBLIC HEALTH,Resolved,2023-09-14T00:00:00Z,41.79964015309,-87.77852075323,POINT (-87.778520753232 41.799640153093)
601429897,Air Pollution Work Order,4528 W DIVISION ST,4528,,W,DIVISION,ST,417337,2023-09-06T00:00:00Z,,DEPT. OF PUBLIC HEALTH,Alleged violation unfounded,2023-09-07T00:00:00Z,41.90256188255,-87.73974855122,POINT (-87.739748551217 41.902561882549)
601472627,Noise Complaint,1320 W FULLERTON AVE,1320,,W,FULLERTON,AVE,417325,2023-11-19T00:00:00Z,They have persistently violated the city’s noise ordinance and about 60 days ago were told by Justin (inspector) they had 30 days to fix or they’d be cited. This is after numerous prior assurances given to Justin that they will fix the problem.,DEPT. OF PUBLIC HEALTH,Complaint Valid,2023-11-21T00:00:00Z,41.9253573581,-87.66138854382,POINT (-87.661388543818 41.925357358101)
601434094,Air Pollution Work Order,1642 E 56TH ST,1642,,E,56TH,ST,10937,2023-09-12T00:00:00Z,,DEPT. OF PUBLIC HEALTH,Alleged violation not found,2023-09-14T00:00:00Z,41.7935140762,-87.58494662002,POINT (-87.584946620018 41.793514076195)
601323929,Air Pollution Work Order,4916 N CLARK ST,4916,,N,CLARK,ST,249349,2023-03-23T00:00:00Z,"CHEMICAL SMELLS IN THE ALLEY, NORTH OF AINSLIE. COMMERCIAL BLDGS IN THE AREA&nbsp;",DEPT. OF PUBLIC HEALTH,Alleged violation not found,2023-03-24T00:00:00Z,41.97219705604,-87.66802016686,POINT (-87.668020166863 41.972197056038)
601366026,Noise Complaint,1641 N ORCHARD ST,1641,,N,ORCHARD,ST,417325,2023-05-31T00:00:00Z,,DEPT. OF PUBLIC HEALTH,Resolved,2023-05-31T00:00:00Z,41.91219347732,-87.64574463251,POINT (-87.645744632514 41.912193477322)
601441370,Water Pollution,6534 N ALBANY AVE,6534,,N,ALBANY,AVE,379542,2023-09-22T00:00:00Z,Oil and other car fluids,DEPT. OF PUBLIC HEALTH,Resolved,2023-09-25T00:00:00Z,42.00029185973,-87.70719096002,POINT (-87.707190960025 42.000291859733)
601346574,Air Pollution Work Order,4300 W OGDEN AVE,4300,,W,OGDEN,AVE,417337,2023-05-01T00:00:00Z,"an excessive amount of dust from sandblasting indoors, to the point where neighbors thought the building was on fire and CFD shut down the street this weekend. Today they were again sandblasting and dust was being carried away by the wind out the large cargo door near the alley side of the building.&nbsp;",DEPT. OF PUBLIC HEALTH,Complaint Valid,2023-05-02T00:00:00Z,41.84889828069,-87.731290826,POINT (-87.731290826002 41.848898280685)
601463021,Air Pollution Work Order,3823 S HALSTED ST,3823,,S,HALSTED,ST,249349,2023-10-31T00:00:00Z,The businesses bi-product smells like burnt cannabis. The smell enters my home and makes myself and my wife ill. The business constantly runs the ventilation system even after the business is closed and on weekends.,DEPT. OF PUBLIC HEALTH,Alleged violation not found,2023-11-01T00:00:00Z,41.82455722208,-87.6458152846,POINT (-87.645815284595 41.824557222083)
601420551,Construction and Demolition,1426 E 65TH PL,1426,,E,65TH,PL,84397,2023-08-22T00:00:00Z,,DEPT. OF PUBLIC HEALTH,Resolved,2023-08-23T00:00:00Z,41.7761584309,-87.58995262721,POINT (-87.589952627211 41.776158430896)
601477792,Construction and Demolition,5819 S NEWCASTLE AVE,5819,,S,NEWCASTLE,AVE,8386,2023-12-02T00:00:00Z,: Contractor left debris and mud in alley,DEPT. OF PUBLIC HEALTH,Complaint Valid,2023-12-04T00:00:00Z,41.78606655648,-87.79242672929,POINT (-87.792426729294 41.786066556476)
601440756,Air Pollution Work Order,7701 S WINCHESTER AVE,7701,,S,WINCHESTER,AVE,13776,2023-09-21T00:00:00Z,,DEPT. OF PUBLIC HEALTH,Alleged violation unfounded,2023-09-22T00:00:00Z,41.7538015316,-87.67187515568,POINT (-87.671875155682 41.753801531601)
601477810,Construction and Demolition,4818 W NORTH AVE,4818,,W,NORTH,AVE,84397,2023-12-02T00:00:00Z,"&nbsp;1500 saturday 12/2, throwing bricks from scaffold into dumpster",DEPT. OF PUBLIC HEALTH,Resolved,2023-12-04T00:00:00Z,41.90972628639,-87.74683744125,POINT (-87.746837441247 41.909726286389)
601469259,Illegal Dumping Work Order,1644 W WALNUT ST,1644,,W,WALNUT,ST,84397,2023-11-13T00:00:00Z,TEMPORARY MIGRANT SHELTER/ SOMEONE IS DUMPING AMONIA FILLED BUCKETS INTO THE ALLEY,DEPT. OF PUBLIC HEALTH,Resolved,2023-11-13T00:00:00Z,41.88623640714,-87.66874272744,POINT (-87.668742727438 41.886236407137)
601439682,Construction and Demolition,7811 S MUSKEGON AVE,7811,,S,MUSKEGON,AVE,8386,2023-09-22T00:00:00Z,"Foul smell coming from property, building is unsafe and falling apart.",DEPT. OF PUBLIC HEALTH,Refer to other Depts,2023-09-22T00:00:00Z,41.75331774005,-87.55538685109,POINT (-87.555386851094 41.753317740051)
601382222,Construction and Demolition,5451 N BERNARD ST,5451,,N,BERNARD,ST,3308,2023-06-21T00:00:00Z,&nbsp;Construction company left debris behind after completing sidewalk work,DEPT. OF PUBLIC HEALTH,Resolved,2023-06-21T00:00:00Z,41.98085968716,-87.71474338701,POINT (-87.714743387015 41.980859687159)
601403854,Construction and Demolition,6744 S LAFAYETTE AVE,6744,,S,LAFAYETTE,AVE,84397,2023-07-26T00:00:00Z,construction site tore down a building and did not spray water on the site,DEPT. OF PUBLIC HEALTH,Resolved,2023-07-27T00:00:00Z,41.77139106947,-87.62687731477,POINT (-87.626877314774 41.77139106947)
601483315,Construction and Demolition,3628 N LINCOLN AVE,3628,,N,LINCOLN,AVE,379542,2023-12-15T00:00:00Z,"They are doing construction, it looks like on the roof. However, the sidewalk is only partially covered by scaffolding, andthere is a ton of debris falling off the roof onto the unprotected sidewalk.",DEPT. OF PUBLIC HEALTH,Resolved,2023-12-15T00:00:00Z,41.9477884648,-87.67449180352,POINT (-87.67449180352 41.947788464804)
601469331,Noise Complaint,5205 S CHRISTIANA AVE,5205,,S,CHRISTIANA,AVE,13776,2023-11-09T00:00:00Z,,DEPT. OF PUBLIC HEALTH,Resolved,2023-11-13T00:00:00Z,41.79874136771,-87.70723511956,POINT (-87.707235119563 41.798741367713)
601335544,Construction and Demolition,1019 N WASHTENAW AVE,1019,,N,WASHTENAW,AVE,425726,2023-04-12T00:00:00Z,"There have been NUMEROUS violations that this construction site since they began work. Just today, they have diesel trucks idling for over an hour! They have often began work at 6am, litter the street, and routinely close surrounding st against thelaw",DEPT. OF PUBLIC HEALTH,Resolved,2023-04-13T00:00:00Z,41.89996915787,-87.6941958535,POINT (-87.694195853504 41.899969157869)
601479172,Air Pollution Work Order,1813 W 19TH ST,1813,,W,19TH,ST,84397,2023-12-05T00:00:00Z,,DEPT. OF PUBLIC HEALTH,Resolved,2023-12-06T00:00:00Z,41.85578327518,-87.67162352489,POINT (-87.67162352489 41.855783275181)
601472619,Air Pollution Work Order,1407 W ERIE ST,1407,,W,ERIE,ST,417337,2023-11-18T00:00:00Z,"In the garage, some sort of activity is happening with cars at all hours. It’s very loud and dusty and smells very strongly",DEPT. OF PUBLIC HEALTH,Alleged violation not found,2023-11-20T00:00:00Z,41.89330166581,-87.6626512363,POINT (-87.662651236296 41.893301665812)
601480206,Noise Complaint,2035 N NARRAGANSETT AVE,2035,,N,NARRAGANSETT,AVE,129151,2023-12-08T00:00:00Z,: SR23-02108603 COMPLETED BUT CALLER STATE NOSIE IS STILL HAPPENING,DEPT. OF PUBLIC HEALTH,Resolved,2023-12-08T00:00:00Z,41.91755854787,-87.78511142551,POINT (-87.785111425513 41.917558547867)
601466068,Construction and Demolition,5834 N WEST CIRCLE AVE,5834,,N,WEST CIRCLE,AVE,3308,2023-11-05T00:00:00Z,,DEPT. OF PUBLIC HEALTH,Alleged violation not found,2023-11-06T00:00:00Z,41.9874750618,-87.80588857033,POINT (-87.80588857033 41.987475061801)
601353267,Air Pollution Work Order,1800 N CAMPBELL AVE,1800,,N,CAMPBELL,AVE,417337,2023-05-10T00:00:00Z,The facility leaves it’s doors open during warmer weather and a strong chemical and paint-like smell goes out into the neighborhood&nbsp;,DEPT. OF PUBLIC HEALTH,Resolved,2023-05-10T00:00:00Z,41.91401328516,-87.68990530626,POINT (-87.689905306264 41.914013285157)
601364115,Air Pollution Work Order,6701 S EBERHART AVE,6701,,S,EBERHART,AVE,426086,2023-05-24T00:00:00Z,,DEPT. OF PUBLIC HEALTH,Complaint Valid,2023-05-25T00:00:00Z,41.77292703142,-87.61289175428,POINT (-87.612891754277 41.772927031418)
601477744,Asbestos Work Order,4147 N WESTERN AVE,4147,,N,WESTERN,AVE,379542,2023-12-04T00:00:00Z,,DEPT. OF PUBLIC HEALTH,Resolved,2023-12-04T00:00:00Z,41.95727357704,-87.68841504394,POINT (-87.688415043941 41.957273577035)
601434068,Air Pollution Work Order,3540 S SEELEY AVE,3540,,S,SEELEY,AVE,417337,2023-09-13T00:00:00Z,It smells like toxic fumes outside and all around Mckinley Park at 6:15am. I cannot breath outside it is the worst I have ever smelled it and I am scared,DEPT. OF PUBLIC HEALTH,Alleged violation not found,2023-09-15T00:00:00Z,41.82915220307,-87.67661805974,POINT (-87.676618059744 41.829152203069)
601460685,Construction and Demolition,7154 S EMERALD AVE,7154,,S,EMERALD,AVE,8386,2023-10-25T00:00:00Z,: Caller states they are throwing construction debris off of the 3rd floor back porch and there is dust and debris,DEPT. OF PUBLIC HEALTH,Alleged violation not found,2023-10-26T00:00:00Z,41.76360744917,-87.64313536037,POINT (-87.643135360368 41.763607449168)
601471006,Air Pollution Work Order,7100 S SOUTH SHORE DR,7100,,S,SOUTH SHORE,DR,249349,2023-11-15T00:00:00Z,,DEPT. OF PUBLIC HEALTH,Alleged violation not found,2023-11-16T00:00:00Z,41.76619520231,-87.56290818204,POINT (-87.562908182042 41.76619520231)
601427030,Air Pollution Work Order,4821 W HIRSCH ST,4821,,W,HIRSCH,ST,84397,2023-08-31T00:00:00Z,,DEPT. OF PUBLIC HEALTH,Resolved,2023-09-01T00:00:00Z,41.90587016047,-87.74692170222,POINT (-87.746921702221 41.905870160471)
601356426,Construction and Demolition,5348 S AVERS AVE,5348,,S,AVERS,AVE,84397,2023-05-15T00:00:00Z,: House full gut for remodeling. Dumpster located in front. It is overfilled and debris is falling out,DEPT. OF PUBLIC HEALTH,Refer to StreetsSanitation,2023-05-16T00:00:00Z,41.79547800941,-87.71969305344,POINT (-87.719693053444 41.795478009412)
601431590,Noise Complaint,49 W DIVISION ST,49,,W,DIVISION,ST,129151,2023-09-06T00:00:00Z,,DEPT. OF PUBLIC HEALTH,Resolved,2023-09-11T00:00:00Z,41.9038074379,-87.63049359167,POINT (-87.630493591667 41.903807437898)
601445621,Air Pollution Work Order,2501 S RIDGEWAY AVE,2501,,S,RIDGEWAY,AVE,249349,2023-09-29T00:00:00Z,,DEPT. OF PUBLIC HEALTH,Alleged violation not found,2023-10-02T00:00:00Z,41.84609433197,-87.71835401706,POINT (-87.718354017056 41.846094331966)
601392055,Air Pollution Work Order,4852 W HURON ST,4852,,W,HURON,ST,84397,2023-07-08T00:00:00Z,PEOPLE ARE BURNING WOOD IN THE BACKYARD ONGOING OCCURS,DEPT. OF PUBLIC HEALTH,Resolved,2023-07-10T00:00:00Z,41.89325295523,-87.74784442694,POINT (-87.747844426939 41.893252955226)
601392060,Water Pollution,6132 S CENTRAL AVE,6132,,S,CENTRAL,AVE,13776,2023-07-08T00:00:00Z,are-Puerto auto repair 6132 S Central,DEPT. OF PUBLIC HEALTH,Alleged violation not found,2023-07-10T00:00:00Z,41.78071450925,-87.7619763116,POINT (-87.761976311604 41.780714509254)
601397343,Air Pollution Work Order,2450 N ST LOUIS AVE,2450,,N,ST LOUIS,AVE,3308,2023-07-17T00:00:00Z,quemical smell like opium burning odor coming from the 2nd floor,DEPT. OF PUBLIC HEALTH,Alleged violation not found,2023-07-18T00:00:00Z,41.92612674913,-87.71473582739,POINT (-87.714735827394 41.926126749126)
601401125,Noise Complaint,2211 N MILWAUKEE AVE,2211,,N,MILWAUKEE,AVE,129151,2023-07-23T00:00:00Z,A screeching noise has been coming from the roof of L Logan Square apartments (I think? Though it could maybe be coming from Chase next door.) Last summer it was intermittent. This summer it is continuous.&nbsp;,DEPT. OF PUBLIC HEALTH,Resolved,2023-07-24T00:00:00Z,41.92107615756,-87.69413785909,POINT (-87.694137859093 41.921076157561)
601464841,Air Pollution Work Order,1858 N WESTERN AVE,1858,,N,WESTERN,AVE,10937,2023-11-02T00:00:00Z,,DEPT. OF PUBLIC HEALTH,Alleged violation founded,2023-11-03T00:00:00Z,41.91571325373,-87.68750931993,POINT (-87.687509319932 41.915713253732)
601451501,Air Pollution Work Order,3000 W LAWRENCE AVE,3000,,W,LAWRENCE,AVE,3308,2023-10-10T00:00:00Z,Neighbor is stating that their construction debris that needs to be removed from the front of 3000 W Lawrence.&nbsp;,DEPT. OF PUBLIC HEALTH,Complaint Valid,2023-10-11T00:00:00Z,41.96860369235,-87.70366658556,POINT (-87.70366658556 41.968603692347)
601394372,Noise Complaint,5625 N RIDGE AVE,5625,,N,RIDGE,AVE,417325,2023-07-12T00:00:00Z,The alarm keeps going off and it is driving neighbors crazy. CGH,DEPT. OF PUBLIC HEALTH,Resolved,2023-07-12T00:00:00Z,41.98425875359,-87.66086971906,POINT (-87.660869719061 41.98425875359)
601441375,Noise Complaint,4652 N SHERIDAN RD,4652,,N,SHERIDAN,RD,417325,2023-09-25T00:00:00Z,"Dos Bros is using equipment that is incredibly loud, shakes my floors, walls, and has made wall mounted furniture fall from the wall. Please help",DEPT. OF PUBLIC HEALTH,Alleged violation not found,2023-09-26T00:00:00Z,41.96703976288,-87.65494521476,POINT (-87.65494521476 41.967039762881)
601324778,Vehicle Idling Work Order,6208 N BROADWAY,6208,,N,BROADWAY,,249349,2023-03-27T00:00:00Z,Caller reports that she is on the 4th fl of a neighboring business and did not catch vehicle's plate numbers and does not know the name of the business that truck is delivering to.,DEPT. OF PUBLIC HEALTH,Alleged violation not found,2023-03-27T00:00:00Z,41.99485982223,-87.66056195468,POINT (-87.660561954679 41.994859822235)
601415552,Air Pollution Work Order,1040 N ELSTON AVE,1040,,N,ELSTON,AVE,425726,2023-08-14T00:00:00Z,,DEPT. OF PUBLIC HEALTH,Resolved,2023-08-16T00:00:00Z,41.90104900847,-87.6568295744,POINT (-87.656829574403 41.901049008467)
601295641,Construction and Demolition,1726 W CATALPA AVE,1726,,W,CATALPA,AVE,84397,2023-01-17T00:00:00Z,,DEPT. OF PUBLIC HEALTH,Refer to Building Dept,2023-01-17T00:00:00Z,41.98170265646,-87.6733163635,POINT (-87.6733163635 41.98170265646)
601442214,Air Pollution Work Order,8553 S BISHOP ST,8553,,S,BISHOP,ST,10937,2023-09-25T00:00:00Z,,DEPT. OF PUBLIC HEALTH,Complaint Valid,2023-09-26T00:00:00Z,41.73792869852,-87.65932559524,POINT (-87.659325595236 41.737928698523)
601297253,Noise Complaint,1121 N STATE ST,1121,,N,STATE,ST,417325,2023-01-19T00:00:00Z,": Constant beeping noise 24/7 coming from the direction of State St, per condo building maintenance staff",DEPT. OF PUBLIC HEALTH,Resolved,2023-01-20T00:00:00Z,41.90244228708,-87.62819416454,POINT (-87.628194164538 41.902442287075)
601424170,Construction and Demolition,4520 N SAWYER AVE,4520,,N,SAWYER,AVE,8386,2023-08-28T00:00:00Z,,DEPT. OF PUBLIC HEALTH,Alleged violation not found,2023-08-29T00:00:00Z,41.9636455461,-87.70969343383,POINT (-87.709693433827 41.963645546097)
601333994,Construction and Demolition,2741 W MONTROSE AVE,2741,,W,MONTROSE,AVE,3308,2023-04-10T00:00:00Z,"The sidewalk that loops around Horner Park was recently renovated. Since the construction ended, both sides of the sidewalk are covered with broken glass. My dog has already cut his paws twice. There is broken glass all over this park now.",DEPT. OF PUBLIC HEALTH,Alleged violation not found,2023-04-11T00:00:00Z,41.9611440994,-87.69770153222,POINT (-87.697701532223 41.9611440994)
601390593,Noise Complaint,1160 N LARRABEE ST,1160,,N,LARRABEE,ST,129151,2023-07-05T00:00:00Z,,DEPT. OF PUBLIC HEALTH,Resolved,2023-07-07T00:00:00Z,41.90324165312,-87.64335213929,POINT (-87.643352139294 41.903241653118)
601419666,Air Pollution Work Order,6901 S BELL AVE,6901,,S,BELL,AVE,10937,2023-08-21T00:00:00Z,,DEPT. OF PUBLIC HEALTH,Alleged violation founded,2023-08-22T00:00:00Z,41.76828622622,-87.67944196099,POINT (-87.679441960988 41.768286226221)
601335477,Air Pollution Work Order,4140 W FULLERTON AVE,4140,,W,FULLERTON,AVE,249349,2023-04-12T00:00:00Z,Caller states this is a bakery and it appears to have flour coming out the exhaust vent it is a white substance that is coming out the vent and going everywhere,DEPT. OF PUBLIC HEALTH,Complaint Valid,2023-04-13T00:00:00Z,41.92454620331,-87.73090220723,POINT (-87.730902207231 41.924546203312)
601451852,Toxics Hazardous Materials Work Order,2020 W PETERSON AVE,2020,,W,PETERSON,AVE,10937,2023-10-06T00:00:00Z,"chemical toxins are being stored improperly throughout the facility . (oil gas acids etc) most of them are stored inside the building&nbsp; where a floor drain discharges all spills and contaminants into water runoff from the building. chemicals/acids are not stored on containment pallets. no ppe is used for the proper handling of product chemicals. corrosive oils have been absorbed into the ground visibly contaminating the area around the foundation of the building on the alley side outside. there are two metal sheds outside the building that are used to store chemicals, paints, etc. sheds are exposed to heat. there is a continuous gas exhaust from the roof of the building. lint is visible throughout the area that has been exhausted from the roof",DEPT. OF PUBLIC HEALTH,Complaint Valid,2023-10-10T00:00:00Z,41.99077083888,-87.68070715826,POINT (-87.680707158264 41.990770838885)
601483644,Water Pollution,2800 N LEAVITT ST,2800,,N,LEAVITT,ST,84397,2023-12-18T00:00:00Z,Chicago River North Branch-approximately 2800 N on the east side of the riverabandoned dock that is starting to break away from the shoreIt looks like the factory is being redeveloped--there is a fence around the property and they did not take out the dock. They did remove a boat several months ago.&nbsp;,DEPT. OF PUBLIC HEALTH,Resolved,2023-12-19T00:00:00Z,41.9323058683,-87.68083544543,POINT (-87.680835445429 41.932305868298)
601364127,Air Pollution Work Order,1837 N DAYTON ST,1837,,N,DAYTON,ST,249349,2023-05-25T00:00:00Z,,DEPT. OF PUBLIC HEALTH,Alleged violation not found,2023-05-26T00:00:00Z,41.91486195098,-87.64946628718,POINT (-87.649466287178 41.914861950985)
601349026,Construction and Demolition,212 E 41ST ST,212,,E,41ST,ST,84397,2023-05-03T00:00:00Z,,DEPT. OF PUBLIC HEALTH,Resolved,2023-05-04T00:00:00Z,41.82028687785,-87.62088360649,POINT (-87.620883606487 41.820286877852)
601310959,Air Pollution Work Order,2246 W LELAND AVE,2246,,W,LELAND,AVE,249349,2023-02-24T00:00:00Z,,DEPT. OF PUBLIC HEALTH,Alleged violation not found,2023-02-27T00:00:00Z,41.96693122107,-87.68578302994,POINT (-87.68578302994 41.96693122107)
601379673,Water Pollution,6132 S CENTRAL AVE,6132,,S,CENTRAL,AVE,8386,2023-06-19T00:00:00Z,They’re dumping oil and antifreeze down the alley sewer,DEPT. OF PUBLIC HEALTH,Alleged violation not found,2023-06-21T00:00:00Z,41.78071450925,-87.7619763116,POINT (-87.761976311604 41.780714509254)
601413429,Air Pollution Work Order,7415 S EAST END AVE,7415,,S,EAST END,AVE,425726,2023-08-11T00:00:00Z,,DEPT. OF PUBLIC HEALTH,Resolved,2023-08-15T00:00:00Z,41.76016159438,-87.58337498058,POINT (-87.58337498058 41.76016159438)
601357260,Noise Complaint,501 W SURF ST,501,,W,SURF,ST,417325,2023-05-17T00:00:00Z,"I live one block east of 501 Surf. An air conditioner unit or some other unit on the rooftop of 501 makes loud noise 24/7. It happened all last summer (I wrote to my alderman, did not receive a response) and started again last week.",DEPT. OF PUBLIC HEALTH,Complaint Valid,2023-07-24T00:00:00Z,41.93419516579,-87.64140393809,POINT (-87.641403938087 41.934195165792)
601304602,Construction and Demolition,6154 S RICHMOND ST,6154,,S,RICHMOND,ST,84397,2023-02-09T00:00:00Z,,DEPT. OF PUBLIC HEALTH,Resolved,2023-02-10T00:00:00Z,41.78108476643,-87.6972525688,POINT (-87.697252568801 41.781084766427)
601424326,Noise Complaint,49 W DIVISION ST,49,,W,DIVISION,ST,417325,2023-08-28T00:00:00Z,NOISE IS GETTING LOUDER,DEPT. OF PUBLIC HEALTH,Alleged violation not found,2023-09-29T00:00:00Z,41.9038074379,-87.63049359167,POINT (-87.630493591667 41.903807437898)
601294199,Illegal Dumping Work Order,5514 S NEWLAND AVE,5514,,S,NEWLAND,AVE,425726,2023-01-11T00:00:00Z,Caller's house smells bad and house is getting drenched in oil and petroleum.,DEPT. OF PUBLIC HEALTH,Resolved,2023-01-12T00:00:00Z,41.79159075067,-87.79536557107,POINT (-87.795365571066 41.791590750672)
601413980,Noise Complaint,4619 N WESTERN AVE,4619,,N,WESTERN,AVE,417325,2023-08-11T00:00:00Z,,DEPT. OF PUBLIC HEALTH,Complaint Valid,2023-08-14T00:00:00Z,41.96549910944,-87.68866018713,POINT (-87.688660187133 41.965499109437)
601347972,Air Pollution Work Order,2818 N KEDZIE AVE,2818,,N,KEDZIE,AVE,249349,2023-05-02T00:00:00Z,,DEPT. OF PUBLIC HEALTH,Complaint Valid,2023-05-03T00:00:00Z,41.93263558591,-87.70759171034,POINT (-87.70759171034 41.932635585909)
601474627,Water Pollution,3000 W ARGYLE ST,3000,,W,ARGYLE,ST,379542,2023-11-25T00:00:00Z,": It’s within reach, but you will need a grabber. Looks like a heavy tank",DEPT. OF PUBLIC HEALTH,Resolved,2023-11-27T00:00:00Z,41.97223783729,-87.70367949489,POINT (-87.703679494891 41.972237837286)
601296250,Toxics Hazardous Materials Work Order,1420 N LAMON AVE,1420,,N,LAMON,AVE,10937,2023-01-18T00:00:00Z,TOXIC WATER WITH PHOSPHATE AND TIN AND OTHER QUEMICAL ARE BEING POURED THROUGH THE DRAIN SYSTEM-- CEILING IS ALSO CAVING IN&nbsp;,DEPT. OF PUBLIC HEALTH,Alleged violation not found,2023-01-18T00:00:00Z,41.90689531345,-87.74867201172,POINT (-87.748672011724 41.906895313446)
601403344,Noise Complaint,55 W CHESTNUT ST,55,,W,CHESTNUT,ST,417325,2023-07-25T00:00:00Z,apartment building at 55 W Chestnut has large exhaust fan in garage that is extremely loud all day long,DEPT. OF PUBLIC HEALTH,Resolved,2023-09-12T00:00:00Z,41.89786973684,-87.63038076252,POINT (-87.630380762521 41.897869736836)
601344201,Air Pollution Work Order,4054 S FEDERAL ST,4054,,S,FEDERAL,ST,10937,2023-04-26T00:00:00Z,,DEPT. OF PUBLIC HEALTH,Alleged violation not found,2023-04-27T00:00:00Z,41.82026170839,-87.62864463453,POINT (-87.628644634527 41.820261708386)
601314742,Air Pollution Work Order,4850 S LAKE PARK AVE,4850,,S,LAKE PARK,AVE,249349,2023-03-03T00:00:00Z,,DEPT. OF PUBLIC HEALTH,Refer to Building Dept,2023-03-08T00:00:00Z,41.80619554953,-87.58957828273,POINT (-87.589578282732 41.806195549526)
601422963,Construction and Demolition,5823 S NEWCASTLE AVE,5823,,S,NEWCASTLE,AVE,425726,2023-08-25T00:00:00Z,"Construction on building material all thrown in front grass area that spills out to sidewalk. There are sharp items such as iron, siding and wood. This has been like this ALL summer.",DEPT. OF PUBLIC HEALTH,Resolved,2023-08-29T00:00:00Z,41.78595277787,-87.79242253639,POINT (-87.792422536391 41.785952777865)
601457517,Air Pollution Work Order,2055 W PERSHING RD,2055,,W,PERSHING,RD,84397,2023-10-18T00:00:00Z,": Smells terrible - too strong to walk around park. Smells like asphlalt all the time in the mornings between 6-7am M, T and W are normally the strongest",DEPT. OF PUBLIC HEALTH,Resolved,2023-10-18T00:00:00Z,41.82297276573,-87.67702220738,POINT (-87.677022207376 41.822972765727)
601411924,Air Pollution Work Order,3819 S HONORE ST,3819,,S,HONORE,ST,425726,2023-08-08T00:00:00Z,"The smell from MAT asphalt is so strong this morning, it’s inside my house. They are located several blocks away at Damen and PershingThis is the second time in the last month. It’s just gross.&nbsp;",DEPT. OF PUBLIC HEALTH,Resolved,2023-08-10T00:00:00Z,41.82437366715,-87.67129953764,POINT (-87.671299537641 41.824373667153)
601390305,Construction and Demolition,3041 W LYNDALE ST,3041,,W,LYNDALE,ST,3308,2023-07-03T00:00:00Z,,DEPT. OF PUBLIC HEALTH,Alleged violation not found,2023-07-05T00:00:00Z,41.92225915176,-87.70382151612,POINT (-87.70382151612 41.922259151761)
601457516,Noise Complaint,2900 N LAKE SHORE DR,2900,,N,LAKE SHORE,DR,437489,2023-10-17T00:00:00Z,: I have reached out to my building. They have contacted the hospital. I have reached out to the alderman. I have spoken with someone from another hospital location. Nothing has been done and it’s been months later. It has impacted my work and life.,DEPT. OF PUBLIC HEALTH,Alleged violation not found,2023-10-19T00:00:00Z,41.93440298708,-87.63680583708,POINT (-87.636805837083 41.934402987078)
601462212,Construction and Demolition,600 W BELDEN AVE,600,,W,BELDEN,AVE,379542,2023-10-28T00:00:00Z,,DEPT. OF PUBLIC HEALTH,Resolved,2023-10-30T00:00:00Z,41.92381264017,-87.64396991556,POINT (-87.643969915559 41.923812640175)
601447762,Air Pollution Work Order,4353 W OGDEN AVE,4353,,W,OGDEN,AVE,84397,2023-10-03T00:00:00Z,Dust emitting from lots with truck traffic,DEPT. OF PUBLIC HEALTH,Resolved,2023-10-04T00:00:00Z,41.8480037837,-87.73311217041,POINT (-87.733112170409 41.848003783704)
601390568,Air Pollution Work Order,11600 S BURLEY AVE,11600,,S,BURLEY,AVE,417337,2023-05-31T00:00:00Z,,DEPT. OF PUBLIC HEALTH,Alleged violation not found,2023-06-01T00:00:00Z,41.68355440911,-87.54521873676,POINT (-87.545218736757 41.683554409107)
601306026,Air Pollution Work Order,3851 W SCHUBERT AVE,3851,,W,SCHUBERT,AVE,249349,2023-02-14T00:00:00Z,,DEPT. OF PUBLIC HEALTH,Refer to Building Dept,2023-02-15T00:00:00Z,41.92992526469,-87.72410742501,POINT (-87.724107425014 41.929925264688)
601436276,Construction and Demolition,5005 N ROCKWELL ST,5005,,N,ROCKWELL,ST,417337,2023-09-15T00:00:00Z,CITY OF CHICAGO. DUST MAKING RESIDENT NAUSEOUS&nbsp;,DEPT. OF PUBLIC HEALTH,Alleged violation unfounded,2023-09-18T00:00:00Z,41.9720366863,-87.69377207211,POINT (-87.693772072109 41.972036686305)
601364117,Air Pollution Work Order,10503 S HOXIE AVE,10503,,S,HOXIE,AVE,13776,2023-05-24T00:00:00Z,,DEPT. OF PUBLIC HEALTH,Alleged violation not found,2023-05-26T00:00:00Z,41.70444176209,-87.56068659559,POINT (-87.560686595586 41.70444176209)
601292871,Illegal Dumping Work Order,6439 N BELL AVE,6439,,N,BELL,AVE,3308,2023-01-06T00:00:00Z,,DEPT. OF PUBLIC HEALTH,Complaint Valid,2023-01-09T00:00:00Z,41.99895526886,-87.68611290488,POINT (-87.686112904881 41.998955268858)
601469332,Air Pollution Work Order,5205 S CHRISTIANA AVE,5205,,S,CHRISTIANA,AVE,13776,2023-11-10T00:00:00Z,Automotive bodyshop,DEPT. OF PUBLIC HEALTH,Resolved,2023-11-13T00:00:00Z,41.79874136771,-87.70723511956,POINT (-87.707235119563 41.798741367713)
601411977,Noise Complaint,706 W DIVERSEY PKWY,706,,W,DIVERSEY,PKWY,3308,2023-08-08T00:00:00Z,"Truck idling for over 10 minutes arrived at around 9:40 am. No driver present, just passenger. I have video of the incident",DEPT. OF PUBLIC HEALTH,Alleged violation not found,2023-08-04T00:00:00Z,41.9328697615,-87.64694738162,POINT (-87.64694738162 41.932869761499)
601392635,Noise Complaint,928 W LAWRENCE AVE,928,,W,LAWRENCE,AVE,417325,2023-07-11T00:00:00Z,It is so loud behind the building.&nbsp;,DEPT. OF PUBLIC HEALTH,Alleged violation not found,2023-07-11T00:00:00Z,41.96921501158,-87.65362674459,POINT (-87.653626744588 41.969215011582)
601308161,Illegal Dumping Work Order,3450 S CALIFORNIA AVE,3450,,S,CALIFORNIA,AVE,187825,2023-02-18T00:00:00Z,,DEPT. OF PUBLIC HEALTH,Complaint Invalid,2023-02-21T00:00:00Z,41.8304028226,-87.69495246787,POINT (-87.694952467868 41.830402822602)
601353701,Air Pollution Work Order,11044 S AVENUE H,11044,,S,AVENUE H,,249349,2023-05-10T00:00:00Z,There is a strong chemical burn smell through the whole neighborhood. Not sure of the origin but it’s very strong. Started about 7 pm. In the East Side of Chicago 60617,DEPT. OF PUBLIC HEALTH,Alleged violation not found,2023-05-11T00:00:00Z,41.69413426352,-87.53301726393,POINT (-87.533017263925 41.694134263519)
601422958,Service Stations/Storage Tanks Work Order,3944 W IRVING PARK RD,3944,,W,IRVING PARK,RD,12770,2023-08-26T00:00:00Z,Diesel on pump 12 spilled out from the nozzle as soon as I removed it from the holster. Big slippery fuel spill in front of the pump.&nbsp;,DEPT. OF PUBLIC HEALTH,Resolved,2023-08-28T00:00:00Z,41.95376761828,-87.72693022722,POINT (-87.726930227222 41.953767618283)
601452276,Air Pollution Work Order,548 E 67TH ST,548,,E,67TH,ST,10937,2023-10-11T00:00:00Z,"The smoke chimney attached to the restaurant is emitting a strong odor and smoke that permeates throughout. When I filed a previous 311 complaint, I believe a filter got changed. Help, please.",DEPT. OF PUBLIC HEALTH,Alleged violation not found,2023-10-12T00:00:00Z,41.77315781193,-87.61111086125,POINT (-87.611110861253 41.773157811926)
601336292,Air Pollution Work Order,9959 S EXCHANGE AVE,9959,,S,EXCHANGE,AVE,10937,2023-04-13T00:00:00Z,,DEPT. OF PUBLIC HEALTH,Complaint Valid,2023-04-14T00:00:00Z,41.71371227651,-87.552186839,POINT (-87.552186839001 41.713712276513)
601410220,Air Pollution Work Order,5801 N SHERIDAN RD,5801,,N,SHERIDAN,RD,417337,2023-08-07T00:00:00Z,I can’t breathe and I just had an X-ray and have a 11mm nodule on my lung,DEPT. OF PUBLIC HEALTH,Refer to Building Dept,2023-08-07T00:00:00Z,41.98745235495,-87.65515884414,POINT (-87.655158844144 41.987452354954)
601425179,Construction and Demolition,4359 S ASHLAND AVE,4359,,S,ASHLAND,AVE,8386,2023-08-30T00:00:00Z,throwing construction out the window of a building into the dump truck and debris/glass is flying everywhere on peoplecars,DEPT. OF PUBLIC HEALTH,Alleged violation not found,2023-08-30T00:00:00Z,41.8143050011,-87.66496756217,POINT (-87.66496756217 41.814305001099)
601476543,Vehicle Idling Work Order,4353 W 55TH ST,4353,,W,55TH,ST,8386,2023-11-30T00:00:00Z,CALLER REPORTS THAT THIS IS THE 4TH COMPLAINT IN THE PLAST 5 DAYS THAT THIS INCIDENT HAS OCCURRED. IT HAS BEEN AN ONGOING ISSUE. CALLER'S HOME IS RIGHT NEXT TO THE DELIVERY AREA OF 7 ELEVEN AND THE DELIVERIES ARE WAKING HERUP AT NIGHT.&nbsp;,DEPT. OF PUBLIC HEALTH,Alleged violation not found,2023-11-30T00:00:00Z,41.79300802842,-87.73264551504,POINT (-87.732645515038 41.79300802842)
601375381,Air Pollution Work Order,3129 N LUNA AVE,3129,,N,LUNA,AVE,417337,2023-06-12T00:00:00Z,"Resident is concern of the smell, fire department was called they ""rulled out"" gas leak. they state that the smell is bad and causing them automatic headaches. they smell it more in the basement.",DEPT. OF PUBLIC HEALTH,Resolved,2023-06-13T00:00:00Z,41.93765359664,-87.76509332344,POINT (-87.76509332344 41.937653596636)
601332696,Air Pollution Work Order,6643 S MOZART ST,6643,,S,MOZART,ST,84397,2023-04-07T00:00:00Z,,DEPT. OF PUBLIC HEALTH,Resolved,2023-04-10T00:00:00Z,41.77235274441,-87.69429633818,POINT (-87.694296338183 41.772352744413)
601365052,Construction and Demolition,132 N MAYFIELD AVE,132,,N,MAYFIELD,AVE,3308,2023-05-29T00:00:00Z,,DEPT. OF PUBLIC HEALTH,Resolved,2023-05-30T00:00:00Z,41.88317147559,-87.77203719765,POINT (-87.772037197651 41.883171475587)
601379693,Construction and Demolition,3515 N ORIOLE AVE,3515,,N,ORIOLE,AVE,3308,2023-06-19T00:00:00Z,,DEPT. OF PUBLIC HEALTH,Alleged violation not found,2023-06-20T00:00:00Z,41.94377037453,-87.81658029535,POINT (-87.816580295352 41.943770374532)
601471012,Air Pollution Work Order,456 N OAKLEY BLVD,456,,N,OAKLEY,BLVD,379542,2023-11-15T00:00:00Z,,DEPT. OF PUBLIC HEALTH,Resolved,2023-11-17T00:00:00Z,41.8901916263,-87.68438100454,POINT (-87.684381004543 41.890191626304)
601396085,Air Pollution Work Order,4540 S TROY ST,4540,,S,TROY,ST,10937,2023-07-16T00:00:00Z,"I wish I can record the smell but unfortunately I cannot; however, you can see the flies that are traveling back and forth from the yards. I have been keeping my place clean",DEPT. OF PUBLIC HEALTH,Complaint Valid,2023-07-20T00:00:00Z,41.81055466942,-87.7029809128,POINT (-87.702980912799 41.810554669417)
601388465,Noise Complaint,3162 N CLARK ST,3162,,N,CLARK,ST,417325,2023-07-02T00:00:00Z,"&nbsp;I submitted a request about two weeks ago and this issue has not been resolved, please follow up ASAP",DEPT. OF PUBLIC HEALTH,Referred to another agency,2023-07-05T00:00:00Z,41.93930109601,-87.65032120245,POINT (-87.650321202446 41.939301096012)
601437964,Construction and Demolition,5050 N SHERIDAN RD,5050,,N,SHERIDAN,RD,417325,2023-09-19T00:00:00Z,&nbsp;new construction across from uptown regency apartments,DEPT. OF PUBLIC HEALTH,Resolved,2023-09-22T00:00:00Z,41.97484254453,-87.6551160793,POINT (-87.655116079299 41.97484254453)
601424279,Air Pollution Work Order,913 W SCHOOL ST,913,,W,SCHOOL,ST,417337,2023-08-28T00:00:00Z,: The CTA does not actively take care of the dust and odor pollution with water trucks. This is an ongoing problem.,DEPT. OF PUBLIC HEALTH,Alleged violation not found,2023-08-29T00:00:00Z,41.9416509277,-87.65272230773,POINT (-87.652722307726 41.941650927702)
601397242,Air Pollution Work Order,770 N LA SALLE DR,770,,N,LA SALLE,DR,417337,2023-07-18T00:00:00Z,The restaurant makes the area smoky.,DEPT. OF PUBLIC HEALTH,Alleged violation not found,2023-07-18T00:00:00Z,41.89656175017,-87.63285548263,POINT (-87.632855482633 41.896561750165)
601332693,Air Pollution Work Order,9500 S YATES AVE,9500,,S,YATES,AVE,249349,2023-04-09T00:00:00Z,caller says she smelling gas in the air on yates street,DEPT. OF PUBLIC HEALTH,Alleged violation not found,2023-04-10T00:00:00Z,41.72248368353,-87.56486135052,POINT (-87.564861350521 41.722483683531)
601306032,Air Pollution Work Order,901 W MADISON ST,901,,W,MADISON,ST,249349,2023-02-14T00:00:00Z,It smells in the front of the building like some kind of sewer smell. We've had kitchen lines rodded and that didn't seem to help.&nbsp;,DEPT. OF PUBLIC HEALTH,Alleged violation not found,2023-02-15T00:00:00Z,41.88162693657,-87.64975194168,POINT (-87.64975194168 41.881626936573)
601426352,Air Pollution Work Order,826 S CLAREMONT AVE,826,,S,CLAREMONT,AVE,129151,2023-08-31T00:00:00Z,,DEPT. OF PUBLIC HEALTH,Alleged violation unfounded,2023-08-31T00:00:00Z,41.87058592038,-87.68506791998,POINT (-87.685067919979 41.870585920383)
601305458,Noise Complaint,1821 S KARLOV AVE,1821,,S,KARLOV,AVE,417325,2023-02-10T00:00:00Z,,DEPT. OF PUBLIC HEALTH,Resolved,2023-02-14T00:00:00Z,41.85636118492,-87.72714265295,POINT (-87.727142652949 41.856361184917)
601392025,Air Pollution Work Order,416 N ADA ST,416,,N,ADA,ST,425726,2023-07-07T00:00:00Z,Og plumbing trucks are frequently left idling unattended under the bridge next to our house causing unwanted noise and pollution throughout the dayOg plumbing trucks frequently (daily) left idling under bridge which is causing unwanted pollution to blow into our home,DEPT. OF PUBLIC HEALTH,Resolved,2023-07-10T00:00:00Z,41.88944369597,-87.66100857276,POINT (-87.661008572757 41.889443695965)
601322802,Air Pollution Work Order,3823 S HALSTED ST,3823,,S,HALSTED,ST,10937,2023-03-22T00:00:00Z,Constant smell from process pork fat gel. My entire house stinks and I am getting headaches daily. Have contacted multiple city agencies including alderman and nothing is done. This is definitely a health concern and a property value concern,DEPT. OF PUBLIC HEALTH,Alleged violation not found,2023-03-23T00:00:00Z,41.82455722208,-87.6458152846,POINT (-87.645815284595 41.824557222083)
601473423,Noise Complaint,2115 N DAMEN AVE,2115,,N,DAMEN,AVE,437489,2023-11-21T00:00:00Z,"This is the third day in a row I have been woken up before 7 am to not only the noise, but my entire home shaking",DEPT. OF PUBLIC HEALTH,Resolved,2023-11-22T00:00:00Z,41.92018027429,-87.6775627505,POINT (-87.677562750496 41.920180274287)
601296257,Air Pollution Work Order,7300 S SOUTH SHORE DR,7300,,S,SOUTH SHORE,DR,13776,2023-01-17T00:00:00Z,,DEPT. OF PUBLIC HEALTH,Alleged violation not found,2023-01-18T00:00:00Z,41.7639095582,-87.56064149616,POINT (-87.560641496161 41.763909558203)
601298616,Illegal Dumping Work Order,3203 E 92ND ST,3203,,E,92ND,ST,13776,2023-01-25T00:00:00Z,"Auto salvage company is allegedly: 1) operating an unpermitted salvage yard; 2) operating substantially by squatting on City owned property and the public right of way; and 3) operating without any pollution controls. Complainant has photographs. This operation began on January 8, 2023. Cars are being dropped off day and night, including on the public street. The operation has caused damage to City owned property and the public right of way; also to the wall of the nearby building and to a publicly funded mural.",DEPT. OF PUBLIC HEALTH,Resolved,2023-01-25T00:00:00Z,41.72819022987,-87.54673610131,POINT (-87.546736101306 41.728190229873)
601358334,Noise Complaint,5305 S SAYRE AVE,5305,,S,SAYRE,AVE,417325,2023-05-17T00:00:00Z,,DEPT. OF PUBLIC HEALTH,Alleged violation not found,2023-05-18T00:00:00Z,41.79563395549,-87.79640464903,POINT (-87.79640464903 41.795633955488)
601310304,Air Pollution Work Order,3611 W 38TH ST,3611,,W,38TH,ST,10937,2023-02-24T00:00:00Z,,DEPT. OF PUBLIC HEALTH,Complaint Valid,2023-02-24T00:00:00Z,41.82408073228,-87.7146392556,POINT (-87.714639255597 41.824080732278)
601346042,Construction and Demolition,4111 N ASHLAND AVE,4111,,N,ASHLAND,AVE,425726,2023-04-29T00:00:00Z,WORK DONE BEFORE,DEPT. OF PUBLIC HEALTH,Resolved,2023-05-01T00:00:00Z,41.95650435482,-87.66896385636,POINT (-87.66896385636 41.956504354819)
601406826,Construction and Demolition,1325 W WEBSTER AVE,1325,,W,WEBSTER,AVE,425726,2023-08-01T00:00:00Z,,DEPT. OF PUBLIC HEALTH,Resolved,2023-08-01T00:00:00Z,41.92152157583,-87.66184830303,POINT (-87.661848303027 41.921521575828)
601293599,Noise Complaint,2505 S ST LOUIS AVE,2505,,S,ST LOUIS,AVE,129151,2023-01-10T00:00:00Z,The noise is coming from the use of heather whiteout proper ventilation sistem. Instead of throwing the vacuum air up to the roof is being throwing to the side of thelot amplifieing the noise to my bedroom window. Thanks,DEPT. OF PUBLIC HEALTH,Resolved,2023-01-11T00:00:00Z,41.8460390543,-87.71224968139,POINT (-87.712249681392 41.846039054304)
601306592,Construction and Demolition,6153 N BROADWAY,6153,,N,BROADWAY,,3308,2023-02-15T00:00:00Z,They are placing and keeping construction materials and trash in the area between the buildings. This is not their space. It is the only fire escape route for the residents as well as a delivery path for other businesses&nbsp;,DEPT. OF PUBLIC HEALTH,Alleged violation not found,2023-02-16T00:00:00Z,41.99385357489,-87.66023863564,POINT (-87.660238635638 41.993853574894)
601375987,Air Pollution Work Order,2900 W LYNDALE ST,2900,,W,LYNDALE,ST,417337,2023-06-13T00:00:00Z,,DEPT. OF PUBLIC HEALTH,Alleged violation not found,2023-06-13T00:00:00Z,41.9225128765,-87.70013953348,POINT (-87.700139533481 41.922512876499)
601431581,Construction and Demolition,4443 N ASHLAND AVE,4443,,N,ASHLAND,AVE,84397,2023-09-07T00:00:00Z,,DEPT. OF PUBLIC HEALTH,Resolved,2023-09-11T00:00:00Z,41.96287271403,-87.66914317004,POINT (-87.669143170043 41.962872714028)
601317739,Air Pollution Work Order,363 E WACKER DR,363,,E,WACKER,DR,417325,2023-03-13T00:00:00Z,testing on the generators at off hours and over the noise limit,DEPT. OF PUBLIC HEALTH,Alleged violation not found,2023-03-14T00:00:00Z,41.88746439665,-87.61786023107,POINT (-87.617860231068 41.887464396646)
601303241,Asbestos Work Order,2636 N WILTON AVE,2636,,N,WILTON,AVE,379542,2023-02-07T00:00:00Z,,DEPT. OF PUBLIC HEALTH,Resolved,2023-02-08T00:00:00Z,41.9301296096,-87.65270053189,POINT (-87.652700531891 41.930129609602)
601482342,Construction and Demolition,1919 W WABANSIA AVE,1919,,W,WABANSIA,AVE,379542,2023-12-12T00:00:00Z,construction company working at 1919 W Wabansia,DEPT. OF PUBLIC HEALTH,Resolved,2023-12-13T00:00:00Z,41.91222262726,-87.67588753746,POINT (-87.675887537458 41.912222627263)
601421387,Noise Complaint,2127 W CRYSTAL ST,2127,,W,CRYSTAL,ST,84397,2023-08-23T00:00:00Z,"There is a posted sign that they will not make noise before 8am but the last few mornings they have begun work at 7 and 7:30am. Not that much earlier, but it makes a difference.",DEPT. OF PUBLIC HEALTH,Resolved,2023-08-24T00:00:00Z,41.90395013181,-87.68083099484,POINT (-87.680830994836 41.903950131811)
601451031,Construction and Demolition,5959 S CARPENTER ST,5959,,S,CARPENTER,ST,13776,2023-10-09T00:00:00Z,,DEPT. OF PUBLIC HEALTH,Alleged violation not found,2023-10-10T00:00:00Z,41.78521100272,-87.65085665658,POINT (-87.650856656583 41.785211002721)
601333961,Air Pollution Work Order,4727 W MONTROSE AVE,4727,,W,MONTROSE,AVE,417337,2023-04-10T00:00:00Z,CALLER SAID A STRONG ODOR OF SPOILED MILK TO THE EXPY&nbsp;,DEPT. OF PUBLIC HEALTH,Alleged violation founded,2023-04-12T00:00:00Z,41.96062814619,-87.74624647022,POINT (-87.74624647022 41.960628146188)
601450923,Air Pollution Work Order,4320 W OGDEN AVE,4320,,W,OGDEN,AVE,249349,2023-10-06T00:00:00Z,SMOKING MEAT AT NIGHT TIME INSTEAD OF DURING THE DAY,DEPT. OF PUBLIC HEALTH,Complaint Valid,2023-10-10T00:00:00Z,41.84861125182,-87.73209549407,POINT (-87.73209549407 41.848611251821)
601365553,Air Pollution Work Order,5419 N CLARK ST,5419,,N,CLARK,ST,417337,2023-05-26T00:00:00Z,,DEPT. OF PUBLIC HEALTH,Alleged violation not found,2023-05-31T00:00:00Z,41.98035903557,-87.66817124314,POINT (-87.668171243138 41.980359035573)
601317048,Air Pollution Work Order,4927 N CLAREMONT AVE,4927,,N,CLAREMONT,AVE,249349,2023-03-10T00:00:00Z,,DEPT. OF PUBLIC HEALTH,Alleged violation not found,2023-03-13T00:00:00Z,41.9712736781,-87.68763610454,POINT (-87.687636104543 41.971273678098)
601449184,Water Pollution,5646 N CHRISTIANA AVE,5646,,N,CHRISTIANA,AVE,84397,2023-10-06T00:00:00Z,,DEPT. OF PUBLIC HEALTH,Refer to other Depts,2023-10-06T00:00:00Z,41.98440807054,-87.71272263663,POINT (-87.712722636629 41.984408070541)
601473960,Air Pollution Work Order,4955 S HALSTED ST,4955,,S,HALSTED,ST,249349,2023-11-22T00:00:00Z,,DEPT. OF PUBLIC HEALTH,Complaint Valid,2023-11-27T00:00:00Z,41.80357731632,-87.6452519589,POINT (-87.645251958898 41.803577316316)
601443496,Noise Complaint,5838 N SHERIDAN RD,5838,,N,SHERIDAN,RD,417325,2023-09-27T00:00:00Z,It was a banging/clinking noise. Primarily late in the evening and middle of the night. I can't tell exactly the location but my windows face south from 5855 and it was very loud from that side. Thank you.,DEPT. OF PUBLIC HEALTH,Resolved,2023-09-29T00:00:00Z,41.98846809034,-87.6554850125,POINT (-87.655485012499 41.988468090343)
601386361,Air Pollution Work Order,3730 W 63RD PL,3730,,W,63RD,PL,10937,2023-06-27T00:00:00Z,"caller is painting cars in the garage to his home, causing a strong odor to be in the area",DEPT. OF PUBLIC HEALTH,Complaint Valid,2023-06-28T00:00:00Z,41.77793875074,-87.71664541149,POINT (-87.71664541149 41.777938750739)
601447766,Service Stations/Storage Tanks Work Order,7130 N WESTERN AVE,7130,,N,WESTERN,AVE,12770,2023-10-03T00:00:00Z,,DEPT. OF PUBLIC HEALTH,Alleged violation not found,2023-10-04T00:00:00Z,42.01188344492,-87.69038813446,POINT (-87.690388134457 42.011883444922)
601485743,Air Pollution Work Order,6633 S MOZART ST,6633,,S,MOZART,ST,249349,2023-12-31T00:00:00Z,Dust|Garbage|Other|Smoke&nbsp;,DEPT. OF PUBLIC HEALTH,Complaint Valid,2024-01-02T00:00:00Z,41.77263507425,-87.69430357541,POINT (-87.694303575406 41.772635074255)
601441348,Construction and Demolition,2001 W CERMAK RD,2001,,W,CERMAK,RD,84397,2023-09-24T00:00:00Z,,DEPT. OF PUBLIC HEALTH,Resolved,2023-09-25T00:00:00Z,41.85206402135,-87.67595940128,POINT (-87.675959401283 41.852064021354)
601419388,Construction and Demolition,5345 N GLENWOOD AVE,5345,,N,GLENWOOD,AVE,417337,2023-08-19T00:00:00Z,,DEPT. OF PUBLIC HEALTH,Resolved,2023-08-21T00:00:00Z,41.97944418864,-87.66469062466,POINT (-87.664690624663 41.979444188643)
601356482,Air Pollution Work Order,3245 N WILTON AVE,3245,,N,WILTON,AVE,3308,2023-05-15T00:00:00Z,There are no water tanks on site and dust is taking over the area from all the trucks driving. This is across from 3245 Wilton.&nbsp;,DEPT. OF PUBLIC HEALTH,Alleged violation not found,2023-05-16T00:00:00Z,41.94127125742,-87.65278235872,POINT (-87.652782358722 41.941271257421)
601377214,Noise Complaint,740 W GRAND AVE,740,,W,GRAND,AVE,417325,2023-06-15T00:00:00Z,Loud pumping noise going into the late night hours by grand blue line stop on Halsted,DEPT. OF PUBLIC HEALTH,Alleged violation not found,2023-06-16T00:00:00Z,41.89129542089,-87.6475278747,POINT (-87.647527874697 41.891295420894)
601353268,Air Pollution Work Order,1443 S KOSTNER AVE,1443,,S,KOSTNER,AVE,249349,2023-05-09T00:00:00Z,,DEPT. OF PUBLIC HEALTH,Complaint Valid,2023-05-11T00:00:00Z,41.86110333343,-87.73466162638,POINT (-87.734661626385 41.861103333435)
601298580,Illegal Dumping Work Order,2000 N MANGO AVE,2000,,N,MANGO,AVE,3308,2023-01-24T00:00:00Z,alley location,DEPT. OF PUBLIC HEALTH,Complaint Valid,2023-01-25T00:00:00Z,41.91692635225,-87.76952778856,POINT (-87.76952778856 41.916926352249)
601415602,Air Pollution Work Order,3006 N ELSTON AVE,3006,,N,ELSTON,AVE,417337,2023-08-14T00:00:00Z,,DEPT. OF PUBLIC HEALTH,Resolved,2023-08-15T00:00:00Z,41.93585595928,-87.69339021417,POINT (-87.693390214169 41.935855959277)
601421899,Noise Complaint,4433 N ASHLAND AVE,4433,,N,ASHLAND,AVE,129151,2023-08-24T00:00:00Z,,DEPT. OF PUBLIC HEALTH,Resolved,2023-08-25T00:00:00Z,41.96258980227,-87.66913686748,POINT (-87.669136867481 41.962589802272)
601427981,Noise Complaint,2723 N CLARK ST,2723,,N,CLARK,ST,417325,2023-09-02T00:00:00Z,Roof AC screeching Andy grinding,DEPT. OF PUBLIC HEALTH,Alleged violation not found,2023-09-05T00:00:00Z,41.9320302275,-87.64451901068,POINT (-87.644519010683 41.9320302275)
601368948,Air Pollution Work Order,9050 S GREEN ST,9050,,S,GREEN,ST,10937,2023-06-01T00:00:00Z,"Multi-million company is allowed to pollute the air and the land in a residential African American community. Please help
us.&nbsp;",DEPT. OF PUBLIC HEALTH,Alleged violation founded,2023-06-02T00:00:00Z,41.72920193704,-87.64481372912,POINT (-87.644813729115 41.729201937035)
601477819,Air Pollution Work Order,5205 S CHRISTIANA AVE,5205,,S,CHRISTIANA,AVE,249349,2023-12-02T00:00:00Z,Very strong smell of chemicals are being used in the garage they are entering my home&nbsp;,DEPT. OF PUBLIC HEALTH,Refer to other Depts,2023-12-04T00:00:00Z,41.79874136771,-87.70723511956,POINT (-87.707235119563 41.798741367713)
601399834,Construction and Demolition,2015 W ADDISON ST,2015,,W,ADDISON,ST,84397,2023-07-20T00:00:00Z,&nbsp;It seems that construction and demolition is not consistent with the work allowed for by the permits&nbsp;,DEPT. OF PUBLIC HEALTH,Resolved,2023-07-21T00:00:00Z,41.94674505396,-87.67919879141,POINT (-87.679198791412 41.946745053962)
601395205,Noise Complaint,7058 S PARNELL AVE,7058,,S,PARNELL,AVE,84397,2023-07-13T00:00:00Z,caller is saying someone in the building is rehabbing a building throwing debris out of the window and making loud noise/ banging and grinding,DEPT. OF PUBLIC HEALTH,Resolved,2023-07-14T00:00:00Z,41.76537582544,-87.63849790035,POINT (-87.63849790035 41.765375825443)
601462102,Air Pollution Work Order,3912 W BYRON ST,3912,,W,BYRON,ST,417337,2023-10-28T00:00:00Z,,DEPT. OF PUBLIC HEALTH,Refer to Building Dept,2023-10-30T00:00:00Z,41.95197271406,-87.72557422677,POINT (-87.725574226771 41.95197271406)
601354069,Noise Complaint,3105 W FULLERTON AVE,3105,,W,FULLERTON,AVE,417325,2023-05-10T00:00:00Z,: left a generator on,DEPT. OF PUBLIC HEALTH,Alleged violation not found,2023-05-11T00:00:00Z,41.92463009936,-87.70490184608,POINT (-87.704901846077 41.924630099358)
601302228,Construction and Demolition,8733 S LAFLIN ST,8733,,S,LAFLIN,ST,84397,2023-02-05T00:00:00Z,: PER CALLER- THEY ARE REHABBING THE PROPERTY AT 8733 S LAFLIN AND THEY CONTINUE TO USE THEIR CITY GARBAGE CARTS TO EMPTY THEIR CONSTRUCTION DEBRIS. THEY DON'T HAVE ANY PERMITS. THEY ARE LEAVING THEIR WHEELBARROW ON HER PROPERTY. THEY HAVE DAMAGED HER PROPERTY AND NOW THERE IS WATER COMING FROM THE PROPERTY THEY ARE WORKING ON AND SHE IS AFRAID THE WATER WILL DAMAGE HER PROPERTY.,DEPT. OF PUBLIC HEALTH,Resolved,2023-02-06T00:00:00Z,41.7348028462,-87.66045967592,POINT (-87.660459675917 41.734802846201)
601331933,Noise Complaint,5101 N LEAVITT ST,5101,,N,LEAVITT,ST,417325,2023-04-06T00:00:00Z,Jorndt Field - Stadium for Amundsen High School. Exhaust from the hot water heater,DEPT. OF PUBLIC HEALTH,Alleged violation not found,2023-04-07T00:00:00Z,41.97457000707,-87.68409562455,POINT (-87.684095624547 41.974570007068)
601407213,Construction and Demolition,7818 S DR MARTIN LUTHER KING JR DR,7818,,S,DR MARTIN LUTHER KING JR,DR,13776,2023-08-02T00:00:00Z,,DEPT. OF PUBLIC HEALTH,Alleged violation unfounded,2023-08-02T00:00:00Z,41.75233715203,-87.61513022871,POINT (-87.615130228707 41.752337152031)
601387097,Construction and Demolition,3041 W LYNDALE ST,3041,,W,LYNDALE,ST,3308,2023-06-29T00:00:00Z,"Developer digging right next to neighbors lot, trespassed in neighbors yard and threatened neighbor to work with developer or else she would regret it.&nbsp;",DEPT. OF PUBLIC HEALTH,Alleged violation not found,2023-06-29T00:00:00Z,41.92225915176,-87.70382151612,POINT (-87.70382151612 41.922259151761)
601472543,Air Pollution Work Order,3823 S HALSTED ST,3823,,S,HALSTED,ST,10937,2023-11-18T00:00:00Z,,DEPT. OF PUBLIC HEALTH,Complaint Valid,2023-11-20T00:00:00Z,41.82455722208,-87.6458152846,POINT (-87.645815284595 41.824557222083)
601306029,Air Pollution Work Order,2700 S ELEANOR ST,2700,,S,ELEANOR,ST,249349,2023-02-14T00:00:00Z,,DEPT. OF PUBLIC HEALTH,Alleged violation not found,2023-02-15T00:00:00Z,41.84470775395,-87.66029110745,POINT (-87.660291107452 41.844707753952)
601484960,Air Pollution Work Order,1700 W GARFIELD BLVD,1700,,W,GARFIELD,BLVD,417337,2023-12-26T00:00:00Z,,DEPT. OF PUBLIC HEALTH,Complaint Valid,2023-12-28T00:00:00Z,41.79410468271,-87.66708032562,POINT (-87.667080325621 41.794104682709)
601383779,Air Pollution Work Order,4054 S FEDERAL ST,4054,,S,FEDERAL,ST,249349,2023-06-23T00:00:00Z,,DEPT. OF PUBLIC HEALTH,Alleged violation not found,2023-06-27T00:00:00Z,41.82026170839,-87.62864463453,POINT (-87.628644634527 41.820261708386)
601375382,Air Pollution Work Order,2918 W LYNDALE ST,2918,,W,LYNDALE,ST,417337,2023-06-12T00:00:00Z,,DEPT. OF PUBLIC HEALTH,Alleged violation not found,2023-06-13T00:00:00Z,41.92250762662,-87.70075555931,POINT (-87.700755559306 41.922507626618)
601374548,Asbestos Work Order,2216 N KIMBALL AVE,2216,,N,KIMBALL,AVE,425726,2023-06-09T00:00:00Z,HOME ASBESTOS IS IN THE BASEMENT&nbsp;,DEPT. OF PUBLIC HEALTH,Resolved,2023-06-12T00:00:00Z,41.9215178332,-87.71215575835,POINT (-87.712155758346 41.921517833202)
601352425,Noise Complaint,405 N DESPLAINES ST,405,,N,DESPLAINES,ST,129151,2023-05-08T00:00:00Z,Their fan runs alllll the time. It’s very loud. I know cities are loud but my balcony has become no longer enjoyable. Even the shared community deck has this constant hum from the fans? Blowers? Loud machine equipment,DEPT. OF PUBLIC HEALTH,Resolved,2023-05-10T00:00:00Z,41.88919761981,-87.64419109026,POINT (-87.644191090257 41.88919761981)
601457504,Air Pollution Work Order,2444 W 71ST ST,2444,,W,71ST,ST,249349,2023-10-20T00:00:00Z,PER CALLER- THERE ARE PEOPLE DOING AUTO BODY REPAIR ON VEHICLES IN THE REAR OF THE BUILDING. YOU CAN SEE THE VEHICLES FROM THE ALLEY. THEY ARE USING SPRAY PAINT.&nbsp;,DEPT. OF PUBLIC HEALTH,Complaint Valid,2023-10-20T00:00:00Z,41.76477901885,-87.68503835665,POINT (-87.685038356651 41.764779018846)
601299803,Noise Complaint,717 S WELLS ST,717,,S,WELLS,ST,417325,2023-01-27T00:00:00Z,: ONGOING ISSUE HAPPENING RIGHT NOW AT 3:11 PM - AT BLDG 717-725 S WELLS LOUD GENERATOR ON THE ROOF -,DEPT. OF PUBLIC HEALTH,Complaint Valid,2023-06-16T00:00:00Z,41.87296747272,-87.63344780864,POINT (-87.633447808641 41.872967472716)
601460701,Noise Complaint,6545 N AVONDALE AVE,6545,,N,AVONDALE,AVE,417325,2023-10-25T00:00:00Z,NEAR RAILROAD TRACKS PER THE CALLER/ OR THE ALLEY CALLER IS UNCERTAIN,DEPT. OF PUBLIC HEALTH,Resolved,2024-02-07T00:00:00Z,41.99951569343,-87.81438045869,POINT (-87.814380458692 41.999515693432)
601413918,Noise Complaint,701 W DIVERSEY PKWY,701,,W,DIVERSEY,PKWY,3308,2023-08-11T00:00:00Z,,DEPT. OF PUBLIC HEALTH,Alleged violation not found,2023-08-14T00:00:00Z,41.93265500408,-87.6467146385,POINT (-87.646714638498 41.932655004077)
601349027,Air Pollution Work Order,200 E DELAWARE PL,200,,E,DELAWARE,PL,417337,2023-05-03T00:00:00Z,,DEPT. OF PUBLIC HEALTH,Alleged violation unfounded,2023-05-04T00:00:00Z,41.89935473944,-87.62179130193,POINT (-87.621791301926 41.899354739444)
601317760,Air Pollution Work Order,4843 W DIVISION ST,4843,,W,DIVISION,ST,249349,2023-03-13T00:00:00Z,painting chemicals// no permit or lic for business,DEPT. OF PUBLIC HEALTH,Alleged violation not found,2023-03-14T00:00:00Z,41.90222498568,-87.74768988582,POINT (-87.747689885825 41.902224985681)
601316511,Air Pollution Work Order,3546 W MCLEAN AVE,3546,,W,MCLEAN,AVE,249349,2023-03-09T00:00:00Z,They’re using their garage as a secondary or primary warehouse to empty and refill fire extinguishers. They empty them into the alley and environment almost every other day. Chemical Dust goes into the air/concrete and Neighbors inhale it as they walk by.,DEPT. OF PUBLIC HEALTH,Refer to Building Dept,2023-03-10T00:00:00Z,41.91832622948,-87.71548311611,POINT (-87.715483116108 41.91832622948)
601422861,Construction and Demolition,6844 N OSCEOLA AVE,6844,,N,OSCEOLA,AVE,417337,2023-08-27T00:00:00Z,,DEPT. OF PUBLIC HEALTH,Alleged violation founded,2023-08-28T00:00:00Z,42.00564212079,-87.81245405272,POINT (-87.812454052722 42.005642120794)
601335495,Air Pollution Work Order,2055 W PERSHING RD,2055,,W,PERSHING,RD,417337,2023-04-13T00:00:00Z,I was walking my dog in McKinley park on 37th and damen. The smell coming from the plant was strong. It cause a burning sensation in nose when breathed in. The smell persisted north to 35th and seeley. It was still a strong odor and caused nausea,DEPT. OF PUBLIC HEALTH,Alleged violation not found,2023-04-13T00:00:00Z,41.82297276573,-87.67702220738,POINT (-87.677022207376 41.822972765727)
601471007,Construction and Demolition,5114 N MENARD AVE,5114,,N,MENARD,AVE,3308,2023-11-15T00:00:00Z,constituent states roofing company is throwing shingles and debris onto sidewalk,DEPT. OF PUBLIC HEALTH,Resolved,2023-11-16T00:00:00Z,41.97431363704,-87.77350505599,POINT (-87.773505055991 41.974313637037)
601369479,Noise Complaint,200 E OHIO ST,200,,E,OHIO,ST,417325,2023-06-04T00:00:00Z,Either Dunkin or Burrito Beach -exhaust fan on the roof is loud or screeching 24/7&nbsp;,DEPT. OF PUBLIC HEALTH,Alleged violation not found,2023-07-19T00:00:00Z,41.89267129069,-87.62257220248,POINT (-87.622572202481 41.892671290686)
601314452,Illegal Dumping Work Order,2248 W MELROSE ST,2248,,W,MELROSE,ST,379542,2023-03-03T00:00:00Z,,DEPT. OF PUBLIC HEALTH,Resolved,2023-03-07T00:00:00Z,41.94051063155,-87.68515273745,POINT (-87.685152737452 41.940510631554)
601425281,Construction and Demolition,1860 N MILWAUKEE AVE,1860,,N,MILWAUKEE,AVE,3308,2023-08-29T00:00:00Z,Port a potty leaking human feces into sidewalk. No one has addressed. Been this way for at least 48 hours. Please help. Smell is horrible and drawing rats.,DEPT. OF PUBLIC HEALTH,Complaint Valid,2023-08-30T00:00:00Z,41.9151803504,-87.68510521931,POINT (-87.685105219309 41.915180350395)
601379773,Construction and Demolition,2300 W FULLERTON AVE,2300,,W,FULLERTON,AVE,84397,2023-06-20T00:00:00Z,,DEPT. OF PUBLIC HEALTH,Resolved,2023-06-20T00:00:00Z,41.92504021761,-87.68530802841,POINT (-87.685308028409 41.925040217608)
601329896,Noise Complaint,6106 N KENMORE AVE,6106,,N,KENMORE,AVE,417325,2023-04-04T00:00:00Z,huge generator running all night long,DEPT. OF PUBLIC HEALTH,Resolved,2023-04-05T00:00:00Z,41.99260762872,-87.65703804427,POINT (-87.657038044272 41.992607628724)
601331927,Noise Complaint,10100 S WESTERN AVE,10100,,S,WESTERN,AVE,129151,2023-04-06T00:00:00Z,": This is a chronic problem. They are open and operating, making this noise every day.&nbsp;",DEPT. OF PUBLIC HEALTH,Resolved,2023-10-20T00:00:00Z,41.70992804814,-87.68187477913,POINT (-87.681874779128 41.709928048135)
601421898,Noise Complaint,330 W WEBSTER AVE,330,,W,WEBSTER,AVE,129151,2023-08-24T00:00:00Z,This noise level exceeds the limits of Chapter 8-32. It ranges from 65 decibels to 85 decibels and it is on almost continuously,DEPT. OF PUBLIC HEALTH,Resolved,2023-08-25T00:00:00Z,41.92208684961,-87.63772276006,POINT (-87.637722760056 41.922086849615)
601408349,Noise Complaint,1422 W WEBSTER AVE,1422,,W,WEBSTER,AVE,129151,2023-08-02T00:00:00Z,CALLER SAID THE SENSORS AT CONSTRUCTION SITE ARE PICKING UP PASSERSBY AND EMITTING A LOUD SPOKEN WARNING MESSAGE&nbsp;,DEPT. OF PUBLIC HEALTH,Resolved,2023-08-03T00:00:00Z,41.92172424123,-87.66415449262,POINT (-87.664154492624 41.921724241226)
601312000,Noise Complaint,925 W CARMEN AVE,925,,W,CARMEN,AVE,417325,2023-02-28T00:00:00Z,,DEPT. OF PUBLIC HEALTH,Alleged violation not found,2023-03-02T00:00:00Z,41.97420970001,-87.65358242254,POINT (-87.65358242254 41.974209700013)
601479169,Noise Complaint,2035 N NARRAGANSETT AVE,2035,,N,NARRAGANSETT,AVE,129151,2023-12-06T00:00:00Z,: THE MACHINE RAN ALL NIGHT AND WAS MAKING A LOUD NOISE AND IS STILL ON AND THE MACHINE RUNS ALL DAY AND NGHT,DEPT. OF PUBLIC HEALTH,Resolved,2023-12-06T00:00:00Z,41.91755854787,-87.78511142551,POINT (-87.785111425513 41.917558547867)
601358338,Air Pollution Work Order,4300 W OGDEN AVE,4300,,W,OGDEN,AVE,417337,2023-05-18T00:00:00Z,"After an inspection with no permit, they are again sandblasting without a permit starting at 7AM",DEPT. OF PUBLIC HEALTH,Complaint Valid,2023-05-18T00:00:00Z,41.84889828069,-87.731290826,POINT (-87.731290826002 41.848898280685)
601457507,Construction and Demolition,1121 W BERWYN AVE,1121,,W,BERWYN,AVE,3308,2023-10-20T00:00:00Z,Always construction outside of construction hours and exceeding the noise limit. Fence behind building was also knocked down by them and the entrance was blocked for days. They are constantly working from 6am-11pm,DEPT. OF PUBLIC HEALTH,Resolved,2023-10-20T00:00:00Z,41.97805308388,-87.65876737053,POINT (-87.658767370528 41.97805308388)
601428124,Water Pollution,2651 N LAVERGNE AVE,2651,,N,LAVERGNE,AVE,3308,2023-09-02T00:00:00Z,2651 N Lavergne Chicago IL. More than 4 cars are being fixed in the public street and looks like there is a lot of Engine oils going into the street sewer.&nbsp;It looks like engine oils and other liquid from cars that is being fix outside on the public street,DEPT. OF PUBLIC HEALTH,Alleged violation not found,2023-09-05T00:00:00Z,41.92938137838,-87.75127418104,POINT (-87.751274181045 41.92938137838)
601359300,Noise Complaint,2104 W FARRAGUT AVE,2104,,W,FARRAGUT,AVE,417325,2023-05-19T00:00:00Z,This picture was taken at 7:54am,DEPT. OF PUBLIC HEALTH,Alleged violation not found,2023-05-19T00:00:00Z,41.97701183471,-87.68215086183,POINT (-87.682150861829 41.977011834709)
601457188,Air Pollution Work Order,3301 N HARLEM AVE,3301,,N,HARLEM,AVE,3308,2023-10-18T00:00:00Z,"PER CALLER- THERE IS GRAVEL, DIRT AND CHUNKS OF CONCRETE IN THE ALLEY BEHIND THE AUTO SERVICE SHOP. THEY BLOCK THE ALLEY WITH PILES OF CONSTRUCTION DEBRIS OR MATERIAL. THERE HAVE BROKEN UP CONCRETE BUT THEY CAN SEE WHERE THEY POURED THE CEMENT.",DEPT. OF PUBLIC HEALTH,Resolved,2023-10-19T00:00:00Z,41.93990203236,-87.80666797829,POINT (-87.806667978291 41.939902032359)
601299825,Asbestos Work Order,1812 W MELROSE ST,1812,,W,MELROSE,ST,425726,2023-01-27T00:00:00Z,"PRO EXCAVATING INC 7421 W ARCHER AVENUE, UNIT #1A SUMMIT",DEPT. OF PUBLIC HEALTH,Resolved,2023-01-30T00:00:00Z,41.94064202353,-87.6744781421,POINT (-87.674478142103 41.940642023534)
601371147,Air Pollution Work Order,1624 N KILBOURN AVE,1624,,N,KILBOURN,AVE,417337,2023-06-06T00:00:00Z,A lot of paint smell coming from business not properly disposed,DEPT. OF PUBLIC HEALTH,Complaint Valid,2023-06-08T00:00:00Z,41.91054157592,-87.73871655335,POINT (-87.738716553355 41.910541575925)
601419331,Noise Complaint,3412 W LAKE ST,3412,,W,LAKE,ST,417325,2023-08-21T00:00:00Z,,DEPT. OF PUBLIC HEALTH,Alleged violation not found,2023-08-21T00:00:00Z,41.88477915787,-87.71168455357,POINT (-87.711684553571 41.884779157874)
601404957,Air Pollution Work Order,5439 N WINTHROP AVE,5439,,N,WINTHROP,AVE,379542,2023-07-27T00:00:00Z,,DEPT. OF PUBLIC HEALTH,Resolved,2023-07-28T00:00:00Z,41.98117604518,-87.65780030598,POINT (-87.657800305978 41.981176045176)
601471807,Air Pollution Work Order,2001 W PERSHING RD,2001,,W,PERSHING,RD,417337,2023-11-16T00:00:00Z,Smell goes as far north a as 36th and as far west as Wolcott&nbsp;,DEPT. OF PUBLIC HEALTH,Alleged violation founded,2023-11-16T00:00:00Z,41.82300132297,-87.67514359129,POINT (-87.675143591289 41.823001322966)
601403339,Air Pollution Work Order,913 W SCHOOL ST,913,,W,SCHOOL,ST,417337,2023-07-25T00:00:00Z,They are not using the water truck,DEPT. OF PUBLIC HEALTH,Alleged violation not found,2023-07-26T00:00:00Z,41.9416509277,-87.65272230773,POINT (-87.652722307726 41.941650927702)
601324825,Air Pollution Work Order,4401 S KILPATRICK AVE,4401,,S,KILPATRICK,AVE,10937,2023-03-24T00:00:00Z,"*SMELLS AWFUL, RESIDENT STATES IT CAUSES HER TO CHOKE AND THROAT TO BURN",DEPT. OF PUBLIC HEALTH,Complaint Valid,2023-03-27T00:00:00Z,41.81304646355,-87.74071540114,POINT (-87.740715401135 41.81304646355)
601314757,Air Pollution Work Order,5222 N CLARK ST,5222,,N,CLARK,ST,249349,2023-03-04T00:00:00Z,,DEPT. OF PUBLIC HEALTH,Resolved,2023-03-07T00:00:00Z,41.9768864056,-87.66854452885,POINT (-87.66854452885 41.976886405595)
601448483,Air Pollution Work Order,3546 W MCLEAN AVE,3546,,W,MCLEAN,AVE,10937,2023-10-04T00:00:00Z,Fire Protection Oruz - Other - This fire extinguisher company is emptying out extinguishers in the alley. This is bad for the environment for people to be breathing in. - Commercial - Monday|Tuesday|Wednesday|Thursday|Friday - 10:30AM - 3PM,DEPT. OF PUBLIC HEALTH,Alleged violation not found,2023-10-06T00:00:00Z,41.91832622948,-87.71548311611,POINT (-87.715483116108 41.91832622948)
601352423,Air Pollution Work Order,1623 W FARWELL AVE,1623,,W,FARWELL,AVE,417337,2023-05-08T00:00:00Z,,DEPT. OF PUBLIC HEALTH,Alleged violation not found,2023-05-09T00:00:00Z,42.00649300944,-87.67094183272,POINT (-87.670941832716 42.006493009444)
601419486,Air Pollution Work Order,5855 N SHERIDAN RD,5855,,N,SHERIDAN,RD,417337,2023-08-18T00:00:00Z,,DEPT. OF PUBLIC HEALTH,Refer to Building Dept,2023-08-22T00:00:00Z,41.98890263149,-87.65520287102,POINT (-87.65520287102 41.988902631487)
601327953,Illegal Dumping Work Order,5351 W CRYSTAL ST,5351,,W,CRYSTAL,ST,84397,2023-03-31T00:00:00Z,: caller is owner of property. She had to evict 2nd floor tenants and they placed there junk in the alley !&nbsp;,DEPT. OF PUBLIC HEALTH,Refer to StreetsSanitation,2023-03-31T00:00:00Z,41.90299661146,-87.76026325289,POINT (-87.76026325289 41.902996611457)
601332041,Noise Complaint,1164 N DEARBORN ST,1164,,N,DEARBORN,ST,417325,2023-04-06T00:00:00Z,,DEPT. OF PUBLIC HEALTH,Resolved,2023-05-25T00:00:00Z,41.90381316794,-87.63012985114,POINT (-87.630129851143 41.903813167942)
601419338,Construction and Demolition,4400 W BELMONT AVE,4400,,W,BELMONT,AVE,425726,2023-08-20T00:00:00Z,,DEPT. OF PUBLIC HEALTH,Resolved,2023-08-22T00:00:00Z,41.9390704093,-87.73709789801,POINT (-87.737097898014 41.939070409301)
601369486,Noise Complaint,1047 S OAKLEY BLVD,1047,,S,OAKLEY,BLVD,417325,2023-06-02T00:00:00Z,: Resident neighbor is complaining the loud noise produced by the air conditioner is worrisome and is impacting their quality of life,DEPT. OF PUBLIC HEALTH,Alleged violation not found,2023-06-05T00:00:00Z,41.8675844241,-87.68346814632,POINT (-87.683468146317 41.867584424097)
601432221,Air Pollution Work Order,6601 W ARCHER AVE,6601,,W,ARCHER,AVE,10937,2023-09-08T00:00:00Z,The deep fryers causing strong odors. No filters?,DEPT. OF PUBLIC HEALTH,Resolved,2023-09-11T00:00:00Z,41.7921389422,-87.78674847587,POINT (-87.786748475874 41.7921389422)
601372917,Air Pollution Work Order,2532 S BLUE ISLAND AVE,2532,,S,BLUE ISLAND,AVE,417337,2023-06-08T00:00:00Z,The location emits a harsh smell every time I walk by there. Their back doors face Coulter where the smell is most potent. The site name on Google is Sorini Manufacturing.&nbsp;,DEPT. OF PUBLIC HEALTH,Alleged violation not found,2023-06-09T00:00:00Z,41.84631393517,-87.6818744326,POINT (-87.681874432596 41.846313935171)
601356660,Noise Complaint,1911 S LUMBER ST,1911,,S,LUMBER,ST,417325,2023-05-16T00:00:00Z,,DEPT. OF PUBLIC HEALTH,Alleged violation not found,2023-05-16T00:00:00Z,41.85638942166,-87.637204268,POINT (-87.637204268 41.856389421664)
601444573,Air Pollution Work Order,3208 N PAGE AVE,3208,,N,PAGE,AVE,249349,2023-09-28T00:00:00Z,"Persistent burning/smoke smell outside in the general area between Page and Pacific, on Belmont. Unknown source, but smells awful and is polluting outdoors and indoors. Happens mostly in the evening, most evenings (weekdays and weekends). Lasts for hours.",DEPT. OF PUBLIC HEALTH,Alleged violation not found,2023-09-29T00:00:00Z,41.93803976883,-87.8276882162,POINT (-87.827688216196 41.938039768825)
601355445,Noise Complaint,1385 N MILWAUKEE AVE,1385,,N,MILWAUKEE,AVE,129151,2023-05-15T00:00:00Z,It’s been happening the past 3 summers. it’s a broken ac on the back roof of the building. I put in a request last year and itwas said that the request was completed even though it wasn’t. The sound is even worse now.&nbsp;It seems like it’s the back of Oiistar but I’m not certain,DEPT. OF PUBLIC HEALTH,Alleged violation not found,2023-05-15T00:00:00Z,41.90707242599,-87.67206836083,POINT (-87.67206836083 41.907072425995)
601335474,Noise Complaint,5059 W WILSON AVE,5059,,W,WILSON,AVE,417325,2023-04-12T00:00:00Z,: Wood pole in alley. Telecommunication equipment is making loud Whistling noise that is cause irritation to the neighbors. Constituent says that wires were hanging from equipment,DEPT. OF PUBLIC HEALTH,Resolved,2023-04-13T00:00:00Z,41.96416883472,-87.75490315847,POINT (-87.754903158473 41.964168834722)
601393658,Air Pollution Work Order,5670 W LAKE ST,5670,,W,LAKE,ST,249349,2023-07-11T00:00:00Z,heavy musk odor,DEPT. OF PUBLIC HEALTH,Alleged violation not found,2023-07-12T00:00:00Z,41.88791389647,-87.76763004633,POINT (-87.767630046327 41.887913896473)
601329550,Air Pollution Work Order,3450 S GILES AVE,3450,,S,GILES,AVE,249349,2023-04-03T00:00:00Z,CALLER STATES WHENEVER SHE GOES IN THIS LAUNDRYMAT THERE IS A VERY LOUD SMELL OF GAS THAT IS OVERWHELMING CLOSES AT 5PM YOON'S 3122251616,DEPT. OF PUBLIC HEALTH,Alleged violation not found,2023-04-05T00:00:00Z,41.83139043522,-87.61947770709,POINT (-87.619477707093 41.831390435216)
601464417,Vehicle Idling Work Order,2952 W DEVON AVE,2952,,W,DEVON,AVE,3308,2023-11-02T00:00:00Z,"US Dot #349677 is listed on the door of this truck and The Bedding Group is the name painted on the truck. The name of the company that this truck is servicing at the listed address is Mattress King but the business name painted on the truck is The Bedding Group located in Rock Island, IL",DEPT. OF PUBLIC HEALTH,Alleged violation not found,2023-11-02T00:00:00Z,41.9975902577,-87.70420300253,POINT (-87.704203002526 41.997590257698)
601369049,Construction and Demolition,3208 N KOSTNER AVE,3208,,N,KOSTNER,AVE,3308,2023-06-05T00:00:00Z,,DEPT. OF PUBLIC HEALTH,Alleged violation not found,2023-06-05T00:00:00Z,41.93923956752,-87.73718863652,POINT (-87.73718863652 41.939239567524)
601485703,Construction and Demolition,6 S LAFLIN ST,6,,S,LAFLIN,ST,3308,2023-12-30T00:00:00Z,No name. They have been doing work on the empty space &amp; do not see a permit.&nbsp;,DEPT. OF PUBLIC HEALTH,Complaint Valid,2024-01-02T00:00:00Z,41.88132153435,-87.66456137666,POINT (-87.664561376664 41.881321534353)
601359965,Noise Complaint,2242 W WOLFRAM ST,2242,,W,WOLFRAM,ST,417325,2023-05-22T00:00:00Z,There are two air conditioning units on the west side of the house at 2242 w Wolfram. One of them has a fan that is broken causing very loud noise when it kicks on in the middle of the night,DEPT. OF PUBLIC HEALTH,Alleged violation not found,2023-05-22T00:00:00Z,41.9330980376,-87.6847047997,POINT (-87.684704799699 41.933098037597)
601443835,Construction and Demolition,7250 S SOUTH SHORE DR,7250,,S,SOUTH SHORE,DR,13776,2023-09-27T00:00:00Z,PER CALLER- THERE ARE SOME MEN WORKING ON A BUILDING THAT KEEP THROWING CONSTRUCTION DEBRIS FROM THE REAR AND SIDE OF THE BUILDING. THE DEBRIS IS HITTING VEHICLES AS THEY DRIVE BY AND VEHICLES PARKED IN THE REAR BY THE ALLEY. THEY HAVE DEBRIS THAT IS NOT FALLING INTO THE DUMPSTER AS WELL,DEPT. OF PUBLIC HEALTH,Resolved,2023-09-27T00:00:00Z,41.76448370443,-87.56121061918,POINT (-87.561210619176 41.764483704432)
601362185,Construction and Demolition,3758 W 56TH PL,3758,,W,56TH,PL,425726,2023-05-23T00:00:00Z,"It's a residential home, they have been building a structure and blocking the alley every day between 8am-7pm every day for the past 2 weeks, loud noise and dust from brick",DEPT. OF PUBLIC HEALTH,Resolved,2023-05-24T00:00:00Z,41.79067057315,-87.71806171479,POINT (-87.71806171479 41.790670573146)
601422841,Water Pollution,615 W BITTERSWEET PL,615,,W,BITTERSWEET,PL,3308,2023-08-27T00:00:00Z,": There are numerous vehicles coming to this stretch of Bittersweet Place for an on-street oil change, then leaving. The used oil is then being dumped into the sewer system.",DEPT. OF PUBLIC HEALTH,Complaint Valid,2023-08-28T00:00:00Z,41.95561690413,-87.64569087305,POINT (-87.645690873053 41.955616904127)
601317063,Air Pollution Work Order,4054 S FEDERAL ST,4054,,S,FEDERAL,ST,10937,2023-03-12T00:00:00Z,JANUARY 29TH THE ODOR HAS STARTED,DEPT. OF PUBLIC HEALTH,Refer to StreetsSanitation,2023-03-13T00:00:00Z,41.82026170839,-87.62864463453,POINT (-87.628644634527 41.820261708386)
601428692,Noise Complaint,1521 S WABASH AVE,1521,,S,WABASH,AVE,129151,2023-09-05T00:00:00Z,Rooftop air conditioner rattling so loudly you can hear it from inside other buildings with all windows and doors sealed tight.&nbsp;,DEPT. OF PUBLIC HEALTH,Resolved,2023-09-06T00:00:00Z,41.86132451284,-87.62554225943,POINT (-87.625542259426 41.86132451284)
601367458,Construction and Demolition,1424 W BALMORAL AVE,1424,,W,BALMORAL,AVE,379542,2023-05-31T00:00:00Z,"Cables or wires have been cut, hanging down in front of our garage. We don't know if these are electrical, phone, or cable, and we don't know if there is live power in them&nbsp;",DEPT. OF PUBLIC HEALTH,Resolved,2023-06-01T00:00:00Z,41.9799920859,-87.66590662738,POINT (-87.665906627384 41.979992085901)
601462105,Air Pollution Work Order,3556 W ADDISON ST,3556,,W,ADDISON,ST,417337,2023-10-29T00:00:00Z,The smell and hazard is coming from an old vagrant tent that has been at this location for almost a year. There is a new orange tent next to the old one. The smell and hazard is from the old tent that is collapsed,DEPT. OF PUBLIC HEALTH,Referred to another agency,2023-10-30T00:00:00Z,41.9466158449,-87.71742547926,POINT (-87.717425479262 41.946615844899)
601332045,Air Pollution Work Order,3100 W 77TH ST,3100,,W,77TH,ST,8386,2023-04-07T00:00:00Z,illinois transport allows trucks to trail dirt onto public way streets causing clouds of dirt for four city blocks. dirt has accumulated on city parkways and sidewalks. they also allow trucks to park om public way streets idling diesel fumes,DEPT. OF PUBLIC HEALTH,Alleged violation not found,2023-04-07T00:00:00Z,41.75359696499,-87.70008141974,POINT (-87.700081419736 41.753596964993)
601395194,Construction and Demolition,1400 W HOOD AVE,1400,,W,HOOD,AVE,3308,2023-07-13T00:00:00Z,there is debris in front of 1400 w hood and has been there fore 6 months,DEPT. OF PUBLIC HEALTH,Complaint Valid,2023-07-14T00:00:00Z,41.99367615375,-87.66537711923,POINT (-87.665377119226 41.993676153755)
601353269,Air Pollution Work Order,1420 E MARQUETTE RD,1420,,E,MARQUETTE,RD,10937,2023-05-09T00:00:00Z,,DEPT. OF PUBLIC HEALTH,Complaint Valid,2023-05-10T00:00:00Z,41.77524679331,-87.59035885216,POINT (-87.590358852157 41.775246793309)
601333173,Air Pollution Work Order,3201 S LAWNDALE AVE,3201,,S,LAWNDALE,AVE,417337,2023-04-09T00:00:00Z,&nbsp;The surrounding area smelled of gas/ fuel early morning around 6am. There is a target warehouse nearby.&nbsp;,DEPT. OF PUBLIC HEALTH,Complaint Valid,2023-04-11T00:00:00Z,41.83510168136,-87.71683065897,POINT (-87.716830658966 41.835101681363)
601355399,Noise Complaint,5351 N DAMEN AVE,5351,,N,DAMEN,AVE,129151,2023-05-15T00:00:00Z,"Following up on #SR23-00659514. The noise stopped for a little while but now it's happening again. Did you find thesource? Is there anything that can be done, at least to stop it from happening during quiet hours overnight?",DEPT. OF PUBLIC HEALTH,Resolved,2023-05-15T00:00:00Z,41.97935467529,-87.67935674438,POINT (-87.679356744383 41.979354675285)
601483963,Air Pollution Work Order,1737 W FULLERTON AVE,1737,,W,FULLERTON,AVE,417337,2023-12-20T00:00:00Z,,DEPT. OF PUBLIC HEALTH,Resolved,2023-12-20T00:00:00Z,41.92498939161,-87.67215167412,POINT (-87.672151674122 41.924989391606)
601376269,Construction and Demolition,438 E OAKWOOD BLVD,438,,E,OAKWOOD,BLVD,379542,2023-06-14T00:00:00Z,,DEPT. OF PUBLIC HEALTH,Resolved,2023-06-14T00:00:00Z,41.82277456203,-87.61522965683,POINT (-87.615229656832 41.822774562026)
601427033,Noise Complaint,3334 W CRYSTAL ST,3334,,W,CRYSTAL,ST,129151,2023-08-31T00:00:00Z,,DEPT. OF PUBLIC HEALTH,Resolved,2023-09-01T00:00:00Z,41.9038252252,-87.71067468462,POINT (-87.710674684616 41.903825225203)
601485213,Construction and Demolition,5307 S HERMITAGE AVE,5307,,S,HERMITAGE,AVE,379542,2023-12-27T00:00:00Z,PER CALLER- THEY ARE DOING SCAFFOLDING BUT THEY DO NOT HAVE ANYTHING UP TO STOP ANYTHING FROM FALLING ON PEOPLE WALKING BY. THERE ALSO BRICKS FALLING FROM THE BUILDING.,DEPT. OF PUBLIC HEALTH,Resolved,2023-12-28T00:00:00Z,41.7973786328,-87.66817314771,POINT (-87.668173147713 41.797378632799)
601410267,Noise Complaint,348 E NORTH WATER ST,348,,E,NORTH WATER,ST,129151,2023-08-07T00:00:00Z,": Ongoing noise since late June. I have videos but cannot upload.&nbsp;I don't know where the noise is coming from, but it is very loud and ongoing at the North Water Apartments building entrance. It is just as loud in my apartment on the 41st floor, at the west side of the building.",DEPT. OF PUBLIC HEALTH,Resolved,2023-08-07T00:00:00Z,41.88962593397,-87.61897349987,POINT (-87.618973499867 41.889625933968)
601441400,Noise Complaint,1320 W FULLERTON AVE,1320,,W,FULLERTON,AVE,417325,2023-09-24T00:00:00Z,,DEPT. OF PUBLIC HEALTH,Resolved,2024-09-23T00:00:00Z,41.9253573581,-87.66138854382,POINT (-87.661388543818 41.925357358101)
601418995,Noise Complaint,1914 S JOURDAN CT,1914,,S,JOURDAN,CT,129151,2023-08-19T00:00:00Z,,DEPT. OF PUBLIC HEALTH,Resolved,2023-08-21T00:00:00Z,41.85624760596,-87.64733100534,POINT (-87.64733100534 41.856247605962)
601461253,Construction and Demolition,4339 N MONTICELLO AVE,4339,,N,MONTICELLO,AVE,379542,2023-10-26T00:00:00Z,Unsecured site with access to open basement and house during demolition from front yard and alley,DEPT. OF PUBLIC HEALTH,Resolved,2023-10-27T00:00:00Z,41.96040100263,-87.71909104004,POINT (-87.719091040045 41.960401002627)
601345733,Illegal Dumping Work Order,4950 W DIVERSEY AVE,4950,,W,DIVERSEY,AVE,3308,2023-04-26T00:00:00Z,"gas spills, motor oil spills. scrap auto parts. vehicles being worked on near a residential area. property not zoned for this activity.&nbsp;",DEPT. OF PUBLIC HEALTH,Alleged violation founded,2023-04-28T00:00:00Z,41.93158353936,-87.75108114031,POINT (-87.751081140313 41.931583539358)
601355470,Air Pollution Work Order,6040 S HARPER AVE,6040,,S,HARPER,AVE,10937,2023-05-15T00:00:00Z,RENTAL COMPANY LEFT HUGE HOLE IN WALL THAT IS EXPELLINGLARGE AMOUNTS OF DUST AND FUMES,DEPT. OF PUBLIC HEALTH,Complaint Valid,2023-05-15T00:00:00Z,41.7847838122,-87.58828902989,POINT (-87.588289029886 41.784783812205)
601297982,Air Pollution Work Order,4 E ELM ST,4,,E,ELM,ST,249349,2023-01-23T00:00:00Z,Exhaust from rear of building coming out of wall in alley blowing into apartments across the alley,DEPT. OF PUBLIC HEALTH,Alleged violation not found,2023-01-24T00:00:00Z,41.9032960361,-87.62836710844,POINT (-87.628367108435 41.903296036103)
601346040,Air Pollution Work Order,3821 N ASHLAND AVE,3821,,N,ASHLAND,AVE,249349,2023-04-30T00:00:00Z,A large amount of a white fluffy material blowing from construction site. It appears to be insulation. It is in the neighbors yards and is likely a somewhat toxic material.&nbsp;,DEPT. OF PUBLIC HEALTH,Complaint Valid,2023-05-02T00:00:00Z,41.95129973541,-87.66882823903,POINT (-87.668828239033 41.951299735409)
601413989,Air Pollution Work Order,6057 S MOZART ST,6057,,S,MOZART,ST,379542,2023-08-13T00:00:00Z,,DEPT. OF PUBLIC HEALTH,Resolved,2023-08-14T00:00:00Z,41.78289295308,-87.69457162901,POINT (-87.694571629009 41.782892953081)
601466916,Air Pollution Work Order,2500 S PAULINA ST,2500,,S,PAULINA,ST,129151,2023-11-07T00:00:00Z,,DEPT. OF PUBLIC HEALTH,Resolved,2023-11-07T00:00:00Z,41.84676817856,-87.66850812646,POINT (-87.668508126456 41.846768178557)
601291196,Water Pollution,6122 S TRIPP AVE,6122,,S,TRIPP,AVE,84397,2023-01-04T00:00:00Z,&nbsp;I think I've seen cameras in the alley when I drove by. I'm sure you can contact the owners,DEPT. OF PUBLIC HEALTH,Resolved,2023-01-05T00:00:00Z,41.78151255581,-87.72909334851,POINT (-87.729093348511 41.781512555809)
601407504,Construction and Demolition,1426 E MARQUETTE RD,1426,,E,MARQUETTE,RD,84397,2023-08-01T00:00:00Z,: Dust from plaster and construction spreading through the neighborhood,DEPT. OF PUBLIC HEALTH,Resolved,2023-08-02T00:00:00Z,41.77524840868,-87.59014868732,POINT (-87.590148687325 41.775248408681)
601449182,Construction and Demolition,5406 N PAULINA ST,5406,,N,PAULINA,ST,84397,2023-10-05T00:00:00Z,,DEPT. OF PUBLIC HEALTH,Resolved,2023-10-06T00:00:00Z,41.98001913034,-87.67232197183,POINT (-87.672321971825 41.980019130337)
601451517,Toxics Hazardous Materials Work Order,5401 S LOCKWOOD AVE,5401,,S,LOCKWOOD,AVE,84397,2023-10-10T00:00:00Z,oil from resident working on cars on the driveway apron,DEPT. OF PUBLIC HEALTH,Resolved,2023-10-11T00:00:00Z,41.79456504989,-87.754877379,POINT (-87.754877379 41.79456504989)
601379874,Noise Complaint,501 W SURF ST,501,,W,SURF,ST,417325,2023-06-16T00:00:00Z,The rooftop air handling equipment is much louder this year and we used a noise meter from our condos middle of the night a little less than a block away and it was 68 - 75 decibels. Please send an DPH inspector thanks.&nbsp;,DEPT. OF PUBLIC HEALTH,Complaint Valid,2023-06-21T00:00:00Z,41.93419516579,-87.64140393809,POINT (-87.641403938087 41.934195165792)
601463720,Construction and Demolition,2219 W NORTH AVE,2219,,W,NORTH,AVE,379542,2023-10-31T00:00:00Z,: There is a crew replacing shingles on the roof no permits no safety gear. The main issue is the shingles have asbestos in the dust and debris from the asbestos is going on all of the neighbors property,DEPT. OF PUBLIC HEALTH,Resolved,2023-11-03T00:00:00Z,41.91027141097,-87.68322655202,POINT (-87.683226552019 41.910271410965)
601422911,Noise Complaint,922 W DIVERSEY PKWY,922,,W,DIVERSEY,PKWY,417325,2023-08-26T00:00:00Z,"Short, loud buzzing noise every 2-3 minutes coming from unidentified industrial equipment in back lot or on a roof. Video of the noise attached. Started just this week (Weds or Thurs)",DEPT. OF PUBLIC HEALTH,Alleged violation not found,2023-08-28T00:00:00Z,41.93277354516,-87.65235118714,POINT (-87.652351187143 41.932773545162)
601381431,Asbestos Work Order,1754 W ROSEHILL DR,1754,,W,ROSEHILL,DR,425726,2023-06-20T00:00:00Z,,DEPT. OF PUBLIC HEALTH,Resolved,2023-06-21T00:00:00Z,41.98679483848,-87.67363799373,POINT (-87.673637993732 41.986794838479)
601299841,Illegal Dumping Work Order,5043 N MOZART ST,5043,,N,MOZART,ST,379542,2023-01-27T00:00:00Z,,DEPT. OF PUBLIC HEALTH,Resolved,2023-01-30T00:00:00Z,41.97344868048,-87.69992067444,POINT (-87.699920674445 41.973448680477)
601297983,Construction and Demolition,4250 N MARINE DR,4250,,N,MARINE,DR,425726,2023-01-23T00:00:00Z,MUST CALL FOR ENTRY (TOM SENTORI VISITED THE LOCATION AND CALLER ASKED NOT TO SEND HIM)DUST FROM CONDO ENTERING THE VENT INTO THE CALLER PLACE FOR UNIT 1110 FOR A MONTH DUE CONSTRUCTION WORK IN THE UNIT,DEPT. OF PUBLIC HEALTH,Resolved,2023-01-24T00:00:00Z,41.96001995402,-87.64690602762,POINT (-87.646906027619 41.960019954019)
601439270,Air Pollution Work Order,2055 W PERSHING RD,2055,,W,PERSHING,RD,417337,2023-09-21T00:00:00Z,: It smells like burning chemicals on the south east and north east corner of McKinley park. The asphalt plant is running and there is a slight south west wind 1-2mph,DEPT. OF PUBLIC HEALTH,Alleged violation not found,2023-09-22T00:00:00Z,41.82297276573,-87.67702220738,POINT (-87.677022207376 41.822972765727)
601474578,Noise Complaint,5205 S CHRISTIANA AVE,5205,,S,CHRISTIANA,AVE,437489,2023-11-27T00:00:00Z,Automotive bodyshop&nbsp;,DEPT. OF PUBLIC HEALTH,Alleged violation not found,2023-11-27T00:00:00Z,41.79874136771,-87.70723511956,POINT (-87.707235119563 41.798741367713)
601378487,Noise Complaint,2516 W FOSTER AVE,2516,,W,FOSTER,AVE,129151,2023-06-15T00:00:00Z,Heavy vibration noise is causing migraines and echoes through the whole apartment downstairs of Unit 8. Vibration continues to after midnight.,DEPT. OF PUBLIC HEALTH,Resolved,2023-06-20T00:00:00Z,41.97597343609,-87.69300158578,POINT (-87.693001585779 41.975973436091)
601367322,Service Stations/Storage Tanks Work Order,3269 S ARCHER AVE,3269,,S,ARCHER,AVE,426086,2023-06-01T00:00:00Z,Pump Number 9 is leaking gasoline,DEPT. OF PUBLIC HEALTH,Complaint Valid,2023-06-01T00:00:00Z,41.83461378379,-87.67052942941,POINT (-87.670529429411 41.83461378379)
601341572,Noise Complaint,4223 W ROSCOE ST,4223,,W,ROSCOE,ST,129151,2023-04-21T00:00:00Z,,DEPT. OF PUBLIC HEALTH,Resolved,2023-04-24T00:00:00Z,41.94254686512,-87.7331294296,POINT (-87.733129429604 41.942546865116)
601448507,Air Pollution Work Order,2100 N SEMINARY AVE,2100,,N,SEMINARY,AVE,417337,2023-10-04T00:00:00Z,"They are burning chlorine gas, metals and lead into the air and it smells horrible. We are choking on the fumes",DEPT. OF PUBLIC HEALTH,Alleged violation unfounded,2023-10-05T00:00:00Z,41.91997349861,-87.65600392949,POINT (-87.656003929489 41.919973498605)
601442212,Noise Complaint,4652 N SHERIDAN RD,4652,,N,SHERIDAN,RD,417325,2023-09-26T00:00:00Z,,DEPT. OF PUBLIC HEALTH,Alleged violation not found,2023-09-26T00:00:00Z,41.96703976288,-87.65494521476,POINT (-87.65494521476 41.967039762881)
601371506,Air Pollution Work Order,4322 N MOZART ST,4322,,N,MOZART,ST,417337,2023-06-06T00:00:00Z,"I spoke with neighbor who has hired a tuck-pointer who is grinding molar joints without any dust collection equipment. There is also no required city permits posted. The neighbor's property, a 3-flat apartment building at 4322 N. Mozart St. The owner's name is Nettie Sabin",DEPT. OF PUBLIC HEALTH,Resolved,2023-06-07T00:00:00Z,41.9601204943,-87.69979945782,POINT (-87.699799457824 41.960120494296)
601300196,Construction and Demolition,5552 N WASHTENAW AVE,5552,,N,WASHTENAW,AVE,3308,2023-01-30T00:00:00Z,,DEPT. OF PUBLIC HEALTH,Alleged violation not found,2023-01-31T00:00:00Z,41.98290722275,-87.69687054882,POINT (-87.696870548817 41.982907222751)
601383754,Air Pollution Work Order,7409 N GREENVIEW AVE,7409,,N,GREENVIEW,AVE,417337,2023-06-23T00:00:00Z,Someone is burning trash in the alley and has been all morning. They said they were burning documents because it’s less expensive than shredding them. We can smell the smoke across the street.&nbsp;,DEPT. OF PUBLIC HEALTH,Resolved,2023-06-26T00:00:00Z,42.01634665071,-87.66800316186,POINT (-87.668003161863 42.016346650707)
601343153,Air Pollution Work Order,642 W DEMING PL,642,,W,DEMING,PL,3308,2023-04-25T00:00:00Z,&nbsp;Concrete saw cutting and jack hammering with no screen protectors or vacuuming or wetting,DEPT. OF PUBLIC HEALTH,Alleged violation not found,2023-04-26T00:00:00Z,41.92798378426,-87.64586660093,POINT (-87.645866600928 41.927983784257)
601474583,Air Pollution Work Order,4430 S RACINE AVE,4430,,S,RACINE,AVE,417337,2023-11-25T00:00:00Z,"At the Nov 19 Back of the Yards Turkey Trot, I ran by manhole covers emitting a vapor. When I breathed in the vapor while running past, this vapor caused irritation and coughing. It smelled of a burning, sharp chemical.",DEPT. OF PUBLIC HEALTH,Refer to other Depts,2023-11-27T00:00:00Z,41.81336453028,-87.65541898036,POINT (-87.655418980357 41.813364530285)
601445622,Noise Complaint,49 E DIVISION ST,49,,E,DIVISION,ST,417325,2023-10-02T00:00:00Z,"CALLER STATES HALAL GUYS COOKING EQUIPMENT IS CONSTANTLY LOUD; STATES BUILDING ENGINEER , JUSTIN BARNES (773.497.1082) HAS TOLD HER THEY HAVE MEASURED NOISE LEVELS AND IT EXCEEDS THE NORMAL LIMIT&nbsp;",DEPT. OF PUBLIC HEALTH,Alleged violation not found,2023-10-03T00:00:00Z,41.90386322288,-87.62673380279,POINT (-87.626733802786 41.903863222883)
601411141,Noise Complaint,1437 W 14TH ST,1437,,W,14TH,ST,129151,2023-08-08T00:00:00Z,,DEPT. OF PUBLIC HEALTH,Resolved,2023-08-08T00:00:00Z,41.86324246215,-87.6628700143,POINT (-87.662870014304 41.863242462153)
601461243,Air Pollution Work Order,3823 S HALSTED ST,3823,,S,HALSTED,ST,249349,2023-10-25T00:00:00Z,The business has been an issue in the past but after complaints the smell stopped for months. Now it is back and smells of chemicals/meat/marijuana. The smell consumes the area and enters my home daily causing migraines. The city knows of the business.&nbsp;,DEPT. OF PUBLIC HEALTH,Alleged violation not found,2023-10-27T00:00:00Z,41.82455722208,-87.6458152846,POINT (-87.645815284595 41.824557222083)
601404991,Illegal Dumping Work Order,477 W DEMING PL,477,,W,DEMING,PL,3308,2023-07-27T00:00:00Z,caller is reporting restaurant dumping cooking oil daily down sewer and splashing onto sidewalk making it slippery and smelly&nbsp;,DEPT. OF PUBLIC HEALTH,Complaint Valid,2023-07-28T00:00:00Z,41.92879507548,-87.64162022767,POINT (-87.641620227672 41.92879507548)
601421811,Noise Complaint,3410 W LAKE ST,3410,,W,LAKE,ST,417325,2023-08-24T00:00:00Z,,DEPT. OF PUBLIC HEALTH,Alleged violation not found,2023-08-25T00:00:00Z,41.88477491109,-87.71160875938,POINT (-87.711608759381 41.884774911086)
601304566,Air Pollution Work Order,1830 N KOSTNER AVE,1830,,N,KOSTNER,AVE,10937,2023-02-08T00:00:00Z,DOCK 4 FUMES FROM CAR REPAIRS&nbsp;,DEPT. OF PUBLIC HEALTH,Alleged violation founded,2023-02-09T00:00:00Z,41.91437322643,-87.73639548878,POINT (-87.736395488779 41.914373226433)
601406018,Air Pollution Work Order,3458 W 111TH ST,3458,,W,111TH,ST,10937,2023-07-30T00:00:00Z,: rancid odor coming from overflowing garbage&nbsp;,DEPT. OF PUBLIC HEALTH,Complaint Valid,2023-07-31T00:00:00Z,41.69155477318,-87.7081006484,POINT (-87.708100648401 41.691554773175)
601384709,Noise Complaint,5352 N BROADWAY,5352,,N,BROADWAY,,129151,2023-06-26T00:00:00Z,"&nbsp;Your office came out before but now it's worse. Very loud air blower sound, now with a noise that sounds like a belt or fan is going bad. Cannot sleep. Have audio files I can share but am unable to post them here&nbsp;",DEPT. OF PUBLIC HEALTH,Resolved,2023-07-05T00:00:00Z,41.97970751639,-87.66010745967,POINT (-87.660107459666 41.979707516393)
601440747,Noise Complaint,501 W SURF ST,501,,W,SURF,ST,417325,2023-09-21T00:00:00Z,"I reported this noisy AC unit on 8/9/2023. The inspector, Mr Justin Barnes, confirmed the unit produced a noise above the permissible level and that he was issuing a citation. 6 weeks have past and the noise (constant 70 dBA at my bedroom) remains.&nbsp;",DEPT. OF PUBLIC HEALTH,Complaint Valid,2023-09-22T00:00:00Z,41.93419516579,-87.64140393809,POINT (-87.641403938087 41.934195165792)
601358317,Construction and Demolition,4939 S DR MARTIN LUTHER KING JR DR,4939,,S,DR MARTIN LUTHER KING JR,DR,84397,2023-05-18T00:00:00Z,&nbsp;Construction taking place before 7am,DEPT. OF PUBLIC HEALTH,Resolved,2023-05-18T00:00:00Z,41.80458007109,-87.6163207758,POINT (-87.616320775798 41.804580071095)
601436597,Noise Complaint,2700 N MILWAUKEE AVE,2700,,N,MILWAUKEE,AVE,129151,2023-09-16T00:00:00Z,,DEPT. OF PUBLIC HEALTH,Resolved,2023-09-18T00:00:00Z,41.93019094201,-87.70947504959,POINT (-87.709475049594 41.930190942015)
601475334,Air Pollution Work Order,5512 N MONT CLARE AVE,5512,,N,MONT CLARE,AVE,249349,2023-11-27T00:00:00Z,MAKING THIERS STOMACH OR EYES HURT,DEPT. OF PUBLIC HEALTH,Complaint Invalid,2023-11-28T00:00:00Z,41.98146201502,-87.80479501097,POINT (-87.804795010974 41.98146201502)
601475449,Air Pollution Work Order,2700 E 100TH ST,2700,,E,100TH,ST,10937,2023-11-27T00:00:00Z,The smell is generating west as I live about a 1 mile west and the smell is sickening,DEPT. OF PUBLIC HEALTH,Complaint Valid,2023-11-30T00:00:00Z,41.71346244483,-87.55804031257,POINT (-87.558040312566 41.713462444826)
601397369,Air Pollution Work Order,13223 S ELLIS AVE,13223,,S,ELLIS,AVE,10937,2023-07-17T00:00:00Z,They gave me a SR 23-00944685 I look at the statis and the service is completed on June 22 2023 no one call or came by I need someone to come by because it's getting worse please help me,DEPT. OF PUBLIC HEALTH,Complaint Valid,2023-07-18T00:00:00Z,41.65529585649,-87.59661934906,POINT (-87.596619349064 41.655295856493)
601422952,Construction and Demolition,4338 N CLARENDON AVE,4338,,N,CLARENDON,AVE,379542,2023-08-27T00:00:00Z,,DEPT. OF PUBLIC HEALTH,Resolved,2023-08-30T00:00:00Z,41.96154879362,-87.65005100892,POINT (-87.650051008923 41.961548793616)
601314445,Construction and Demolition,1769 N CLYBOURN AVE,1769,,N,CLYBOURN,AVE,129151,2023-03-04T00:00:00Z,NEW CONSTRUCTION,DEPT. OF PUBLIC HEALTH,Resolved,2023-03-07T00:00:00Z,41.9133073048,-87.65264042835,POINT (-87.652640428353 41.913307304796)
601305457,Air Pollution Work Order,1212 W BALMORAL AVE,1212,,W,BALMORAL,AVE,379542,2023-02-14T00:00:00Z,,DEPT. OF PUBLIC HEALTH,Resolved,2023-02-15T00:00:00Z,41.98007150128,-87.66060891609,POINT (-87.660608916089 41.980071501278)
601369371,Air Pollution Work Order,2726 W CRYSTAL ST,2726,,W,CRYSTAL,ST,417337,2023-06-05T00:00:00Z,: Intense burning asphalt smell all over neighborhood without any construction happening nearby. Began yesterday evening and is so intense we were woken up by it and had to close windows. We cannot determine the source,DEPT. OF PUBLIC HEALTH,Alleged violation not found,2023-06-05T00:00:00Z,41.90398997754,-87.69555996135,POINT (-87.695559961352 41.903989977541)
601378486,Noise Complaint,9050 S GREEN ST,9050,,S,GREEN,ST,129151,2023-06-16T00:00:00Z,,DEPT. OF PUBLIC HEALTH,Alleged violation unfounded,2023-06-16T00:00:00Z,41.72920193704,-87.64481372912,POINT (-87.644813729115 41.729201937035)
601374552,Air Pollution Work Order,5501 S PULASKI RD,5501,,S,PULASKI,RD,10937,2023-06-09T00:00:00Z,,DEPT. OF PUBLIC HEALTH,Alleged violation not found,2023-06-12T00:00:00Z,41.79316148636,-87.72301052749,POINT (-87.723010527492 41.793161486356)
601344950,Service Stations/Storage Tanks Work Order,6700 S EBERHART AVE,6700,,S,EBERHART,AVE,426086,2023-04-27T00:00:00Z,: Fumes from the gas station goes into the callers home in the basement,DEPT. OF PUBLIC HEALTH,Complaint Valid,2023-04-28T00:00:00Z,41.77291488563,-87.61318457206,POINT (-87.613184572056 41.772914885629)
601429896,Construction and Demolition,4426 N MAPLEWOOD AVE,4426,,N,MAPLEWOOD,AVE,84397,2023-09-06T00:00:00Z,"&nbsp;Construction is not permitted, and crews keep blocking the alley",DEPT. OF PUBLIC HEALTH,Resolved,2023-09-07T00:00:00Z,41.96211445933,-87.69252527493,POINT (-87.692525274934 41.962114459332)
601406832,Air Pollution Work Order,935 W AINSLIE ST,935,,W,AINSLIE,ST,417337,2023-07-31T00:00:00Z,,DEPT. OF PUBLIC HEALTH,Alleged violation not found,2023-08-01T00:00:00Z,41.97148562268,-87.65371172752,POINT (-87.653711727525 41.971485622684)
601305464,Air Pollution Work Order,2500 S PAULINA ST,2500,,S,PAULINA,ST,129151,2023-02-13T00:00:00Z,,DEPT. OF PUBLIC HEALTH,Resolved,2023-02-14T00:00:00Z,41.84676817856,-87.66850812646,POINT (-87.668508126456 41.846768178557)
601482512,Construction and Demolition,3628 N LINCOLN AVE,3628,,N,LINCOLN,AVE,379542,2023-12-14T00:00:00Z,"construction on the roof, tons of debris falling off the roof onto the sidewalk where there is no scaffolding. Part of the sidewalk covered, but construction and debris falling were unprotected. I was hit in head.",DEPT. OF PUBLIC HEALTH,Resolved,2023-12-15T00:00:00Z,41.9477884648,-87.67449180352,POINT (-87.67449180352 41.947788464804)
601374568,Noise Complaint,7410 N CLARK ST,7410,,N,CLARK,ST,417325,2023-06-12T00:00:00Z,WALGREENS HAS MOBILE CAMERA THAT IS VERY LOUD AND STATING IT IS RECORDING EVERY 20 MIN. MOBILE UNIT ON WHEEL WITH TOWER EXTENSION THAT HOLDS THE CAMERA,DEPT. OF PUBLIC HEALTH,Resolved,2023-06-12T00:00:00Z,42.0163284915,-87.67539826885,POINT (-87.675398268846 42.016328491503)
601379677,Noise Complaint,5900 N SHERIDAN RD,5900,,N,SHERIDAN,RD,129151,2023-06-17T00:00:00Z,,DEPT. OF PUBLIC HEALTH,Alleged violation not found,2023-06-20T00:00:00Z,41.98925038196,-87.65550674907,POINT (-87.655506749074 41.989250381963)
601305513,Asbestos Work Order,4919 W THOMAS ST,4919,,W,THOMAS,ST,379542,2023-02-13T00:00:00Z,,DEPT. OF PUBLIC HEALTH,Resolved,2023-02-14T00:00:00Z,41.90037273151,-87.74918580472,POINT (-87.749185804719 41.900372731509)
601329577,Construction and Demolition,230 S GREEN ST,230,,S,GREEN,ST,84397,2023-04-04T00:00:00Z,: Was walking by the construction site under the scaffolding while crews were working and rock or some sort of debris flew into my eyes.,DEPT. OF PUBLIC HEALTH,Resolved,2023-04-04T00:00:00Z,41.87823120372,-87.64856805066,POINT (-87.648568050662 41.878231203719)
601348026,Air Pollution Work Order,549 N ARTESIAN AVE,549,,N,ARTESIAN,AVE,417337,2023-05-02T00:00:00Z,,DEPT. OF PUBLIC HEALTH,Alleged violation not found,2023-05-03T00:00:00Z,41.89170122833,-87.68780515249,POINT (-87.687805152492 41.891701228331)
601411965,Air Pollution Work Order,871 N RUSH ST,871,,N,RUSH,ST,249349,2023-08-08T00:00:00Z,Extremely strong fumes making people sick. They plan to continue with more of the same.,DEPT. OF PUBLIC HEALTH,Alleged violation not found,2023-08-10T00:00:00Z,41.89871051609,-87.62638711683,POINT (-87.626387116834 41.898710516092)
601443498,Noise Complaint,375 W ERIE ST,375,,W,ERIE,ST,417325,2023-09-27T00:00:00Z,"&nbsp;from prior year complaints, condo building on the 400 block of W Ontario St., north side -- this is in the alley shared by that building and 375 W Erie St&nbsp;",DEPT. OF PUBLIC HEALTH,Resolved,2024-04-04T00:00:00Z,41.89382479703,-87.63845324407,POINT (-87.638453244068 41.893824797028)
601352421,Air Pollution Work Order,2103 W 18TH ST,2103,,W,18TH,ST,10937,2023-05-09T00:00:00Z,Residents are scraping air conditioners. Happens throughout the day. Release of Freon is harmful. Like to be anonymous as household has frequent gang members stopping in buying drugs/alcohol.&nbsp;,DEPT. OF PUBLIC HEALTH,Complaint Valid,2023-05-09T00:00:00Z,41.85752278142,-87.6785836478,POINT (-87.678583647805 41.857522781415)
601355427,Noise Complaint,4250 N MARINE DR,4250,,N,MARINE,DR,129151,2023-05-15T00:00:00Z,"This started May 9th, and it is a consistent, loud clanging noise from 9pm, well into the morning.",DEPT. OF PUBLIC HEALTH,Resolved,2023-05-15T00:00:00Z,41.96001995402,-87.64690602762,POINT (-87.646906027619 41.960019954019)
601483473,Air Pollution Work Order,4855 N RIDGEWAY AVE,4855,,N,RIDGEWAY,AVE,417337,2023-12-16T00:00:00Z,,DEPT. OF PUBLIC HEALTH,Refer to Building Dept,2023-12-18T00:00:00Z,41.96992947861,-87.72181544018,POINT (-87.721815440178 41.969929478608)
601413987,Noise Complaint,5522 W ROSCOE ST,5522,,W,ROSCOE,ST,129151,2023-08-13T00:00:00Z,,DEPT. OF PUBLIC HEALTH,Alleged violation not found,2023-08-14T00:00:00Z,41.94235669262,-87.76513662424,POINT (-87.765136624235 41.942356692617)
601483418,Air Pollution Work Order,1424 N DEARBORN ST,1424,,N,DEARBORN,ST,249349,2023-12-14T00:00:00Z,: Participant stated that a generator in the alley being used for private construction of St. Chrysostom's Episcopal is forcing smoke into his apartment (unable to open windows),DEPT. OF PUBLIC HEALTH,Resolved,2023-12-15T00:00:00Z,41.90854430699,-87.63027196973,POINT (-87.630271969727 41.908544306986)
601306023,Construction and Demolition,4927 N CLAREMONT AVE,4927,,N,CLAREMONT,AVE,3308,2023-02-14T00:00:00Z,,DEPT. OF PUBLIC HEALTH,Alleged violation founded,2023-02-15T00:00:00Z,41.9712736781,-87.68763610454,POINT (-87.687636104543 41.971273678098)
601418765,Air Pollution Work Order,1321 S SPAULDING AVE,1321,,S,SPAULDING,AVE,379542,2023-08-20T00:00:00Z,,DEPT. OF PUBLIC HEALTH,Resolved,2023-08-21T00:00:00Z,41.86386284493,-87.70788368144,POINT (-87.707883681437 41.863862844931)
601289986,Noise Complaint,5124 S KIMBARK AVE,5124,,S,KIMBARK,AVE,129151,2022-12-31T00:00:00Z,,DEPT. OF PUBLIC HEALTH,Resolved,2023-01-03T00:00:00Z,41.80156725484,-87.59521901677,POINT (-87.595219016773 41.801567254838)
601379679,Noise Complaint,5351 N BROADWAY,5351,,N,BROADWAY,,129151,2023-06-16T00:00:00Z,Noise (and vibration) can be heard (and felt) in nearby homes even when all windows and doors are shut. Can also be heard when outside on Magnolia (half block west of restaurant). Best guess is that it's Pearl's but could be above Pizza Aroma next door,DEPT. OF PUBLIC HEALTH,Alleged violation not found,2023-06-20T00:00:00Z,41.97965510468,-87.65981181141,POINT (-87.659811811406 41.97965510468)
601304551,Construction and Demolition,50 E BELLEVUE PL,50,,E,BELLEVUE,PL,379542,2023-02-08T00:00:00Z,,DEPT. OF PUBLIC HEALTH,Resolved,2023-02-10T00:00:00Z,41.90169772799,-87.62647281616,POINT (-87.626472816159 41.901697727994)
601365987,Noise Complaint,361 W CHESTNUT ST,361,,W,CHESTNUT,ST,129151,2023-05-30T00:00:00Z,,DEPT. OF PUBLIC HEALTH,Resolved,2023-05-31T00:00:00Z,41.89804115638,-87.63792798102,POINT (-87.637927981017 41.898041156379)
601467688,Construction and Demolition,4116 N CLARENDON AVE,4116,,N,CLARENDON,AVE,437489,2023-11-08T00:00:00Z,,DEPT. OF PUBLIC HEALTH,Alleged violation not found,2023-11-08T00:00:00Z,41.95619115785,-87.64989673365,POINT (-87.649896733646 41.956191157845)
601378478,Air Pollution Work Order,5333 N LARAMIE AVE,5333,,N,LARAMIE,AVE,417337,2023-06-15T00:00:00Z,"&nbsp;I regularly smell strong/noxious chemical emissions from the Apollo facility. Fumes are noticeable on weekdays &amp; weekends, at least between 8-10AM. Not an isolated incident-occurs regularly. The attached file indicates the location of emissions radius.&nbsp;",DEPT. OF PUBLIC HEALTH,Alleged violation not found,2023-06-16T00:00:00Z,41.9780211876,-87.75770341459,POINT (-87.757703414594 41.9780211876)
601428133,Service Stations/Storage Tanks Work Order,3820 S ARCHER AVE,3820,,S,ARCHER,AVE,426086,2023-09-01T00:00:00Z,the store worker pump the gas out the pump and it was green/caller spoke with manager and he said he will take care of him/now he states the gas was that color/gas is contaminated as per caller mechanic,DEPT. OF PUBLIC HEALTH,Refer to other Depts,2023-09-05T00:00:00Z,41.8241128537,-87.68813503587,POINT (-87.688135035871 41.824112853701)
601341502,Construction and Demolition,3816 W MARQUETTE RD,3816,,W,MARQUETTE,RD,13776,2023-04-23T00:00:00Z,,DEPT. OF PUBLIC HEALTH,Alleged violation unfounded,2023-04-25T00:00:00Z,41.77154800573,-87.71840718913,POINT (-87.718407189126 41.771548005731)
601332044,Noise Complaint,575 W MADISON ST,575,,W,MADISON,ST,417325,2023-04-06T00:00:00Z,FFC West loop (10 S Clinton St.),DEPT. OF PUBLIC HEALTH,Alleged violation not found,2023-04-07T00:00:00Z,41.88172856911,-87.64258560198,POINT (-87.64258560198 41.88172856911)
601413430,Air Pollution Work Order,4700 S RACINE AVE,4700,,S,RACINE,AVE,379542,2023-08-11T00:00:00Z,SOUTHWEST SIDE OF STREET,DEPT. OF PUBLIC HEALTH,Resolved,2023-08-11T00:00:00Z,41.8086878811,-87.65538677721,POINT (-87.655386777207 41.808687881101)
601469333,Construction and Demolition,5336 N GLENWOOD AVE,5336,,N,GLENWOOD,AVE,84397,2023-11-09T00:00:00Z,: Please make sure that this construction is up to code.,DEPT. OF PUBLIC HEALTH,Resolved,2023-11-13T00:00:00Z,41.97915523418,-87.66497678533,POINT (-87.664976785329 41.979155234177)
601369393,Air Pollution Work Order,1838 N LINCOLN PARK WEST,1838,,N,LINCOLN PARK WEST,,417337,2023-06-03T00:00:00Z,: Sand blasting the home no permit dust particles from the paint is flying all over,DEPT. OF PUBLIC HEALTH,Alleged violation unfounded,2023-06-05T00:00:00Z,41.91591113547,-87.63644835477,POINT (-87.636448354774 41.915911135472)
601388458,Construction and Demolition,6162 N MELVINA AVE,6162,,N,MELVINA,AVE,379542,2023-06-30T00:00:00Z,": A driveway was recently put in and the crew left the home in shambles. There are holes in the parkway, dirt piles, concrete pieces, all left on the property.&nbsp;",DEPT. OF PUBLIC HEALTH,Resolved,2023-07-03T00:00:00Z,41.99392695019,-87.7830150045,POINT (-87.783015004502 41.993926950189)
601413434,Noise Complaint,1441 W WEBSTER AVE,1441,,W,WEBSTER,AVE,417325,2023-08-11T00:00:00Z,"Formerly Barnes and Noble, in Webster place",DEPT. OF PUBLIC HEALTH,Alleged violation not found,2023-08-11T00:00:00Z,41.92150107412,-87.6648166202,POINT (-87.664816620202 41.921501074117)
601295637,Noise Complaint,936 E 47TH ST,936,,E,47TH,ST,129151,2023-01-13T00:00:00Z,&nbsp;WHITLING NOISE COMING FROM THE AIR CONDITIONER ON THE ROOFTOP 24 HOURS A DAY,DEPT. OF PUBLIC HEALTH,Resolved,2023-01-17T00:00:00Z,41.80969002221,-87.60239185431,POINT (-87.602391854305 41.809690022209)
601427977,Noise Complaint,1608 N WELLS ST,1608,,N,WELLS,ST,417325,2023-09-02T00:00:00Z,,DEPT. OF PUBLIC HEALTH,Alleged violation not found,2023-09-05T00:00:00Z,41.91143457807,-87.63486625309,POINT (-87.634866253086 41.911434578067)
601341568,Construction and Demolition,3559 S MAPLEWOOD AVE,3559,,S,MAPLEWOOD,AVE,84397,2023-04-21T00:00:00Z,Dragging mud into the alley and street from construction site&nbsp;,DEPT. OF PUBLIC HEALTH,Resolved,2023-04-24T00:00:00Z,41.8284779328,-87.6885217843,POINT (-87.688521784299 41.828477932797)
601315479,Asbestos Work Order,1825 E 72ND ST,1825,,E,72ND,ST,425726,2023-03-07T00:00:00Z,,DEPT. OF PUBLIC HEALTH,Resolved,2023-03-09T00:00:00Z,41.76418242455,-87.58025682262,POINT (-87.580256822619 41.764182424547)
601359906,Air Pollution Work Order,5351 S PEORIA ST,5351,,S,PEORIA,ST,10937,2023-05-21T00:00:00Z,Not sure what they are burning but it wakes my mother up with headaches and my daughter has asthma . Can't open window for fresh air because fumes are coming in,DEPT. OF PUBLIC HEALTH,Complaint Valid,2023-05-22T00:00:00Z,41.79634057591,-87.64752458851,POINT (-87.647524588513 41.796340575908)
601319270,Air Pollution Work Order,2017 E 103RD ST,2017,,E,103RD,ST,10937,2023-03-16T00:00:00Z,"Building may contain asbestos. Also water from the Calumet river is used&nbsp;Problem Description: Some gases/fumes causing headaches, dizziness and nausea. Also when rains water leaks in the building through the west wall which leaks onto wires inside the building. It may be mold/asbestos inside the building as well. The water used to cool the tracks is used from the Calumet River through some type of system with black tubing.&nbsp;",DEPT. OF PUBLIC HEALTH,Complaint Valid,2023-03-17T00:00:00Z,41.70783084244,-87.57535869853,POINT (-87.575358698527 41.707830842437)
601408319,Air Pollution Work Order,5544 W ARMSTRONG AVE,5544,,W,ARMSTRONG,AVE,417337,2023-08-02T00:00:00Z,": I emailed our community association rep, the alderwoman and the factory on 8/2/23.",DEPT. OF PUBLIC HEALTH,Alleged violation unfounded,2023-08-03T00:00:00Z,41.98451114635,-87.76671530345,POINT (-87.766715303447 41.984511146354)
601369392,Construction and Demolition,2006 N MOHAWK ST,2006,,N,MOHAWK,ST,3308,2023-06-04T00:00:00Z,"Demo of building nonstop on Sunday. Grinding, sawing, unsafe set up - no barriers for foot traffic to avoid dangerous equipment.",DEPT. OF PUBLIC HEALTH,Resolved,2023-06-05T00:00:00Z,41.91852744892,-87.64261124135,POINT (-87.642611241352 41.918527448917)
601318473,Noise Complaint,680 S FEDERAL ST,680,,S,FEDERAL,ST,417325,2023-03-15T00:00:00Z,: The equipment is running 24/7 and disturb my sleep. I can’t sleep well while the equipment is running. The equipment noise filtering into my unit is creating me stress and sleep disturbances; feeling tired and exhausted.,DEPT. OF PUBLIC HEALTH,Complaint Valid,2023-03-16T00:00:00Z,41.87341637357,-87.62977671782,POINT (-87.629776717815 41.873416373566)
601477793,Air Pollution Work Order,2912 W LAKE ST,2912,,W,LAKE,ST,10937,2023-12-01T00:00:00Z,: Occurred on November 29 and 30 in the middle of the day.,DEPT. OF PUBLIC HEALTH,Alleged violation not found,2023-12-04T00:00:00Z,41.88424309774,-87.69941907762,POINT (-87.69941907762 41.88424309774)
601483967,Air Pollution Work Order,4 E ELM ST,4,,E,ELM,ST,249349,2023-12-19T00:00:00Z,": Every Tuesday morning at around 10 AM, this building turns on a generator. The noise is loud, but the fumes you can feel inside nearby apartments and it causes headaches. It’s not normal. Come see for yourself!&nbsp;",DEPT. OF PUBLIC HEALTH,Complaint Valid,2023-12-20T00:00:00Z,41.9032960361,-87.62836710844,POINT (-87.628367108435 41.903296036103)
601290308,Air Pollution Work Order,2206 W BERTEAU AVE,2206,,W,BERTEAU,AVE,3308,2023-01-01T00:00:00Z,person in alley behind 4208 n leavitt was burning trash in the alley and continued after being asked to stop,DEPT. OF PUBLIC HEALTH,Resolved,2023-01-03T00:00:00Z,41.9578408397,-87.68403598158,POINT (-87.68403598158 41.957840839696)
601304606,Air Pollution Work Order,12026 S PRINCETON AVE,12026,,S,PRINCETON,AVE,249349,2023-02-09T00:00:00Z,PER CALLER- SHE HAS BEEN SMELLING A BAD CHEMICAL FOR YEARS AROUND HER HOUSE. THE SMELL IS REAL STRONG RIGHT NOW.,DEPT. OF PUBLIC HEALTH,Alleged violation not found,2023-02-10T00:00:00Z,41.67530488158,-87.62993788466,POINT (-87.629937884662 41.675304881579)
601476136,Construction and Demolition,1449 W HARRISON ST,1449,,W,HARRISON,ST,10937,2023-11-29T00:00:00Z,"&nbsp;INLINER SOLUTIONS IS CONTRSCTOR FOR INSTALLING SEWER LINING ON HARRISON, BETWEEN HALSTED TO ASHLAND. STRONG GLUE/ADHESIVE/SEWER ODORS INSIDE THE PROPERTIES ALL DAY AND STRONGER OUTSIDE THE PROPERTIES ALONG 1400 BLOCK OF W. HARRISON",DEPT. OF PUBLIC HEALTH,Complaint Valid,2023-11-29T00:00:00Z,41.87407798917,-87.66373670142,POINT (-87.663736701419 41.874077989173)
601473422,Vehicle Idling Work Order,3620 N MARSHFIELD AVE,3620,,N,MARSHFIELD,AVE,3308,2023-11-21T00:00:00Z,This trash collection truck sits and idles after picking trash up at 6:30am&nbsp;,DEPT. OF PUBLIC HEALTH,Alleged violation not found,2023-11-21T00:00:00Z,41.9476295252,-87.67024120013,POINT (-87.670241200131 41.947629525199)
601384303,Noise Complaint,1002 W DIVERSEY PKWY,1002,,W,DIVERSEY,PKWY,417325,2023-06-24T00:00:00Z,"I have reported this issue many times before, see below for refs. They continue to violate the noise ordinance, they have not fixed anything: SR22-01611612 SR22-01506563 SR22-01340743 SR22-01208055 SR22-01158657 SR21-01330367 SR21-00835245 SR20-04300663&nbsp;",DEPT. OF PUBLIC HEALTH,Alleged violation not found,2023-06-26T00:00:00Z,41.93274498377,-87.65400829765,POINT (-87.654008297647 41.93274498377)
601422531,Noise Complaint,3838 S PARNELL AVE,3838,,S,PARNELL,AVE,8386,2023-08-26T00:00:00Z,"Construction from 6am to 8pm everyday, including weekends, with no fence or permits and leaving nails/dangerous other things all over my own yard when I have a young daughter who can no longer even play in the yard now.",DEPT. OF PUBLIC HEALTH,Alleged violation not found,2023-08-28T00:00:00Z,41.82414798725,-87.64000270122,POINT (-87.640002701217 41.82414798725)
601404987,Air Pollution Work Order,3900 N LAKE SHORE DR,3900,,N,LAKE SHORE,DR,417337,2023-07-27T00:00:00Z,: caller said there is a foul odor on the block of 3900 S Lake Park.,DEPT. OF PUBLIC HEALTH,Refer to Building Dept,2023-07-28T00:00:00Z,41.95314076335,-87.64516294183,POINT (-87.64516294183 41.953140763347)
601434793,Air Pollution Work Order,2250 W 79TH ST,2250,,W,79TH,ST,249349,2023-09-13T00:00:00Z,There continues to be a lot of dust and run off from this dirt pile. You can see piles of dirt now on the sidewalk right outside of the property's boundary while there are no other piles of dirt on the sidewalk anywhere else on the sidewalk along 79th St,DEPT. OF PUBLIC HEALTH,Complaint Valid,2023-09-14T00:00:00Z,41.75024403422,-87.67998911172,POINT (-87.679989111723 41.750244034216)
601341590,Noise Complaint,620 S FEDERAL ST,620,,S,FEDERAL,ST,129151,2023-04-21T00:00:00Z,,DEPT. OF PUBLIC HEALTH,Resolved,2023-04-24T00:00:00Z,41.87420968083,-87.62980224335,POINT (-87.629802243353 41.874209680833)
601462042,Construction and Demolition,4444 S INDIANA AVE,4444,,S,INDIANA,AVE,8386,2023-10-27T00:00:00Z,&nbsp;Cutting concrete and sending debris into neighbors yard and creating alot of smoke,DEPT. OF PUBLIC HEALTH,Complaint Valid,2023-10-30T00:00:00Z,41.81338591071,-87.6214697937,POINT (-87.621469793704 41.813385910711)
601469335,Noise Complaint,6140 N MILWAUKEE AVE,6140,,N,MILWAUKEE,AVE,437489,2023-11-13T00:00:00Z,,DEPT. OF PUBLIC HEALTH,Resolved,2023-11-14T00:00:00Z,41.99315260825,-87.78408847912,POINT (-87.784088479115 41.99315260825)
601434081,Air Pollution Work Order,2055 W PERSHING RD,2055,,W,PERSHING,RD,417337,2023-09-13T00:00:00Z,,DEPT. OF PUBLIC HEALTH,Alleged violation not found,2023-09-15T00:00:00Z,41.82297276573,-87.67702220738,POINT (-87.677022207376 41.822972765727)
601412351,Air Pollution Work Order,4646 N AUSTIN AVE,4646,,N,AUSTIN,AVE,379542,2023-08-09T00:00:00Z,PER CALLER THIS PROJECT THEY HAVE GOING NOW IS NOT CONSIDERING THE RESIDENTS ARE INHALING THIS DUST MAKING IT HARD TO BREATH FROM WORK BEING DONE,DEPT. OF PUBLIC HEALTH,Resolved,2023-08-11T00:00:00Z,41.96534509266,-87.77732733939,POINT (-87.777327339385 41.965345092665)
601411066,Air Pollution Work Order,2940 W 36TH ST,2940,,W,36TH,ST,425726,2023-08-07T00:00:00Z,very dusty when it rains - the ground is muddy and dirty,DEPT. OF PUBLIC HEALTH,Resolved,2023-08-08T00:00:00Z,41.82829903887,-87.69877296802,POINT (-87.698772968018 41.828299038872)
601436288,Construction and Demolition,3458 W CHICAGO AVE,3458,,W,CHICAGO,AVE,249349,2023-09-15T00:00:00Z,SOMEONE IS CUTTING THE GRASS FROM THE STORE AND THEY ARE BLOWING TRASH AND PAPER AROUND IN THE NEIGHBOR AND ON THE VACANT LOT&nbsp;,DEPT. OF PUBLIC HEALTH,Refer to StreetsSanitation,2023-09-18T00:00:00Z,41.89559370298,-87.71381399406,POINT (-87.713813994063 41.895593702977)
601331028,Air Pollution Work Order,3604 S HERMITAGE AVE,3604,,S,HERMITAGE,AVE,249349,2023-04-05T00:00:00Z,Please check this neighborhood for the Smelling really bad yesterday night on 4/4/23&nbsp;,DEPT. OF PUBLIC HEALTH,Alleged violation not found,2023-04-06T00:00:00Z,41.82843424956,-87.66927316315,POINT (-87.669273163148 41.828434249562)
601370269,Air Pollution Work Order,6554 W HIGGINS AVE,6554,,W,HIGGINS,AVE,417337,2023-06-05T00:00:00Z,,DEPT. OF PUBLIC HEALTH,Alleged violation not found,2023-06-07T00:00:00Z,41.97781528882,-87.79222564111,POINT (-87.792225641112 41.977815288819)
601324911,Air Pollution Work Order,1845 W 47TH ST,1845,,W,47TH,ST,417337,2023-03-24T00:00:00Z,CHEMICAL SMELL COMING INTO CALLERS BLDG BELIEVES ITS FROM THIS BLDG,DEPT. OF PUBLIC HEALTH,Resolved,2023-03-28T00:00:00Z,41.8084292391,-87.67160502618,POINT (-87.671605026178 41.8084292391)
601357262,Noise Complaint,301 E NORTH WATER ST,301,,E,NORTH WATER,ST,129151,2023-05-17T00:00:00Z,Roof top air conditioning of the Sheraton hotel is consistently squealing. Especially if it is over 70 degrees. Not auditable at the street level but very loud if you live above the building.&nbsp;,DEPT. OF PUBLIC HEALTH,Alleged violation not found,2023-06-13T00:00:00Z,41.88945828011,-87.62036837643,POINT (-87.620368376429 41.889458280109)
601469603,Air Pollution Work Order,9706 S LONGWOOD DR,9706,,S,LONGWOOD,DR,13776,2023-11-13T00:00:00Z,"I think they are planning to demo this house. This is an old house. I am concerned that if demo is not done correctly, it may lead to lead dust. I am making this complaint to request the city verify that demo is done safely to ensure there is no lead dust&nbsp;",DEPT. OF PUBLIC HEALTH,Resolved,2023-11-14T00:00:00Z,41.71725845666,-87.66917658254,POINT (-87.669176582541 41.717258456658)
601439268,Air Pollution Work Order,2055 W PERSHING RD,2055,,W,PERSHING,RD,417337,2023-09-21T00:00:00Z,It has smelled terrible most mornings for the past 2 weeks at Mckinley park between 6am-7am. The asphalt plant is producing during those hours as I can see fumes coming out of the smoke stacks.,DEPT. OF PUBLIC HEALTH,Alleged violation not found,2023-09-22T00:00:00Z,41.82297276573,-87.67702220738,POINT (-87.677022207376 41.822972765727)
601351442,Air Pollution Work Order,200 E DELAWARE PL,200,,E,DELAWARE,PL,417337,2023-05-08T00:00:00Z,Working in the garage&nbsp;,DEPT. OF PUBLIC HEALTH,Alleged violation not found,2023-05-08T00:00:00Z,41.89935473944,-87.62179130193,POINT (-87.621791301926 41.899354739444)
601451043,Illegal Dumping Work Order,7134 S WABASH AVE,7134,,S,WABASH,AVE,13776,2023-10-09T00:00:00Z,,DEPT. OF PUBLIC HEALTH,Resolved,2023-10-10T00:00:00Z,41.76449211957,-87.62342437438,POINT (-87.623424374375 41.764492119568)
601453862,Water Pollution,4753 N WINTHROP AVE,4753,,N,WINTHROP,AVE,84397,2023-10-13T00:00:00Z,Aragon theater parking lot - large holes. Oil spilling from cars into ground,DEPT. OF PUBLIC HEALTH,Resolved,2023-10-16T00:00:00Z,41.96879125502,-87.65747734819,POINT (-87.657477348192 41.968791255018)
601335558,Construction and Demolition,1235 S PRAIRIE AVE,1235,,S,PRAIRIE,AVE,425726,2023-04-12T00:00:00Z,"Continuation of SR23-00554905 After idling for over an hour, truck parked and continued to idle for 20+ min while driver washed truck and ATE LUNCH, breaking idling law in Chicago (more pics available)",DEPT. OF PUBLIC HEALTH,Resolved,2023-04-13T00:00:00Z,41.86609525073,-87.6215020537,POINT (-87.621502053705 41.86609525073)
601437095,Noise Complaint,2332 W CHICAGO AVE,2332,,W,CHICAGO,AVE,129151,2023-09-19T00:00:00Z,,DEPT. OF PUBLIC HEALTH,Resolved,2023-09-19T00:00:00Z,41.89587123589,-87.6857370079,POINT (-87.685737007899 41.895871235895)
601411120,Construction and Demolition,4706 N MALDEN ST,4706,,N,MALDEN,ST,3308,2023-08-08T00:00:00Z,,DEPT. OF PUBLIC HEALTH,Alleged violation founded,2023-08-08T00:00:00Z,41.96740273661,-87.66284146012,POINT (-87.662841460115 41.967402736614)
601343144,Illegal Dumping Work Order,7533 S PEORIA ST,7533,,S,PEORIA,ST,8386,2023-04-25T00:00:00Z,a large black bag,DEPT. OF PUBLIC HEALTH,Complaint Valid,2023-04-26T00:00:00Z,41.75680779472,-87.64648090575,POINT (-87.646480905748 41.756807794715)
601294597,Air Pollution Work Order,2415 W LUNT AVE,2415,,W,LUNT,AVE,3308,2023-01-12T00:00:00Z,: Daryl Mitz is the owner of the apartment Unit 2E hired David Ramirez,DEPT. OF PUBLIC HEALTH,Resolved,2023-01-13T00:00:00Z,42.00853322692,-87.69079853023,POINT (-87.690798530233 42.008533226922)
601460277,Air Pollution Work Order,2239 N CLYBOURN AVE,2239,,N,CLYBOURN,AVE,379542,2023-10-24T00:00:00Z,,DEPT. OF PUBLIC HEALTH,Resolved,2023-10-26T00:00:00Z,41.92244497292,-87.66534126835,POINT (-87.665341268349 41.922444972918)
601417087,Noise Complaint,922 W EASTWOOD AVE,922,,W,EASTWOOD,AVE,417325,2023-08-16T00:00:00Z,Property management is Hunter properties that outsourced the construction company,DEPT. OF PUBLIC HEALTH,Alleged violation not found,2023-08-18T00:00:00Z,41.96650013973,-87.65367860364,POINT (-87.653678603635 41.966500139735)
601392049,Water Pollution,1857 N DAMEN AVE,1857,,N,DAMEN,AVE,3308,2023-07-07T00:00:00Z,"Oil and/or grease is spilled all through the bike lane, parking lane, and into the gutter. This caused at least one accident with a biker.",DEPT. OF PUBLIC HEALTH,Complaint Valid,2023-07-10T00:00:00Z,41.91538898283,-87.67742116303,POINT (-87.677421163027 41.915388982833)
601364134,Water Pollution,2466 N LAKEVIEW AVE,2466,,N,LAKEVIEW,AVE,3308,2023-05-25T00:00:00Z,,DEPT. OF PUBLIC HEALTH,Alleged violation not found,2023-05-26T00:00:00Z,41.92753761941,-87.63933372278,POINT (-87.63933372278 41.927537619408)
601476623,Construction and Demolition,2701 S HILLOCK AVE,2701,,S,HILLOCK,AVE,84397,2023-11-30T00:00:00Z,,DEPT. OF PUBLIC HEALTH,Resolved,2023-11-30T00:00:00Z,41.84457299923,-87.65762028636,POINT (-87.65762028636 41.844572999226)
601392061,Air Pollution Work Order,10933 S AVENUE H,10933,,S,AVENUE H,,10937,2023-07-08T00:00:00Z,thick truck exhaust burning oil/ the smell in the air/unsure of where this air pollution is coming from/ reoccurring problem that has been reported over 10 times/ the release of this issue occurs several times a week.,DEPT. OF PUBLIC HEALTH,Alleged violation not found,2023-07-10T00:00:00Z,41.69628321006,-87.53272122335,POINT (-87.532721223346 41.69628321006)
601428701,Air Pollution Work Order,4500 W 16TH ST,4500,,W,16TH,ST,10937,2023-09-06T00:00:00Z,,DEPT. OF PUBLIC HEALTH,Alleged violation not found,2023-09-08T00:00:00Z,41.85880200957,-87.73723779706,POINT (-87.737237797063 41.858802009571)
601483319,Air Pollution Work Order,2617 W CERMAK RD,2617,,W,CERMAK,RD,84397,2023-12-14T00:00:00Z,No business active on site. Work is being by landlord,DEPT. OF PUBLIC HEALTH,Resolved,2023-12-15T00:00:00Z,41.85184972306,-87.69127188154,POINT (-87.691271881535 41.851849723062)
601365500,Noise Complaint,3012 W 77TH ST,3012,,W,77TH,ST,417325,2023-05-30T00:00:00Z,,DEPT. OF PUBLIC HEALTH,Resolved,2024-09-19T00:00:00Z,41.75362919969,-87.69805996884,POINT (-87.69805996884 41.753629199691)
601329564,Noise Complaint,1501 W MELROSE ST,1501,,W,MELROSE,ST,129151,2023-04-04T00:00:00Z,,DEPT. OF PUBLIC HEALTH,Resolved,2023-04-06T00:00:00Z,41.94053115574,-87.66638260528,POINT (-87.666382605279 41.940531155736)
601302226,Noise Complaint,5787 N MILWAUKEE AVE,5787,,N,MILWAUKEE,AVE,417325,2023-02-05T00:00:00Z,: Caller reports that an inspector recently came out regarding the same issue and informed the caller that this business would shut off the coolers off at 8:00pm and then turn them back on at 9:00pm but the noise has still been ongoing&nbsp;,DEPT. OF PUBLIC HEALTH,Resolved,2023-02-06T00:00:00Z,41.98690552445,-87.77782278908,POINT (-87.77782278908 41.986905524452)
601379655,Air Pollution Work Order,7641 W EVERELL AVE,7641,,W,EVERELL,AVE,417337,2023-06-16T00:00:00Z,Fire pit burning black smoke and chemical smell. Burning various items .,DEPT. OF PUBLIC HEALTH,Resolved,2023-06-21T00:00:00Z,41.99234162793,-87.81802238255,POINT (-87.818022382554 41.992341627932)
601464419,Air Pollution Work Order,2500 S PAULINA ST,2500,,S,PAULINA,ST,129151,2023-11-01T00:00:00Z,,DEPT. OF PUBLIC HEALTH,Resolved,2023-11-02T00:00:00Z,41.84676817856,-87.66850812646,POINT (-87.668508126456 41.846768178557)
601427788,Noise Complaint,501 W SURF ST,501,,W,SURF,ST,417325,2023-09-04T00:00:00Z,This is my second request this summer. We can't use our outdoor space nor open our windows because the rooftop equipment sound is 24/7 and over 70 db. Multiple neighbors have complained. Our requests keep getting closed with no resolution. Thank you,DEPT. OF PUBLIC HEALTH,Complaint Valid,2023-09-05T00:00:00Z,41.93419516579,-87.64140393809,POINT (-87.641403938087 41.934195165792)
601434074,Construction and Demolition,2342 N LAWNDALE AVE,2342,,N,LAWNDALE,AVE,417337,2023-09-12T00:00:00Z,THE DEBRIS IS EVERYWHERE ON EVERY SURFACE WHEN YOU WALK IN IT IT LOOKS LIKE WET SNOW,DEPT. OF PUBLIC HEALTH,Alleged violation not found,2023-09-13T00:00:00Z,41.92402486059,-87.71956977288,POINT (-87.71956977288 41.924024860587)
601472478,Asbestos Work Order,3848 N HERMITAGE AVE,3848,,N,HERMITAGE,AVE,379542,2023-11-18T00:00:00Z,Third time puncturing through asbestos for venting and wiring on NORTH SIDE of house. Drilled through for wiring FRONT of house (asbestos behind vinyl siding)&nbsp;,DEPT. OF PUBLIC HEALTH,Resolved,2023-11-20T00:00:00Z,41.95204174229,-87.67273056179,POINT (-87.672730561787 41.95204174229)
601372916,Water Pollution,4250 N HERMITAGE AVE,4250,,N,HERMITAGE,AVE,8386,2023-06-08T00:00:00Z,Slate shingles falling off roof of the house into the park onto the area where children play. Urgent matter.&nbsp;,DEPT. OF PUBLIC HEALTH,Alleged violation not found,2023-06-09T00:00:00Z,41.95940620352,-87.67249547699,POINT (-87.672495476993 41.959406203522)
601359287,Asbestos Work Order,7501 S CICERO AVE,7501,,S,CICERO,AVE,425726,2023-05-19T00:00:00Z,Asbestos Tiles in back room floor. hazardous to worker’s safety.&nbsp;Back storage room of toy store. Asbestos tiles approx 250 sq ft. Hazardous to worker’s safety,DEPT. OF PUBLIC HEALTH,Resolved,2023-06-05T00:00:00Z,41.75642075125,-87.74145018746,POINT (-87.741450187461 41.756420751245)
601437103,Construction and Demolition,5224 W ROSCOE ST,5224,,W,ROSCOE,ST,84397,2023-09-18T00:00:00Z,,DEPT. OF PUBLIC HEALTH,Resolved,2023-09-19T00:00:00Z,41.94244765538,-87.75784626664,POINT (-87.757846266645 41.942447655377)
601470173,Noise Complaint,3827 N BROADWAY,3827,,N,BROADWAY,,437489,2023-11-14T00:00:00Z,,DEPT. OF PUBLIC HEALTH,Alleged violation not found,2023-11-22T00:00:00Z,41.95203320398,-87.64948410673,POINT (-87.649484106734 41.95203320398)
601442213,Air Pollution Work Order,8491 S BALTIMORE AVE,8491,,S,BALTIMORE,AVE,13776,2023-09-25T00:00:00Z,,DEPT. OF PUBLIC HEALTH,Alleged violation not found,2023-09-26T00:00:00Z,41.74133000436,-87.55058181897,POINT (-87.550581818968 41.74133000436)
601305470,Air Pollution Work Order,2739 S PRINCETON AVE,2739,,S,PRINCETON,AVE,3308,2023-02-13T00:00:00Z,,DEPT. OF PUBLIC HEALTH,Alleged violation not found,2023-02-14T00:00:00Z,41.8428397498,-87.63407370275,POINT (-87.634073702746 41.842839749804)
601335561,Noise Complaint,510 W BRIAR PL,510,,W,BRIAR,PL,417325,2023-04-12T00:00:00Z,"There is a very loud noise coming from an air compressor unit contained in this metal box which is on at all times of the day, every single day and is getting louder as time passes. I complained about this noise weeks ago and nothing was done to fix it.",DEPT. OF PUBLIC HEALTH,Complaint Valid,2023-04-13T00:00:00Z,41.93882607533,-87.64247858094,POINT (-87.642478580941 41.938826075331)
601412354,Air Pollution Work Order,2001 S HALSTED ST,2001,,S,HALSTED,ST,249349,2023-08-10T00:00:00Z,"The construction site is creating intense fumes and strong chemical odor spanning the surrounding blocks. It's intensity is coming into my home, I cannot open my windows, and I drove past it and fumes filled my car&nbsp;",DEPT. OF PUBLIC HEALTH,Complaint Valid,2023-08-10T00:00:00Z,41.8553196384,-87.64642466049,POINT (-87.646424660488 41.855319638399)
601483960,Construction and Demolition,2101 N LINCOLN PARK WEST,2101,,N,LINCOLN PARK WEST,,379542,2023-12-19T00:00:00Z,"The demo crew is using the debris chute irresponsibly with debris flying across the alley, out of the fenced area and dumpster. This includes chunks of concrete up to 5"" in diameter, no oversight. This isn't the first complaint on unsafe practices.N/A Condo Building under construction",DEPT. OF PUBLIC HEALTH,Resolved,2023-12-20T00:00:00Z,41.92027012356,-87.63625863397,POINT (-87.636258633972 41.92027012356)
601415977,Noise Complaint,5101 S MULLIGAN AVE,5101,,S,MULLIGAN,AVE,129151,2023-08-16T00:00:00Z,target distribution center,DEPT. OF PUBLIC HEALTH,Alleged violation not found,2023-08-16T00:00:00Z,41.79960071741,-87.78066353835,POINT (-87.780663538348 41.799600717414)
601483318,Service Stations/Storage Tanks Work Order,2617 W CERMAK RD,2617,,W,CERMAK,RD,84397,2023-12-14T00:00:00Z,"No active business, potential criminal chop shop as cars are being worked on inside the building in evening",DEPT. OF PUBLIC HEALTH,Resolved,2023-12-15T00:00:00Z,41.85184972306,-87.69127188154,POINT (-87.691271881535 41.851849723062)
601386387,Air Pollution Work Order,9854 S MANISTEE AVE,9854,,S,MANISTEE,AVE,10937,2023-06-28T00:00:00Z,,DEPT. OF PUBLIC HEALTH,Alleged violation not found,2023-06-30T00:00:00Z,41.71563986982,-87.55664295845,POINT (-87.556642958447 41.715639869817)
601401090,Construction and Demolition,5240 N SHERIDAN RD,5240,,N,SHERIDAN,RD,3308,2023-07-23T00:00:00Z,"Resident access to laundry facilities, freight elevator with expired permit, back door, trash receptacles.Construction materials, appliances",DEPT. OF PUBLIC HEALTH,Alleged violation not found,2023-07-24T00:00:00Z,41.97761879137,-87.65516892794,POINT (-87.655168927943 41.977618791373)
601299486,Construction and Demolition,2132 W FOSTER AVE,2132,,W,FOSTER,AVE,3308,2023-01-26T00:00:00Z,,DEPT. OF PUBLIC HEALTH,Alleged violation not found,2023-01-27T00:00:00Z,41.97608769082,-87.68318478594,POINT (-87.683184785944 41.976087690821)
601388468,Air Pollution Work Order,1106 W LAWRENCE AVE,1106,,W,LAWRENCE,AVE,417337,2023-07-01T00:00:00Z,this business has diesel trucks idling for hours at a time outside of the business&nbsp;,DEPT. OF PUBLIC HEALTH,Resolved,2023-07-03T00:00:00Z,41.9691578966,-87.65793578029,POINT (-87.657935780292 41.969157896598)
601452271,Vehicle Idling Work Order,833 N DEARBORN ST,833,,N,DEARBORN,ST,3308,2023-10-12T00:00:00Z,Construction truck with a Crane dropping off construction materials and truck left running for over 30 minutes.,DEPT. OF PUBLIC HEALTH,Alleged violation not found,2023-10-12T00:00:00Z,41.89768467573,-87.62965933313,POINT (-87.62965933313 41.897684675729)
601411954,Air Pollution Work Order,913 W SCHOOL ST,913,,W,SCHOOL,ST,417337,2023-08-08T00:00:00Z,The trucks driving are creating tons of dust. No water trucks in sight,DEPT. OF PUBLIC HEALTH,Alleged violation not found,2023-08-10T00:00:00Z,41.9416509277,-87.65272230773,POINT (-87.652722307726 41.941650927702)
601413994,Illegal Dumping Work Order,932 W 59TH ST,932,,W,59TH,ST,8386,2023-08-14T00:00:00Z,,DEPT. OF PUBLIC HEALTH,Alleged violation not found,2023-08-14T00:00:00Z,41.78708326277,-87.64868064245,POINT (-87.64868064245 41.787083262767)
601364122,Air Pollution Work Order,13733 S AVENUE O,13733,,S,AVENUE O,,13776,2023-05-24T00:00:00Z,,DEPT. OF PUBLIC HEALTH,Alleged violation not found,2023-05-26T00:00:00Z,41.64552840531,-87.53988783071,POINT (-87.539887830708 41.645528405312)
601357284,Noise Complaint,1511 S TRUMBULL AVE,1511,,S,TRUMBULL,AVE,417325,2023-05-17T00:00:00Z,,DEPT. OF PUBLIC HEALTH,Resolved,2023-05-18T00:00:00Z,41.86047063674,-87.71144593062,POINT (-87.711445930616 41.860470636739)
601366257,Illegal Dumping Work Order,9000 S WOODLAWN AVE,9000,,S,WOODLAWN,AVE,13776,2023-05-31T00:00:00Z,"The complainant alleged racoons, coyotes, and wild animals have deposited feces at the site and that there is a gold speckled dirt pile of an unknown material. The earthwork is causing fugitive dust to blow into the residential area. The complainant is concerned about getting cancer. The site is located adjacent to Finkl Steel.",DEPT. OF PUBLIC HEALTH,Resolved,2023-05-31T00:00:00Z,41.73122749996,-87.59513954439,POINT (-87.595139544387 41.731227499955)
601392053,Construction and Demolition,1844 N MAUD AVE,1844,,N,MAUD,AVE,84397,2023-07-08T00:00:00Z,"As usual, the site is disgusting and there are rats crawling around at dawn and dusk. No clean up has been done at all since most recent ticket. Site may actually be messier. No respect for city officials or neighborhood. Zero effort made.",DEPT. OF PUBLIC HEALTH,Resolved,2023-07-23T00:00:00Z,41.91508403763,-87.65400012647,POINT (-87.654000126467 41.915084037629)
601353230,Illegal Dumping Work Order,6237 S MARSHFIELD AVE,6237,,S,MARSHFIELD,AVE,84397,2023-05-09T00:00:00Z,"REQUEST FOR VACANT LOTS AT 6237, 6339, 6240 S MARSHFIELD CALLER HAS FOOTAGE OF TRUCK THAT PULLED AWAY (WHITE DUMP TRUCK/ NORTH SHORE TRUCK &amp; EQUIPMENT/ LAKE BLUFF, ILLINOIS/ PH# 847-887-0200/ POSSIBLE LP# 51927 )",DEPT. OF PUBLIC HEALTH,Resolved,2023-05-10T00:00:00Z,41.78015679364,-87.66529883107,POINT (-87.66529883107 41.780156793643)
601319256,Asbestos Work Order,4250 N MARINE DR,4250,,N,MARINE,DR,379542,2023-03-16T00:00:00Z,"abatement by elevators on all floors, thinks they aren’t doing it correctly",DEPT. OF PUBLIC HEALTH,Resolved,2023-03-17T00:00:00Z,41.96001995402,-87.64690602762,POINT (-87.646906027619 41.960019954019)
601466060,Air Pollution Work Order,2701 E 100TH ST,2701,,E,100TH,ST,10937,2023-11-05T00:00:00Z,PULLMAN INNOVATIONS DUMPING UNKNOWN PRODUCTS INTO THE SEWER THE ODOR IS EMITTING THROUGHOUT THE AREA,DEPT. OF PUBLIC HEALTH,Alleged violation not found,2023-11-07T00:00:00Z,41.71324291275,-87.55803846898,POINT (-87.558038468978 41.713242912752)
601378495,Noise Complaint,501 W SURF ST,501,,W,SURF,ST,417325,2023-06-15T00:00:00Z,"Hi, I previously communicated the issue in May and was told to contact 311 again if the noise got louder and it's been 30 days. The noise seems louder and it's been 30 days and no improvements.",DEPT. OF PUBLIC HEALTH,Complaint Valid,2023-06-16T00:00:00Z,41.93419516579,-87.64140393809,POINT (-87.641403938087 41.934195165792)
601460921,Air Pollution Work Order,880 N LAKE SHORE DR,880,,N,LAKE SHORE,DR,84397,2023-10-25T00:00:00Z,"REFER TO SR23-01618035; SR23-01481618 CALLER HAS BEEN COMPAINING REPEATEDLY ABOUT DUST AND DEBRIS FOR MONTHS, AND NO ONE HAS YET TO INVESTIGATE THIS ISSUE",DEPT. OF PUBLIC HEALTH,Refer to Building Dept,2023-10-26T00:00:00Z,41.89889244075,-87.61863541013,POINT (-87.618635410134 41.898892440748)
601302205,Air Pollution Work Order,1031 W MONROE ST,1031,,W,MONROE,ST,10937,2023-02-04T00:00:00Z,"Sorry I’m not sure where the smell is coming from, but it is all over the neighborhood and smells almost electrical.",DEPT. OF PUBLIC HEALTH,Alleged violation not found,2023-02-06T00:00:00Z,41.88028047446,-87.6532123041,POINT (-87.653212304105 41.880280474463)
601408320,Construction and Demolition,5257 N BROADWAY,5257,,N,BROADWAY,,3308,2023-08-02T00:00:00Z,DCS Midwest on behalf of the Chicago Transit Authority,DEPT. OF PUBLIC HEALTH,Alleged violation not found,2023-08-03T00:00:00Z,41.97799823272,-87.65976704243,POINT (-87.65976704243 41.977998232716)
601401117,Noise Complaint,4322 W SUMMERDALE AVE,4322,,W,SUMMERDALE,AVE,129151,2023-07-22T00:00:00Z,Electric generator noise before 8am on weekend,DEPT. OF PUBLIC HEALTH,Resolved,2023-07-24T00:00:00Z,41.97851485688,-87.73632143575,POINT (-87.736321435749 41.978514856875)
601426214,Air Pollution Work Order,5325 S MILLARD AVE,5325,,S,MILLARD,AVE,417337,2023-08-30T00:00:00Z,Smell is persistent chemical fruity odor,DEPT. OF PUBLIC HEALTH,Alleged violation not found,2023-08-31T00:00:00Z,41.79623618807,-87.7145161265,POINT (-87.714516126504 41.796236188071)
601469251,Air Pollution Work Order,4620 S LAKE PARK AVE,4620,,S,LAKE PARK,AVE,8386,2023-11-09T00:00:00Z,,DEPT. OF PUBLIC HEALTH,Alleged violation not found,2023-11-03T00:00:00Z,41.81092068822,-87.5940999662,POINT (-87.594099966197 41.810920688223)
601446539,Air Pollution Work Order,692 N MILWAUKEE AVE,692,,N,MILWAUKEE,AVE,8386,2023-10-03T00:00:00Z,&nbsp;Saw cutting without dust control on cinderblocks on Milwaukee across from Morgan. See picture,DEPT. OF PUBLIC HEALTH,Alleged violation not found,2023-10-03T00:00:00Z,41.89419357501,-87.65246469362,POINT (-87.652464693622 41.89419357501)
601375406,Noise Complaint,717 S WELLS ST,717,,S,WELLS,ST,417325,2023-06-13T00:00:00Z,,DEPT. OF PUBLIC HEALTH,Complaint Valid,2023-06-13T00:00:00Z,41.87296747272,-87.63344780864,POINT (-87.633447808641 41.872967472716)
601420077,Toxics Hazardous Materials Work Order,857 N HOYNE AVE,857,,N,HOYNE,AVE,3308,2023-08-21T00:00:00Z,DRUM IS BY A SCHOOL AND CAN WE PEASE PICK UP ASAP THANKS,DEPT. OF PUBLIC HEALTH,Complaint Valid,2023-08-22T00:00:00Z,41.89758477973,-87.67940206203,POINT (-87.679402062032 41.897584779733)
601476905,Air Pollution Work Order,5035 N LINCOLN AVE,5035,,N,LINCOLN,AVE,3308,2023-11-30T00:00:00Z,,DEPT. OF PUBLIC HEALTH,Resolved,2023-12-01T00:00:00Z,41.97279319332,-87.69109190722,POINT (-87.69109190722 41.97279319332)
601429889,Construction and Demolition,444 W FULLERTON PKWY,444,,W,FULLERTON,PKWY,417325,2023-09-06T00:00:00Z,: Complaints of extreme noise.,DEPT. OF PUBLIC HEALTH,Alleged violation not found,2023-09-12T00:00:00Z,41.92568726351,-87.64095823959,POINT (-87.640958239588 41.925687263511)
601375378,Noise Complaint,3537 S EMERALD AVE,3537,,S,EMERALD,AVE,129151,2023-06-12T00:00:00Z,So far the noise has been continuing on for 20 minutes. This is not the first time that this has occurred. Some kind of motor that has been on continuously doing work.,DEPT. OF PUBLIC HEALTH,Resolved,2023-06-13T00:00:00Z,41.82965589245,-87.64471562348,POINT (-87.644715623477 41.829655892445)
601327011,Air Pollution Work Order,5856 W IRVING PARK RD,5856,,W,IRVING PARK,RD,249349,2023-03-29T00:00:00Z,"Business is parking several huge semi trucks in the parking lot which is right by the residential area. They are not within city allowed limits when it comes to the space from the residential buildings , alleys and crosswalks. Smell of diesel fuel daily",DEPT. OF PUBLIC HEALTH,Alleged violation not found,2023-03-30T00:00:00Z,41.95319894602,-87.77419833452,POINT (-87.774198334518 41.95319894602)
601389614,Air Pollution Work Order,647 N KEDZIE AVE,647,,N,KEDZIE,AVE,425726,2023-07-06T00:00:00Z,Respondent company is allegedly burning rubber tires and other trash at night after closing time.&nbsp;,DEPT. OF PUBLIC HEALTH,Resolved,2023-07-06T00:00:00Z,41.89329504912,-87.70634087716,POINT (-87.706340877164 41.89329504912)
601306591,Air Pollution Work Order,3923 N KEELER AVE,3923,,N,KEELER,AVE,379542,2023-02-15T00:00:00Z,"Neighbors burning recreational fire using landscape waste severe enough that my home is full of smoke and residents are coughing, choking, and dizzy&nbsp;",DEPT. OF PUBLIC HEALTH,Resolved,2023-02-17T00:00:00Z,41.95249645607,-87.73229432177,POINT (-87.732294321766 41.952496456065)
601305523,Air Pollution Work Order,9929 S EXCHANGE AVE,9929,,S,EXCHANGE,AVE,10937,2023-02-12T00:00:00Z,,DEPT. OF PUBLIC HEALTH,Complaint Valid,2023-02-14T00:00:00Z,41.71455993871,-87.55219710544,POINT (-87.552197105435 41.714559938708)
601417530,Construction and Demolition,300 S DAMEN AVE,300,,S,DAMEN,AVE,3308,2023-08-18T00:00:00Z,,DEPT. OF PUBLIC HEALTH,Resolved,2023-08-18T00:00:00Z,41.87741283757,-87.6766908959,POINT (-87.676690895903 41.877412837573)
601479171,Noise Complaint,1858 W CHICAGO AVE,1858,,W,CHICAGO,AVE,129151,2023-12-06T00:00:00Z,"Altar Home (hasn’t opened yet, new construction)",DEPT. OF PUBLIC HEALTH,Resolved,2023-12-06T00:00:00Z,41.89606256365,-87.67449253059,POINT (-87.674492530589 41.896062563645)
601346012,Noise Complaint,600 S FEDERAL ST,600,,S,FEDERAL,ST,129151,2023-04-28T00:00:00Z,been continuously breaking noise ordinance from my perspective. The noise became even worse after I moved in in 2019. They are a commercial data center with many chiller units on the roof. They run 24/7. If I open my windows it sounds like there is an air,DEPT. OF PUBLIC HEALTH,Resolved,2023-05-01T00:00:00Z,41.87447214941,-87.62981321502,POINT (-87.629813215024 41.874472149412)
601292868,Construction and Demolition,3836 N KEELER AVE,3836,,N,KEELER,AVE,425726,2023-01-08T00:00:00Z,,DEPT. OF PUBLIC HEALTH,Resolved,2023-01-09T00:00:00Z,41.95107277129,-87.73254531073,POINT (-87.732545310733 41.951072771293)
601421193,Illegal Dumping Work Order,4825 N KEDZIE AVE,4825,,N,KEDZIE,AVE,3308,2023-08-22T00:00:00Z,,DEPT. OF PUBLIC HEALTH,Alleged violation not found,2023-08-22T00:00:00Z,41.96922338495,-87.70835313233,POINT (-87.708353132326 41.969223384954)
601333203,Noise Complaint,301 E NORTH WATER ST,301,,E,NORTH WATER,ST,129151,2023-04-08T00:00:00Z,: Sheraton grand’s rooftop HVAC units are screeching every 35 seconds on warm days. Started again this spring for the past couple weeks when it gets warm. Wish their engineering team would regularly check these units.,DEPT. OF PUBLIC HEALTH,Resolved,2023-03-27T00:00:00Z,41.88945828011,-87.62036837643,POINT (-87.620368376429 41.889458280109)
601457513,Noise Complaint,5838 N SHERIDAN RD,5838,,N,SHERIDAN,RD,437489,2023-10-17T00:00:00Z,"&nbsp;This device should be fully enclosed or encased in brick, the decibel level is far higher than legally allowed",DEPT. OF PUBLIC HEALTH,Alleged violation not found,2023-10-19T00:00:00Z,41.98846809034,-87.6554850125,POINT (-87.655485012499 41.988468090343)
601388462,Air Pollution Work Order,5335 S DORCHESTER AVE,5335,,S,DORCHESTER,AVE,249349,2023-06-30T00:00:00Z,"It's a fire pit, inside the little parking lot, that is used very often and the smoke directs towards the windows of the nearby building #5330. Mostly now during these days of high pollution it should be avoided at all costs. Neighbors do not understand.",DEPT. OF PUBLIC HEALTH,Alleged violation not found,2023-07-05T00:00:00Z,41.79842076489,-87.59161079206,POINT (-87.591610792059 41.798420764889)
601413993,Air Pollution Work Order,9618 S HALSTED ST,9618,,S,HALSTED,ST,10937,2023-08-12T00:00:00Z,,DEPT. OF PUBLIC HEALTH,Alleged violation not found,2023-08-14T00:00:00Z,41.71876915925,-87.64328606877,POINT (-87.643286068767 41.718769159248)
601436593,Illegal Dumping Work Order,2037 W COULTER ST,2037,,W,COULTER,ST,84397,2023-09-17T00:00:00Z,FROM 2029 TO 2039; CALLER STATES SOMEONE DUMPED WHAT APPEARS TO BE RAW SEWAGE,DEPT. OF PUBLIC HEALTH,Resolved,2023-09-18T00:00:00Z,41.84883744309,-87.67705380005,POINT (-87.677053800048 41.848837443091)
601406064,Illegal Dumping Work Order,320 W ILLINOIS ST,320,,W,ILLINOIS,ST,379542,2023-07-28T00:00:00Z,,DEPT. OF PUBLIC HEALTH,Resolved,2023-07-31T00:00:00Z,41.89086143749,-87.63650371615,POINT (-87.636503716146 41.890861437495)
601405001,Noise Complaint,55 E PEARSON ST,55,,E,PEARSON,ST,417325,2023-07-27T00:00:00Z,Noise level of 72-75 decibels caused by ventilation fans on buildings around The Clare retirement home,DEPT. OF PUBLIC HEALTH,Complaint Valid,2023-07-31T00:00:00Z,41.89743819505,-87.62602037434,POINT (-87.626020374337 41.897438195052)
601329904,Noise Complaint,3000 N LAMON AVE,3000,,N,LAMON,AVE,129151,2023-04-04T00:00:00Z,Sounds like something is wrong with the electric transformer. Goes off randomly throughout the day everyday for weeks now. Its a very loud low frequency buzzing noise. I hear it inside my home all the time,DEPT. OF PUBLIC HEALTH,Resolved,2023-04-06T00:00:00Z,41.93519171277,-87.74934220659,POINT (-87.749342206585 41.935191712773)
601469885,Noise Complaint,2332 W CHICAGO AVE,2332,,W,CHICAGO,AVE,437489,2023-11-14T00:00:00Z,,DEPT. OF PUBLIC HEALTH,Alleged violation not found,2023-11-14T00:00:00Z,41.89587123589,-87.6857370079,POINT (-87.685737007899 41.895871235895)
601319096,Air Pollution Work Order,2701 E 100TH ST,2701,,E,100TH,ST,10937,2023-03-15T00:00:00Z,: TERRIBLE SULUR AND FLESH SMELL COMING FROM A COMPANY NEAR BY STATES CALLER,DEPT. OF PUBLIC HEALTH,Alleged violation founded,2023-03-16T00:00:00Z,41.71324291275,-87.55803846898,POINT (-87.558038468978 41.713242912752)
601421929,Construction and Demolition,67 E ADAMS ST,67,,E,ADAMS,ST,3308,2023-08-25T00:00:00Z,Track out all over alley and roadway. Needs to be cleaned and have them cease such a mess.,DEPT. OF PUBLIC HEALTH,Resolved,2023-08-25T00:00:00Z,41.87943076811,-87.62520148768,POINT (-87.625201487685 41.879430768105)
601406024,Air Pollution Work Order,4606 S ALBANY AVE,4606,,S,ALBANY,AVE,10937,2023-07-29T00:00:00Z,,DEPT. OF PUBLIC HEALTH,Alleged violation not found,2023-07-31T00:00:00Z,41.80971595553,-87.70173038401,POINT (-87.701730384009 41.809715955527)
601453869,Air Pollution Work Order,850 N LAKE SHORE DR,850,,N,LAKE SHORE,DR,417337,2023-10-13T00:00:00Z,,DEPT. OF PUBLIC HEALTH,Alleged violation not found,2023-10-13T00:00:00Z,41.89810585291,-87.61809721568,POINT (-87.618097215676 41.898105852915)
601359291,Construction and Demolition,5725 W BYRON ST,5725,,W,BYRON,ST,84397,2023-05-18T00:00:00Z,,DEPT. OF PUBLIC HEALTH,Resolved,2023-05-19T00:00:00Z,41.95118128484,-87.77041044396,POINT (-87.770410443959 41.951181284836)
601437947,Construction and Demolition,3203 N MOBILE AVE,3203,,N,MOBILE,AVE,84397,2023-09-20T00:00:00Z,dropping construction debris from roof on to the floor. not wearing hard hats. starting work at 7am. using leaf blower to get debris off roof,DEPT. OF PUBLIC HEALTH,Resolved,2023-09-20T00:00:00Z,41.93846173268,-87.78336224846,POINT (-87.783362248463 41.938461732685)
601451528,Toxics Hazardous Materials Work Order,5435 S LONG AVE,5435,,S,LONG,AVE,84397,2023-10-10T00:00:00Z,5435 South Long Residentail street oil from a Ford Car,DEPT. OF PUBLIC HEALTH,Resolved,2023-10-11T00:00:00Z,41.79357497421,-87.75729363997,POINT (-87.757293639971 41.793574974207)
601436595,Air Pollution Work Order,1606 S ASHLAND AVE,1606,,S,ASHLAND,AVE,84397,2023-09-16T00:00:00Z,&nbsp;The construction company again is turning on there machines and moving them around since 7am. Some dust was visible.&nbsp;,DEPT. OF PUBLIC HEALTH,Resolved,2023-09-18T00:00:00Z,41.85937195328,-87.66633941999,POINT (-87.666339419991 41.859371953282)
601453863,Air Pollution Work Order,5626 W 63RD PL,5626,,W,63RD,PL,249349,2023-10-13T00:00:00Z,,DEPT. OF PUBLIC HEALTH,Referred to another agency,2023-10-13T00:00:00Z,41.77724341185,-87.76280218104,POINT (-87.762802181043 41.777243411854)
601473424,Construction and Demolition,1533 W FRY ST,1533,,W,FRY,ST,417337,2023-11-20T00:00:00Z,": BACP REFERRAL FROM ORIGINAL SR23-02003697: No sign or license - Other - Construction company doing work without posted permit, cutting cement without water, starts work before 8 am - Residential - Monday|Tuesday|Wednesday|Thursday|Friday&nbsp;",DEPT. OF PUBLIC HEALTH,Complaint Valid,2023-11-21T00:00:00Z,41.89683194525,-87.66622954921,POINT (-87.666229549205 41.896831945247)
601417866,Construction and Demolition,6171 N SHERIDAN RD,6171,,N,SHERIDAN,RD,417337,2023-08-17T00:00:00Z,Noxious fumes are being emitted from side of building construction and entering my unit. I have asthma and am struggling to breath because of the ongoing construction on this building.&nbsp;Granville Beach Condominiums,DEPT. OF PUBLIC HEALTH,Resolved,2023-08-18T00:00:00Z,41.99432935762,-87.65537017687,POINT (-87.655370176867 41.994329357624)
601362173,Air Pollution Work Order,6446 S KARLOV AVE,6446,,S,KARLOV,AVE,10937,2023-05-24T00:00:00Z,left windows open and woke up to a rotten egg smell in my neighbor,DEPT. OF PUBLIC HEALTH,Alleged violation not found,2023-05-24T00:00:00Z,41.7754106335,-87.72526274784,POINT (-87.725262747838 41.775410633505)
601290002,Construction and Demolition,1503 N TALMAN AVE,1503,,N,TALMAN,AVE,10937,2023-01-02T00:00:00Z,construction material on the front lawn and fencing not secure,DEPT. OF PUBLIC HEALTH,Resolved,2023-01-03T00:00:00Z,41.90857960121,-87.69313701352,POINT (-87.69313701352 41.90857960121)
601415558,Noise Complaint,2020 W HARRISON ST,2020,,W,HARRISON,ST,129151,2023-08-14T00:00:00Z,,DEPT. OF PUBLIC HEALTH,Refer to other Depts,2023-08-15T00:00:00Z,41.87413819027,-87.67727182872,POINT (-87.677271828719 41.874138190275)
601432431,Noise Complaint,2713 N CLARK ST,2713,,N,CLARK,ST,417325,2023-09-09T00:00:00Z,"Maybe coming from CrossRoads, or the white building next door (now a delivery pick up place that used to be Domicile)&nbsp;",DEPT. OF PUBLIC HEALTH,Alleged violation not found,2023-09-13T00:00:00Z,41.93174866389,-87.64435548326,POINT (-87.644355483259 41.931748663889)
601368957,Air Pollution Work Order,2259 W DIVERSEY AVE,2259,,W,DIVERSEY,AVE,417337,2023-06-01T00:00:00Z,,DEPT. OF PUBLIC HEALTH,Alleged violation unfounded,2023-06-02T00:00:00Z,41.93209178642,-87.68517341408,POINT (-87.685173414084 41.932091786421)
601474376,Vehicle Idling Work Order,6453 W HIGGINS AVE,6453,,W,HIGGINS,AVE,3308,2023-11-26T00:00:00Z,,DEPT. OF PUBLIC HEALTH,Alleged violation not found,2023-11-27T00:00:00Z,41.97680953249,-87.78985402726,POINT (-87.789854027261 41.97680953249)
601379659,Illegal Dumping Work Order,6200 S WHIPPLE ST,6200,,S,WHIPPLE,ST,84397,2023-06-19T00:00:00Z,GUY IS CONSTANTLY DUMPING CARPET AND TRASH INTO THE SEWER/ SEWER IS COMPLETELY FILLED TO THE TOP WITH TRASH,DEPT. OF PUBLIC HEALTH,Resolved,2023-06-20T00:00:00Z,41.78075127657,-87.69967721527,POINT (-87.699677215272 41.780751276567)
601384301,Air Pollution Work Order,1855 N FRANCISCO AVE,1855,,N,FRANCISCO,AVE,3308,2023-06-23T00:00:00Z,Caller states neighbor is burning old furniture in back yard; creating smoke and really foul odor.,DEPT. OF PUBLIC HEALTH,Alleged violation not found,2023-06-26T00:00:00Z,41.91546463852,-87.69909888838,POINT (-87.699098888377 41.915464638518)
601483478,Air Pollution Work Order,13733 S AVENUE O,13733,,S,AVENUE O,,13776,2023-12-15T00:00:00Z,**CALLER HAVE VIDEO**,DEPT. OF PUBLIC HEALTH,Alleged violation not found,2023-12-18T00:00:00Z,41.64552840531,-87.53988783071,POINT (-87.539887830708 41.645528405312)
601384740,Air Pollution Work Order,3119 W 83RD ST,3119,,W,83RD,ST,249349,2023-06-26T00:00:00Z,,DEPT. OF PUBLIC HEALTH,Alleged violation not found,2023-06-27T00:00:00Z,41.74242068657,-87.70015590031,POINT (-87.700155900305 41.742420686573)
601383030,Air Pollution Work Order,10728 S CENTRAL PARK AVE,10728,,S,CENTRAL PARK,AVE,13776,2023-06-22T00:00:00Z,,DEPT. OF PUBLIC HEALTH,Refer to Dept of Environment,2023-07-17T00:00:00Z,41.69790665688,-87.71096775099,POINT (-87.710967750994 41.697906656875)
601440752,Noise Complaint,5838 N SHERIDAN RD,5838,,N,SHERIDAN,RD,417325,2023-09-21T00:00:00Z,"There is a banging sound that is coming from their rooftop. The last time was last week and it lasted about 3 days of constant banging every 30 minutes or so for all three days, morning, noon and night. It is happening again after they failed to fix it the last time. We are not able to sleep or concentrate, you can hear the banging down the entire block. It is causing a lot of stress and lack of sleep.",DEPT. OF PUBLIC HEALTH,Resolved,2023-09-22T00:00:00Z,41.98846809034,-87.6554850125,POINT (-87.655485012499 41.988468090343)
601428122,Construction and Demolition,5404 N PAULINA ST,5404,,N,PAULINA,ST,379542,2023-09-02T00:00:00Z,&nbsp;Construction has been happening at this building for three weeks while construction debris and garbage continue to pile up. This pile is over 10ft high. The construction crew also Parks illegally all over the neighborhood creating pedestrian issues.,DEPT. OF PUBLIC HEALTH,Resolved,2023-09-05T00:00:00Z,41.97995593159,-87.67232087765,POINT (-87.672320877647 41.979955931591)
601314447,Air Pollution Work Order,2033 W PERSHING RD,2033,,W,PERSHING,RD,425726,2023-03-05T00:00:00Z,,DEPT. OF PUBLIC HEALTH,Resolved,2023-03-07T00:00:00Z,41.82298056906,-87.67634351908,POINT (-87.676343519079 41.822980569065)
601397347,Air Pollution Work Order,5406 N LIEB AVE,5406,,N,LIEB,AVE,84397,2023-07-18T00:00:00Z,,DEPT. OF PUBLIC HEALTH,Resolved,2023-07-18T00:00:00Z,41.97872596797,-87.7611347629,POINT (-87.761134762904 41.97872596797)
601473427,Noise Complaint,441 E ERIE ST,441,,E,ERIE,ST,417325,2023-11-20T00:00:00Z,VIBRATING COMING FROM ONTOP OF THE CALLERS APT FLOOR 59 INDUSTRIAL FAN WHICH IS VERY LOUD AND ALSO MAKE THE APT WALLS VIBRATE PER CALLER THIS IS ONGOING 2 MONTHS NOW/ PER TENANT SPOKE WITH MGMT AND WAS TOLD THEY ARE WORKING ON THE ISSUE NO DATE WHEN THEY WILL BE DONE/TENANT CONSIDERING MOVING OUT GROUP FOX WAS HIRED BY ELLEN TINSLEY MGR OF BLDDG,DEPT. OF PUBLIC HEALTH,Alleged violation not found,2023-11-21T00:00:00Z,41.89416115508,-87.61620201268,POINT (-87.616202012684 41.89416115508)
601369045,Construction and Demolition,4342 S SPAULDING AVE,4342,,S,SPAULDING,AVE,84397,2023-06-02T00:00:00Z,"Car maintenance and repair running in the garage, involved alcohol and broken bottles in the alleyDon't know, usually car stop in front of unfinished garage and the one next to it",DEPT. OF PUBLIC HEALTH,Resolved,2023-06-05T00:00:00Z,41.81412359945,-87.70680748084,POINT (-87.706807480841 41.814123599453)
601472519,Air Pollution Work Order,3823 S HALSTED ST,3823,,S,HALSTED,ST,10937,2023-11-18T00:00:00Z,: I have video evidence of the business running the north exhaust fans on Saturday November 18th. The business is closed on Saturday and Sunday’s.,DEPT. OF PUBLIC HEALTH,Complaint Valid,2023-11-20T00:00:00Z,41.82455722208,-87.6458152846,POINT (-87.645815284595 41.824557222083)
601398648,Noise Complaint,2020 N LINCOLN PARK WEST,2020,,N,LINCOLN PARK WEST,,417325,2023-07-19T00:00:00Z,,DEPT. OF PUBLIC HEALTH,Alleged violation not found,2023-07-20T00:00:00Z,41.91935710062,-87.63653408082,POINT (-87.636534080818 41.919357100617)
601372924,Noise Complaint,1220 N STATE PKWY,1220,,N,STATE,PKWY,417325,2023-06-08T00:00:00Z,"I have been disturbed, because there is a big fan blowing continuously, 24h/d, under my window. It's better during the day, but on quiet nights it's really a constant noise that can't be eliminated. I attached two photos, indicating where is the BIG fan.&nbsp;",DEPT. OF PUBLIC HEALTH,Alleged violation not found,2023-06-09T00:00:00Z,41.90453204063,-87.6288461495,POINT (-87.628846149503 41.904532040635)
601435267,Illegal Dumping Work Order,5449 S NATCHEZ AVE,5449,,S,NATCHEZ,AVE,8386,2023-09-15T00:00:00Z,,DEPT. OF PUBLIC HEALTH,Alleged violation founded,2023-09-15T00:00:00Z,41.79273572307,-87.78411887806,POINT (-87.784118878059 41.79273572307)
601312500,Air Pollution Work Order,1336 W HURON ST,1336,,W,HURON,ST,249349,2023-03-01T00:00:00Z,,DEPT. OF PUBLIC HEALTH,Refer to Building Dept,2023-03-02T00:00:00Z,41.89445844282,-87.66105549,POINT (-87.66105549 41.894458442823)
601291961,Air Pollution Work Order,2145 N SHEFFIELD AVE,2145,,N,SHEFFIELD,AVE,425726,2023-01-05T00:00:00Z,: Major dust has been blown onto 2145 N Sheffield from the roof replacement at 2143 N Sheffield. The crew is going to need to power wash to handle the problem.,DEPT. OF PUBLIC HEALTH,Resolved,2023-01-06T00:00:00Z,41.92125547739,-87.6533270251,POINT (-87.653327025097 41.921255477394)
601397344,Air Pollution Work Order,2450 N ST LOUIS AVE,2450,,N,ST LOUIS,AVE,3308,2023-07-18T00:00:00Z,CHEMICAL TOXIC ODOR COMING FROM 2ND FLOOR UNIT,DEPT. OF PUBLIC HEALTH,Alleged violation not found,2023-07-18T00:00:00Z,41.92612674913,-87.71473582739,POINT (-87.714735827394 41.926126749126)
601384703,Construction and Demolition,8357 S HALSTED ST,8357,,S,HALSTED,ST,84397,2023-06-27T00:00:00Z,Construction site is sloppy. They do not clean up. Debris overflowing from construction dumpster. Please issue citation. There have been previous complaints.,DEPT. OF PUBLIC HEALTH,Resolved,2023-06-27T00:00:00Z,41.74167982979,-87.643635558,POINT (-87.643635558 41.741679829794)
601451484,Noise Complaint,1636 N WELLS ST,1636,,N,WELLS,ST,129151,2023-10-07T00:00:00Z,&nbsp;This air conditioning unit is right next to our condo in the back alley and belongs to Americana towers condominium building. It makes a buzzing sound constantly and also makes a loud banging noise every 15 seconds,DEPT. OF PUBLIC HEALTH,Resolved,2023-10-11T00:00:00Z,41.91225443136,-87.63489113535,POINT (-87.634891135355 41.912254431363)
601308152,Air Pollution Work Order,3501 S PULASKI RD,3501,,S,PULASKI,RD,10937,2023-02-19T00:00:00Z,,DEPT. OF PUBLIC HEALTH,Alleged violation not found,2023-02-21T00:00:00Z,41.83022704248,-87.72405845974,POINT (-87.724058459741 41.83022704248)
601413940,Noise Complaint,3657 N PINE GROVE AVE,3657,,N,PINE GROVE,AVE,417325,2023-08-11T00:00:00Z,,DEPT. OF PUBLIC HEALTH,Resolved,2023-08-14T00:00:00Z,41.9495254815,-87.64635856002,POINT (-87.646358560019 41.949525481496)
601372251,Air Pollution Work Order,1643 W SUPERIOR ST,1643,,W,SUPERIOR,ST,249349,2023-06-07T00:00:00Z,,DEPT. OF PUBLIC HEALTH,Alleged violation founded,2023-06-08T00:00:00Z,41.89501971188,-87.66896691615,POINT (-87.668966916155 41.895019711881)
601444577,Air Pollution Work Order,4131 S STATE ST,4131,,S,STATE,ST,10937,2023-09-28T00:00:00Z,,DEPT. OF PUBLIC HEALTH,Alleged violation not found,2023-09-29T00:00:00Z,41.81915540051,-87.62619556448,POINT (-87.626195564476 41.819155400508)
601335471,Air Pollution Work Order,5835 W BELMONT AVE,5835,,W,BELMONT,AVE,3308,2023-04-13T00:00:00Z,: they are using a generator gas fumes,DEPT. OF PUBLIC HEALTH,Resolved,2023-04-13T00:00:00Z,41.93838253938,-87.77277684841,POINT (-87.772776848408 41.938382539376)
601334582,Noise Complaint,1164 N DEARBORN ST,1164,,N,DEARBORN,ST,129151,2023-04-12T00:00:00Z,&nbsp;THE NOISE ON THE ROOFTOP IS ALL-DAY AND NIGHT. THERE IS NO PEACE,DEPT. OF PUBLIC HEALTH,Resolved,2023-04-12T00:00:00Z,41.90381316794,-87.63012985114,POINT (-87.630129851143 41.903813167942)
601434799,Noise Complaint,1141 N RICHMOND ST,1141,,N,RICHMOND,ST,417325,2023-09-13T00:00:00Z,,DEPT. OF PUBLIC HEALTH,Resolved,2023-09-14T00:00:00Z,41.90233591568,-87.70040456553,POINT (-87.700404565529 41.902335915677)
601427988,Noise Complaint,2211 N MILWAUKEE AVE,2211,,N,MILWAUKEE,AVE,129151,2023-09-01T00:00:00Z,,DEPT. OF PUBLIC HEALTH,Resolved,2023-09-05T00:00:00Z,41.92107615756,-87.69413785909,POINT (-87.694137859093 41.921076157561)
601356435,Air Pollution Work Order,3934 N OAK PARK AVE,3934,,N,OAK PARK,AVE,417337,2023-05-15T00:00:00Z,,DEPT. OF PUBLIC HEALTH,Refer to StreetsSanitation,2023-05-16T00:00:00Z,41.95202974586,-87.79639187282,POINT (-87.796391872818 41.95202974586)
601407293,Air Pollution Work Order,2122 N MAPLEWOOD AVE,2122,,N,MAPLEWOOD,AVE,417337,2023-08-02T00:00:00Z,: THE CALLER STATED THAT IT SMELL LIKE GAS&nbsp;,DEPT. OF PUBLIC HEALTH,Alleged violation unfounded,2023-08-02T00:00:00Z,41.91999509833,-87.69149955367,POINT (-87.691499553669 41.919995098331)
601458709,Water Pollution,3851 N ORIOLE AVE,3851,,N,ORIOLE,AVE,3308,2023-10-22T00:00:00Z,"License plate CY22797 Illinois plate, tan Chevy Malibu&nbsp;Oil spills into sewer, major spills by vehicle parked on the street and sewer right under it",DEPT. OF PUBLIC HEALTH,Complaint Valid,2023-10-23T00:00:00Z,41.95000996126,-87.81682470384,POINT (-87.81682470384 41.950009961258)
601361171,Air Pollution Work Order,4341 W NORTH AVE,4341,,W,NORTH,AVE,417337,2023-05-22T00:00:00Z,,DEPT. OF PUBLIC HEALTH,Resolved,2023-05-23T00:00:00Z,41.90965549975,-87.73562175209,POINT (-87.735621752091 41.909655499755)
601298982,Construction and Demolition,2742 W ALTGELD ST,2742,,W,ALTGELD,ST,379542,2023-01-25T00:00:00Z,PER CALLER- CONSTRUCTION SITE IS HAS BEEN LEFT UNLOCKED. CHILDREN COMING BY CONCERNED THEY WILL BE HURT.&nbsp;,DEPT. OF PUBLIC HEALTH,Resolved,2023-01-26T00:00:00Z,41.926746552,-87.69678455052,POINT (-87.696784550517 41.926746551997)
601437094,Vehicle Idling Work Order,2225 W MONTROSE AVE,2225,,W,MONTROSE,AVE,3308,2023-09-19T00:00:00Z,Caller believes that this is a commercial vehicle that transports cooking oil. Truck was idling of caller's listed address,DEPT. OF PUBLIC HEALTH,Alleged violation not found,2023-09-19T00:00:00Z,41.9612573538,-87.68489473806,POINT (-87.684894738058 41.961257353801)
601383066,Noise Complaint,519 W SURF ST,519,,W,SURF,ST,417325,2023-06-22T00:00:00Z,,DEPT. OF PUBLIC HEALTH,Alleged violation not found,2023-07-24T00:00:00Z,41.93417953357,-87.6422803761,POINT (-87.642280376099 41.934179533566)
601396088,Noise Complaint,4322 W SUMMERDALE AVE,4322,,W,SUMMERDALE,AVE,417325,2023-07-16T00:00:00Z,,DEPT. OF PUBLIC HEALTH,Alleged violation not found,2023-07-18T00:00:00Z,41.97851485688,-87.73632143575,POINT (-87.736321435749 41.978514856875)
601359301,Noise Complaint,1444 W CHICAGO AVE,1444,,W,CHICAGO,AVE,84397,2023-05-18T00:00:00Z,,DEPT. OF PUBLIC HEALTH,Resolved,2023-05-22T00:00:00Z,41.89623106473,-87.66422034267,POINT (-87.664220342673 41.896231064728)
601365373,Noise Complaint,1355 E 93RD ST,1355,,E,93RD,ST,13776,2023-05-27T00:00:00Z,,DEPT. OF PUBLIC HEALTH,Alleged violation not found,2023-05-30T00:00:00Z,41.72580773793,-87.59071954121,POINT (-87.590719541211 41.725807737931)
601426360,Noise Complaint,501 W SURF ST,501,,W,SURF,ST,417325,2023-08-30T00:00:00Z,Noise is constant at ~70dBA throughout the night while on my deck and when my bedroom windows are open.,DEPT. OF PUBLIC HEALTH,Complaint Valid,2023-08-31T00:00:00Z,41.93419516579,-87.64140393809,POINT (-87.641403938087 41.934195165792)
601479783,Air Pollution Work Order,5123 W DEMING PL,5123,,W,DEMING,PL,3308,2023-12-07T00:00:00Z,Dumping catch basin water into rear alley. Strong smell of sewer water.,DEPT. OF PUBLIC HEALTH,Resolved,2023-12-07T00:00:00Z,41.92678327202,-87.75474667274,POINT (-87.75474667274 41.926783272022)
601291190,Construction and Demolition,30 W CHICAGO AVE,30,,W,CHICAGO,AVE,425726,2023-01-04T00:00:00Z,,DEPT. OF PUBLIC HEALTH,Resolved,2023-01-06T00:00:00Z,41.8967697344,-87.62944835451,POINT (-87.629448354514 41.896769734399)
601372092,Noise Complaint,5023 W GRAND AVE,5023,,W,GRAND,AVE,3308,2023-06-07T00:00:00Z,Owner has no permit and is working on cars all day and night ussing loud equipment to remove paint from cars,DEPT. OF PUBLIC HEALTH,Resolved,2023-06-08T00:00:00Z,41.91615572496,-87.75197553614,POINT (-87.751975536142 41.916155724958)
601454712,Air Pollution Work Order,1632 N NATOMA AVE,1632,,N,NATOMA,AVE,417337,2023-10-14T00:00:00Z,,DEPT. OF PUBLIC HEALTH,Alleged violation not found,2023-10-16T00:00:00Z,41.91006018382,-87.79129580942,POINT (-87.791295809422 41.910060183823)
601310336,Noise Complaint,2112 W PETERSON AVE,2112,,W,PETERSON,AVE,417325,2023-02-23T00:00:00Z,,DEPT. OF PUBLIC HEALTH,Alleged violation not found,2023-02-27T00:00:00Z,41.99072921796,-87.6829794536,POINT (-87.682979453599 41.990729217961)
601308172,Air Pollution Work Order,6040 N KILPATRICK AVE,6040,,N,KILPATRICK,AVE,3308,2023-02-20T00:00:00Z,,DEPT. OF PUBLIC HEALTH,Resolved,2023-02-21T00:00:00Z,41.99117332317,-87.74599136728,POINT (-87.74599136728 41.991173323165)
601467689,Toxics Hazardous Materials Work Order,1148 W 72ND ST,1148,,W,72ND,ST,13776,2023-11-07T00:00:00Z,PROPANE TANK OUTSIDE OF THE CALLERS UNIT,DEPT. OF PUBLIC HEALTH,Alleged violation not found,2023-11-08T00:00:00Z,41.7633541583,-87.65359164819,POINT (-87.653591648194 41.763354158302)
601463719,Air Pollution Work Order,2219 W NORTH AVE,2219,,W,NORTH,AVE,379542,2023-10-31T00:00:00Z,,DEPT. OF PUBLIC HEALTH,Resolved,2023-11-03T00:00:00Z,41.91027141097,-87.68322655202,POINT (-87.683226552019 41.910271410965)
601359912,Noise Complaint,4855 N KEDZIE AVE,4855,,N,KEDZIE,AVE,417325,2023-05-19T00:00:00Z,: What appears to be an air conditioner unit located on the roof of the building (Above Antepli restaurant) has had it's cover removed/open for weeks and the noise is extremely loud at all hours of the day and night.,DEPT. OF PUBLIC HEALTH,Alleged violation not found,2023-05-22T00:00:00Z,41.97007007753,-87.70837605643,POINT (-87.708376056426 41.970070077533)
601384302,Asbestos Work Order,1463 W GREGORY ST,1463,,W,GREGORY,ST,379542,2023-06-25T00:00:00Z,Asbestos remediation was requested several months ago. No response,DEPT. OF PUBLIC HEALTH,Resolved,2023-06-26T00:00:00Z,41.98246417952,-87.667360422,POINT (-87.667360422002 41.982464179519)
601471174,Illegal Dumping Work Order,6850 W 63RD ST,6850,,W,63RD,ST,3308,2023-11-15T00:00:00Z,,DEPT. OF PUBLIC HEALTH,Complaint Valid,2023-11-15T00:00:00Z,41.7775860758,-87.79300750599,POINT (-87.793007505988 41.777586075804)
601308139,Construction and Demolition,1317 N WESTERN AVE,1317,,N,WESTERN,AVE,84397,2023-02-20T00:00:00Z,,DEPT. OF PUBLIC HEALTH,Resolved,2023-02-21T00:00:00Z,41.90538855379,-87.68694340359,POINT (-87.686943403595 41.90538855379)
601384727,Air Pollution Work Order,3123 W 83RD ST,3123,,W,83RD,ST,249349,2023-06-26T00:00:00Z,A STRONG BLEACH SMELL FROM OUTSIDE&nbsp;,DEPT. OF PUBLIC HEALTH,Alleged violation not found,2023-06-27T00:00:00Z,41.74241791808,-87.70029271389,POINT (-87.700292713886 41.742417918077)
601478424,Construction and Demolition,6312 S CHAMPLAIN AVE,6312,,S,CHAMPLAIN,AVE,84397,2023-12-04T00:00:00Z,PER CALLER- THE CONSTRUCTION SITE IS FULL OF DEBRIS ALL AROUND THE FRONT AND BACK OF THE PROPERTY.,DEPT. OF PUBLIC HEALTH,Resolved,2023-12-05T00:00:00Z,41.77991612149,-87.60971668021,POINT (-87.609716680215 41.779916121493)
601323938,Air Pollution Work Order,4831 N ASHLAND AVE,4831,,N,ASHLAND,AVE,249349,2023-03-23T00:00:00Z,auto mechanic shops and also a building construction site near by,DEPT. OF PUBLIC HEALTH,Alleged violation not found,2023-03-24T00:00:00Z,41.96984797978,-87.66931856006,POINT (-87.669318560056 41.969847979784)
601356425,Air Pollution Work Order,5002 S JUSTINE ST,5002,,S,JUSTINE,ST,10937,2023-05-16T00:00:00Z,: EXHAUST FUMES,DEPT. OF PUBLIC HEALTH,Alleged violation not found,2023-05-16T00:00:00Z,41.80300511094,-87.66375068063,POINT (-87.663750680632 41.803005110943)
601309850,Asbestos Work Order,2217 W OAKDALE AVE,2217,,W,OAKDALE,AVE,379542,2023-02-22T00:00:00Z,Referred by Mario/ken b for suspected acm,DEPT. OF PUBLIC HEALTH,Resolved,2023-02-23T00:00:00Z,41.93484291432,-87.68380976456,POINT (-87.683809764557 41.934842914322)
601396084,Air Pollution Work Order,7606 W TOUHY AVE,7606,,W,TOUHY,AVE,10937,2023-07-16T00:00:00Z,: Caller states there is a strong smell of paint coming from this business due to them painting cars.,DEPT. OF PUBLIC HEALTH,Alleged violation not found,2023-07-17T00:00:00Z,42.01155814158,-87.81671822991,POINT (-87.816718229907 42.011558141579)
601482522,Air Pollution Work Order,2055 W PERSHING RD,2055,,W,PERSHING,RD,417337,2023-12-14T00:00:00Z,,DEPT. OF PUBLIC HEALTH,Alleged violation founded,2023-12-14T00:00:00Z,41.82297276573,-87.67702220738,POINT (-87.677022207376 41.822972765727)
601290003,Air Pollution Work Order,1503 N TALMAN AVE,1503,,N,TALMAN,AVE,10937,2023-01-02T00:00:00Z,,DEPT. OF PUBLIC HEALTH,Resolved,2023-01-03T00:00:00Z,41.90857960121,-87.69313701352,POINT (-87.69313701352 41.90857960121)
601462084,Noise Complaint,5954 N WINTHROP AVE,5954,,N,WINTHROP,AVE,437489,2023-10-27T00:00:00Z,,DEPT. OF PUBLIC HEALTH,Alleged violation not found,2023-10-31T00:00:00Z,41.99063879265,-87.65837996443,POINT (-87.658379964434 41.990638792649)
601295638,Illegal Dumping Work Order,1219 S AVERS AVE,1219,,S,AVERS,AVE,425726,2023-01-13T00:00:00Z,,DEPT. OF PUBLIC HEALTH,Resolved,2023-01-18T00:00:00Z,41.86560284104,-87.72135039022,POINT (-87.721350390222 41.865602841036)
601361134,Construction and Demolition,1342 N CICERO AVE,1342,,N,CICERO,AVE,84397,2023-05-22T00:00:00Z,,DEPT. OF PUBLIC HEALTH,Resolved,2023-05-23T00:00:00Z,41.90539745434,-87.74617742826,POINT (-87.746177428256 41.90539745434)
601407311,Air Pollution Work Order,1901 W 21ST PL,1901,,W,21ST,PL,84397,2023-08-02T00:00:00Z,Illinois license plate 143469 F DT444R Altec truck owned by CDOT Engine idling for 15+ minutes causing significant visible and smelly emissions in an environmental justice neighborhood,DEPT. OF PUBLIC HEALTH,Resolved,2023-08-02T00:00:00Z,41.85301683236,-87.67353674859,POINT (-87.673536748594 41.853016832358)
601385894,Construction and Demolition,3022 S KEELER AVE,3022,,S,KEELER,AVE,379542,2023-06-27T00:00:00Z,"the foundation looks like a pool, theres no fence around the site and they are damaging the neighbors property nexxt door at 3024 s keeler",DEPT. OF PUBLIC HEALTH,Resolved,2023-07-11T00:00:00Z,41.83794518286,-87.72938869723,POINT (-87.72938869723 41.837945182856)
601365145,Noise Complaint,701 W DIVERSEY PKWY,701,,W,DIVERSEY,PKWY,3308,2023-05-30T00:00:00Z,,DEPT. OF PUBLIC HEALTH,Alleged violation not found,2023-05-30T00:00:00Z,41.93265500408,-87.6467146385,POINT (-87.646714638498 41.932655004077)
601473953,Vehicle Idling Work Order,7620 S CHAPPEL AVE,7620,,S,CHAPPEL,AVE,10937,2023-11-22T00:00:00Z,,DEPT. OF PUBLIC HEALTH,Alleged violation not found,2023-11-24T00:00:00Z,41.75641738957,-87.57501377873,POINT (-87.575013778733 41.75641738957)
601482525,Construction and Demolition,1101 W KINZIE ST,1101,,W,KINZIE,ST,3308,2023-12-13T00:00:00Z,": No air filter or water being used in demolition process. Particles going into air from dust, people breathing in asbestos.",DEPT. OF PUBLIC HEALTH,Alleged violation not found,2023-12-15T00:00:00Z,41.88886831025,-87.65462575869,POINT (-87.654625758693 41.888868310247)
601448541,Construction and Demolition,2000 S DESPLAINES ST,2000,,S,DESPLAINES,ST,10937,2023-10-04T00:00:00Z,Creating lots of dust,DEPT. OF PUBLIC HEALTH,Resolved,2023-10-05T00:00:00Z,41.85530205415,-87.64291135441,POINT (-87.642911354415 41.855302054151)
601390695,Construction and Demolition,3127 N CLYBOURN AVE,3127,,N,CLYBOURN,AVE,3308,2023-07-06T00:00:00Z,,DEPT. OF PUBLIC HEALTH,Alleged violation not found,2023-07-07T00:00:00Z,41.93835830228,-87.68631561156,POINT (-87.686315611555 41.938358302277)
601358312,Noise Complaint,8156 W FOREST PRESERVE AVE,8156,,W,FOREST PRESERVE,AVE,129151,2023-05-17T00:00:00Z,&nbsp;Enter your email address. No unknown phone! No limited entry space! My email: ds@narmer.pl&nbsp;&nbsp;Between buildings 8156 and 8164 Forest Preserve Ave. Now they've turned it off. Right after my last one is you. Interesting. Apparently you are in contact with them by phone. Enter your email address. No unknown phone! No limited entry space!,DEPT. OF PUBLIC HEALTH,Resolved,2023-05-18T00:00:00Z,41.94260953292,-87.83093049204,POINT (-87.830930492038 41.942609532923)
601296255,Air Pollution Work Order,4525 S CHAMPLAIN AVE,4525,,S,CHAMPLAIN,AVE,84397,2023-01-17T00:00:00Z,,DEPT. OF PUBLIC HEALTH,Refer to Building Dept,2023-01-18T00:00:00Z,41.81235784883,-87.60974742086,POINT (-87.609747420863 41.812357848835)
601426217,Construction and Demolition,5000 N CLARK ST,5000,,N,CLARK,ST,3308,2023-08-30T00:00:00Z,,DEPT. OF PUBLIC HEALTH,Alleged violation not found,2023-08-31T00:00:00Z,41.97257178768,-87.66806681542,POINT (-87.66806681542 41.972571787681)
601455131,Air Pollution Work Order,5744 W AINSLIE ST,5744,,W,AINSLIE,ST,417337,2023-10-16T00:00:00Z,This owner works on cars at night with engine revving and running for hours at a time.,DEPT. OF PUBLIC HEALTH,Alleged violation not found,2023-10-17T00:00:00Z,41.96965032259,-87.77194136933,POINT (-87.771941369327 41.969650322588)
601452262,Air Pollution Work Order,2500 S PAULINA ST,2500,,S,PAULINA,ST,417337,2023-10-11T00:00:00Z,BACP REFERRAL FROM ORIGINAL SR23-01663725: SIMS MANAGEMENT - Other - TOO MUCH SMOKE IS COMING FROM FACTORY. - Commercial - Wednesday - FACTORY HOURS,DEPT. OF PUBLIC HEALTH,Resolved,2023-10-12T00:00:00Z,41.84676817856,-87.66850812646,POINT (-87.668508126456 41.846768178557)
601351361,Noise Complaint,3227 N CLARK ST,3227,,N,CLARK,ST,129151,2023-05-05T00:00:00Z,The hood/vent makes a loud whistling noise nonstop,DEPT. OF PUBLIC HEALTH,Resolved,2023-05-09T00:00:00Z,41.94073017467,-87.65113414673,POINT (-87.65113414673 41.940730174672)
601440764,Noise Complaint,4652 N SHERIDAN RD,4652,,N,SHERIDAN,RD,417325,2023-09-23T00:00:00Z,: Industrial fan is incredibly loud and shakes the floors in my apartment and has made wall mounted shelving fall down. Please help!,DEPT. OF PUBLIC HEALTH,Alleged violation not found,2023-09-26T00:00:00Z,41.96703976288,-87.65494521476,POINT (-87.65494521476 41.967039762881)
601338613,Air Pollution Work Order,4736 N WINTHROP AVE,4736,,N,WINTHROP,AVE,379542,2023-04-18T00:00:00Z,"***CTA CONDUCTING DEMOLISHING OF EL TRACKS, DUST FLYING, RESIDENT CONCERNED HIS SOIL MAY BE CONTAMINATED WITH LEAD A RESULT***",DEPT. OF PUBLIC HEALTH,Resolved,2023-04-19T00:00:00Z,41.9683353531,-87.65776719787,POINT (-87.657767197871 41.968335353099)
601427777,Construction and Demolition,1216 W THORNDALE AVE,1216,,W,THORNDALE,AVE,8386,2023-09-04T00:00:00Z,"Construction crews placed a port-a-potty on this site while I stalling fiber-optic cable in the area. The construction is finished, but the toilet remains. Vandals have now tipped it over. It needs to be removed.",DEPT. OF PUBLIC HEALTH,Alleged violation not found,2023-09-05T00:00:00Z,41.99009372554,-87.66104492305,POINT (-87.661044923052 41.990093725536)
601354572,Illegal Dumping Work Order,421 W CERMAK RD,421,,W,CERMAK,RD,425726,2023-05-11T00:00:00Z,,DEPT. OF PUBLIC HEALTH,Resolved,2023-05-11T00:00:00Z,41.85269008581,-87.63781164956,POINT (-87.637811649562 41.852690085812)
601294579,Illegal Dumping Work Order,1542 N LONG AVE,1542,,N,LONG,AVE,8386,2023-01-13T00:00:00Z,,DEPT. OF PUBLIC HEALTH,Alleged violation not found,2023-01-13T00:00:00Z,41.90889132866,-87.7610596946,POINT (-87.761059694597 41.908891328661)
601471805,Illegal Dumping Work Order,10826 S CALHOUN AVE,10826,,S,CALHOUN,AVE,13776,2023-11-16T00:00:00Z,"&nbsp;Unlicensed Business - ILLEGAL SCRAP YARD ON VACANT LAND, VEHICLES AND VARIOUS SCRAP METAL BOUGHT AND SOLD - Residential - Saturday|Sunday - MORNING, NOON&nbsp;",DEPT. OF PUBLIC HEALTH,Alleged violation not found,2023-11-17T00:00:00Z,41.69828758509,-87.56210247323,POINT (-87.562102473228 41.698287585085)
601419864,Noise Complaint,3745 N LINCOLN AVE,3745,,N,LINCOLN,AVE,129151,2023-08-22T00:00:00Z,Parking lot for Trader Joe's&nbsp;,DEPT. OF PUBLIC HEALTH,Resolved,2023-08-22T00:00:00Z,41.94996117114,-87.67567112925,POINT (-87.675671129255 41.949961171142)
601484538,Air Pollution Work Order,5950 S DR MARTIN LUTHER KING JR DR,5950,,S,DR MARTIN LUTHER KING JR,DR,249349,2023-12-21T00:00:00Z,Food |Garbage| Other| Rotten Egg Smell| Smoke,DEPT. OF PUBLIC HEALTH,Alleged violation not found,2023-12-22T00:00:00Z,41.78601468899,-87.61591399429,POINT (-87.615913994286 41.78601468899)
601408330,Construction and Demolition,2218 W OAKDALE AVE,2218,,W,OAKDALE,AVE,379542,2023-08-03T00:00:00Z,: In the alley behind callers property,DEPT. OF PUBLIC HEALTH,Resolved,2023-08-04T00:00:00Z,41.93506158041,-87.68388973468,POINT (-87.683889734682 41.935061580405)
601302859,Construction and Demolition,1055 W VAN BUREN ST,1055,,W,VAN BUREN,ST,249349,2023-02-06T00:00:00Z,: Very loud construction noise. They start the construction before 8AM. They do constructions including Saturdays. Construction was not warned to residents. Blocks the entire alley and streets. Air pollution severe.&nbsp;,DEPT. OF PUBLIC HEALTH,Alleged violation not found,2023-02-07T00:00:00Z,41.87645924197,-87.6540708794,POINT (-87.654070879398 41.876459241971)
601476132,Construction and Demolition,4459 S ELLIS AVE,4459,,S,ELLIS,AVE,8386,2023-11-29T00:00:00Z,WORK BEING DONE ON FACING OF BUILDING &amp; CONTRACTOR THROWING BRICKS FROM SCAFFOLD DOWN TO SIDEWALK,DEPT. OF PUBLIC HEALTH,Alleged violation founded,2023-11-29T00:00:00Z,41.81342655115,-87.60163262068,POINT (-87.601632620676 41.813426551147)
601362184,Construction and Demolition,5500 N SHERIDAN RD,5500,,N,SHERIDAN,RD,3308,2023-05-23T00:00:00Z,,DEPT. OF PUBLIC HEALTH,Alleged violation not found,2023-05-24T00:00:00Z,41.9819633825,-87.65528993824,POINT (-87.655289938243 41.981963382501)
601310950,Construction and Demolition,4500 N SPAULDING AVE,4500,,N,SPAULDING,AVE,3308,2023-02-24T00:00:00Z,PER CALLER- THEY ARE DOING CONSTRUCTION ON A CHURCH WHERE THEY ARE DEMOLISHING A WALL AND THERE ARE BRICKS FLYING EVERYWHERE. THERE IS NOTHING TO PROTECT PEOPLE THAT ARE WALKING BY. THE WORKERS ARE OUT THERE FROM 9:00 AM TO 5:00 PM.&nbsp;,DEPT. OF PUBLIC HEALTH,Alleged violation founded,2023-02-27T00:00:00Z,41.9630671043,-87.7109004303,POINT (-87.710900430299 41.963067104303)
601336672,Air Pollution Work Order,8713 S BURLEY AVE,8713,,S,BURLEY,AVE,8386,2023-04-14T00:00:00Z,,DEPT. OF PUBLIC HEALTH,Alleged violation not found,2023-04-17T00:00:00Z,41.73702039661,-87.54568185856,POINT (-87.545681858561 41.737020396613)
601289972,Noise Complaint,2742 W ALTGELD ST,2742,,W,ALTGELD,ST,417325,2023-01-03T00:00:00Z,,DEPT. OF PUBLIC HEALTH,Resolved,2023-01-03T00:00:00Z,41.926746552,-87.69678455052,POINT (-87.696784550517 41.926746551997)
601411927,Construction and Demolition,1536 W OHIO ST,1536,,W,OHIO,ST,379542,2023-08-08T00:00:00Z,Our constituents have informed us that the contractors working on the 1536 W Ohio site have been cutting Styrofoam in the open. Resulting in debris spreading all throughout the block. Please assist our constituents by means of visiting the site in order to further review their current working practices. Thank you.,DEPT. OF PUBLIC HEALTH,Resolved,2023-08-11T00:00:00Z,41.89253860155,-87.66710740913,POINT (-87.66710740913 41.892538601547)
601412347,Air Pollution Work Order,10819 S STATE ST,10819,,S,STATE,ST,13776,2023-08-10T00:00:00Z,,DEPT. OF PUBLIC HEALTH,Alleged violation not found,2023-08-10T00:00:00Z,41.69748213497,-87.62309793908,POINT (-87.623097939079 41.697482134973)
601411967,Air Pollution Work Order,770 N LA SALLE DR,770,,N,LA SALLE,DR,249349,2023-08-09T00:00:00Z,"Significant amount of exhaust comes from their kitchen vent, right on to people walking by at Chicago and lasalle. Seems excessive and unreasonable",DEPT. OF PUBLIC HEALTH,Complaint Valid,2023-08-10T00:00:00Z,41.89656175017,-87.63285548263,POINT (-87.632855482633 41.896561750165)
601469328,Noise Complaint,5205 S CHRISTIANA AVE,5205,,S,CHRISTIANA,AVE,13776,2023-11-09T00:00:00Z,,DEPT. OF PUBLIC HEALTH,Resolved,2023-11-13T00:00:00Z,41.79874136771,-87.70723511956,POINT (-87.707235119563 41.798741367713)
601336687,Asbestos Work Order,2450 N MOZART ST,2450,,N,MOZART,ST,379542,2023-04-14T00:00:00Z,"The front looks like it is dangerous and could potently have loose wood fall on individuals or propertyFront of the house. Removing old siding, with paint chips and debris blowing around on other property and cars. The proper protocol is not occuring. Not sure if a permit is needed, or asbestos/ lead is coming down.",DEPT. OF PUBLIC HEALTH,Resolved,2023-04-17T00:00:00Z,41.92633765816,-87.69882676588,POINT (-87.698826765879 41.926337658164)
601370370,Air Pollution Work Order,1818 N WELLS ST,1818,,N,WELLS,ST,379542,2023-06-05T00:00:00Z,The current work a the New Leaf building is causing a large amount of dust and potential asbestos that is covering the neighborhood - and causing a great deal of concern from local residents and neighbors,DEPT. OF PUBLIC HEALTH,Resolved,2023-06-06T00:00:00Z,41.91534960619,-87.63498800612,POINT (-87.634988006119 41.915349606194)
601295649,Noise Complaint,3200 W CARROLL AVE,3200,,W,CARROLL,AVE,417325,2023-01-14T00:00:00Z,,DEPT. OF PUBLIC HEALTH,Alleged violation not found,2023-01-17T00:00:00Z,41.88762945802,-87.70644385957,POINT (-87.706443859566 41.887629458023)
601477807,Noise Complaint,4677 N ELSTON AVE,4677,,N,ELSTON,AVE,129151,2023-12-01T00:00:00Z,x-sport,DEPT. OF PUBLIC HEALTH,Resolved,2023-12-04T00:00:00Z,41.96622739209,-87.73718362212,POINT (-87.737183622119 41.966227392086)
601482516,Noise Complaint,2945 W 31ST ST,2945,,W,31ST,ST,437489,2023-12-14T00:00:00Z,There is a loud buzzer sound every 5 seconds coming from the roof 24hrs/7days. It never stops.,DEPT. OF PUBLIC HEALTH,Resolved,2023-12-14T00:00:00Z,41.83722643874,-87.69924362797,POINT (-87.69924362797 41.837226438744)
601428017,Air Pollution Work Order,2055 W PERSHING RD,2055,,W,PERSHING,RD,417337,2023-09-01T00:00:00Z,,DEPT. OF PUBLIC HEALTH,Complaint Valid,2023-09-05T00:00:00Z,41.82297276573,-87.67702220738,POINT (-87.677022207376 41.822972765727)
601411043,Air Pollution Work Order,6110 S PRINCETON AVE,6110,,S,PRINCETON,AVE,249349,2023-08-07T00:00:00Z,The odor is REALLY bad coming from this place. I use to enjoy being outside but due to my allergies I have to stay inside and keep windows closed so I don't go into an allergic reaction. They maybe burning metal or iron. Have problems breathing.,DEPT. OF PUBLIC HEALTH,Alleged violation not found,2023-08-08T00:00:00Z,41.78321098273,-87.63284348509,POINT (-87.632843485086 41.783210982732)
601443505,Air Pollution Work Order,2524 S BLUE ISLAND AVE,2524,,S,BLUE ISLAND,AVE,417337,2023-09-27T00:00:00Z,,DEPT. OF PUBLIC HEALTH,Alleged violation not found,2023-09-29T00:00:00Z,41.84655206006,-87.68125183701,POINT (-87.681251837005 41.846552060058)
601398616,Air Pollution Work Order,162 E ONTARIO ST,162,,E,ONTARIO,ST,3308,2023-07-19T00:00:00Z,,DEPT. OF PUBLIC HEALTH,Alleged violation not found,2023-07-20T00:00:00Z,41.89346946765,-87.62289419026,POINT (-87.622894190259 41.893469467647)
601449181,Construction and Demolition,4424 N ARTESIAN AVE,4424,,N,ARTESIAN,AVE,379542,2023-10-05T00:00:00Z,,DEPT. OF PUBLIC HEALTH,Resolved,2023-10-06T00:00:00Z,41.96207377255,-87.69007592951,POINT (-87.69007592951 41.962073772549)
601336755,Noise Complaint,3226 N CLARK ST,3226,,N,CLARK,ST,129151,2023-04-14T00:00:00Z,"I believe the noise is coming from the exhaust hood on the roof. It’s a constant high pitch whistling that occurs all day everyday and into the evening. I’m not 100% sure this is the source, but sure seems to be",DEPT. OF PUBLIC HEALTH,Resolved,2023-04-17T00:00:00Z,41.94059966822,-87.65137220986,POINT (-87.651372209861 41.940599668225)
601413431,Air Pollution Work Order,4200 S ARTESIAN AVE,4200,,S,ARTESIAN,AVE,84397,2023-08-10T00:00:00Z,neighbors are burning wood in the rear of the property !!!!!!&nbsp;,DEPT. OF PUBLIC HEALTH,Resolved,2023-08-11T00:00:00Z,41.8172996878,-87.68609546899,POINT (-87.686095468994 41.817299687804)
601324786,Noise Complaint,5801 S HALSTED ST,5801,,S,HALSTED,ST,3308,2023-03-27T00:00:00Z,This scrap metal company is insane! They do this bc this is Englewood. It's 1:30am now Monday morning &amp; they're still working! This is my second time complaining as well as other neighbors. DO SOMETHING!,DEPT. OF PUBLIC HEALTH,Resolved,2023-03-27T00:00:00Z,41.78880746242,-87.64486849336,POINT (-87.644868493355 41.78880746242)
601470176,Construction and Demolition,3575 W FULLERTON AVE,3575,,W,FULLERTON,AVE,417325,2023-11-14T00:00:00Z,"&nbsp;The site has a massive hole, debris piles, machinery and new product on site. Someone is allowing people to live in tents on this site.",DEPT. OF PUBLIC HEALTH,Resolved,2023-11-17T00:00:00Z,41.92449720963,-87.7166938277,POINT (-87.716693827703 41.924497209634)
601470996,Asbestos Work Order,7745 S SAGINAW AVE,7745,,S,SAGINAW,AVE,379542,2023-11-15T00:00:00Z,,DEPT. OF PUBLIC HEALTH,Resolved,2023-11-16T00:00:00Z,41.75411347056,-87.55981265725,POINT (-87.559812657251 41.754113470557)
601319461,Air Pollution Work Order,5222 N CLARK ST,5222,,N,CLARK,ST,249349,2023-03-16T00:00:00Z,SMELL OF SAWDUST AND BURNING WOOD GOING INTO APT UNIT DUE TO WORK GOING ON IN THE BUSINESS ON THE MAIN LEVEL&nbsp;,DEPT. OF PUBLIC HEALTH,Resolved,2023-03-17T00:00:00Z,41.9768864056,-87.66854452885,POINT (-87.66854452885 41.976886405595)
601469892,Air Pollution Work Order,4429 W DIVISION ST,4429,,W,DIVISION,ST,249349,2023-11-13T00:00:00Z,&nbsp;causing mechanical shop to wash shop vehicles more,DEPT. OF PUBLIC HEALTH,Refer to Building Dept,2023-11-14T00:00:00Z,41.90238187203,-87.7372959601,POINT (-87.737295960103 41.902381872026)
601466063,Construction and Demolition,2134 W SUPERIOR ST,2134,,W,SUPERIOR,ST,84397,2023-11-03T00:00:00Z,&nbsp;See attached picture. Open construction with scaffolding no fence no mesh,DEPT. OF PUBLIC HEALTH,Resolved,2023-11-06T00:00:00Z,41.89504227109,-87.68089098123,POINT (-87.680890981235 41.895042271089)
601413432,Air Pollution Work Order,3457 E 106TH ST,3457,,E,106TH,ST,13776,2023-08-11T00:00:00Z,: Can't see what the company or what they are doing. One concrete of companies out there.,DEPT. OF PUBLIC HEALTH,Alleged violation not found,2023-08-11T00:00:00Z,41.70263956294,-87.53905505355,POINT (-87.539055053548 41.70263956294)
601442860,Construction and Demolition,7250 S SOUTH SHORE DR,7250,,S,SOUTH SHORE,DR,13776,2023-09-27T00:00:00Z,PER CALLER- THERE ARE SOME MEN WORKING ON A BUILDING THAT KEEP THROWINGCONSTRUCTION DEBRIS FROM THE REAR AND SIDE OF THE BUILDING. THE DEBRIS IS HITTING VEHICLES AS THEYDRIVE BY AND VEHICLES PARKED IN THE REAR BY THE ALLEY. THEY HAVE DEBRIS THAT IS NOT FALLING INTOTHE DUMPSTER AS WELL.,DEPT. OF PUBLIC HEALTH,Resolved,2023-09-27T00:00:00Z,41.76448370443,-87.56121061918,POINT (-87.561210619176 41.764483704432)
601369257,Toxics Hazardous Materials Work Order,5940 N ELSTON AVE,5940,,N,ELSTON,AVE,3308,2023-05-25T00:00:00Z,"there id a 50 foot pit in the back of the shop that is full of junk, hazardous waste. the pit is located in a back room with a basket of dirt over it, oil and hazardous materials are leaking onto the ground. there may be oil tanks in the ground. a realtor (bob michaels) of chicago northwest realtor is trying to sell the shop illegally without the knowledge of the business owner",DEPT. OF PUBLIC HEALTH,Refer to other Depts,2023-05-25T00:00:00Z,41.98927288542,-87.77681809526,POINT (-87.776818095259 41.989272885421)
601426229,Air Pollution Work Order,2500 S PAULINA ST,2500,,S,PAULINA,ST,10937,2023-08-30T00:00:00Z,Caller states smoke and dust is emitted from the building non-stop causing trouble breathing if anywhere near facility,DEPT. OF PUBLIC HEALTH,Alleged violation not found,2023-09-06T00:00:00Z,41.84676817856,-87.66850812646,POINT (-87.668508126456 41.846768178557)
601310350,Noise Complaint,1212 N PAULINA ST,1212,,N,PAULINA,ST,129151,2023-02-23T00:00:00Z,Not sure. Appears to come from electrical unit - high pitched screeching. Awful on ears inside even with earplugs and windows shut: Seems to be coming from power source. High pitched whistle that is painful to hear,DEPT. OF PUBLIC HEALTH,Resolved,2023-02-24T00:00:00Z,41.90370418953,-87.67058473936,POINT (-87.670584739356 41.903704189532)
601311732,Noise Complaint,3143 W 53RD ST,3143,,W,53RD,ST,129151,2023-02-27T00:00:00Z,,DEPT. OF PUBLIC HEALTH,Resolved,2023-02-28T00:00:00Z,41.79707008372,-87.70296706365,POINT (-87.702967063648 41.79707008372)
601356433,Air Pollution Work Order,4546 S CHRISTIANA AVE,4546,,S,CHRISTIANA,AVE,84397,2023-05-15T00:00:00Z,"There’s a guy working at this house infront of the stairs he was there in the morning since 9am, just creating a lot of dust he’s not even licensed to work and I don’t believe he has a permit, people walked and coughed",DEPT. OF PUBLIC HEALTH,Resolved,2023-05-16T00:00:00Z,41.81046895118,-87.70787032983,POINT (-87.707870329828 41.81046895118)
601428097,Construction and Demolition,2607 W 51ST ST,2607,,W,51ST,ST,84397,2023-09-05T00:00:00Z,,DEPT. OF PUBLIC HEALTH,Resolved,2023-09-05T00:00:00Z,41.80095668223,-87.68945210527,POINT (-87.68945210527 41.800956682228)
601387656,Air Pollution Work Order,3501 N HALSTED ST,3501,,N,HALSTED,ST,417337,2023-06-29T00:00:00Z,"There are millions of styrofoam pellets (perhaps for insulation?) blowing around for blocks. The Howard Brown Health construction site looks to be the epicenter. Cleanup is unrealistic, but they should practice mitigations to prevent this in the future.",DEPT. OF PUBLIC HEALTH,Complaint Valid,2023-06-30T00:00:00Z,41.94550975343,-87.64928456978,POINT (-87.649284569783 41.945509753428)
601412357,Construction and Demolition,4356 N KEELER AVE,4356,,N,KEELER,AVE,417337,2023-08-09T00:00:00Z,,DEPT. OF PUBLIC HEALTH,Alleged violation not found,2023-08-10T00:00:00Z,41.96073854542,-87.73285663255,POINT (-87.732856632551 41.960738545419)
601342118,Illegal Dumping Work Order,8634 S KOMENSKY AVE,8634,,S,KOMENSKY,AVE,13776,2023-04-20T00:00:00Z,"a resident at the subject site is dumping used motor oil into open overflowing container in a shared alley. currently there are 1-2 container that hold approximately 8 gallons each (without lids) and they are about to overflow. this activity occurred previously last summer, and oil spilled all over the ground, affecting wildlife in the area. the caller would like someone to intervene before the used oil spills again into the alley",DEPT. OF PUBLIC HEALTH,Resolved,2023-04-21T00:00:00Z,41.73557155939,-87.72281963705,POINT (-87.722819637046 41.735571559389)
601460920,Vehicle Idling Work Order,1136 W LAWRENCE AVE,1136,,W,LAWRENCE,AVE,84397,2023-10-26T00:00:00Z,: Semi Trucks idling at Clifton &amp; Lawrence. This truck is associated with the construction work taking place at the Lawrence Red Line Station. A total of 6 trucks idling at a time. This takes place 7 days a week and in early.&nbsp;,DEPT. OF PUBLIC HEALTH,Resolved,2023-10-26T00:00:00Z,41.9691447935,-87.65910171893,POINT (-87.659101718929 41.969144793495)
601478430,Air Pollution Work Order,3030 W 21ST PL,3030,,W,21ST,PL,249349,2023-12-04T00:00:00Z,,DEPT. OF PUBLIC HEALTH,Refer to Building Dept,2023-12-05T00:00:00Z,41.8528399696,-87.70163084376,POINT (-87.701630843762 41.852839969599)
601441914,Air Pollution Work Order,5025 S WOODLAWN AVE,5025,,S,WOODLAWN,AVE,8386,2023-09-25T00:00:00Z,,DEPT. OF PUBLIC HEALTH,Alleged violation not found,2023-09-26T00:00:00Z,41.80330875851,-87.59657243784,POINT (-87.596572437836 41.803308758511)
601468428,Noise Complaint,649 S CLARK ST,649,,S,CLARK,ST,437489,2023-11-08T00:00:00Z,"The noise from the exhaust occurs daily from around 8 AM till 11 PM, sometimes going till 1 AM. There have been numerous service requests filed and no resolution have been made. There are no changes in the noise hours",DEPT. OF PUBLIC HEALTH,Complaint Valid,2023-11-09T00:00:00Z,41.87360828514,-87.630500286,POINT (-87.630500285996 41.873608285143)
601410228,Construction and Demolition,2517 W CARMEN AVE,2517,,W,CARMEN,AVE,379542,2023-08-04T00:00:00Z,There was a sign posted regarding work stoppage at this construction site due to health hazards. Demolition work has started again. Want to be sure it's not on violation.,DEPT. OF PUBLIC HEALTH,Resolved,2023-08-07T00:00:00Z,41.97392095461,-87.69273753666,POINT (-87.692737536656 41.973920954614)
601461252,Noise Complaint,720 N STATE ST,720,,N,STATE,ST,417325,2023-10-27T00:00:00Z,"This site has been reported numerous times over the past year. The previous address entered was 1 West Superior (location of parking deck); however, the ventilation equipment is for the Tzuco restaurant located at 720 N State.",DEPT. OF PUBLIC HEALTH,Complaint Valid,2023-10-30T00:00:00Z,41.89563627196,-87.62832032238,POINT (-87.628320322382 41.895636271961)
601444558,Water Pollution,1752 N NAGLE AVE,1752,,N,NAGLE,AVE,417337,2023-09-25T00:00:00Z,"no odor observed, i have photos",DEPT. OF PUBLIC HEALTH,Alleged violation not found,2023-09-29T00:00:00Z,41.91249125074,-87.78688383902,POINT (-87.786883839022 41.91249125074)
601426223,Construction and Demolition,3054 N SPAULDING AVE,3054,,N,SPAULDING,AVE,84397,2023-08-30T00:00:00Z,This refers to the lot the left of 3054 Spaulding Ave n. There is a lot of trash at the rear of the lot next to the port o potty’s causing a rat issue. Please ask the owners to clean up the lot. Also they have taken the trash cans of 3054 Spaulding Ave n.&nbsp;,DEPT. OF PUBLIC HEALTH,Resolved,2023-08-31T00:00:00Z,41.93728809845,-87.7101456632,POINT (-87.710145663197 41.937288098445)
601412355,Construction and Demolition,1844 N MAUD AVE,1844,,N,MAUD,AVE,84397,2023-08-09T00:00:00Z,Property is messy again. Random wood and debris. Uneven ground that rats are breeding in. Rat population is way up in this area.,DEPT. OF PUBLIC HEALTH,Resolved,2023-08-10T00:00:00Z,41.91508403763,-87.65400012647,POINT (-87.654000126467 41.915084037629)
601417542,Service Stations/Storage Tanks Work Order,3100 W 36TH ST,3100,,W,36TH,ST,417325,2023-08-07T00:00:00Z,"&nbsp;

Not sure who is
handling ASTs but we received a complaint from Zoning regarding an unpermitted
AST at the site.&nbsp;

&nbsp;

The site is
Midwest Foods and is a large site. However, they only appear as a Tier II site
in Hansen.&nbsp;

&nbsp;

Can someone send
an inspector out to see what's at the site? Thanks",DEPT. OF PUBLIC HEALTH,Complaint Valid,2023-08-10T00:00:00Z,41.82823285512,-87.70223137034,POINT (-87.702231370344 41.828232855116)
601355414,Noise Complaint,5229 S NASHVILLE AVE,5229,,S,NASHVILLE,AVE,129151,2023-05-15T00:00:00Z,,DEPT. OF PUBLIC HEALTH,Resolved,2023-05-15T00:00:00Z,41.79691032722,-87.78668189771,POINT (-87.786681897708 41.79691032722)
601314248,Air Pollution Work Order,1001 W 47TH ST,1001,,W,47TH,ST,8386,2023-03-06T00:00:00Z,"&nbsp;Hi folks, there is A LOT of dust happening off or Morgan/47th street because of heavy truck traffic. Is there any way to control the dust because the dust makes the street UN-WALKABLE. Thank you for your time and help.",DEPT. OF PUBLIC HEALTH,Complaint Valid,2023-03-07T00:00:00Z,41.80868404636,-87.65051590304,POINT (-87.65051590304 41.808684046361)
601366008,Noise Complaint,434 W MELROSE ST,434,,W,MELROSE,ST,417325,2023-05-30T00:00:00Z,,DEPT. OF PUBLIC HEALTH,Alleged violation not found,2023-05-31T00:00:00Z,41.94129619035,-87.64080486242,POINT (-87.640804862416 41.941296190352)
601421301,Air Pollution Work Order,5317 S SAWYER AVE,5317,,S,SAWYER,AVE,249349,2023-08-23T00:00:00Z,URGENT SPRAY PAINTING CARS IN GARAGE,DEPT. OF PUBLIC HEALTH,Alleged violation not found,2023-08-24T00:00:00Z,41.79660653915,-87.70472237677,POINT (-87.704722376773 41.796606539149)
601333206,Air Pollution Work Order,1 E SCHILLER ST,1,,E,SCHILLER,ST,417337,2023-04-10T00:00:00Z,construction crew is grinding cement and dust is flying into the windows of bldgs next door.,DEPT. OF PUBLIC HEALTH,Resolved,2023-04-10T00:00:00Z,41.90769045551,-87.62872941524,POINT (-87.628729415236 41.907690455513)
601457202,Water Pollution,4359 W HIRSCH ST,4359,,W,HIRSCH,ST,417325,2023-10-19T00:00:00Z,"According to the constituent ducks are dying at the reservoir at increasing numbers. The constituent commented that the Menard's store next door is doing construction and laying out liquid tar. With the rain we had the last few weeks, it could be that runoff from the tar has contaminated the water.",DEPT. OF PUBLIC HEALTH,Resolved,2024-09-18T00:00:00Z,41.90602481762,-87.73617570334,POINT (-87.736175703345 41.906024817622)
601422859,Service Stations/Storage Tanks Work Order,1364 W ESTES AVE,1364,,W,ESTES,AVE,417337,2023-08-27T00:00:00Z,Smell gas from my stove when ignited. Very strong smell that keeps leaking after stove is shut off,DEPT. OF PUBLIC HEALTH,Refer to other Depts,2023-08-28T00:00:00Z,42.01168184243,-87.66536192853,POINT (-87.665361928532 42.011681842426)
601385652,Illegal Dumping Work Order,740 S FEDERAL ST,740,,S,FEDERAL,ST,129151,2023-06-27T00:00:00Z,"white pick up truck with a black loading bed. ""northshore truck &amp; equip"" logo on the back. construction project behind 728 s dearborn on s federal st",DEPT. OF PUBLIC HEALTH,Resolved,2023-06-28T00:00:00Z,41.87281694796,-87.62976511674,POINT (-87.629765116741 41.872816947958)
601445611,Air Pollution Work Order,2001 W PERSHING RD,2001,,W,PERSHING,RD,417337,2023-10-02T00:00:00Z,Entire park smells of asphalt this morning,DEPT. OF PUBLIC HEALTH,Alleged violation not found,2023-10-02T00:00:00Z,41.82300132297,-87.67514359129,POINT (-87.675143591289 41.823001322966)
601361098,Illegal Dumping Work Order,1328 S SAWYER AVE,1328,,S,SAWYER,AVE,8386,2023-05-23T00:00:00Z,,DEPT. OF PUBLIC HEALTH,Alleged violation not found,2023-05-23T00:00:00Z,41.86362964652,-87.70695343335,POINT (-87.706953433347 41.863629646518)
601385721,Construction and Demolition,2446 N WASHTENAW AVE,2446,,N,WASHTENAW,AVE,417325,2023-06-27T00:00:00Z,"please inspect construction sites for fire damaged buildings at 2444 n washtenaw, neighbors complaining about issues with how materials are being kept on site",DEPT. OF PUBLIC HEALTH,Complaint Valid,2023-06-29T00:00:00Z,41.92627834341,-87.69516816003,POINT (-87.695168160034 41.926278343409)
601451030,Noise Complaint,5138 N WINCHESTER AVE,5138,,N,WINCHESTER,AVE,129151,2023-10-06T00:00:00Z,There is a loud and constant generator noise from the small strip mall across the street. The exact source is unknown. Mostly it is heard from the garden units but it occurs all night long with only very short breaks.,DEPT. OF PUBLIC HEALTH,Resolved,2023-10-10T00:00:00Z,41.97598752555,-87.67803145088,POINT (-87.678031450877 41.975987525547)
601418592,Illegal Dumping Work Order,4752 S KEELER AVE,4752,,S,KEELER,AVE,8386,2023-08-20T00:00:00Z,,DEPT. OF PUBLIC HEALTH,Alleged violation not found,2023-08-21T00:00:00Z,41.80623943902,-87.72858189194,POINT (-87.728581891936 41.80623943902)
601387657,Air Pollution Work Order,3551 N CENTRAL AVE,3551,,N,CENTRAL,AVE,417337,2023-06-29T00:00:00Z,Subway is cutting granite in alley for restaurant floor. Dust is going into neighboring homes and they are still serving food.,DEPT. OF PUBLIC HEALTH,Resolved,2023-06-30T00:00:00Z,41.94559898709,-87.76659924295,POINT (-87.766599242952 41.945598987088)
601484545,Noise Complaint,4636 N BEACON ST,4636,,N,BEACON,ST,417325,2023-12-22T00:00:00Z,,DEPT. OF PUBLIC HEALTH,Alleged violation not found,2023-12-26T00:00:00Z,41.96640446474,-87.66415403324,POINT (-87.664154033241 41.966404464742)
601439050,Construction and Demolition,3726 W GIDDINGS ST,3726,,W,GIDDINGS,ST,379542,2023-09-20T00:00:00Z,THEY ARE BUILD A NEW HOME AND ITS MUD THICK COVERING THE SOLE OF YOUR SHOE ALL DOWN THE ALLEY,DEPT. OF PUBLIC HEALTH,Resolved,2023-09-22T00:00:00Z,41.96750780493,-87.72182527263,POINT (-87.72182527263 41.967507804929)
601469329,Illegal Dumping Work Order,5205 S CHRISTIANA AVE,5205,,S,CHRISTIANA,AVE,13776,2023-11-09T00:00:00Z,,DEPT. OF PUBLIC HEALTH,Resolved,2023-11-13T00:00:00Z,41.79874136771,-87.70723511956,POINT (-87.707235119563 41.798741367713)
601476621,Water Pollution,5205 S CHRISTIANA AVE,5205,,S,CHRISTIANA,AVE,437489,2023-11-30T00:00:00Z,Engine oil and chemicals,DEPT. OF PUBLIC HEALTH,Alleged violation not found,2023-11-27T00:00:00Z,41.79874136771,-87.70723511956,POINT (-87.707235119563 41.798741367713)
601298984,Asbestos Work Order,2938 N LUNA AVE,2938,,N,LUNA,AVE,425726,2023-01-25T00:00:00Z,PAT DOMIN AT 773-814-1286.. 3835 N NARRAGANSETT 60634.. LORI DOMIN 846-845-0197 AND LIVES 1523 HOFFMAN AVE 60068.POWDER WHITE ON THE FLOOR AND BLOWING OUT THE VENTS,DEPT. OF PUBLIC HEALTH,Resolved,2023-01-26T00:00:00Z,41.93428319711,-87.76526848267,POINT (-87.765268482675 41.934283197113)
601428126,Vehicle Idling Work Order,4457 W IOWA ST,4457,,W,IOWA,ST,3308,2023-09-04T00:00:00Z,SEMI PARKED ON IOWA AND KILBOURN - TRUCK ***STARTED AT 8 PM LAST NIGHT THRU THE PRESENT TIME 9 AM**,DEPT. OF PUBLIC HEALTH,Alleged violation not found,2023-09-05T00:00:00Z,41.89688911506,-87.73825441955,POINT (-87.738254419555 41.896889115058)
601422854,Water Pollution,4100 N MARINE DR,4100,,N,MARINE,DR,3308,2023-08-26T00:00:00Z,"There are multiple vehicles on Bittersweet that oil changes are being performed on daily, with the used oil, and other fluids, being dumped down the storm drains many times a day.",DEPT. OF PUBLIC HEALTH,Alleged violation not found,2023-08-28T00:00:00Z,41.95580658035,-87.64571677969,POINT (-87.645716779692 41.955806580347)
601326013,Service Stations/Storage Tanks Work Order,148 N CANAL ST,148,,N,CANAL,ST,84397,2023-03-29T00:00:00Z,: 20 propane tanks under the Metra tracks at Lake and Clinton.,DEPT. OF PUBLIC HEALTH,Resolved,2023-03-29T00:00:00Z,41.88457102455,-87.63994532691,POINT (-87.639945326907 41.884571024551)
601445619,Construction and Demolition,2008 W ADDISON ST,2008,,W,ADDISON,ST,379542,2023-10-01T00:00:00Z,,DEPT. OF PUBLIC HEALTH,Resolved,2023-10-02T00:00:00Z,41.94696803192,-87.67895227059,POINT (-87.678952270591 41.946968031921)
601329902,Air Pollution Work Order,3017 W LAWRENCE AVE,3017,,W,LAWRENCE,AVE,417337,2023-04-04T00:00:00Z,Please come and take a look at this place the smell of paint is very strong the businesses around are complaining the neighbors around are talking about it. People shopping in the stores and restaurant complaint of smell,DEPT. OF PUBLIC HEALTH,Resolved,2023-04-05T00:00:00Z,41.96838003831,-87.70428285717,POINT (-87.704282857166 41.968380038311)
601340613,Air Pollution Work Order,644 W ARLINGTON PL,644,,W,ARLINGTON,PL,249349,2023-04-20T00:00:00Z,First request was made nine days ago and it says “ completed” but the dust from machine saw cutting concrete and brick and mortar has continued every day without screen protection or vacuum collection or water,DEPT. OF PUBLIC HEALTH,Complaint Valid,2023-04-21T00:00:00Z,41.92681032693,-87.64574107316,POINT (-87.64574107316 41.926810326929)
601379669,Water Pollution,6132 S CENTRAL AVE,6132,,S,CENTRAL,AVE,8386,2023-06-16T00:00:00Z,The mechanic shop aeropuerto auto shopDumping oil and antifreeze in alley sewer.,DEPT. OF PUBLIC HEALTH,Alleged violation not found,2023-06-21T00:00:00Z,41.78071450925,-87.7619763116,POINT (-87.761976311604 41.780714509254)
601392065,Noise Complaint,2945 W 31ST ST,2945,,W,31ST,ST,129151,2023-07-07T00:00:00Z,"EVERY FIVE SECONDS, THERE IS A LOUD BUZZ FROM THE ROOFTOP EQUIPMENT, 24 HOURS PER DAY. IT IS EITHER AN ALARM, OR A TANK VIBRATOR FOR POWDER MOVEMENT. YOU CAN HEAR IT BETTER AWAY FROM THE BUILDING, AS IT IS COMING FROM THE ROOF.",DEPT. OF PUBLIC HEALTH,Resolved,2023-07-10T00:00:00Z,41.83722643874,-87.69924362797,POINT (-87.69924362797 41.837226438744)
601314765,Water Pollution,7542 N OAKLEY AVE,7542,,N,OAKLEY,AVE,3308,2023-03-06T00:00:00Z,: This has been going on for almost a year. Please do something about this terrible owner who is polluting the neighborhood and not doing the necessary plumbing repairsTheir is raw sewage flowing all day out of the catch basin/manhole in the parking area at the rear of the property. It flown into the public alley and into the storm drain. It smells terrible and is a health hazard.&nbsp;,DEPT. OF PUBLIC HEALTH,Alleged violation not found,2023-03-07T00:00:00Z,42.01868993816,-87.68788683342,POINT (-87.687886833415 42.018689938156)
601432262,Water Pollution,5623 S MEADE AVE,5623,,S,MEADE,AVE,84397,2023-09-09T00:00:00Z,"hate to say this but i believe workers spilled toxic materials in drain; then again it could be the neighbors whom park ragged cars above sewer that leaks fluids Have no I idea when the sewer was last, if ever, cleanedChicago Sewer in front of my house needs to be cleaned out rotted out tree stumps &amp; toxic, sewage, nasty odor",DEPT. OF PUBLIC HEALTH,Resolved,2023-09-11T00:00:00Z,41.78994413603,-87.77425754123,POINT (-87.774257541226 41.789944136026)
601443494,Noise Complaint,111 E CHESTNUT ST,111,,E,CHESTNUT,ST,417325,2023-09-27T00:00:00Z,"Noise at 2:30 am coming from 111 E Chestnut, Ms. Foh resides at The Clare located at 55 East Pearson.",DEPT. OF PUBLIC HEALTH,Complaint Valid,2023-09-29T00:00:00Z,41.89826161909,-87.62516469194,POINT (-87.62516469194 41.898261619089)
601401102,Construction and Demolition,4722 N VIRGINIA AVE,4722,,N,VIRGINIA,AVE,3308,2023-07-21T00:00:00Z,: The fence surrounding the demolition has fallen and is a safety concern for the next door neighbors. Permit# 100999765. Owner Bryan Frey no contact information for him. He used Blue Earth Deconstruction LLC 847-595-8688,DEPT. OF PUBLIC HEALTH,Resolved,2023-07-24T00:00:00Z,41.96715860638,-87.69861952621,POINT (-87.698619526214 41.967158606382)
601374561,Illegal Dumping Work Order,3300 N KARLOV AVE,3300,,N,KARLOV,AVE,84397,2023-06-10T00:00:00Z,&nbsp;BRIAN - CAR JACKED UP OVER A SEWER DRAIN- LIQUID FLUID INTO THE DRAIN,DEPT. OF PUBLIC HEALTH,Resolved,2023-06-12T00:00:00Z,41.94090587337,-87.72984367126,POINT (-87.729843671259 41.940905873368)
601344948,Air Pollution Work Order,10002 S TORRENCE AVE,10002,,S,TORRENCE,AVE,10937,2023-04-27T00:00:00Z,: E 100TH ST &amp; S TORRENCE AVE,DEPT. OF PUBLIC HEALTH,Alleged violation not found,2023-04-28T00:00:00Z,41.7133232188,-87.55989405264,POINT (-87.559894052642 41.713323218802)
601351349,Construction and Demolition,3443 N ASHLAND AVE,3443,,N,ASHLAND,AVE,379542,2023-05-06T00:00:00Z,,DEPT. OF PUBLIC HEALTH,Resolved,2023-05-08T00:00:00Z,41.94462518622,-87.668650684,POINT (-87.668650684001 41.944625186224)
601480680,Construction and Demolition,1837 N DAYTON ST,1837,,N,DAYTON,ST,3308,2023-12-08T00:00:00Z,"The neighbor called in an let us know the following: ""The alley gate to the construction site is wide open so anyone coming down the alley can easily get into the 3 vacant lots and into our backyard. It’s unsecured and hazardous.""&nbsp;",DEPT. OF PUBLIC HEALTH,Resolved,2023-12-11T00:00:00Z,41.91486195098,-87.64946628718,POINT (-87.649466287178 41.914861950985)
601379681,Construction and Demolition,4850 N KOSTNER AVE,4850,,N,KOSTNER,AVE,379542,2023-06-17T00:00:00Z,PER CALLER- THERE IS A CONTRACTOR INSTALLING A FENCE AT THE PROPERTY AND THEY ARE POURING CONCRETE INTO THE CITY SEWER LINES IN THE ALLEY.,DEPT. OF PUBLIC HEALTH,Resolved,2023-06-20T00:00:00Z,41.96963530827,-87.73809064047,POINT (-87.738090640472 41.969635308274)
601331209,Air Pollution Work Order,2731 W LAWRENCE AVE,2731,,W,LAWRENCE,AVE,10937,2023-04-05T00:00:00Z,"Bad smell that is entering onto the sidewalk, making it hard to walk past",DEPT. OF PUBLIC HEALTH,Complaint Valid,2023-04-06T00:00:00Z,41.96843119254,-87.69752623986,POINT (-87.697526239863 41.968431192536)
601366035,Noise Complaint,2322 W FOSTER AVE,2322,,W,FOSTER,AVE,417325,2023-05-30T00:00:00Z,,DEPT. OF PUBLIC HEALTH,Alleged violation not found,2023-05-31T00:00:00Z,41.976021875,-87.68766137049,POINT (-87.687661370485 41.976021874996)
601411046,Illegal Dumping Work Order,4520 S CICERO AVE,4520,,S,CICERO,AVE,129032,2023-08-07T00:00:00Z,,DEPT. OF PUBLIC HEALTH,Complaint Invalid,2023-08-09T00:00:00Z,41.81061287095,-87.74338205707,POINT (-87.743382057067 41.810612870948)
601321586,Air Pollution Work Order,10337 S AVENUE J,10337,,S,AVENUE J,,249349,2023-03-21T00:00:00Z,"""TOXIC SPRAY PAINTING AND CAR REPAIRS IN ALLEY,"" ""LITERALLY MOST OF THESE VEHICLES HAVE EXPIRED CITY STICKERS OR PLATE STICKERS"" -Please ticket or tow all these illegally parked cars. But really monitor these people",DEPT. OF PUBLIC HEALTH,Alleged violation not found,2023-03-22T00:00:00Z,41.70710501199,-87.53393285788,POINT (-87.533932857882 41.707105011994)
601335758,Illegal Dumping Work Order,3844 W 26TH ST,3844,,W,26TH,ST,417337,2023-04-13T00:00:00Z,"CALLER&nbsp;IS&nbsp;REPORTING&nbsp;A&nbsp;DRY&nbsp;CLEANING&nbsp;SERVICE&nbsp;SPILLING&nbsp;DRY&nbsp;CLEANING&nbsp;CHEMICALS&nbsp;
ONTO&nbsp;THE&nbsp;GROUND&nbsp;AND&nbsp;INTO&nbsp;THE&nbsp;SOIL.",DEPT. OF PUBLIC HEALTH,Complaint Valid,2023-04-13T00:00:00Z,41.84440146152,-87.7214119753,POINT (-87.721411975298 41.844401461525)
601336327,Noise Complaint,725 S WELLS ST,725,,S,WELLS,ST,417325,2023-04-13T00:00:00Z,,DEPT. OF PUBLIC HEALTH,Alleged violation not found,2023-04-14T00:00:00Z,41.8728233617,-87.6334446048,POINT (-87.633444604796 41.872823361702)
601469267,Noise Complaint,1913 W FLETCHER ST,1913,,W,FLETCHER,ST,437489,2023-11-11T00:00:00Z,,DEPT. OF PUBLIC HEALTH,Alleged violation not found,2023-11-14T00:00:00Z,41.93857454823,-87.67646996977,POINT (-87.67646996977 41.938574548232)
601302213,Toxics Hazardous Materials Work Order,3700 W 85TH PL,3700,,W,85TH,PL,10937,2023-02-03T00:00:00Z,Not toxic but a strong smell like oil or gas from vehicles or machinery equipmen,DEPT. OF PUBLIC HEALTH,Alleged violation not found,2023-02-06T00:00:00Z,41.73783173809,-87.71435566,POINT (-87.714355659997 41.737831738092)
601457512,Air Pollution Work Order,9934 S HOYNE AVE,9934,,S,HOYNE,AVE,249349,2023-10-17T00:00:00Z,"CALLER IS REPORTING DWM IS WORKING ON STREET, WHICH IS CAUSING FOUL SEWAGE ODOR TO OMIT ONTO HOME",DEPT. OF PUBLIC HEALTH,Alleged violation not found,2023-10-18T00:00:00Z,41.71271573525,-87.67469852309,POINT (-87.674698523091 41.71271573525)
601386338,Air Pollution Work Order,3059 N PULASKI RD,3059,,N,PULASKI,RD,417337,2023-06-27T00:00:00Z,according to the resident the fumes coming from the property are unbearable and it is making it h\ard for resident to enjoy the outdoor of his property,DEPT. OF PUBLIC HEALTH,Resolved,2023-06-28T00:00:00Z,41.9371659641,-87.72698367292,POINT (-87.726983672919 41.937165964097)
601479826,Asbestos Work Order,2727 W WINONA ST,2727,,W,WINONA,ST,379542,2023-12-06T00:00:00Z,"Based on the garbage in their dumpster last week, a few people believe that the church located at 2727 W. Winona removed asbestos floor tiles on the first floor and stairway and disposed of the cracked tiles in their dumpster. The floor tile next to their gymnasium on the south side of the building is the area in question. Their dumpster was full of tiles that resembled old tiles that looked like asbestos tile. I highly doubt they did this legally or using a professional abatement company. The replacement tile should be obvious if installed now or the floor and stair is bare and can be viewed if you act quickly.",DEPT. OF PUBLIC HEALTH,Resolved,2023-12-12T00:00:00Z,41.97465335317,-87.69752945714,POINT (-87.69752945714 41.974653353169)
601335508,Air Pollution Work Order,1037 N CHRISTIANA AVE,1037,,N,CHRISTIANA,AVE,3308,2023-04-12T00:00:00Z,: PER CALLER- THERE ARE PEOPLE WORKING AT THE FACTORY OR COMPANY THAT ARE CUTTING METAL AND DOING OTHER KIND OF WORK THAT IS CAUSING DUST TO COME INTO HER APARTMENT AT 1037 N CHRISTIANA.,DEPT. OF PUBLIC HEALTH,Alleged violation not found,2023-04-13T00:00:00Z,41.90031344831,-87.71039469628,POINT (-87.710394696276 41.90031344831)
601415527,Vehicle Idling Work Order,701 W DIVERSEY PKWY,701,,W,DIVERSEY,PKWY,3308,2023-08-15T00:00:00Z,,DEPT. OF PUBLIC HEALTH,Alleged violation not found,2023-08-14T00:00:00Z,41.93265500408,-87.6467146385,POINT (-87.646714638498 41.932655004077)
601308136,Air Pollution Work Order,4650 S RACINE AVE,4650,,S,RACINE,AVE,10937,2023-02-19T00:00:00Z,,DEPT. OF PUBLIC HEALTH,Alleged violation not found,2023-02-27T00:00:00Z,41.80909850421,-87.65539925837,POINT (-87.655399258374 41.809098504211)
601290383,Air Pollution Work Order,9401 S LOWE AVE,9401,,S,LOWE,AVE,13776,2023-01-02T00:00:00Z,in addition to a foul/chemical odor or smell the entire neighborhood a stretch of approx a mile has this foul chemical smell,DEPT. OF PUBLIC HEALTH,Alleged violation not found,2023-01-03T00:00:00Z,41.72324488478,-87.63947224666,POINT (-87.63947224666 41.723244884778)
601433008,Noise Complaint,3436 W WILSON AVE,3436,,W,WILSON,AVE,417325,2023-09-12T00:00:00Z,,DEPT. OF PUBLIC HEALTH,Alleged violation not found,2023-09-13T00:00:00Z,41.96485521836,-87.71483050628,POINT (-87.714830506282 41.964855218362)
601330388,Asbestos Work Order,2434 W SUPERIOR ST,2434,,W,SUPERIOR,ST,425726,2023-03-24T00:00:00Z,,DEPT. OF PUBLIC HEALTH,Resolved,2023-03-27T00:00:00Z,41.89491988642,-87.68824216226,POINT (-87.688242162259 41.894919886416)
601387099,Asbestos Work Order,4927 N CLAREMONT AVE,4927,,N,CLAREMONT,AVE,379542,2023-06-28T00:00:00Z,&nbsp;Demolition is occurring and neighbors are concerned building contained asbestos and is in the air now. Please test the environment to ensure there is no asbestos in the air.,DEPT. OF PUBLIC HEALTH,Resolved,2023-06-29T00:00:00Z,41.9712736781,-87.68763610454,POINT (-87.687636104543 41.971273678098)
601309223,Construction and Demolition,914 N CALIFORNIA AVE,914,,N,CALIFORNIA,AVE,425726,2023-02-21T00:00:00Z,: PER CALLER- THERE IS WORK BEING DONE ON A COUCH HOUSE NEAR THE CORNER OF WALTON AND CALIFORNIA. THEY ARE DUMPING ALL THERE CONSTRUCTION DEBRIS IN THE GARBAGE CARTS THROUGHOUT THE NEIGHBORHOOD.,DEPT. OF PUBLIC HEALTH,Resolved,2023-02-22T00:00:00Z,41.89804054297,-87.69690946953,POINT (-87.696909469535 41.89804054297)
601446613,Air Pollution Work Order,126 E 124TH PL,126,,E,124TH,PL,10937,2023-10-03T00:00:00Z,&nbsp;This odor has been going on for about two weeks now &amp; I have to keep my bedroom window closed sometimes because it's very loud &amp; I have a disabled brother who lives with me &amp; I have to keep his window closed also.,DEPT. OF PUBLIC HEALTH,Referred to another agency,2023-10-04T00:00:00Z,41.66782140031,-87.61908182399,POINT (-87.619081823991 41.667821400305)
601352278,Noise Complaint,3657 N PINE GROVE AVE,3657,,N,PINE GROVE,AVE,417325,2023-05-08T00:00:00Z,CALLER SAYS THE NOISE IS COMING FROM THE ROOFTOP OF THE BUILDING AND SECURITY AT THAT BUILDING TOLD THE CALLER ITS THE GYMS FAN THE GYM SAID THEY CANT TURN IT OFF UNTIL THE MORNING,DEPT. OF PUBLIC HEALTH,Alleged violation not found,2023-05-10T00:00:00Z,41.9495254815,-87.64635856002,POINT (-87.646358560019 41.949525481496)
601469324,Air Pollution Work Order,3823 S HALSTED ST,3823,,S,HALSTED,ST,249349,2023-11-09T00:00:00Z,Business polluting air. Smell causes extreme migraines. City has been made aware several times. Operating outside of business hours. It is 8:30 pm and the business is currently open and sending stench into the air.&nbsp;,DEPT. OF PUBLIC HEALTH,Alleged violation not found,2023-11-15T00:00:00Z,41.82455722208,-87.6458152846,POINT (-87.645815284595 41.824557222083)
601458711,Air Pollution Work Order,2701 E 100TH ST,2701,,E,100TH,ST,10937,2023-10-20T00:00:00Z,Pullman Innovations located 2700 E. 100th Street- 773- 978-5130,DEPT. OF PUBLIC HEALTH,Complaint Valid,2023-10-23T00:00:00Z,41.71324291275,-87.55803846898,POINT (-87.558038468978 41.713242912752)
601372839,Air Pollution Work Order,4701 S MORGAN ST,4701,,S,MORGAN,ST,425726,2023-06-09T00:00:00Z,,DEPT. OF PUBLIC HEALTH,Resolved,2023-06-09T00:00:00Z,41.80875184309,-87.65024926128,POINT (-87.650249261279 41.808751843085)
601450907,Water Pollution,4119 N ASHLAND AVE,4119,,N,ASHLAND,AVE,84397,2023-10-06T00:00:00Z,"Foam from LVHS artificial turf has been spreading all over the surrounding area, up to a mile away (incl. down to Addison) and has been entering/blocking the sewer entrances in some places. Neighbors have found it in back yards and along alleyways.",DEPT. OF PUBLIC HEALTH,Resolved,2023-10-10T00:00:00Z,41.95673050844,-87.66897050938,POINT (-87.668970509384 41.956730508444)
601428096,Air Pollution Work Order,4546 S ALBANY AVE,4546,,S,ALBANY,AVE,417337,2023-09-02T00:00:00Z,Weird sweet fumes in the air sometimes on midnight and 3pm occurs again on September 2nd. Concern that it is a toxin that smell sweet like benzene. Might be the garbage facility near kedzie orange line,DEPT. OF PUBLIC HEALTH,Alleged violation unfounded,2023-09-05T00:00:00Z,41.81040439654,-87.70175100397,POINT (-87.701751003969 41.810404396536)
601404986,Air Pollution Work Order,4500 N RAVENSWOOD AVE,4500,,N,RAVENSWOOD,AVE,417337,2023-07-27T00:00:00Z,"Noxious smell emitting from this factory, they have an open door to the sidewalk on the Sunnyside Ave. side of their building, often with a box fan in the doorframe. Not sure what they’re ventilation system is.",DEPT. OF PUBLIC HEALTH,Alleged violation founded,2023-07-28T00:00:00Z,41.96342865936,-87.67472321517,POINT (-87.674723215169 41.96342865936)
601476676,Air Pollution Work Order,2103 S HARDING AVE,2103,,S,HARDING,AVE,249349,2023-11-29T00:00:00Z,,DEPT. OF PUBLIC HEALTH,Alleged violation not found,2023-11-30T00:00:00Z,41.85326793114,-87.7233976064,POINT (-87.723397606397 41.853267931141)
601448039,Air Pollution Work Order,5701 N MCVICKER AVE,5701,,N,MCVICKER,AVE,417337,2023-10-04T00:00:00Z,,DEPT. OF PUBLIC HEALTH,Resolved,2023-10-04T00:00:00Z,41.98482353471,-87.77906302356,POINT (-87.779063023563 41.984823534708)
601422829,Air Pollution Work Order,340 W SUPERIOR ST,340,,W,SUPERIOR,ST,249349,2023-08-25T00:00:00Z,"Caller has been complaining about construction fumes. Workers laying asphalt. Work has been going on for months. Fumes are coming through the ventilation. Previous SR#SR23-00929989. Issue has not been resolved. Caller spoke with Investigator Natalie from Conservation, and has not been able to get in contact with her since then.",DEPT. OF PUBLIC HEALTH,Refer to Building Dept,2023-08-28T00:00:00Z,41.89566277188,-87.63722071498,POINT (-87.637220714979 41.895662771878)
601421388,Water Pollution,800 W SUPERIOR ST,800,,W,SUPERIOR,ST,379542,2023-08-23T00:00:00Z,This has happened many times before&nbsp;,DEPT. OF PUBLIC HEALTH,Resolved,2023-08-24T00:00:00Z,41.8956675745,-87.64777938019,POINT (-87.647779380193 41.895667574498)
601420066,Noise Complaint,1034 W ALBION AVE,1034,,W,ALBION,AVE,417325,2023-08-21T00:00:00Z,"its apparently a high frequency noise machine for rabbit repellant in their backyard-, and its very noisy and its creating a nuisance for the neighbors",DEPT. OF PUBLIC HEALTH,Alleged violation not found,2023-08-23T00:00:00Z,42.00270330283,-87.65787918492,POINT (-87.657879184919 42.002703302828)
601407225,Air Pollution Work Order,4533 W MONROE ST,4533,,W,MONROE,ST,8386,2023-08-01T00:00:00Z,Pollution from running diesel engines all day,DEPT. OF PUBLIC HEALTH,Alleged violation not found,2023-08-02T00:00:00Z,41.87949000433,-87.73926922659,POINT (-87.739269226589 41.879490004334)
601458708,Noise Complaint,4051 N LINCOLN AVE,4051,,N,LINCOLN,AVE,437489,2023-10-20T00:00:00Z,,DEPT. OF PUBLIC HEALTH,Resolved,2023-10-23T00:00:00Z,41.9557075707,-87.67967808903,POINT (-87.679678089029 41.955707570698)
601429821,Noise Complaint,2026 N CLARK ST,2026,,N,CLARK,ST,129151,2023-09-06T00:00:00Z,"My building says it is their exhaust fan. It never stops - it goes 24/7 for over a year. It is much too loud to be working normally. I would truly appreciate any help your office could offer. First recording is March, second from today 9/6/23&nbsp;Clayton Residential Home - there is a very large exhaust fan off the alley on the back left (SW) side that can be heard at the next building - 2020 N. Lincoln Park West&nbsp;",DEPT. OF PUBLIC HEALTH,Resolved,2023-09-06T00:00:00Z,41.91922593711,-87.63677565479,POINT (-87.63677565479 41.919225937113)
601469254,Construction and Demolition,645 W HUTCHINSON ST,645,,W,HUTCHINSON,ST,379542,2023-11-09T00:00:00Z,"645 Hutchinson is doing some construction and has temporary fencing that has fallen down around the entire property and blocking the sidewalk, making it impossible to pass on with a walker or wheelchair. It’s dangerous",DEPT. OF PUBLIC HEALTH,Resolved,2023-11-13T00:00:00Z,41.95924378935,-87.64686319053,POINT (-87.646863190525 41.959243789354)
601298980,Noise Complaint,2303 S STEWART AVE,2303,,S,STEWART,AVE,129151,2023-01-25T00:00:00Z,,DEPT. OF PUBLIC HEALTH,Resolved,2023-01-26T00:00:00Z,41.85082235236,-87.63575900117,POINT (-87.635759001168 41.850822352358)
601417529,Illegal Dumping Work Order,4101 W FILLMORE ST,4101,,W,FILLMORE,ST,3308,2023-08-17T00:00:00Z,,DEPT. OF PUBLIC HEALTH,Alleged violation founded,2023-08-18T00:00:00Z,41.86784767244,-87.72780260055,POINT (-87.727802600546 41.867847672441)
601342128,Air Pollution Work Order,2715 N CICERO AVE,2715,,N,CICERO,AVE,417337,2023-04-24T00:00:00Z,": The dust encompasses the entire building,12 months submitted video to management. The complaints of all residents have fallen of deaf ears! I have needed medical attention due to this dust, using an inhaler. Can not breathe, Help Us. Thank you",DEPT. OF PUBLIC HEALTH,Alleged violation not found,2023-04-25T00:00:00Z,41.93012656883,-87.74638853895,POINT (-87.746388538949 41.930126568826)
601484540,Toxics Hazardous Materials Work Order,3660 S HERMITAGE AVE,3660,,S,HERMITAGE,AVE,249349,2023-12-21T00:00:00Z,strong chemical smell coming from first floor apartment at the address. Suspected spillage of nail salon materials from the apt (they illegally operate a nail business out of there),DEPT. OF PUBLIC HEALTH,Alleged violation not found,2023-12-22T00:00:00Z,41.82694907932,-87.66923618604,POINT (-87.66923618604 41.826949079319)
601332698,Air Pollution Work Order,6201 S MOZART ST,6201,,S,MOZART,ST,425726,2023-04-09T00:00:00Z,,DEPT. OF PUBLIC HEALTH,Resolved,2023-04-10T00:00:00Z,41.78083125812,-87.69451273391,POINT (-87.694512733913 41.780831258119)
601485709,Construction and Demolition,1934 N SEMINARY AVE,1934,,N,SEMINARY,AVE,379542,2023-12-29T00:00:00Z,construction site messy and contractor is in alley and sidewalk,DEPT. OF PUBLIC HEALTH,Resolved,2024-01-02T00:00:00Z,41.917035884,-87.6555292924,POINT (-87.6555292924 41.917035884003)
601296251,Asbestos Work Order,2420 W TOUHY AVE,2420,,W,TOUHY,AVE,379542,2023-01-18T00:00:00Z,Please remove the BLACK MOLD covering the hallway ceilings. These poor immigrants and our staff will get sick (emphysema),DEPT. OF PUBLIC HEALTH,Resolved,2023-01-18T00:00:00Z,42.01237179541,-87.69111304547,POINT (-87.691113045472 42.012371795408)
601387654,Construction and Demolition,1844 N MAUD AVE,1844,,N,MAUD,AVE,3308,2023-06-29T00:00:00Z,"&nbsp;Construction site remains dirty with both lumber, construction materials, bags of trash, beer bottles, discarded food all over the property. Also, when will they be finish this job? It has been dragging out since February 2022. Huge nuisance to the area.&nbsp;",DEPT. OF PUBLIC HEALTH,Alleged violation founded,2023-06-30T00:00:00Z,41.91508403763,-87.65400012647,POINT (-87.654000126467 41.915084037629)
601443504,Noise Complaint,5959 N RIDGE AVE,5959,,N,RIDGE,AVE,129151,2023-09-27T00:00:00Z,The car wash has two very loud sources of noise. One is the blow dryers when a car is exiting and the other is the compressor that is just outside the north exit of the car wash. I suggest they erect a wall on the northside to block the noise from both,DEPT. OF PUBLIC HEALTH,Resolved,2023-09-28T00:00:00Z,41.99009198114,-87.67051447886,POINT (-87.670514478864 41.990091981144)
601371520,Construction and Demolition,5361 N LOWELL AVE,5361,,N,LOWELL,AVE,84397,2023-06-06T00:00:00Z,immense amount of trash and debris being left by workers. neighbors have been picking up trash that blows into the street daily.&nbsp;,DEPT. OF PUBLIC HEALTH,Refer to StreetsSanitation,2023-06-07T00:00:00Z,41.97894864029,-87.73684210124,POINT (-87.736842101242 41.978948640293)
601381434,Air Pollution Work Order,427 S LA SALLE ST,427,,S,LA SALLE,ST,249349,2023-06-21T00:00:00Z,Grinding and/or Saw cutting on scaffolding SE corner Ida B. Wells Drive,DEPT. OF PUBLIC HEALTH,Alleged violation not found,2023-06-21T00:00:00Z,41.87621600724,-87.63160213552,POINT (-87.631602135522 41.876216007244)
601335496,Air Pollution Work Order,2055 W PERSHING RD,2055,,W,PERSHING,RD,417337,2023-04-13T00:00:00Z,It smells like burning plastic at Mckinley Park -there are huge smoke plumes coming from MAT asphalt this morning around 6:15am. It smells overwhelmingly toxic! They are releasing carcinogens into the neighborhood.,DEPT. OF PUBLIC HEALTH,Alleged violation not found,2023-04-13T00:00:00Z,41.82297276573,-87.67702220738,POINT (-87.677022207376 41.822972765727)
601297255,Construction and Demolition,2407 W BERWYN AVE,2407,,W,BERWYN,AVE,3308,2023-01-19T00:00:00Z,&nbsp;She is property manager for residential buildings going west on Berwyn from Western. The office building on the southwest corner of Western and Berwyn is being renovated and the workers are using her buildings' garbage bins for construction debris.&nbsp;,DEPT. OF PUBLIC HEALTH,Resolved,2023-01-20T00:00:00Z,41.97759070727,-87.6895238987,POINT (-87.689523898702 41.977590707268)
601395196,Air Pollution Work Order,10933 S AVENUE H,10933,,S,AVENUE H,,10937,2023-07-13T00:00:00Z,caller said this happens daily,DEPT. OF PUBLIC HEALTH,Alleged violation not found,2023-07-17T00:00:00Z,41.69628321006,-87.53272122335,POINT (-87.532721223346 41.69628321006)
601388466,Noise Complaint,1910 S MICHIGAN AVE,1910,,S,MICHIGAN,AVE,417325,2023-07-02T00:00:00Z,There is a loud beeping sound occurring from early morning until now (2:37pm). It sounds like an alarm of some sort. It is echoing throughout the alley behind 1910 S Michigan (between Michigan and Wabash).&nbsp;,DEPT. OF PUBLIC HEALTH,Resolved,2023-07-06T00:00:00Z,41.8562752678,-87.62404265515,POINT (-87.624042655153 41.856275267795)
601450681,Air Pollution Work Order,1234 W 43RD ST,1234,,W,43RD,ST,10937,2023-10-09T00:00:00Z,,DEPT. OF PUBLIC HEALTH,Alleged violation not found,2023-10-10T00:00:00Z,41.81607347549,-87.65674269994,POINT (-87.656742699936 41.816073475493)
601377346,Noise Complaint,228 W HILL ST,228,,W,HILL,ST,129151,2023-06-14T00:00:00Z,these noises have persisted for 4 months making it difficult to sleep and work. The management company has done very little to rectify the situation and refuses to accommodate requests by us to make this better.&nbsp;,DEPT. OF PUBLIC HEALTH,Refer to Building Dept,2023-06-15T00:00:00Z,41.90219892638,-87.63564922164,POINT (-87.635649221642 41.902198926376)
601476135,Air Pollution Work Order,2140 N LINCOLN PARK WEST,2140,,N,LINCOLN PARK WEST,,379542,2023-11-28T00:00:00Z,Building manager at 2131 N Clark is reporting the construction taking place behind his building (roughly 2140-2144 N Lincoln Park West). The dust from the construction is getting all over the neighbor's property and vehicles. The building manager does not believe the proper mitigation is taking place. Building manager name at 2131 N Clark is Jeff Wysong and his phone number 561-693-8213. He has more info if anyone can give him a call when you head out to the site.,DEPT. OF PUBLIC HEALTH,Resolved,2023-12-04T00:00:00Z,41.92139231391,-87.6365862363,POINT (-87.636586236299 41.92139231391)
601341471,Air Pollution Work Order,3845 S DAMEN AVE,3845,,S,DAMEN,AVE,425726,2023-04-21T00:00:00Z,,DEPT. OF PUBLIC HEALTH,Resolved,2023-04-24T00:00:00Z,41.8236088505,-87.67495304099,POINT (-87.674953040992 41.823608850504)
601362180,Air Pollution Work Order,5612 S MICHIGAN AVE,5612,,S,MICHIGAN,AVE,249349,2023-05-23T00:00:00Z,,DEPT. OF PUBLIC HEALTH,Refer to Building Dept,2023-05-24T00:00:00Z,41.7924686078,-87.62255301276,POINT (-87.622553012762 41.7924686078)
601427037,Construction and Demolition,52 W 81ST ST,52,,W,81ST,ST,13776,2023-08-31T00:00:00Z,&nbsp;Dumpster full of construction debris in the street not being picked.,DEPT. OF PUBLIC HEALTH,Refer to StreetsSanitation,2023-09-05T00:00:00Z,41.74737593538,-87.62662484744,POINT (-87.626624847437 41.747375935376)
601316187,Construction and Demolition,5241 N WESTERN AVE,5241,,N,WESTERN,AVE,3308,2023-03-06T00:00:00Z,Using backhoe to hammer in metal plates for weeks House shaking and very loud banging . Videos: https://youtube.com/playlist?list=PLzle3I2nWkmBfQpdM9hcr5kVAP0iYaX7I&nbsp;,DEPT. OF PUBLIC HEALTH,Resolved,2023-03-08T00:00:00Z,41.97709686679,-87.68905029342,POINT (-87.689050293424 41.977096866791)
601384743,Service Stations/Storage Tanks Work Order,1841 W DEVON AVE,1841,,W,DEVON,AVE,12770,2023-06-26T00:00:00Z,PER CALLER- THERE WAS GAS LEAKING FROM THE PUMP HANDLE OF PUMP #1,DEPT. OF PUBLIC HEALTH,Resolved,2023-06-27T00:00:00Z,41.99785056511,-87.67676943768,POINT (-87.676769437678 41.997850565108)
601319099,Water Pollution,4819 W VAN BUREN ST,4819,,W,VAN BUREN,ST,3308,2023-03-15T00:00:00Z,Motor oil being dumped into sewer drain,DEPT. OF PUBLIC HEALTH,Resolved,2023-03-16T00:00:00Z,41.87485577013,-87.74585853803,POINT (-87.745858538026 41.874855770127)
601367320,Construction and Demolition,3601 N KIMBALL AVE,3601,,N,KIMBALL,AVE,3308,2023-05-31T00:00:00Z,They are constantly blocking the alleyway. For hours at the time to remove what appears to be garbage. I have found demolition debris dumped in my garbage. They don’t have permits! Yet continue to demolish and build in the property.,DEPT. OF PUBLIC HEALTH,Refer to Building Dept,2023-06-01T00:00:00Z,41.94666073828,-87.71256927948,POINT (-87.712569279484 41.946660738278)
601450678,Air Pollution Work Order,1809 N DRAKE AVE,1809,,N,DRAKE,AVE,8386,2023-10-09T00:00:00Z,Orlando statuary. Pumping fumes on the south side of the property onto the 606 trail.&nbsp;,DEPT. OF PUBLIC HEALTH,Alleged violation not found,2023-10-10T00:00:00Z,41.91396546705,-87.71490528745,POINT (-87.71490528745 41.91396546705)
601426124,Construction and Demolition,2105 S JEFFERSON ST,2105,,S,JEFFERSON,ST,8386,2023-08-30T00:00:00Z,Alderman Lopez is also no responding to calls 25th ward.Putting a parking lot of over 50 cars without residents knowledge is unacceptable. This should not be allowed and don’t see any permits.,DEPT. OF PUBLIC HEALTH,Alleged violation not found,2023-08-31T00:00:00Z,41.85407103506,-87.6416003433,POINT (-87.641600343301 41.854071035063)
601356439,Air Pollution Work Order,3758 W 56TH PL,3758,,W,56TH,PL,8386,2023-05-15T00:00:00Z,Owner of the home has a diesel truck that he works on in the street and also has the engine running in the morning for long periods of tim,DEPT. OF PUBLIC HEALTH,Alleged violation not found,2023-05-16T00:00:00Z,41.79067057315,-87.71806171479,POINT (-87.71806171479 41.790670573146)
601433010,Construction and Demolition,2342 N LAWNDALE AVE,2342,,N,LAWNDALE,AVE,417337,2023-09-12T00:00:00Z,"&nbsp;Work being done on 3-flat residence is creating a lot of dust, flakes and particles.. Blowing over to other residences.",DEPT. OF PUBLIC HEALTH,Resolved,2023-09-12T00:00:00Z,41.92402486059,-87.71956977288,POINT (-87.71956977288 41.924024860587)
601355419,Air Pollution Work Order,2701 E 100TH ST,2701,,E,100TH,ST,10937,2023-05-15T00:00:00Z,RELEASE WATER WASTE COMES THROUGH SEWER. INSPECT DURING DAY BUT DOING MORE ONWEEKEND WHEN INPSECTORS ARE OFF,DEPT. OF PUBLIC HEALTH,Complaint Valid,2023-05-15T00:00:00Z,41.71324291275,-87.55803846898,POINT (-87.558038468978 41.713242912752)
601300972,Construction and Demolition,8111 S PEORIA ST,8111,,S,PEORIA,ST,84397,2023-02-01T00:00:00Z,"Renovation of building possible 2nd floor, no visible building permits, working at all times of the day, and fly dumping",DEPT. OF PUBLIC HEALTH,Resolved,2023-02-01T00:00:00Z,41.7465900973,-87.6462056142,POINT (-87.646205614198 41.746590097298)
601341468,Air Pollution Work Order,9801 S MANISTEE AVE,9801,,S,MANISTEE,AVE,10937,2023-04-23T00:00:00Z,PER CALLER- THERE IS A BAD SMELL IN THE AIR THAT SMELLS OF ROTTEN FLESH EVERYDAY. THIS IS BEEN AN ONGOING PROBLEM AND THERE IS NOTHING BEING DONE ABOUT IT.,DEPT. OF PUBLIC HEALTH,Complaint Valid,2023-04-24T00:00:00Z,41.7171925999,-87.5563721501,POINT (-87.556372150102 41.717192599901)
601462205,Water Pollution,2240 E 130TH ST,2240,,E,130TH,ST,13776,2023-10-28T00:00:00Z,Dust is always blown through the air which smells horrible and of chemicals and of course makes it’s way into the water&nbsp;,DEPT. OF PUBLIC HEALTH,Alleged violation not found,2023-10-30T00:00:00Z,41.65929333435,-87.56869114908,POINT (-87.568691149079 41.659293334346)
601410240,Noise Complaint,4056 N FRANCISCO AVE,4056,,N,FRANCISCO,AVE,129151,2023-08-07T00:00:00Z,,DEPT. OF PUBLIC HEALTH,Resolved,2023-08-08T00:00:00Z,41.95562430236,-87.70088226489,POINT (-87.700882264887 41.955624302363)
601429893,Construction and Demolition,2400 N CENTRAL PARK AVE,2400,,N,CENTRAL PARK,AVE,3308,2023-09-06T00:00:00Z,"They are dropping trash and foam on the sidewalk and a resident would like to see this picked up by the responsible party, and for them to not continue leaving their waste on the sidewalk.",DEPT. OF PUBLIC HEALTH,Alleged violation not found,2023-09-07T00:00:00Z,41.92469215401,-87.71714291062,POINT (-87.717142910619 41.924692154013)
601417868,Noise Complaint,1511 S TRUMBULL AVE,1511,,S,TRUMBULL,AVE,425726,2023-08-17T00:00:00Z,sounds like it's an air compressor.&nbsp;,DEPT. OF PUBLIC HEALTH,Resolved,2023-08-18T00:00:00Z,41.86047063674,-87.71144593062,POINT (-87.711445930616 41.860470636739)
601428710,Illegal Dumping Work Order,6430 N FAIRFIELD AVE,6430,,N,FAIRFIELD,AVE,84397,2023-08-31T00:00:00Z,the house at the subject address is discharging a nasty smelly liquid out into the backyard of the property. the material is leaving a slimy residue that is visible from the alley. This material is migrating northbound down the alley to Arthur Avenue. the complainant is concerned about the unknown chemical nature of the material and that the slime will freeze when the weather gets cold,DEPT. OF PUBLIC HEALTH,Refer to Building Dept,2023-09-06T00:00:00Z,41.9985202924,-87.69859768475,POINT (-87.698597684752 41.998520292396)
601379745,Noise Complaint,3503 S MOZART ST,3503,,S,MOZART,ST,417325,2023-06-17T00:00:00Z,,DEPT. OF PUBLIC HEALTH,Alleged violation not found,2023-06-20T00:00:00Z,41.829895059,-87.69589155703,POINT (-87.695891557026 41.829895059002)
601413923,Air Pollution Work Order,2150 W CARROLL AVE,2150,,W,CARROLL,AVE,249349,2023-08-12T00:00:00Z,,DEPT. OF PUBLIC HEALTH,Complaint Valid,2023-08-15T00:00:00Z,41.88771289939,-87.68128435697,POINT (-87.681284356974 41.887712899394)
601454711,Noise Complaint,737 S WABASH AVE,737,,S,WABASH,AVE,437489,2023-10-14T00:00:00Z,This is a beeping noise that goes off every 2-3 minutes. It started this morning and has continued on into the night past 10 pm.&nbsp;,DEPT. OF PUBLIC HEALTH,Alleged violation not found,2023-10-16T00:00:00Z,41.87252924553,-87.62580675164,POINT (-87.625806751644 41.872529245535)
601300948,Construction and Demolition,5300 N DAMEN AVE,5300,,N,DAMEN,AVE,249349,2023-01-31T00:00:00Z,": no permits - use of gas generator to cut concrete (which they should not have been doing )- lack of clarity if contractor is licensed in IL- workers not wearing masks during.the cutting of concrete- failure to produce things we asked for including liability form including association, and failure to provide their plans- we think they have relocated the toilet which would have gone into the sewer lines Here is the owner: Andrew C. StudeeVoyage Advisory LLC320 W. Ohio St., Suite 3W – Chicago, IL 60654312.212.0815 – astudee@voyageadvisory.com – www.voyageadvisory.com Here is the contractor Luther J. LedicLicense# 580830-90 (920) 397-8200 (ext. 701) - officewww.rocketpropertyinvestments.com&nbsp;",DEPT. OF PUBLIC HEALTH,Alleged violation not found,2023-02-01T00:00:00Z,41.97789264218,-87.67960719266,POINT (-87.679607192658 41.977892642182)
601413439,Noise Complaint,670 W DIVERSEY PKWY,670,,W,DIVERSEY,PKWY,3308,2023-08-11T00:00:00Z,&nbsp;Truck is idling for over 25 minutes while driver is offloading goods. I have video of the incident,DEPT. OF PUBLIC HEALTH,Alleged violation not found,2023-08-14T00:00:00Z,41.9328838647,-87.64627175169,POINT (-87.646271751687 41.932883864695)
601437099,Air Pollution Work Order,4826 W AINSLIE ST,4826,,W,AINSLIE,ST,417337,2023-09-18T00:00:00Z,The constituent called saying that a neighbor was burning painted wood. They claim it is hard to breathe,DEPT. OF PUBLIC HEALTH,Alleged violation not found,2023-09-19T00:00:00Z,41.96994876441,-87.74895827774,POINT (-87.74895827774 41.969948764406)
601358337,Noise Complaint,1511 S TRUMBULL AVE,1511,,S,TRUMBULL,AVE,417325,2023-05-17T00:00:00Z,a generator or car repair machine is making noise,DEPT. OF PUBLIC HEALTH,Resolved,2023-05-18T00:00:00Z,41.86047063674,-87.71144593062,POINT (-87.711445930616 41.860470636739)
601411080,Construction and Demolition,2702 N GREENVIEW AVE,2702,,N,GREENVIEW,AVE,84397,2023-08-07T00:00:00Z,,DEPT. OF PUBLIC HEALTH,Refer to StreetsSanitation,2023-08-08T00:00:00Z,41.93096287542,-87.6660776654,POINT (-87.666077665399 41.930962875418)
601294131,Noise Complaint,1320 W FULLERTON AVE,1320,,W,FULLERTON,AVE,129151,2023-01-11T00:00:00Z,,DEPT. OF PUBLIC HEALTH,Resolved,2023-01-18T00:00:00Z,41.9253573581,-87.66138854382,POINT (-87.661388543818 41.925357358101)
601293202,Air Pollution Work Order,4030 N MILWAUKEE AVE,4030,,N,MILWAUKEE,AVE,10937,2023-01-10T00:00:00Z,,DEPT. OF PUBLIC HEALTH,Complaint Valid,2023-01-10T00:00:00Z,41.95392596854,-87.74839367575,POINT (-87.74839367575 41.953925968536)
601364311,Air Pollution Work Order,3924 W LAWRENCE AVE,3924,,W,LAWRENCE,AVE,417337,2023-05-24T00:00:00Z,,DEPT. OF PUBLIC HEALTH,Refer to other Depts,2023-05-26T00:00:00Z,41.96836488507,-87.72667063372,POINT (-87.726670633718 41.968364885066)
601322611,Air Pollution Work Order,9822 S ESCANABA AVE,9822,,S,ESCANABA,AVE,10937,2023-03-22T00:00:00Z,caller states it smells like rotting flesh,DEPT. OF PUBLIC HEALTH,Alleged violation not found,2023-03-23T00:00:00Z,41.71657171852,-87.55389727202,POINT (-87.553897272023 41.716571718522)
601370308,Construction and Demolition,2142 W CERMAK RD,2142,,W,CERMAK,RD,249349,2023-06-05T00:00:00Z,,DEPT. OF PUBLIC HEALTH,Alleged violation not found,2023-06-06T00:00:00Z,41.8522194646,-87.6800157002,POINT (-87.680015700198 41.852219464598)
601440984,Noise Complaint,4099 W 71ST ST,4099,,W,71ST,ST,129151,2023-09-24T00:00:00Z,"The noise that comes from their turbines does not stop, all day and all night, I hope they can do something!",DEPT. OF PUBLIC HEALTH,Resolved,2023-09-25T00:00:00Z,41.76406092981,-87.72472850065,POINT (-87.724728500648 41.764060929807)
601419065,Air Pollution Work Order,3159 S RIDGEWAY AVE,3159,,S,RIDGEWAY,AVE,10937,2023-08-18T00:00:00Z,,DEPT. OF PUBLIC HEALTH,Alleged violation not found,2023-08-21T00:00:00Z,41.83526014702,-87.71805923886,POINT (-87.718059238863 41.83526014702)
601472625,Air Pollution Work Order,1407 W ERIE ST,1407,,W,ERIE,ST,417337,2023-11-18T00:00:00Z,"Strong smell, dust, and noise coming from the garage that fills up the alley&nbsp;",DEPT. OF PUBLIC HEALTH,Alleged violation not found,2023-11-20T00:00:00Z,41.89330166581,-87.6626512363,POINT (-87.662651236296 41.893301665812)
601442210,Noise Complaint,4652 N SHERIDAN RD,4652,,N,SHERIDAN,RD,417325,2023-09-26T00:00:00Z,They have a vent fan that runs up the side of our building and sits on the roof. We have been told that the only reason it hasnt been fixed is because it would take too much time / money,DEPT. OF PUBLIC HEALTH,Alleged violation not found,2023-09-26T00:00:00Z,41.96703976288,-87.65494521476,POINT (-87.65494521476 41.967039762881)
601392050,Water Pollution,4501 N LONG AVE,4501,,N,LONG,AVE,3308,2023-07-09T00:00:00Z,&nbsp;5 GALLON IN A BAG WITH OIL LEAKING OUT INTO THE SEWER&nbsp;,DEPT. OF PUBLIC HEALTH,Resolved,2023-07-10T00:00:00Z,41.96246460653,-87.76225044018,POINT (-87.762250440181 41.962464606527)
601383773,Air Pollution Work Order,5537 S WASHTENAW AVE,5537,,S,WASHTENAW,AVE,379542,2023-06-23T00:00:00Z,GRINDING AND SAWING PER CALLER CAUSING DUST EVERYWHERE HARD TO BREATHE,DEPT. OF PUBLIC HEALTH,Resolved,2023-06-26T00:00:00Z,41.79263062204,-87.6911853023,POINT (-87.691185302305 41.792630622036)
601482347,Noise Complaint,541 W 41ST ST,541,,W,41ST,ST,129151,2023-12-12T00:00:00Z,541 W 41st Street. Condensers over walk on cooler roof create vibration and loud noise around residential area.,DEPT. OF PUBLIC HEALTH,Resolved,2023-12-14T00:00:00Z,41.81978996921,-87.64015906863,POINT (-87.640159068632 41.819789969211)
601480198,Noise Complaint,5801 S HALSTED ST,5801,,S,HALSTED,ST,13776,2023-12-08T00:00:00Z,Working before business hours. Loud roaring truck engines and loud metal crashing noises at 7:15am. Please help the Englewood residents,DEPT. OF PUBLIC HEALTH,Alleged violation not found,2023-12-08T00:00:00Z,41.78880746242,-87.64486849336,POINT (-87.644868493355 41.78880746242)
601390620,Air Pollution Work Order,5133 N OAK PARK AVE,5133,,N,OAK PARK,AVE,417337,2023-07-06T00:00:00Z,,DEPT. OF PUBLIC HEALTH,Refer to StreetsSanitation,2023-07-06T00:00:00Z,41.97475850644,-87.79622741404,POINT (-87.79622741404 41.974758506444)
601483472,Noise Complaint,6106 S ELLIS AVE,6106,,S,ELLIS,AVE,437489,2023-12-18T00:00:00Z,There is a high pitched noise in neighborhood. All neighbors in vicinity are bothered by it. Difficult to figure out where noise coming for. Several years ago the city identified noise and resolved. Not sure if same source.&nbsp;,DEPT. OF PUBLIC HEALTH,Resolved,2023-12-19T00:00:00Z,41.78384682334,-87.6012880865,POINT (-87.601288086495 41.783846823342)
601385846,Air Pollution Work Order,2500 S PAULINA ST,2500,,S,PAULINA,ST,249349,2023-06-27T00:00:00Z,,DEPT. OF PUBLIC HEALTH,Complaint Valid,2023-06-29T00:00:00Z,41.84676817856,-87.66850812646,POINT (-87.668508126456 41.846768178557)
601419660,Illegal Dumping Work Order,5130 S LECLAIRE AVE,5130,,S,LECLAIRE,AVE,8386,2023-08-21T00:00:00Z,he is doing construction and placing materials in the rear of neighbors house. They are seniors and dont speak english !,DEPT. OF PUBLIC HEALTH,Complaint Valid,2023-08-22T00:00:00Z,41.79927961087,-87.75041135442,POINT (-87.75041135442 41.799279610867)
601335492,Air Pollution Work Order,3322 W GRAND AVE,3322,,W,GRAND,AVE,10937,2023-04-12T00:00:00Z,Workers are working with power tools causing fumes and sand dust and gravel to spread into the air. It is even entering through my apartment windows and it’s a disturbance for my kids and myself causing respiratory issue,DEPT. OF PUBLIC HEALTH,Complaint Valid,2023-04-13T00:00:00Z,41.89983519447,-87.71016846454,POINT (-87.710168464537 41.89983519447)
601483438,Air Pollution Work Order,3100 S CALIFORNIA AVE,3100,,S,CALIFORNIA,AVE,10937,2023-12-14T00:00:00Z,"around 8 am and frequently through the remainder of the day, the air smells like chemical/soapy. the fumes are visible from this building&nbsp;",DEPT. OF PUBLIC HEALTH,Complaint Valid,2023-12-15T00:00:00Z,41.83727705037,-87.69517224652,POINT (-87.695172246519 41.837277050366)
601483474,Air Pollution Work Order,6349 N KNOX AVE,6349,,N,KNOX,AVE,249349,2023-12-17T00:00:00Z,GAS SMELL,DEPT. OF PUBLIC HEALTH,Alleged violation not found,2023-12-20T00:00:00Z,41.99711186212,-87.74091495694,POINT (-87.740914956939 41.997111862123)
601481536,Air Pollution Work Order,3200 S KILBOURN AVE,3200,,S,KILBOURN,AVE,249349,2023-12-12T00:00:00Z,smells like toxic burning plastic outside of the school. So overwhelming that I did not want to breath. This happens often and there are over 1000 students and faculty in the building throughout the day being exposed to these chemicals&nbsp;&nbsp;SR23-02142933,DEPT. OF PUBLIC HEALTH,Alleged violation not found,2023-12-12T00:00:00Z,41.83484938864,-87.73674685429,POINT (-87.73674685429 41.834849388639)
601315480,Noise Complaint,555 W MADISON ST,555,,W,MADISON,ST,417325,2023-03-07T00:00:00Z,,DEPT. OF PUBLIC HEALTH,Alleged violation not found,2023-03-09T00:00:00Z,41.88173751621,-87.6418080251,POINT (-87.641808025103 41.881737516212)
601437976,Air Pollution Work Order,5548 W WILSON AVE,5548,,W,WILSON,AVE,417337,2023-09-19T00:00:00Z,"The demolition next door to me is not using any protection to keep toxins out of the air. They've been hauling out moldy, mildewy materials for 2 weeks, and I have been experiencing the symptoms of toxic mold exposure.&nbsp;",DEPT. OF PUBLIC HEALTH,Alleged violation founded,2023-09-20T00:00:00Z,41.96466899912,-87.76687436495,POINT (-87.766874364949 41.964668999122)
601381185,Noise Complaint,9858 S MANISTEE AVE,9858,,S,MANISTEE,AVE,129151,2023-06-21T00:00:00Z,,DEPT. OF PUBLIC HEALTH,Resolved,2023-06-22T00:00:00Z,41.71552500176,-87.55664215245,POINT (-87.556642152447 41.715525001756)
601478421,Air Pollution Work Order,7837 S OGLESBY AVE,7837,,S,OGLESBY,AVE,10937,2023-12-04T00:00:00Z,&nbsp;Strong odor of natural gas,DEPT. OF PUBLIC HEALTH,Resolved,2023-12-05T00:00:00Z,41.75242663357,-87.56731195169,POINT (-87.567311951686 41.75242663357)
601476674,Construction and Demolition,4440 S COTTAGE GROVE AVE,4440,,S,COTTAGE GROVE,AVE,249349,2023-11-29T00:00:00Z,Caller lives in apartment (4434 S. Cottage Grove) above Reggio's Pizza construction. Heavy fumes have come up to caller's apartment.,DEPT. OF PUBLIC HEALTH,Alleged violation not found,2023-11-30T00:00:00Z,41.81377097858,-87.60680573195,POINT (-87.606805731945 41.813770978575)
601301904,Noise Complaint,1248 N GREENVIEW AVE,1248,,N,GREENVIEW,AVE,129151,2023-02-02T00:00:00Z,: the generator is on the side of the property,DEPT. OF PUBLIC HEALTH,Alleged violation not found,2023-02-06T00:00:00Z,41.90475419182,-87.66523262662,POINT (-87.665232626624 41.904754191824)
601372091,Air Pollution Work Order,5626 W 63RD PL,5626,,W,63RD,PL,84397,2023-06-07T00:00:00Z,,DEPT. OF PUBLIC HEALTH,Referred to another agency,2023-06-08T00:00:00Z,41.77724341185,-87.76280218104,POINT (-87.762802181043 41.777243411854)
601407494,Construction and Demolition,1757 W HURON ST,1757,,W,HURON,ST,379542,2023-08-01T00:00:00Z,Lots of debris left. Blocking water. Improper garbage disposal. Construction company has been unresponsive or hostile to neighbor complaints. In front and back of address,DEPT. OF PUBLIC HEALTH,Resolved,2023-08-04T00:00:00Z,41.89406843428,-87.67191298797,POINT (-87.671912987974 41.89406843428)
601310330,Construction and Demolition,5852 N SHERIDAN RD,5852,,N,SHERIDAN,RD,3308,2023-02-23T00:00:00Z,DON'T KNOW ---THEY ARE DEMO A HOUSE AT THIS ADDRESS AND DEBRI IS FLYING ALL AROUND ON THE SIDEWALKS AND ON CARS. NO PERMITS. PLEASE INSPECT,DEPT. OF PUBLIC HEALTH,Alleged violation not found,2023-02-24T00:00:00Z,41.98884444339,-87.65549560742,POINT (-87.655495607419 41.988844443395)
601426343,Noise Complaint,8515 S ASHLAND AVE,8515,,S,ASHLAND,AVE,129151,2023-08-31T00:00:00Z,,DEPT. OF PUBLIC HEALTH,Alleged violation unfounded,2023-08-31T00:00:00Z,41.73894786979,-87.6629983971,POINT (-87.6629983971 41.738947869788)
601401131,Noise Complaint,501 W SURF ST,501,,W,SURF,ST,417325,2023-07-23T00:00:00Z,Noise still occurring from 501 Surf. This is 24/7.&nbsp;,DEPT. OF PUBLIC HEALTH,Complaint Valid,2023-07-26T00:00:00Z,41.93419516579,-87.64140393809,POINT (-87.641403938087 41.934195165792)
601364102,Air Pollution Work Order,5917 S AUSTIN AVE,5917,,S,AUSTIN,AVE,10937,2023-05-24T00:00:00Z,,DEPT. OF PUBLIC HEALTH,Complaint Invalid,2023-05-26T00:00:00Z,41.78475959186,-87.77161554238,POINT (-87.771615542382 41.784759591858)
601319131,Noise Complaint,4645 N SHERIDAN RD,4645,,N,SHERIDAN,RD,417325,2023-03-15T00:00:00Z,,DEPT. OF PUBLIC HEALTH,Resolved,2023-03-16T00:00:00Z,41.96675613103,-87.65464848123,POINT (-87.65464848123 41.966756131029)
601419000,Noise Complaint,2018 N LEAMINGTON AVE,2018,,N,LEAMINGTON,AVE,3308,2023-08-18T00:00:00Z,,DEPT. OF PUBLIC HEALTH,Alleged violation not found,2023-08-21T00:00:00Z,41.91745498627,-87.75475985842,POINT (-87.754759858425 41.917454986274)
601397936,Construction and Demolition,2156 W PIERCE AVE,2156,,W,PIERCE,AVE,3308,2023-07-18T00:00:00Z,,DEPT. OF PUBLIC HEALTH,Refer to Building Dept,2023-07-19T00:00:00Z,41.90939374156,-87.68212427149,POINT (-87.682124271488 41.909393741561)
601364135,Air Pollution Work Order,4080 N BROADWAY,4080,,N,BROADWAY,,417337,2023-05-25T00:00:00Z,,DEPT. OF PUBLIC HEALTH,Alleged violation unfounded,2023-05-26T00:00:00Z,41.95656420314,-87.65198725984,POINT (-87.651987259839 41.956564203139)
601464423,Air Pollution Work Order,1335 W HARRISON ST,1335,,W,HARRISON,ST,249349,2023-11-01T00:00:00Z,The city went out and was doing a sewer reconstruction on 10/31/2023 and there is a chemical smell in the Parish Granite Inliner is the company that worked there,DEPT. OF PUBLIC HEALTH,Resolved,2023-11-02T00:00:00Z,41.87411113376,-87.6607566956,POINT (-87.660756695596 41.874111133757)
601413976,Air Pollution Work Order,3934 N KIMBALL AVE,3934,,N,KIMBALL,AVE,417337,2023-08-13T00:00:00Z,,DEPT. OF PUBLIC HEALTH,Alleged violation not found,2023-08-15T00:00:00Z,41.95308645599,-87.71302245051,POINT (-87.713022450509 41.953086455992)
601480252,Construction and Demolition,935 N DAMEN AVE,935,,N,DAMEN,AVE,8386,2023-12-07T00:00:00Z,Issue with demo and damaged property at 933 N Damen and causing lots of issues to this property,DEPT. OF PUBLIC HEALTH,Alleged violation not found,2023-12-08T00:00:00Z,41.89880980457,-87.67698781655,POINT (-87.676987816546 41.898809804566)
601392034,Air Pollution Work Order,3855 S WINCHESTER AVE,3855,,S,WINCHESTER,AVE,425726,2023-07-08T00:00:00Z,,DEPT. OF PUBLIC HEALTH,Resolved,2023-07-10T00:00:00Z,41.82334560428,-87.6737252841,POINT (-87.673725284097 41.823345604279)
601437088,Noise Complaint,725 S WELLS ST,725,,S,WELLS,ST,417325,2023-09-18T00:00:00Z,ColoHouse Data Center Chicago&nbsp;,DEPT. OF PUBLIC HEALTH,Resolved,2023-09-19T00:00:00Z,41.8728233617,-87.6334446048,POINT (-87.633444604796 41.872823361702)
601397934,Air Pollution Work Order,2156 W PIERCE AVE,2156,,W,PIERCE,AVE,3308,2023-07-18T00:00:00Z,,DEPT. OF PUBLIC HEALTH,Refer to Building Dept,2023-07-19T00:00:00Z,41.90939374156,-87.68212427149,POINT (-87.682124271488 41.909393741561)
601394368,Asbestos Work Order,12138 S EMERALD AVE,12138,,S,EMERALD,AVE,379542,2023-07-12T00:00:00Z,,DEPT. OF PUBLIC HEALTH,Resolved,2023-07-14T00:00:00Z,41.67302550035,-87.64069508882,POINT (-87.640695088823 41.673025500347)
601321611,Noise Complaint,3400 N KEDZIE AVE,3400,,N,KEDZIE,AVE,417325,2023-03-21T00:00:00Z,"Possibly Cube Smart Storage, the Lockup Storage, moving companyThere has been a constant alarm sound in this area since 3/17 (through currently today, 3/21). We can not pinpoint the location but are certain it’s one of the industrial/commercial buildings listed.",DEPT. OF PUBLIC HEALTH,Alleged violation not found,2023-03-22T00:00:00Z,41.94308124778,-87.7078759763,POINT (-87.707875976301 41.943081247782)
601470172,Asbestos Work Order,6148 S ST LAWRENCE AVE,6148,,S,ST LAWRENCE,AVE,379542,2023-11-14T00:00:00Z,"&nbsp;owner of property is doing work and removing lead/asbestos incorrectly, causing hazardous conditions for neighbors and residents. Material is out on the street and sidewalk.&nbsp;",DEPT. OF PUBLIC HEALTH,Resolved,2023-11-15T00:00:00Z,41.78251851638,-87.61099617404,POINT (-87.610996174039 41.782518516378)
601384750,Noise Complaint,10 S CANAL ST,10,,S,CANAL,ST,417325,2023-06-27T00:00:00Z,Caller reports that this is an ongoing issue with this company. Caller reports that there have been many complaints about this issue from the surrounding neighbors. The noise is still very present.,DEPT. OF PUBLIC HEALTH,Alleged violation not found,2023-06-29T00:00:00Z,41.88158163053,-87.63982438939,POINT (-87.639824389389 41.88158163053)
601446606,Noise Complaint,301 E NORTH WATER ST,301,,E,NORTH WATER,ST,417325,2023-10-02T00:00:00Z,The HVAC on the roof of the Sheraton is so loud today Monday Oct 2nd,DEPT. OF PUBLIC HEALTH,Alleged violation not found,2023-10-03T00:00:00Z,41.88945828011,-87.62036837643,POINT (-87.620368376429 41.889458280109)
601377185,Air Pollution Work Order,2940 W 36TH ST,2940,,W,36TH,ST,425726,2023-06-14T00:00:00Z,Very large dust pollutes the environment and often honks in the middle of the night,DEPT. OF PUBLIC HEALTH,Resolved,2023-06-15T00:00:00Z,41.82829903887,-87.69877296802,POINT (-87.698772968018 41.828299038872)
601298979,Construction and Demolition,1528 N WOOD ST,1528,,N,WOOD,ST,84397,2023-01-25T00:00:00Z,: Construction/rehab work being done at 1528 N. Wood Street.,DEPT. OF PUBLIC HEALTH,Resolved,2023-01-26T00:00:00Z,41.90960468403,-87.67269595156,POINT (-87.672695951558 41.909604684027)
601385693,Construction and Demolition,1303 N MONTICELLO AVE,1303,,N,MONTICELLO,AVE,417337,2023-06-27T00:00:00Z,work being done on an abandoned building. causing pollution,DEPT. OF PUBLIC HEALTH,Resolved,2023-06-29T00:00:00Z,41.90470224754,-87.71769709469,POINT (-87.717697094686 41.904702247542)
601327482,Service Stations/Storage Tanks Work Order,438 E OAKWOOD BLVD,438,,E,OAKWOOD,BLVD,426086,2023-03-29T00:00:00Z,"A heating oil tank was accidentally punctured during the homeowner’s renovations. The homeowner hired a tank removal company however, there are fumes around the homeowner house and adjacent homes. The homeowner and neighbors are concerned about how to proceed with additional cleanup efforts.",DEPT. OF PUBLIC HEALTH,Complaint Valid,2023-04-03T00:00:00Z,41.82277456203,-87.61522965683,POINT (-87.615229656832 41.822774562026)
601349013,Illegal Dumping Work Order,7258 S LAWNDALE AVE,7258,,S,LAWNDALE,AVE,84397,2023-05-03T00:00:00Z,,DEPT. OF PUBLIC HEALTH,Resolved,2023-05-04T00:00:00Z,41.76067165604,-87.71508449573,POINT (-87.715084495732 41.760671656041)
601460712,Noise Complaint,1636 N WELLS ST,1636,,N,WELLS,ST,129151,2023-10-25T00:00:00Z,Air conditioning unit in alley making a loud drumming noise every 12 seconds all hours of the day and night.,DEPT. OF PUBLIC HEALTH,Resolved,2023-10-25T00:00:00Z,41.91225443136,-87.63489113535,POINT (-87.634891135355 41.912254431363)
601434057,Construction and Demolition,5682 N NEW HAMPSHIRE AVE,5682,,N,NEW HAMPSHIRE,AVE,3308,2023-09-12T00:00:00Z,the construction site isn't secured and they are throwing material from the 2nd floor and it's landing on the neighbor's property&nbsp;,DEPT. OF PUBLIC HEALTH,Alleged violation founded,2023-09-13T00:00:00Z,41.98481091832,-87.80045264347,POINT (-87.800452643472 41.984810918321)
601341470,Air Pollution Work Order,3914 W SHAKESPEARE AVE,3914,,W,SHAKESPEARE,AVE,417337,2023-04-23T00:00:00Z,&nbsp;Smells are being vented into the alley which comes into my house. I’m getting headaches from the strong smell. It will get into the house even with the windows closed.,DEPT. OF PUBLIC HEALTH,Alleged violation not found,2023-04-24T00:00:00Z,41.92004450133,-87.72464406114,POINT (-87.724644061138 41.920044501333)
601314241,Air Pollution Work Order,4875 N ASHLAND AVE,4875,,N,ASHLAND,AVE,249349,2023-03-07T00:00:00Z,Strong chemical odor in ally behind condo between N Ashland and N Clark.,DEPT. OF PUBLIC HEALTH,Alleged violation not found,2023-03-07T00:00:00Z,41.97105067534,-87.66935044083,POINT (-87.669350440834 41.97105067534)
601466069,Construction and Demolition,935 N DAMEN AVE,935,,N,DAMEN,AVE,3308,2023-11-03T00:00:00Z,935-937 N. DAMEN DEMOLITION WITHOUT PERMIT OR NOTIFICATION TO ADJACENT LAND OWNERS,DEPT. OF PUBLIC HEALTH,Alleged violation not found,2023-11-06T00:00:00Z,41.89880980457,-87.67698781655,POINT (-87.676987816546 41.898809804566)
601477027,Air Pollution Work Order,701 S CARPENTER ST,701,,S,CARPENTER,ST,249349,2023-11-29T00:00:00Z,glue smell coming from the under ground,DEPT. OF PUBLIC HEALTH,Resolved,2023-11-29T00:00:00Z,41.87301904629,-87.65312100228,POINT (-87.653121002282 41.873019046285)
601304587,Illegal Dumping Work Order,2928 W WARREN BLVD,2928,,W,WARREN,BLVD,3308,2023-02-08T00:00:00Z,,DEPT. OF PUBLIC HEALTH,Alleged violation not found,2023-02-09T00:00:00Z,41.88206659558,-87.69992829131,POINT (-87.699928291311 41.882066595582)
601410333,Noise Complaint,120 S RIVERSIDE PLZ,120,,S,RIVERSIDE,PLZ,417325,2023-08-04T00:00:00Z,,DEPT. OF PUBLIC HEALTH,Alleged violation not found,2023-08-09T00:00:00Z,41.87992330591,-87.63880253892,POINT (-87.638802538918 41.879923305912)
601442189,Construction and Demolition,2160 N MAJOR AVE,2160,,N,MAJOR,AVE,84397,2023-09-26T00:00:00Z,CONCERNED CITIZEN WANTS CONTRACTOR TO HAVE A DUMPSTER. DEBRIS IS LEFT EVERYWHERE,DEPT. OF PUBLIC HEALTH,Resolved,2023-09-26T00:00:00Z,41.9198085196,-87.76841498984,POINT (-87.768414989845 41.919808519603)
601357271,Air Pollution Work Order,4341 W GRAND AVE,4341,,W,GRAND,AVE,249349,2023-05-17T00:00:00Z,Dust,DEPT. OF PUBLIC HEALTH,Alleged violation not found,2023-05-18T00:00:00Z,41.90950311204,-87.73518604231,POINT (-87.735186042307 41.909503112043)
601484251,Water Pollution,150 N WACKER DR,150,,N,WACKER,DR,417325,2023-12-20T00:00:00Z,Chicago river. Lots of oil.&nbsp;,DEPT. OF PUBLIC HEALTH,Alleged violation not found,2023-12-21T00:00:00Z,41.88452546096,-87.63721639247,POINT (-87.637216392475 41.884525460956)
601333186,Noise Complaint,510 W BRIAR PL,510,,W,BRIAR,PL,417325,2023-04-08T00:00:00Z,: At&amp;t's box is making extremely loud noise behind residential building&nbsp;,DEPT. OF PUBLIC HEALTH,Complaint Valid,2023-04-13T00:00:00Z,41.93882607533,-87.64247858094,POINT (-87.642478580941 41.938826075331)
601457189,Air Pollution Work Order,2055 W PERSHING RD,2055,,W,PERSHING,RD,84397,2023-10-19T00:00:00Z,,DEPT. OF PUBLIC HEALTH,Resolved,2023-10-19T00:00:00Z,41.82297276573,-87.67702220738,POINT (-87.677022207376 41.822972765727)
601387000,Air Pollution Work Order,2055 W PERSHING RD,2055,,W,PERSHING,RD,425726,2023-06-29T00:00:00Z,Strong smell of asphalt/petroleum blowing from the south on 37th street between damen and hamilton. The smell is similar to smells coming from the direction of the asphalt manufacturer and did not smell like smoke.&nbsp;,DEPT. OF PUBLIC HEALTH,Resolved,2023-07-06T00:00:00Z,41.82297276573,-87.67702220738,POINT (-87.677022207376 41.822972765727)
601341569,Construction and Demolition,1832 N ASHLAND AVE,1832,,N,ASHLAND,AVE,84397,2023-04-21T00:00:00Z,,DEPT. OF PUBLIC HEALTH,Resolved,2023-04-24T00:00:00Z,41.91512638048,-87.66794952527,POINT (-87.667949525269 41.915126380477)
601294851,Construction and Demolition,4035 N MILWAUKEE AVE,4035,,N,MILWAUKEE,AVE,425726,2023-01-12T00:00:00Z,: Construction fence is leaning over alley and is a driving hazard to neighboring garages.,DEPT. OF PUBLIC HEALTH,Resolved,2023-01-13T00:00:00Z,41.95416851578,-87.74832701932,POINT (-87.748327019323 41.95416851578)
601483245,Air Pollution Work Order,3721 N ELSTON AVE,3721,,N,ELSTON,AVE,417337,2023-12-14T00:00:00Z,: CHEMICAL USE ON THE FLOOR LIKE PAINT THINNER LIKE ACETONE,DEPT. OF PUBLIC HEALTH,Resolved,2023-12-15T00:00:00Z,41.94904987631,-87.71216883111,POINT (-87.712168831111 41.94904987631)
601406602,Construction and Demolition,2351 S LOOMIS ST,2351,,S,LOOMIS,ST,425726,2023-07-24T00:00:00Z,Complainant&nbsp;observed a&nbsp;trail of&nbsp;concrete drippings coming from Respondent company through 31st Street on Loomis Street.&nbsp;It looks like paint.,DEPT. OF PUBLIC HEALTH,Resolved,2023-07-25T00:00:00Z,41.8491410552,-87.66092817685,POINT (-87.660928176849 41.849141055202)
601301421,Air Pollution Work Order,3858 N FRANCISCO AVE,3858,,N,FRANCISCO,AVE,249349,2023-02-01T00:00:00Z,This is occurring in a residential building that I live in.,DEPT. OF PUBLIC HEALTH,Refer to Building Dept,2023-02-02T00:00:00Z,41.95204650528,-87.70077718019,POINT (-87.700777180193 41.952046505279)
601413985,Air Pollution Work Order,4844 S KEDZIE AVE,4844,,S,KEDZIE,AVE,417337,2023-08-14T00:00:00Z,,DEPT. OF PUBLIC HEALTH,Alleged violation not found,2023-08-14T00:00:00Z,41.80495361246,-87.70403064123,POINT (-87.70403064123 41.804953612457)
601339623,Illegal Dumping Work Order,7626 S JEFFERY BLVD,7626,,S,JEFFERY,BLVD,13776,2023-04-19T00:00:00Z,rear yard,DEPT. OF PUBLIC HEALTH,Alleged violation not found,2023-04-20T00:00:00Z,41.75623360087,-87.5762333616,POINT (-87.5762333616 41.756233600873)
601432436,Noise Complaint,1334 W WINNEMAC AVE,1334,,W,WINNEMAC,AVE,129151,2023-09-08T00:00:00Z,,DEPT. OF PUBLIC HEALTH,Resolved,2023-09-11T00:00:00Z,41.97369402224,-87.66369988734,POINT (-87.663699887339 41.973694022244)
601383069,Noise Complaint,525 W MONROE ST,525,,W,MONROE,ST,3308,2023-06-22T00:00:00Z,Demolition noises,DEPT. OF PUBLIC HEALTH,Alleged violation not found,2023-06-23T00:00:00Z,41.88046314708,-87.64080388428,POINT (-87.640803884278 41.880463147078)
601327957,Air Pollution Work Order,4307 W LAWRENCE AVE,4307,,W,LAWRENCE,AVE,249349,2023-03-30T00:00:00Z,,DEPT. OF PUBLIC HEALTH,Refer to Dept of Health,2023-03-31T00:00:00Z,41.96804517534,-87.73574968719,POINT (-87.735749687188 41.968045175342)
601317069,Noise Complaint,600 W CHICAGO AVE,600,,W,CHICAGO,AVE,129151,2023-03-13T00:00:00Z,,DEPT. OF PUBLIC HEALTH,Resolved,2023-03-13T00:00:00Z,41.8965851912,-87.64299618173,POINT (-87.642996181725 41.8965851912)
601483421,Construction and Demolition,39 E 101ST PL,39,,E,101ST,PL,13776,2023-12-14T00:00:00Z,The house was demolished on this property site and initially in a previous service request to fill in hole where demolished home stood. Now the request is that the hole has not been filled in properly. On the rear of the lot; dirt has not been filled to street level. There are hills and valleys. Can we please do better?&nbsp;,DEPT. OF PUBLIC HEALTH,Refer to Building Dept,2023-12-15T00:00:00Z,41.70980984609,-87.62201633968,POINT (-87.622016339682 41.709809846088)
601302227,Illegal Dumping Work Order,7358 S CARPENTER ST,7358,,S,CARPENTER,ST,84397,2023-02-03T00:00:00Z,,DEPT. OF PUBLIC HEALTH,Refer to StreetsSanitation,2023-02-06T00:00:00Z,41.75974008095,-87.65048781147,POINT (-87.650487811474 41.759740080952)
601320794,Noise Complaint,6743 S CALIFORNIA AVE,6743,,S,CALIFORNIA,AVE,129151,2023-03-21T00:00:00Z,NOISE FAN COMING FROM A JEWISH CENTER,DEPT. OF PUBLIC HEALTH,Resolved,2023-03-21T00:00:00Z,41.77053068732,-87.69302959695,POINT (-87.69302959695 41.770530687323)
601468105,Construction and Demolition,630 W 49TH ST,630,,W,49TH,ST,8386,2023-11-08T00:00:00Z,: THROWING BRICK AND CONSTRUCTION MATERIAL OUT OF THE 2 FLOOR WINDOW INTO A DUMPSTER INTO THE STREET&nbsp;,DEPT. OF PUBLIC HEALTH,Alleged violation not found,2023-11-09T00:00:00Z,41.80538773753,-87.64186340714,POINT (-87.641863407136 41.805387737534)
601375986,Air Pollution Work Order,3415 S CALUMET AVE,3415,,S,CALUMET,AVE,10937,2023-06-13T00:00:00Z,Blowing dust and debris into the air. Please call complainant. I have a video.,DEPT. OF PUBLIC HEALTH,Complaint Valid,2023-06-14T00:00:00Z,41.83238181743,-87.61800123747,POINT (-87.618001237466 41.832381817427)
601357245,Construction and Demolition,3533 N SHEFFIELD AVE,3533,,N,SHEFFIELD,AVE,417337,2023-05-17T00:00:00Z,Sanding lead paint with no screen,DEPT. OF PUBLIC HEALTH,Alleged violation not found,2023-05-17T00:00:00Z,41.94640901361,-87.65415579867,POINT (-87.654155798666 41.946409013605)
601341588,Noise Complaint,720 N LARRABEE ST,720,,N,LARRABEE,ST,129151,2023-04-23T00:00:00Z,The sound from the rooftop HVAC unit measures 60db in my apartment with the door to the balcony open. The bedroom closest to the generator vibrates at night and the noise from the generator inside the apartment with no windows open reaches 50db.,DEPT. OF PUBLIC HEALTH,Resolved,2023-04-24T00:00:00Z,41.89534755572,-87.64310471437,POINT (-87.643104714365 41.89534755572)
601365480,Noise Complaint,2056 E 69TH ST,2056,,E,69TH,ST,129151,2023-05-26T00:00:00Z,,DEPT. OF PUBLIC HEALTH,Resolved,2023-05-30T00:00:00Z,41.76993648296,-87.57410052551,POINT (-87.574100525507 41.769936482964)
601395192,Air Pollution Work Order,2033 W PERSHING RD,2033,,W,PERSHING,RD,425726,2023-07-14T00:00:00Z,had windows open this morning but had to close them because of the strong odor coming from asphalt plant. smells like asphalt chemicals . woke up with headache from smells,DEPT. OF PUBLIC HEALTH,Resolved,2023-07-14T00:00:00Z,41.82298056906,-87.67634351908,POINT (-87.676343519079 41.822980569065)
601335493,Noise Complaint,2606 N HALSTED ST,2606,,N,HALSTED,ST,129151,2023-04-12T00:00:00Z,WEST END OF BUILDING,DEPT. OF PUBLIC HEALTH,Resolved,2023-04-13T00:00:00Z,41.92935855037,-87.64904584437,POINT (-87.649045844374 41.929358550367)
601352420,Noise Complaint,2652 W CHICAGO AVE,2652,,W,CHICAGO,AVE,417325,2023-05-08T00:00:00Z,I believe the noise is coming from the air conditioning compressor on the roof. It is so loud it can be heard on superior street. This has been an ongoing issue and seems to be running 24/7,DEPT. OF PUBLIC HEALTH,Resolved,2023-05-09T00:00:00Z,41.89578141888,-87.69388617819,POINT (-87.693886178187 41.895781418884)
601469608,Noise Complaint,717 S WELLS ST,717,,S,WELLS,ST,417325,2023-11-13T00:00:00Z,Multiple times in a year this building has extremely loud noise from its equipment on the rooftop which lasts for hours starting from early in the morning to well into the afternoon. Sometimes there is also excessive smoke coming out of the chinmeys.,DEPT. OF PUBLIC HEALTH,Alleged violation not found,2023-11-14T00:00:00Z,41.87296747272,-87.63344780864,POINT (-87.633447808641 41.872967472716)
601457186,Air Pollution Work Order,5723 S CLAREMONT AVE,5723,,S,CLAREMONT,AVE,249349,2023-10-18T00:00:00Z,: SILVER CLOUD business is expelling fumes on to next door resident making him feel ill.,DEPT. OF PUBLIC HEALTH,Complaint Valid,2023-10-19T00:00:00Z,41.7894885412,-87.68236496889,POINT (-87.682364968887 41.789488541197)
601314246,Illegal Dumping Work Order,1325 E 70TH ST,1325,,E,70TH,ST,84397,2023-03-03T00:00:00Z,,DEPT. OF PUBLIC HEALTH,Resolved,2023-03-07T00:00:00Z,41.76770810633,-87.59303197052,POINT (-87.593031970516 41.767708106334)
601293603,Illegal Dumping Work Order,3513 S SEELEY AVE,3513,,S,SEELEY,AVE,84397,2023-01-10T00:00:00Z,Homeowner called to complain about illegal dumping Behind her residence.,DEPT. OF PUBLIC HEALTH,Refer to StreetsSanitation,2023-01-11T00:00:00Z,41.8299478831,-87.67634396509,POINT (-87.67634396509 41.829947883098)
601370349,Air Pollution Work Order,2020 W 35TH ST,2020,,W,35TH,ST,10937,2023-06-05T00:00:00Z,"Unsure, but smelled like chemicals. Have smelled a similar smell near the MAT asphalt plant. Smelled it all the way down to block and during my 5 minute walk to the train station. The asphalt plant seems the culprit",DEPT. OF PUBLIC HEALTH,Alleged violation not found,2023-06-07T00:00:00Z,41.83049081002,-87.67612842055,POINT (-87.676128420555 41.830490810015)
601353714,Air Pollution Work Order,11000 S AVENUE H,11000,,S,AVENUE H,,249349,2023-05-10T00:00:00Z,&nbsp;Industrial fumes and chemical smells take over the area,DEPT. OF PUBLIC HEALTH,Alleged violation not found,2023-05-11T00:00:00Z,41.69536872177,-87.53301505024,POINT (-87.533015050238 41.695368721766)
601437096,Service Stations/Storage Tanks Work Order,3047 S HALSTED ST,3047,,S,HALSTED,ST,187825,2023-09-18T00:00:00Z,GASOLINE LEAKED FROM NOZZLE AND LEAKED ALL OVER THE CALLER/ THE CALLER STATED THAT THE GAS PUMP IS BROKEN&nbsp;,DEPT. OF PUBLIC HEALTH,Alleged violation unfounded,2023-09-19T00:00:00Z,41.83847683503,-87.64614167074,POINT (-87.646141670737 41.838476835034)
601422928,Air Pollution Work Order,2109 S HARDING AVE,2109,,S,HARDING,AVE,84397,2023-08-25T00:00:00Z,&nbsp;GATED VACANT LOT - WITH BUNCH OF BIKES SOMETHING REGULARLY IS BEING BURNT - USUALLY FROM 12 NOON TO 3 PM - IT JUST STARTED THIS PAST MONDAY ***ACROSS FROM 2109 S HARDING***,DEPT. OF PUBLIC HEALTH,Resolved,2023-08-28T00:00:00Z,41.85308246881,-87.72339237066,POINT (-87.723392370657 41.853082468814)
601338605,Air Pollution Work Order,5446 S LUNA AVE,5446,,S,LUNA,AVE,425726,2023-04-18T00:00:00Z,Homeowner is spray cars in the alley garage 7PM-10PM,DEPT. OF PUBLIC HEALTH,Resolved,2023-04-19T00:00:00Z,41.7931794185,-87.76124750368,POINT (-87.761247503678 41.793179418501)
601374547,Air Pollution Work Order,3604 W 59TH ST,3604,,W,59TH,ST,417337,2023-06-09T00:00:00Z,We live right behind the business Home City Ice. I sit outside in my yard with my family and I have been getting the smell of ammonia. That is very dangerous to our health and it needs to be addressed right away.&nbsp;,DEPT. OF PUBLIC HEALTH,Resolved,2023-06-12T00:00:00Z,41.7861943254,-87.71362782576,POINT (-87.713627825762 41.786194325405)
601358310,Noise Complaint,8156 W FOREST PRESERVE AVE,8156,,W,FOREST PRESERVE,AVE,129151,2023-05-17T00:00:00Z,"I will write again: the noise source is located between buildings 8156 and 8164 Forest Preserve Ave. I have a very detailed list when machine is ON/OF My email: ds@narmer.plInspector Williams, you weren't here or any of you. Never. Otherwise, the camera would have recorded this fact. How do you expect any information when you're calling me on an unlisted phone? I introduced myself, giving all the data, and you, a gov. - NO",DEPT. OF PUBLIC HEALTH,Resolved,2023-05-18T00:00:00Z,41.94260953292,-87.83093049204,POINT (-87.830930492038 41.942609532923)
601321627,Air Pollution Work Order,1623 W 43RD ST,1623,,W,43RD,ST,425726,2023-03-21T00:00:00Z,,DEPT. OF PUBLIC HEALTH,Resolved,2023-03-22T00:00:00Z,41.81574727483,-87.66621797294,POINT (-87.666217972938 41.815747274825)
601484714,Air Pollution Work Order,2785 N CLYBOURN AVE,2785,,N,CLYBOURN,AVE,417337,2023-12-22T00:00:00Z,"There is a toxic sulfuric and sewage like stench in the intersection area on Clybourn and Diversey. It is awful and you can smell it while in your cars and can not be healthy.Not a business, it's on the street and the intersection of Diversey and Clybourn.&nbsp;",DEPT. OF PUBLIC HEALTH,Alleged violation not found,2023-12-26T00:00:00Z,41.93195502836,-87.67755208801,POINT (-87.677552088007 41.93195502836)
601383763,Noise Complaint,7141 N KEDZIE AVE,7141,,N,KEDZIE,AVE,129151,2023-06-24T00:00:00Z,"&nbsp;Our building had a new chiller/ cooling system installed. When they tuned the AC on in May, we started hearing a very loud disturbing humming noise. The management is aware, yet no action has been taken. PLEASE HELP! Noise affecting my health and life.&nbsp;",DEPT. OF PUBLIC HEALTH,Resolved,2023-06-26T00:00:00Z,42.01127676788,-87.70895667677,POINT (-87.708956676772 42.011276767884)
601475457,Air Pollution Work Order,1717 N CLYBOURN AVE,1717,,N,CLYBOURN,AVE,417337,2023-11-27T00:00:00Z,&nbsp;Immediate area has terrible overpowering smell in front of Midas.,DEPT. OF PUBLIC HEALTH,Alleged violation not found,2023-11-28T00:00:00Z,41.91237685565,-87.65134586742,POINT (-87.651345867424 41.912376855645)
601424251,Construction and Demolition,1651 S SPRINGFIELD AVE,1651,,S,SPRINGFIELD,AVE,84397,2023-08-28T00:00:00Z,"Throwing garbage in neighbors yard, doing work at night, making alot of noise, Using an unsafe staircase.",DEPT. OF PUBLIC HEALTH,Resolved,2023-08-29T00:00:00Z,41.85739395679,-87.72227174733,POINT (-87.722271747331 41.857393956787)
601361138,Air Pollution Work Order,1621 W WABANSIA AVE,1621,,W,WABANSIA,AVE,249349,2023-05-22T00:00:00Z,,DEPT. OF PUBLIC HEALTH,Alleged violation not found,2023-05-23T00:00:00Z,41.91233061423,-87.66864690989,POINT (-87.668646909887 41.912330614228)
601475470,Noise Complaint,1141 N RICHMOND ST,1141,,N,RICHMOND,ST,417325,2023-11-28T00:00:00Z,,DEPT. OF PUBLIC HEALTH,Resolved,2023-11-28T00:00:00Z,41.90233591568,-87.70040456553,POINT (-87.700404565529 41.902335915677)
601462209,Construction and Demolition,1950 W DICKENS AVE,1950,,W,DICKENS,AVE,84397,2023-10-28T00:00:00Z,"water is being poured into street by workers from truck, info unknown",DEPT. OF PUBLIC HEALTH,Resolved,2023-10-30T00:00:00Z,41.91969176414,-87.67729045753,POINT (-87.677290457532 41.919691764136)
601374562,Illegal Dumping Work Order,1311 W WOLFRAM ST,1311,,W,WOLFRAM,ST,84397,2023-06-09T00:00:00Z,THE CONSTRUCTION CREW KEEPS TAKING THE MANHOLE COVER OFF THE SEWER POURING SLUDGE OR AN UNKNOWN SUBSTANCE DOWN THE SEWER. SPILLS ON THE GROUND AS WELL,DEPT. OF PUBLIC HEALTH,Resolved,2023-06-12T00:00:00Z,41.9333046586,-87.66184245348,POINT (-87.661842453479 41.933304658597)
601471011,Air Pollution Work Order,2055 W PERSHING RD,2055,,W,PERSHING,RD,417337,2023-11-16T00:00:00Z,: it has smelled on and off this week. this morning it smells badly. I went to go on a walk and turned around and went back inside because it smells,DEPT. OF PUBLIC HEALTH,Alleged violation founded,2023-11-16T00:00:00Z,41.82297276573,-87.67702220738,POINT (-87.677022207376 41.822972765727)
601333953,Air Pollution Work Order,6122 S CALIFORNIA AVE,6122,,S,CALIFORNIA,AVE,249349,2023-04-10T00:00:00Z,House 6122 S California Ave 60629 Chicago Illinois,DEPT. OF PUBLIC HEALTH,Alleged violation not found,2023-04-11T00:00:00Z,41.78204530168,-87.69362144905,POINT (-87.69362144905 41.78204530168)
601364100,Air Pollution Work Order,5801 S HALSTED ST,5801,,S,HALSTED,ST,3308,2023-05-24T00:00:00Z,,DEPT. OF PUBLIC HEALTH,Resolved,2023-05-26T00:00:00Z,41.78880746242,-87.64486849336,POINT (-87.644868493355 41.78880746242)
601371519,Noise Complaint,4836 N KARLOV AVE,4836,,N,KARLOV,AVE,417325,2023-06-07T00:00:00Z,,DEPT. OF PUBLIC HEALTH,Alleged violation not found,2023-06-07T00:00:00Z,41.96928381605,-87.73067388439,POINT (-87.730673884388 41.969283816049)
601460296,Noise Complaint,6445 W STRONG ST,6445,,W,STRONG,ST,437489,2023-10-24T00:00:00Z,,DEPT. OF PUBLIC HEALTH,Alleged violation not found,2023-10-27T00:00:00Z,41.97009737946,-87.78963691162,POINT (-87.789636911624 41.970097379461)
601369478,Asbestos Work Order,4927 N CLAREMONT AVE,4927,,N,CLAREMONT,AVE,425726,2023-06-05T00:00:00Z,A neighbor informed us that the former convent needs asbestos abatement procedures in place but the work being done now doesn't seem to be in compliance with those procedures (e.g. dust clouds have not been damped down with a hose). Please check. as requi,DEPT. OF PUBLIC HEALTH,Resolved,2023-06-05T00:00:00Z,41.9712736781,-87.68763610454,POINT (-87.687636104543 41.971273678098)
601418731,Air Pollution Work Order,461 N ARMOUR ST,461,,N,ARMOUR,ST,249349,2023-08-18T00:00:00Z,,DEPT. OF PUBLIC HEALTH,Alleged violation not found,2023-08-21T00:00:00Z,41.89062252443,-87.66535826729,POINT (-87.665358267287 41.890622524434)
601473770,Noise Complaint,6400 S HAMILTON AVE,6400,,S,HAMILTON,AVE,10937,2023-11-21T00:00:00Z,There is some kind of gas smell coming from the train tracks.,DEPT. OF PUBLIC HEALTH,Alleged violation not found,2023-11-22T00:00:00Z,41.77738183132,-87.67765975425,POINT (-87.677659754248 41.777381831324)
601422929,Air Pollution Work Order,2643 W 19TH ST,2643,,W,19TH,ST,10937,2023-08-28T00:00:00Z,"COTTON ALL OVERY THE CARS AND ALLEY - BUSINESS HAVE NO CONTROL OVER THEIR LENT SYSTEM AND COTTON HAS BEEN BLOWING ALL WEEKEND, NEIGHBORHOOD BREATHING IN COTTONG, LOOKS LIKE IT IS SNOWING IN THE ALLEY",DEPT. OF PUBLIC HEALTH,Alleged violation founded,2023-08-28T00:00:00Z,41.85547606012,-87.69238835686,POINT (-87.692388356863 41.855476060124)
601425291,Construction and Demolition,408 N CLARK ST,408,,N,CLARK,ST,379542,2023-08-29T00:00:00Z,Levain Bakery has construction going on and the construction company is pouring buckets of concrete into the drain and Styrofoam being broken up making it look like snow in the alley,DEPT. OF PUBLIC HEALTH,Resolved,2023-08-30T00:00:00Z,41.88954161226,-87.63121553381,POINT (-87.631215533807 41.889541612264)
601370258,Noise Complaint,7931 S CHAMPLAIN AVE,7931,,S,CHAMPLAIN,AVE,129151,2023-06-05T00:00:00Z,Not sure if it’s an equipment or burglary alarm. On the north side of alley between Champlain and Langley. It’s been going on since 5/30/23.,DEPT. OF PUBLIC HEALTH,Resolved,2023-06-06T00:00:00Z,41.75028144231,-87.60869567312,POINT (-87.608695673117 41.750281442312)
601342218,Noise Complaint,135 S JEFFERSON ST,135,,S,JEFFERSON,ST,129151,2023-04-24T00:00:00Z,noise none stop on and off for years --noise is over 66db in the scale----pen house airconditioner excessive noise&nbsp;,DEPT. OF PUBLIC HEALTH,Resolved,2023-04-25T00:00:00Z,41.87946046145,-87.64243588333,POINT (-87.642435883335 41.879460461446)
601298592,Illegal Dumping Work Order,6931 S ABERDEEN ST,6931,,S,ABERDEEN,ST,84397,2023-01-24T00:00:00Z,,DEPT. OF PUBLIC HEALTH,Resolved,2023-01-25T00:00:00Z,41.76779554978,-87.65161422244,POINT (-87.651614222443 41.767795549777)
601304600,Illegal Dumping Work Order,7914 S SOUTH SHORE DR,7914,,S,SOUTH SHORE,DR,13776,2023-02-08T00:00:00Z,,DEPT. OF PUBLIC HEALTH,Alleged violation not found,2023-02-09T00:00:00Z,41.75149054338,-87.54819231439,POINT (-87.548192314394 41.751490543379)
601445612,Air Pollution Work Order,2055 W PERSHING RD,2055,,W,PERSHING,RD,417337,2023-10-02T00:00:00Z,"&nbsp;I can smell asphalt inside my house and all down my block this morning, starting at 8 AM",DEPT. OF PUBLIC HEALTH,Alleged violation not found,2023-10-02T00:00:00Z,41.82297276573,-87.67702220738,POINT (-87.677022207376 41.822972765727)
601306101,Noise Complaint,58 W 83RD ST,58,,W,83RD,ST,129151,2023-02-14T00:00:00Z,,DEPT. OF PUBLIC HEALTH,Refer to StreetsSanitation,2023-02-15T00:00:00Z,41.74372735041,-87.62678121903,POINT (-87.62678121903 41.743727350409)
601397332,Asbestos Work Order,2901 S MICHIGAN AVE,2901,,S,MICHIGAN,AVE,379542,2023-07-18T00:00:00Z,"On June&nbsp;22, 2023 I filed a 311 no permit complaint.&nbsp; No license information for the plumbing contractor.&nbsp; NO testing results for asbestos before disturbing the insulation on the walls?&nbsp;Why is the city not acting on my 311 no permits violation on major plumbing riser replacement at 3001 s michigan ave and 2901 s michigan ave?&nbsp;&nbsp;WHY do you not care that there is no Asbestos testing nor abatement done on a 1969 building?Why do you&nbsp; not know that the replaced pipes are not insulated?Where are you?I am being threatened and harassed because of my complaint, and yet, the department that quickly alerted the association about my complaint is missing in action while our building is being destroyed.",DEPT. OF PUBLIC HEALTH,Resolved,2023-07-18T00:00:00Z,41.84196681672,-87.62315048187,POINT (-87.623150481874 41.841966816722)
601311999,Asbestos Work Order,2246 W LELAND AVE,2246,,W,LELAND,AVE,379542,2023-02-28T00:00:00Z,": Permit to replace window, doors, and fencing is in place. Contractors are removing things beyond permit. Workers wearing respirators raising concern of asbestos being removed.",DEPT. OF PUBLIC HEALTH,Resolved,2023-03-01T00:00:00Z,41.96693122107,-87.68578302994,POINT (-87.68578302994 41.96693122107)
601359975,Noise Complaint,2242 W WOLFRAM ST,2242,,W,WOLFRAM,ST,417325,2023-05-22T00:00:00Z,"&nbsp;The Huge Air Conditioner Units (2), The North side unit is the Unit who's functioning is heard and is disruptive to neighbors in close by Town houses/ very close in front of front doors of neighbors! This request previously placed was 'CANCELED' but with No Clear reason as to WHY Please contact resident in this Service Request via phone or email... thank you Previous Service Request no. (Sr23-00694942)",DEPT. OF PUBLIC HEALTH,Alleged violation not found,2023-05-22T00:00:00Z,41.9330980376,-87.6847047997,POINT (-87.684704799699 41.933098037597)
601317754,Noise Complaint,2541 W BELDEN AVE,2541,,W,BELDEN,AVE,417325,2023-03-14T00:00:00Z,,DEPT. OF PUBLIC HEALTH,Alleged violation not found,2023-03-14T00:00:00Z,41.92314930246,-87.69103046071,POINT (-87.691030460711 41.923149302463)
601417856,Air Pollution Work Order,11655 S TORRENCE AVE,11655,,S,TORRENCE,AVE,10937,2023-08-18T00:00:00Z,This is the second ship in two weeks that silca is blowing everywhere in the air.,DEPT. OF PUBLIC HEALTH,Resolved,2023-08-18T00:00:00Z,41.68292205445,-87.55921030247,POINT (-87.559210302472 41.682922054447)
601477800,Construction and Demolition,2115 N DAMEN AVE,2115,,N,DAMEN,AVE,3308,2023-12-02T00:00:00Z,,DEPT. OF PUBLIC HEALTH,Resolved,2023-12-04T00:00:00Z,41.92018027429,-87.6775627505,POINT (-87.677562750496 41.920180274287)
601302206,Air Pollution Work Order,1212 W BALMORAL AVE,1212,,W,BALMORAL,AVE,249349,2023-02-04T00:00:00Z,"caller states the boiler room had a sewer flood last fall, in oct. or nov, leaving a red powder all over the floor that gives the caller a reaction whenever you enter the room. caller would like someone to investigate what the powder is.&nbsp;",DEPT. OF PUBLIC HEALTH,Alleged violation not found,2023-02-06T00:00:00Z,41.98007150128,-87.66060891609,POINT (-87.660608916089 41.980071501278)
601372085,Air Pollution Work Order,10629 S DR MARTIN LUTHER KING JR DR,10629,,S,DR MARTIN LUTHER KING JR,DR,13776,2023-06-07T00:00:00Z,"THE SMELL IS COMING FROM OUTDOOR SEWERS INTO THE CALLER'S HOME, A VERY STRONG ODOR---SENIOR CITIZEN LIVES HERE",DEPT. OF PUBLIC HEALTH,Alleged violation not found,2023-06-08T00:00:00Z,41.70095506285,-87.61345006293,POINT (-87.613450062929 41.700955062846)
601351338,Air Pollution Work Order,3816 W MARQUETTE RD,3816,,W,MARQUETTE,RD,425726,2023-05-05T00:00:00Z,House Address: 3816 W Marquette Rd Chicago Illinois 60629,DEPT. OF PUBLIC HEALTH,Resolved,2023-05-08T00:00:00Z,41.77154800573,-87.71840718913,POINT (-87.718407189126 41.771548005731)
601331353,Asbestos Work Order,2475 N MILWAUKEE AVE,2475,,N,MILWAUKEE,AVE,425726,2023-04-06T00:00:00Z,,DEPT. OF PUBLIC HEALTH,Resolved,2023-04-06T00:00:00Z,41.92634243765,-87.7027243937,POINT (-87.702724393703 41.926342437653)
601417859,Air Pollution Work Order,11401 S TORRENCE AVE,11401,,S,TORRENCE,AVE,10937,2023-08-18T00:00:00Z,,DEPT. OF PUBLIC HEALTH,Alleged violation not found,2023-08-21T00:00:00Z,41.688170841,-87.55927080885,POINT (-87.559270808853 41.688170840997)
601297631,Noise Complaint,1133 N DEARBORN ST,1133,,N,DEARBORN,ST,417325,2023-01-22T00:00:00Z,,DEPT. OF PUBLIC HEALTH,Alleged violation not found,2023-01-25T00:00:00Z,41.90290895027,-87.62980840533,POINT (-87.629808405333 41.902908950274)
601399824,Air Pollution Work Order,2361 S WHIPPLE ST,2361,,S,WHIPPLE,ST,84397,2023-07-20T00:00:00Z,&nbsp;A road construction vehicle has been idling on the street for several hours.,DEPT. OF PUBLIC HEALTH,Resolved,2023-07-21T00:00:00Z,41.84828379311,-87.70133116365,POINT (-87.701331163653 41.848283793112)
601365068,Construction and Demolition,526 W 41ST ST,526,,W,41ST,ST,379542,2023-05-26T00:00:00Z,,DEPT. OF PUBLIC HEALTH,Resolved,2023-05-30T00:00:00Z,41.82001418436,-87.63963231709,POINT (-87.63963231709 41.820014184356)
601470177,Air Pollution Work Order,457 W 104TH ST,457,,W,104TH,ST,249349,2023-11-14T00:00:00Z,the moving company has trucks releasing bad smoke out their engines and its not epa safe&nbsp;,DEPT. OF PUBLIC HEALTH,Alleged violation not found,2023-11-15T00:00:00Z,41.70508208239,-87.63545587142,POINT (-87.635455871421 41.705082082388)
601398678,Noise Complaint,4747 S DR MARTIN LUTHER KING JR DR,4747,,S,DR MARTIN LUTHER KING JR,DR,417325,2023-07-19T00:00:00Z,,DEPT. OF PUBLIC HEALTH,Complaint Valid,2023-07-20T00:00:00Z,41.80799556913,-87.61640486518,POINT (-87.616404865179 41.80799556913)
601320823,Noise Complaint,2753 W PRATT BLVD,2753,,W,PRATT,BLVD,417325,2023-03-21T00:00:00Z,The dates of disturbance includes the 20th and 21st&nbsp;Synaguegue's large Fan in the rear of it's building is making sounds of beeps that are very loud and disturbing to resident(s) that Fan faces.,DEPT. OF PUBLIC HEALTH,Resolved,2023-03-21T00:00:00Z,42.00474826035,-87.69950796211,POINT (-87.699507962114 42.004748260349)
601357296,Noise Complaint,8156 W FOREST PRESERVE AVE,8156,,W,FOREST PRESERVE,AVE,129151,2023-05-17T00:00:00Z,"I report continuous noise exceeding the permissible standards, over 80dB outside. Noise source is from building 8156 W Forest Preserve Ave. (fan or other machine). Noise is directed at the adjacent apartment building 8164. Why hasn't anyone tackled yet?&nbsp;Any private restaurant or meeting room and residential",DEPT. OF PUBLIC HEALTH,Alleged violation not found,2023-05-18T00:00:00Z,41.94260953292,-87.83093049204,POINT (-87.830930492038 41.942609532923)
601351441,Noise Complaint,514 N ASHLAND AVE,514,,N,ASHLAND,AVE,417325,2023-05-07T00:00:00Z,Very loud noise coming from back of building (approximate address:518 Ashland?) and goes on and off all day- loud enough that at first I thought it was some sort of security alarm. I believe it is their air conditioning,DEPT. OF PUBLIC HEALTH,Alleged violation not found,2023-05-08T00:00:00Z,41.89145702867,-87.66730200183,POINT (-87.667302001828 41.891457028673)
601432437,Noise Complaint,410 W ONTARIO ST,410,,W,ONTARIO,ST,417325,2023-09-08T00:00:00Z,"There is an HVAC unit that is making noise all throughout the night and early in the morning, before 8 am. Please contact our office for audio footage, 312-744-3062. This is occurring at 410-416 W Ontario.&nbsp;",DEPT. OF PUBLIC HEALTH,Alleged violation not found,2023-09-12T00:00:00Z,41.89323141117,-87.63910688378,POINT (-87.639106883777 41.89323141117)
601427982,Noise Complaint,1949 W DIVISION ST,1949,,W,DIVISION,ST,129151,2023-09-04T00:00:00Z,&nbsp;Generator running all night 24/7. Has been doing this all summer,DEPT. OF PUBLIC HEALTH,Resolved,2023-09-05T00:00:00Z,41.90308928676,-87.67677205425,POINT (-87.676772054255 41.903089286759)
601476617,Noise Complaint,5034 S ASHLAND AVE,5034,,S,ASHLAND,AVE,437489,2023-11-29T00:00:00Z,,DEPT. OF PUBLIC HEALTH,Resolved,2023-11-30T00:00:00Z,41.80208613023,-87.66494062577,POINT (-87.664940625775 41.802086130232)
601307068,Construction and Demolition,5545 N CLARK ST,5545,,N,CLARK,ST,425726,2023-02-17T00:00:00Z,in a recent email newsletter bramble theatre said the bramble arts loft has completed its demolition phase. we are thrilled that brambles physical home is becoming more of a reality with each passing day photos also show ductwork on ground,DEPT. OF PUBLIC HEALTH,Resolved,2023-02-17T00:00:00Z,41.98303858431,-87.6685108896,POINT (-87.668510889603 41.983038584307)
601421806,Construction and Demolition,5841 N CLARK ST,5841,,N,CLARK,ST,379542,2023-08-24T00:00:00Z,"&nbsp;fences not secured on front and sides of lot, creating safety hazard and neighborhood nuisance",DEPT. OF PUBLIC HEALTH,Resolved,2023-08-25T00:00:00Z,41.98830304551,-87.6696674864,POINT (-87.669667486402 41.988303045508)
601401133,Noise Complaint,60 E VAN BUREN ST,60,,E,VAN BUREN,ST,129151,2023-07-21T00:00:00Z,,DEPT. OF PUBLIC HEALTH,Resolved,2023-07-24T00:00:00Z,41.87709817965,-87.62542112917,POINT (-87.625421129173 41.877098179652)
601320828,Water Pollution,161 W KINZIE ST,161,,W,KINZIE,ST,84397,2023-03-21T00:00:00Z,WATER BODY WATER WAS DYED GREEN FROM ST PAT. DAY AND THE CALLER STATED THE WATER NOW HAS A BROWN PATCH IN THE RIVER COVERING APPROX. 2/3 OF THE RIVER ON THE SOUTH SIDE OF WELLS STREET BRIDE,DEPT. OF PUBLIC HEALTH,Resolved,2023-03-21T00:00:00Z,41.88906211073,-87.63348520694,POINT (-87.63348520694 41.88906211073)
601411934,Water Pollution,1348 W GLENLAKE AVE,1348,,W,GLENLAKE,AVE,417337,2023-08-08T00:00:00Z,,DEPT. OF PUBLIC HEALTH,Complaint Valid,2023-08-09T00:00:00Z,41.99278021858,-87.66476187135,POINT (-87.664761871354 41.992780218578)
601437098,Air Pollution Work Order,4049 N SOUTHPORT AVE,4049,,N,SOUTHPORT,AVE,417337,2023-09-18T00:00:00Z,"I am a tenant at 4049 N Southport and they are doing masonry work. The front hall and staircase is covered in construction/brick dust. The windows and window screens too. As someone with allergies and asthma, I'm concerned about the health effects.&nbsp;",DEPT. OF PUBLIC HEALTH,Alleged violation not found,2023-09-19T00:00:00Z,41.95585083559,-87.66410504304,POINT (-87.664105043042 41.955850835592)
601382238,Construction and Demolition,3041 W LYNDALE ST,3041,,W,LYNDALE,ST,3308,2023-06-21T00:00:00Z,*****THESE CONTRACTORS ARE CAUSING A INFLUX OF ISSUES *****&nbsp;,DEPT. OF PUBLIC HEALTH,Resolved,2023-06-21T00:00:00Z,41.92225915176,-87.70382151612,POINT (-87.70382151612 41.922259151761)
601378473,Noise Complaint,5801 S HALSTED ST,5801,,S,HALSTED,ST,3308,2023-06-16T00:00:00Z,Please shut this business down! WE DON'T WANT A SCRAP YARD IN OUR COMMUNITY! they have no respect for the residents. And how does this help the community? it looks disgusting! A dirty loud business next to the future nature trail doesn't make sense,DEPT. OF PUBLIC HEALTH,Alleged violation founded,2023-06-16T00:00:00Z,41.78880746242,-87.64486849336,POINT (-87.644868493355 41.78880746242)
601483959,Air Pollution Work Order,7357 S ROCKWELL ST,7357,,S,ROCKWELL,ST,10937,2023-12-19T00:00:00Z,,DEPT. OF PUBLIC HEALTH,Alleged violation not found,2023-12-20T00:00:00Z,41.75919417468,-87.68784359987,POINT (-87.687843599871 41.759194174677)
601368975,Construction and Demolition,847 W WELLINGTON AVE,847,,W,WELLINGTON,AVE,417337,2023-06-01T00:00:00Z,NOISE AND DUST IN BUILDING CREATING ISSUE FOR TENANTS,DEPT. OF PUBLIC HEALTH,Alleged violation not found,2023-06-02T00:00:00Z,41.93622043677,-87.65103310383,POINT (-87.651033103833 41.936220436772)
601473775,Air Pollution Work Order,2501 S RIDGEWAY AVE,2501,,S,RIDGEWAY,AVE,249349,2023-11-21T00:00:00Z,,DEPT. OF PUBLIC HEALTH,Refer to other Depts,2023-11-27T00:00:00Z,41.84609433197,-87.71835401706,POINT (-87.718354017056 41.846094331966)
601390301,Noise Complaint,301 E NORTH WATER ST,301,,E,NORTH WATER,ST,417325,2023-07-04T00:00:00Z,,DEPT. OF PUBLIC HEALTH,Alleged violation not found,2023-07-05T00:00:00Z,41.88945828011,-87.62036837643,POINT (-87.620368376429 41.889458280109)
601382237,Construction and Demolition,3041 W LYNDALE ST,3041,,W,LYNDALE,ST,3308,2023-06-21T00:00:00Z,"3041 W Lyndale St is being demolished which is damaging my house at 3043 W Lyndale with debris and tree branches that hit my building. They severed an electrical line at 3043 W in the back, trespassed on my property",DEPT. OF PUBLIC HEALTH,Resolved,2023-06-21T00:00:00Z,41.92225915176,-87.70382151612,POINT (-87.70382151612 41.922259151761)
601462121,Air Pollution Work Order,2759 W 38TH ST,2759,,W,38TH,ST,249349,2023-10-29T00:00:00Z,&nbsp;caller says construction of vacant lot and workers are polluting zinc into air,DEPT. OF PUBLIC HEALTH,Alleged violation not found,2023-10-30T00:00:00Z,41.82450676365,-87.69453500219,POINT (-87.694535002191 41.824506763645)
601458703,Illegal Dumping Work Order,1427 N OAKLEY BLVD,1427,,N,OAKLEY,BLVD,84397,2023-10-23T00:00:00Z,"BIOHAZARDOUS NEEDLES AND SYRINGS GAUGE, BLACK PLASTIC BAGS, RED AND BLACK SYRINGE BOXES IN ALLEY ALSO NEEDLES ARE IN THE BLACK AND BLUE CARTS&nbsp;",DEPT. OF PUBLIC HEALTH,Complaint Valid,2023-10-23T00:00:00Z,41.90753371805,-87.68456350578,POINT (-87.684563505783 41.907533718053)
601304579,Air Pollution Work Order,2003 S WESTERN AVE,2003,,S,WESTERN,AVE,249349,2023-02-08T00:00:00Z,": Foul smell coming from the live poultry building, not sure if it’s abandoned",DEPT. OF PUBLIC HEALTH,Resolved,2023-02-09T00:00:00Z,41.85468620068,-87.68556150003,POINT (-87.685561500031 41.854686200682)
601480650,Air Pollution Work Order,4853 N RIDGEWAY AVE,4853,,N,RIDGEWAY,AVE,417337,2023-12-10T00:00:00Z,&nbsp;Building owners are are rehabbing basement causing dust w/no permits and dust is blowing everywhere. Work is being done mon-fri 5p-9p,DEPT. OF PUBLIC HEALTH,Alleged violation not found,2023-12-11T00:00:00Z,41.9698728921,-87.72181395889,POINT (-87.721813958892 41.969872892097)
601334574,Noise Complaint,2020 N LINCOLN PARK WEST,2020,,N,LINCOLN PARK WEST,,129151,2023-04-11T00:00:00Z,": The 24/7 loud whirring, spinning, mechanical sounds of a neighbor's exhaust fan was confirmed by my building (back to 5/2022) from 10th floor balcony on the NE side. It is so loud that I can also hear it day &amp; night through bedroom windows. Thank youMy engineer at our building says it's a neighbor's exhaust fan on their roof. I've tried to narrow it down. It could be from Clayton Residential Home (2026 N. Clark St), Dimensions Mgmtt (2034 N. Clark), 2036 N. Clark or 2042 N. Clark (res. buildings)&nbsp;",DEPT. OF PUBLIC HEALTH,Resolved,2023-04-12T00:00:00Z,41.91935710062,-87.63653408082,POINT (-87.636534080818 41.919357100617)
601293190,Construction and Demolition,3819 N WESTERN AVE,3819,,N,WESTERN,AVE,3308,2023-01-09T00:00:00Z,": Morter and materials are not covered, mortar being set in extreme cold weather, Construction being done against code",DEPT. OF PUBLIC HEALTH,Alleged violation not found,2023-01-10T00:00:00Z,41.95094941649,-87.68823113202,POINT (-87.688231132016 41.950949416491)
601365067,Air Pollution Work Order,427 S LA SALLE ST,427,,S,LA SALLE,ST,249349,2023-05-30T00:00:00Z,,DEPT. OF PUBLIC HEALTH,Alleged violation not found,2023-05-30T00:00:00Z,41.87621600724,-87.63160213552,POINT (-87.631602135522 41.876216007244)
601388511,Asbestos Work Order,875 N MICHIGAN AVE,875,,N,MICHIGAN,AVE,379542,2023-06-28T00:00:00Z,"Lives
in John Hancock Bldg, worried about asbestos in apartment.&nbsp; No indication
of reno or demo.",DEPT. OF PUBLIC HEALTH,Resolved,2023-07-11T00:00:00Z,41.89894854173,-87.62397498769,POINT (-87.62397498769 41.89894854173)
601383771,Air Pollution Work Order,5626 W 63RD PL,5626,,W,63RD,PL,10937,2023-06-26T00:00:00Z,,DEPT. OF PUBLIC HEALTH,Alleged violation founded,2023-06-26T00:00:00Z,41.77724341185,-87.76280218104,POINT (-87.762802181043 41.777243411854)
601358314,Noise Complaint,6534 N ALBANY AVE,6534,,N,ALBANY,AVE,3308,2023-05-17T00:00:00Z,"The neighbor at 6534 N Albany has been working on car in their garage. Over the period of time they have thrown used engine oil next to my garage multiple times, dumped antifreeze in the alley, the constant burnout",DEPT. OF PUBLIC HEALTH,Alleged violation not found,2023-05-19T00:00:00Z,42.00029185973,-87.70719096002,POINT (-87.707190960025 42.000291859733)
601367463,Noise Complaint,2242 W WOLFRAM ST,2242,,W,WOLFRAM,ST,417325,2023-05-31T00:00:00Z,ON THE NORTH SIDE OF THE PROPERTY,DEPT. OF PUBLIC HEALTH,Alleged violation not found,2023-06-01T00:00:00Z,41.9330980376,-87.6847047997,POINT (-87.684704799699 41.933098037597)
601406818,Air Pollution Work Order,3223 S HALSTED ST,3223,,S,HALSTED,ST,84397,2023-08-01T00:00:00Z,,DEPT. OF PUBLIC HEALTH,Resolved,2023-08-01T00:00:00Z,41.83555378438,-87.64607071501,POINT (-87.646070715012 41.835553784375)
601295646,Asbestos Work Order,2610 W BALMORAL AVE,2610,,W,BALMORAL,AVE,379542,2023-01-14T00:00:00Z,": PLEASE CONTACT CALLER TO GAIN ACCESS TO BLDG/APT, CALLER STATES THE CONSTRUCTION DUST IS FULL OF ASBESTOS, CAUSING POSSIBLE HEALTH ISSUES FOR THE PEOPLE/ANIMALS THAT LIVE IN APT 102.",DEPT. OF PUBLIC HEALTH,Resolved,2023-01-17T00:00:00Z,41.9796067065,-87.69467570414,POINT (-87.694675704141 41.979606706503)
601390685,Noise Complaint,2724 W AGATITE AVE,2724,,W,AGATITE,AVE,417325,2023-07-06T00:00:00Z,,DEPT. OF PUBLIC HEALTH,Alleged violation not found,2023-07-07T00:00:00Z,41.9622864333,-87.69645035734,POINT (-87.696450357344 41.962286433305)
601472452,Construction and Demolition,9601 S PEORIA ST,9601,,S,PEORIA,ST,8386,2023-11-19T00:00:00Z,"&nbsp;There is dust all over, the homes and the cars",DEPT. OF PUBLIC HEALTH,Complaint Valid,2023-11-20T00:00:00Z,41.71921533221,-87.64544039032,POINT (-87.645440390319 41.719215332209)
601472480,Air Pollution Work Order,3823 S HALSTED ST,3823,,S,HALSTED,ST,10937,2023-11-18T00:00:00Z,Business running vents all weekend causing marijuana stink. Smell is in my home coming through vents. City was atbusiness this week but detected no smell. This is being done outside of business hours on purpose.,DEPT. OF PUBLIC HEALTH,Complaint Valid,2023-11-20T00:00:00Z,41.82455722208,-87.6458152846,POINT (-87.645815284595 41.824557222083)
601364144,Construction and Demolition,4341 W NORTH AVE,4341,,W,NORTH,AVE,379542,2023-05-25T00:00:00Z,,DEPT. OF PUBLIC HEALTH,Resolved,2023-05-26T00:00:00Z,41.90965549975,-87.73562175209,POINT (-87.735621752091 41.909655499755)
601369490,Noise Complaint,6727 N MAPLEWOOD AVE,6727,,N,MAPLEWOOD,AVE,417325,2023-06-02T00:00:00Z,: Industrial ac built into side of home; neighbors can't sleep; shaking house,DEPT. OF PUBLIC HEALTH,Alleged violation not found,2023-06-05T00:00:00Z,42.00396484191,-87.69355854267,POINT (-87.693558542668 42.003964841913)
601304596,Water Pollution,4107 S ARCHER AVE,4107,,S,ARCHER,AVE,425726,2023-02-08T00:00:00Z,": Mr. Esquivel has mentioned that the property owner at 4107 S Archer Ave. is constantly dumbing waste matter water into the alley, and at this moment has a yellow hose leading from his home out to the alley creating a puddle of wastewater.&nbsp;",DEPT. OF PUBLIC HEALTH,Resolved,2023-02-09T00:00:00Z,41.81882464837,-87.69629437816,POINT (-87.696294378164 41.818824648375)
601460247,Air Pollution Work Order,2158 W GRAND AVE,2158,,W,GRAND,AVE,84397,2023-10-24T00:00:00Z,,DEPT. OF PUBLIC HEALTH,Resolved,2023-10-25T00:00:00Z,41.89085472347,-87.68168453155,POINT (-87.681684531548 41.890854723474)
601336689,Air Pollution Work Order,2701 E 100TH ST,2701,,E,100TH,ST,10937,2023-04-15T00:00:00Z,The business is making dog food and the smell is very strong in the area,DEPT. OF PUBLIC HEALTH,Complaint Valid,2023-04-17T00:00:00Z,41.71324291275,-87.55803846898,POINT (-87.558038468978 41.713242912752)
601391970,Air Pollution Work Order,5835 N SHERIDAN RD,5835,,N,SHERIDAN,RD,417337,2023-07-07T00:00:00Z,The dog run smells of old urine and the feces bin isnt emptied enough. It is foul smelling and enters into the neighboring windows. I have talked to them directly twice and left two other messages.,DEPT. OF PUBLIC HEALTH,Resolved,2023-07-12T00:00:00Z,41.98836546854,-87.65518764654,POINT (-87.655187646542 41.988365468544)
601298985,Water Pollution,5024 N CENTRAL PARK AVE,5024,,N,CENTRAL PARK,AVE,3308,2023-01-25T00:00:00Z,"Elias, 5024 n central park",DEPT. OF PUBLIC HEALTH,Alleged violation not found,2023-01-26T00:00:00Z,41.97271766768,-87.71852102063,POINT (-87.718521020625 41.972717667684)
601391903,Air Pollution Work Order,1740 N KEATING AVE,1740,,N,KEATING,AVE,417337,2023-07-09T00:00:00Z,RESIDENTIAL GARAGE PAINTING CAR. STRONG FUMES BOTHERING NEIGHBORS,DEPT. OF PUBLIC HEALTH,Alleged violation not found,2023-07-12T00:00:00Z,41.91267303923,-87.74490248994,POINT (-87.74490248994 41.91267303923)
601396094,Noise Complaint,149 E OHIO ST,149,,E,OHIO,ST,417325,2023-07-14T00:00:00Z,,DEPT. OF PUBLIC HEALTH,Resolved,2023-07-19T00:00:00Z,41.89245260621,-87.62354495798,POINT (-87.623544957979 41.892452606208)
601451535,Construction and Demolition,856 N WOLCOTT AVE,856,,N,WOLCOTT,AVE,417337,2023-10-11T00:00:00Z,THERE IS A SAW GOING AND THERE IS DUST AND DEBRIS FLYING INTO THE CALLERS UNIT&nbsp;,DEPT. OF PUBLIC HEALTH,Complaint Valid,2023-10-11T00:00:00Z,41.89766167533,-87.67480793747,POINT (-87.674807937466 41.897661675327)
601469588,Construction and Demolition,2815 S SHORT ST,2815,,S,SHORT,ST,8386,2023-11-13T00:00:00Z,,DEPT. OF PUBLIC HEALTH,Alleged violation not found,2023-11-15T00:00:00Z,41.84282662434,-87.66030342568,POINT (-87.660303425675 41.842826624339)
601415997,Construction and Demolition,1037 N RUSH ST,1037,,N,RUSH,ST,417337,2023-08-15T00:00:00Z,Dust the site is getting onto people walking in the temporary sidewalk while they were cutting some concrete blocks,DEPT. OF PUBLIC HEALTH,Resolved,2023-08-16T00:00:00Z,41.90186410877,-87.6278774522,POINT (-87.627877452195 41.901864108772)
601295650,Construction and Demolition,4443 N HAZEL ST,4443,,N,HAZEL,ST,3308,2023-01-16T00:00:00Z,,DEPT. OF PUBLIC HEALTH,Alleged violation not found,2023-01-17T00:00:00Z,41.96308242167,-87.65220849511,POINT (-87.652208495105 41.963082421668)
601381422,Construction and Demolition,3041 W LYNDALE ST,3041,,W,LYNDALE,ST,3308,2023-06-20T00:00:00Z,": Demolition crew failed to provide notice of demo on Monday, failed to put up a net and neighbors witnessed debris from demo hitting the side of 3043 W Lyndale. Attached pics as evidence",DEPT. OF PUBLIC HEALTH,Resolved,2023-06-21T00:00:00Z,41.92225915176,-87.70382151612,POINT (-87.70382151612 41.922259151761)
601336318,Construction and Demolition,2127 W LE MOYNE ST,2127,,W,LE MOYNE,ST,379542,2023-04-13T00:00:00Z,,DEPT. OF PUBLIC HEALTH,Resolved,2023-04-17T00:00:00Z,41.90808178621,-87.68094805199,POINT (-87.680948051994 41.908081786212)
601366161,Noise Complaint,12700 S TORRENCE AVE,12700,,S,TORRENCE,AVE,129151,2023-05-31T00:00:00Z,,DEPT. OF PUBLIC HEALTH,Resolved,2023-06-01T00:00:00Z,41.6645984621,-87.55901468201,POINT (-87.55901468201 41.664598462101)
601476678,Air Pollution Work Order,612 S LOOMIS ST,612,,S,LOOMIS,ST,417337,2023-11-29T00:00:00Z,Caller trying to find out where paint/turpetine smell is coming from in apartment building. Not sure of where its coming from,DEPT. OF PUBLIC HEALTH,Resolved,2023-12-01T00:00:00Z,41.87374049256,-87.66192206438,POINT (-87.661922064383 41.873740492565)
601445620,Air Pollution Work Order,2131 N CLARK ST,2131,,N,CLARK,ST,379542,2023-09-29T00:00:00Z,Please reach out to resident and/or send inspectors. This is Jeff Wysong and I am the Board Treasurer at 2131 N Clark St Chicago IL 60614. The crew doing construction on the building behind us in our alley is taking proper precautions and it is getting all over our cars and the people walking through the alley.&nbsp;,DEPT. OF PUBLIC HEALTH,Resolved,2023-10-02T00:00:00Z,41.9210615259,-87.63757717812,POINT (-87.637577178116 41.921061525898)
601310328,Noise Complaint,6626 W DAKIN ST,6626,,W,DAKIN,ST,417325,2023-02-23T00:00:00Z,,DEPT. OF PUBLIC HEALTH,Alleged violation not found,2023-02-27T00:00:00Z,41.95171683891,-87.79236483389,POINT (-87.792364833895 41.951716838906)
601396092,Noise Complaint,1431 N CAMPBELL AVE,1431,,N,CAMPBELL,AVE,417325,2023-07-16T00:00:00Z,THE LANDLORD LIVES BELOW 1431 N CAMPBELL NOISE STARTS AS EARLY AS 4 AM THROUGHOUT THE AFTERNOON AND THE MORNING **POSSIBLY SOME TYPE OF AIR COMPRESSOR**,DEPT. OF PUBLIC HEALTH,Referred to another agency,2023-07-18T00:00:00Z,41.90758571179,-87.68946049903,POINT (-87.689460499033 41.907585711791)
601310961,Noise Complaint,2112 W PETERSON AVE,2112,,W,PETERSON,AVE,425726,2023-02-24T00:00:00Z,: There is a floor machine they use during early hours making excessive noise . also emitting asbestos floor particle into air while employees are present and working. This should be done when there is no employees present to breathe the fine particle.,DEPT. OF PUBLIC HEALTH,Resolved,2023-02-28T00:00:00Z,41.99072921796,-87.6829794536,POINT (-87.682979453599 41.990729217961)
601327476,Air Pollution Work Order,3959 N LINCOLN AVE,3959,,N,LINCOLN,AVE,3308,2023-03-30T00:00:00Z,,DEPT. OF PUBLIC HEALTH,Alleged violation not found,2023-03-30T00:00:00Z,41.95404231677,-87.67850964485,POINT (-87.678509644849 41.954042316768)
601290391,Air Pollution Work Order,9347 S MANISTEE AVE,9347,,S,MANISTEE,AVE,13776,2023-01-03T00:00:00Z,,DEPT. OF PUBLIC HEALTH,Refer to Plumbing,2023-01-03T00:00:00Z,41.72497122976,-87.55651291353,POINT (-87.556512913532 41.724971229757)
601294845,Construction and Demolition,2624 N MONTICELLO AVE,2624,,N,MONTICELLO,AVE,379542,2023-01-12T00:00:00Z,"No permits displayed up front, no dumpster permit, glass all over the public way",DEPT. OF PUBLIC HEALTH,Resolved,2023-01-13T00:00:00Z,41.92904432441,-87.71848678627,POINT (-87.718486786274 41.929044324412)
601485214,Construction and Demolition,5307 S HERMITAGE AVE,5307,,S,HERMITAGE,AVE,379542,2023-12-27T00:00:00Z,PER CALLER- THEY ARE DOING SCAFFOLDING BUT THEY DO NOT HAVE ANYTHING UP TO STOP ANYTHING FROM FALLING ON PEOPLE WALKING BY. THERE ALSO BRICKS FALLING FROM THE BUILDING,DEPT. OF PUBLIC HEALTH,Resolved,2023-12-28T00:00:00Z,41.7973786328,-87.66817314771,POINT (-87.668173147713 41.797378632799)
601478433,Air Pollution Work Order,678 N DEARBORN ST,678,,N,DEARBORN,ST,417337,2023-12-04T00:00:00Z,"There has been a strong chemical odor on the 600 block of North Dearborn for the past week, it has persisted following rain. The exact source of the odor is unknown.&nbsp;",DEPT. OF PUBLIC HEALTH,Resolved,2023-12-05T00:00:00Z,41.89481509541,-87.62987176257,POINT (-87.629871762573 41.894815095408)
601408344,Noise Complaint,2643 W 19TH ST,2643,,W,19TH,ST,129151,2023-08-02T00:00:00Z,,DEPT. OF PUBLIC HEALTH,Resolved,2023-08-07T00:00:00Z,41.85547606012,-87.69238835686,POINT (-87.692388356863 41.855476060124)
601432990,Air Pollution Work Order,11946 S UNION AVE,11946,,S,UNION,AVE,13776,2023-09-11T00:00:00Z,,DEPT. OF PUBLIC HEALTH,Complaint Valid,2023-09-12T00:00:00Z,41.67644796992,-87.6396041993,POINT (-87.639604199305 41.676447969917)
601302865,Air Pollution Work Order,3609 N DAMEN AVE,3609,,N,DAMEN,AVE,249349,2023-02-06T00:00:00Z,": Bad odor throughout the neighborhood- cause unknown. Smells like fertilizer or chemical- smell similar to fertilizer/weed throughout the neighborhood, as far as Lincoln/Grace to Addison/Damon. Cause unknown&nbsp;",DEPT. OF PUBLIC HEALTH,Alleged violation not found,2023-02-07T00:00:00Z,41.94716752009,-87.67841287108,POINT (-87.678412871077 41.947167520094)
601353732,Air Pollution Work Order,3116 W 54TH ST,3116,,W,54TH,ST,425726,2023-05-10T00:00:00Z,THE NEIGHBOR IS BURNS GARBAGE IN THE BACKYARD - HAPPENS ONCE A WEEK,DEPT. OF PUBLIC HEALTH,Resolved,2023-05-12T00:00:00Z,41.79547943645,-87.70190209378,POINT (-87.70190209378 41.795479436447)
601441402,Air Pollution Work Order,1225 N PULASKI RD,1225,,N,PULASKI,RD,417337,2023-09-24T00:00:00Z,,DEPT. OF PUBLIC HEALTH,Refer to StreetsSanitation,2023-09-25T00:00:00Z,41.90347359079,-87.72617668989,POINT (-87.726176689891 41.903473590791)
601419017,Noise Complaint,2458 W MOFFAT ST,2458,,W,MOFFAT,ST,129151,2023-08-19T00:00:00Z,,DEPT. OF PUBLIC HEALTH,Resolved,2023-08-21T00:00:00Z,41.91494584242,-87.68966296727,POINT (-87.689662967275 41.914945842417)
601479685,Construction and Demolition,1739 N DRAKE AVE,1739,,N,DRAKE,AVE,8386,2023-12-06T00:00:00Z,&nbsp;debris is falling onto the side of callers property,DEPT. OF PUBLIC HEALTH,Complaint Valid,2023-12-07T00:00:00Z,41.91294640666,-87.71487161663,POINT (-87.714871616626 41.912946406661)
601346572,Air Pollution Work Order,4339 S KEELER AVE,4339,,S,KEELER,AVE,249349,2023-05-01T00:00:00Z,,DEPT. OF PUBLIC HEALTH,Alleged violation not found,2023-05-02T00:00:00Z,41.81396243546,-87.72855426727,POINT (-87.728554267274 41.813962435456)
601470171,Construction and Demolition,7626 N GREENVIEW AVE,7626,,N,GREENVIEW,AVE,84397,2023-11-15T00:00:00Z,,DEPT. OF PUBLIC HEALTH,Resolved,2023-11-15T00:00:00Z,42.02016819986,-87.66839060129,POINT (-87.668390601287 42.020168199863)
601382257,Noise Complaint,420 W HURON ST,420,,W,HURON,ST,417325,2023-06-21T00:00:00Z,"beginning in Summer 2020, now ongoing for 3 years, the noise level coming from the 420 W Huron Street building’s rooftop air conditioning units far exceeds the noise ordinance standard and impairs the residents of 400 W Huron Street",DEPT. OF PUBLIC HEALTH,Resolved,2023-06-22T00:00:00Z,41.89483391999,-87.63944317001,POINT (-87.639443170011 41.894833919993)
601483442,Construction and Demolition,2601 W CARMEN AVE,2601,,W,CARMEN,AVE,379542,2023-12-15T00:00:00Z,The construction fencing is falling over and the sidewalk is not ADA accessible.EZMB LLC CONTRACTOR-GENERAL CONTRACTOR CHICAGO IL 60622- LINCOLN SQUARE DEVELOPMENT GROUP LLC OWNER NORTHBROOK IL 60062,DEPT. OF PUBLIC HEALTH,Resolved,2023-12-18T00:00:00Z,41.97390671844,-87.69425953812,POINT (-87.694259538124 41.973906718443)
601355392,Construction and Demolition,910 N WOOD ST,910,,N,WOOD,ST,417325,2023-05-15T00:00:00Z,Came in as&nbsp;Construction &amp; Demolition Complaint -&nbsp;Making noise too early. Before 8am.&nbsp; https://www.dgadvisorsgroup.com/910-n-wood-east-village(872)240-2887 info@dgadvisorsgroup.com,DEPT. OF PUBLIC HEALTH,Resolved,2023-05-15T00:00:00Z,41.89814894879,-87.67238859223,POINT (-87.672388592226 41.898148948795)
601427813,Noise Complaint,735 W DIVERSEY PKWY,735,,W,DIVERSEY,PKWY,417325,2023-09-05T00:00:00Z,Excessive noise coming from rooftop air conditioning unit. I filed the same 311 request a month ago and was told the property was in violation for the noise ordinance and had 30 days to mitigate. Nothing has changed.,DEPT. OF PUBLIC HEALTH,Complaint Valid,2023-09-05T00:00:00Z,41.93263163257,-87.64797278442,POINT (-87.647972784417 41.932631632573)
601342172,Vehicle Idling Work Order,800 N DEARBORN ST,800,,N,DEARBORN,ST,8386,2023-04-25T00:00:00Z,"###ONE OF THOSE TRUCKS THAT DELIVER BIG METAL DUMPSTER** DOING WORK FOR WALSH CONSTRUCTION BUT NOT A WALSH CONSTRUCTION TRUCK - TRUCK WAS WHITE IN COLOR, HAPPENS NEARLY EVERY DAY",DEPT. OF PUBLIC HEALTH,Resolved,2023-04-25T00:00:00Z,41.89672093237,-87.6299225832,POINT (-87.629922583195 41.896720932371)
601411127,Construction and Demolition,1848 W CUYLER AVE,1848,,W,CUYLER,AVE,3308,2023-08-07T00:00:00Z,building is under construction and they are leaving debris in the alley blocking the alley,DEPT. OF PUBLIC HEALTH,Alleged violation founded,2023-08-08T00:00:00Z,41.95524413913,-87.6761105409,POINT (-87.676110540898 41.955244139135)
601336300,Air Pollution Work Order,5036 N SHERIDAN RD,5036,,N,SHERIDAN,RD,249349,2023-04-13T00:00:00Z,ALSO FROM TAKING UP CARPET RESIDENTS ARE COUGHING FROM THIS MGMT ALINA 7734631313 CIM LIVING,DEPT. OF PUBLIC HEALTH,Alleged violation not found,2023-04-14T00:00:00Z,41.97445538924,-87.65510772731,POINT (-87.655107727307 41.974455389242)
601336272,Noise Complaint,10100 S WESTERN AVE,10100,,S,WESTERN,AVE,129151,2023-04-13T00:00:00Z,: This is not new. Been going on for nearly a year now. When are the residents here going to get some relief?,DEPT. OF PUBLIC HEALTH,Refer to other Depts,2023-04-14T00:00:00Z,41.70992804814,-87.68187477913,POINT (-87.681874779128 41.709928048135)
601412352,Air Pollution Work Order,9717 S HOUSTON AVE,9717,,S,HOUSTON,AVE,10937,2023-08-09T00:00:00Z,&nbsp;Slight breeze blowing east,DEPT. OF PUBLIC HEALTH,Complaint Valid,2023-08-11T00:00:00Z,41.71859177959,-87.54949084104,POINT (-87.549490841042 41.718591779593)
601371156,Air Pollution Work Order,2414 W CULLERTON ST,2414,,W,CULLERTON,ST,417337,2023-06-06T00:00:00Z,"Property Owner is concerned that the location operations are out of compliance and causing environmental hazards for residential building tenants across the street. The high piles of dirt constantly blow, causing breathing concerns, as well as covering personal property. Here is the video for your reference: https://share.icloud.com/photos/0f4cg1XBjRr2fWAOGpLgE5k3g",DEPT. OF PUBLIC HEALTH,Complaint Valid,2023-06-07T00:00:00Z,41.85491782807,-87.6863396414,POINT (-87.686339641398 41.854917828073)
601365063,Air Pollution Work Order,400 E 130TH ST,400,,E,130TH,ST,13776,2023-05-26T00:00:00Z,,DEPT. OF PUBLIC HEALTH,Alleged violation not found,2023-05-30T00:00:00Z,41.65923538846,-87.61237051975,POINT (-87.612370519749 41.659235388459)
601377241,Noise Complaint,939 W NORTH AVE,939,,W,NORTH,AVE,129151,2023-06-15T00:00:00Z,,DEPT. OF PUBLIC HEALTH,Resolved,2023-06-15T00:00:00Z,41.91073840329,-87.65262887483,POINT (-87.652628874825 41.910738403293)
601457187,Air Pollution Work Order,3309 N NAGLE AVE,3309,,N,NAGLE,AVE,417337,2023-10-18T00:00:00Z,,DEPT. OF PUBLIC HEALTH,Refer to Building Dept,2023-10-19T00:00:00Z,41.94045211338,-87.78721114398,POINT (-87.787211143981 41.940452113382)
601349022,Noise Complaint,1164 N DEARBORN ST,1164,,N,DEARBORN,ST,129151,2023-05-03T00:00:00Z,: SR23-00595056 Reference to this request,DEPT. OF PUBLIC HEALTH,Resolved,2023-05-08T00:00:00Z,41.90381316794,-87.63012985114,POINT (-87.630129851143 41.903813167942)
601302871,Air Pollution Work Order,4307 W DIVISION ST,4307,,W,DIVISION,ST,10937,2023-02-06T00:00:00Z,: This building is a regular polluter of the air,DEPT. OF PUBLIC HEALTH,Refer to other Depts,2023-02-07T00:00:00Z,41.90244000102,-87.73403250562,POINT (-87.734032505615 41.902440001023)
601406878,Noise Complaint,130 S CANAL ST,130,,S,CANAL,ST,417325,2023-07-31T00:00:00Z,,DEPT. OF PUBLIC HEALTH,Alleged violation not found,2023-08-03T00:00:00Z,41.87961626802,-87.63976452343,POINT (-87.639764523434 41.879616268017)
601469327,Air Pollution Work Order,5205 S CHRISTIANA AVE,5205,,S,CHRISTIANA,AVE,13776,2023-11-09T00:00:00Z,,DEPT. OF PUBLIC HEALTH,Resolved,2023-11-13T00:00:00Z,41.79874136771,-87.70723511956,POINT (-87.707235119563 41.798741367713)
601309222,Air Pollution Work Order,820 W LAKESIDE PL,820,,W,LAKESIDE,PL,249349,2023-02-21T00:00:00Z,"Unknown source, strong sulfur smell&nbsp;",DEPT. OF PUBLIC HEALTH,Alleged violation not found,2023-02-22T00:00:00Z,41.96835516025,-87.65094101652,POINT (-87.650941016522 41.96835516025)
601305462,Air Pollution Work Order,2500 S PAULINA ST,2500,,S,PAULINA,ST,129151,2023-02-10T00:00:00Z,,DEPT. OF PUBLIC HEALTH,Resolved,2023-02-15T00:00:00Z,41.84676817856,-87.66850812646,POINT (-87.668508126456 41.846768178557)
601445605,Construction and Demolition,1638 W OHIO ST,1638,,W,OHIO,ST,84397,2023-09-29T00:00:00Z,: Please inspect construction and scope of work at the property,DEPT. OF PUBLIC HEALTH,Resolved,2023-10-02T00:00:00Z,41.89251115633,-87.66872117307,POINT (-87.668721173072 41.892511156333)
601345989,Construction and Demolition,1520 W BYRON ST,1520,,W,BYRON,ST,8386,2023-04-29T00:00:00Z,,DEPT. OF PUBLIC HEALTH,Alleged violation not found,2023-05-01T00:00:00Z,41.95258328765,-87.66840379268,POINT (-87.668403792682 41.952583287651)
601346034,Water Pollution,945 W AGATITE AVE,945,,W,AGATITE,AVE,3308,2023-04-28T00:00:00Z,,DEPT. OF PUBLIC HEALTH,Alleged violation not found,2023-05-01T00:00:00Z,41.96258401393,-87.65411216817,POINT (-87.654112168173 41.962584013928)
601383748,Air Pollution Work Order,10933 S AVENUE H,10933,,S,AVENUE H,,10937,2023-06-24T00:00:00Z,"This area is an Industrial area, though residential as well.....There are chemical and other Factories not far from this residential location There is a smell that occurs off and on and at this report it is""ON"" , the smell is hard to tell it 's orgin , but is is everywhere in air within the neighbor hood of this location. for this caller, the smell impacts her asthma as an example of this smell's presence..",DEPT. OF PUBLIC HEALTH,Resolved,2023-06-27T00:00:00Z,41.69628321006,-87.53272122335,POINT (-87.532721223346 41.69628321006)
601317078,Construction and Demolition,360 E WACKER DR,360,,E,WACKER,DR,3308,2023-03-11T00:00:00Z,,DEPT. OF PUBLIC HEALTH,Alleged violation not found,2023-03-13T00:00:00Z,41.88787473723,-87.61792177699,POINT (-87.617921776989 41.887874737234)
601394292,Construction and Demolition,3501 N HALSTED ST,3501,,N,HALSTED,ST,417337,2023-07-13T00:00:00Z,Tiny pieces of styrofoam flew onto my patio and neighbor’s yards from the construction site. It is a health hazard to havemicro-plastics floating through the air.,DEPT. OF PUBLIC HEALTH,Alleged violation founded,2023-07-13T00:00:00Z,41.94550975343,-87.64928456978,POINT (-87.649284569783 41.945509753428)
601403856,Construction and Demolition,3638 S DR MARTIN LUTHER KING JR DR,3638,,S,DR MARTIN LUTHER KING JR,DR,84397,2023-07-26T00:00:00Z,Construction Dust blowing out the window onto neighbors property,DEPT. OF PUBLIC HEALTH,Resolved,2023-07-27T00:00:00Z,41.82809623713,-87.61723147111,POINT (-87.617231471108 41.828096237127)
601481539,Asbestos Work Order,2761 W WINDSOR AVE,2761,,W,WINDSOR,AVE,379542,2023-12-11T00:00:00Z,": Per the caller, there is a building at 2733 W Windsor that was sold and is being rehabbed. Per the caller the company, Daluca Construction does not have a permit to gut the building, only to replace windows and other cosmetic issue.. There is asbestos that has been disposed of at the building and there may still some in the dumpster and on the grounds. Due to a former complaint to this office, a stop work order has been put on the site eff 12-06. The caller is concerned as to whether the site has been inspected due to hazardous materials being taken from the building, such as asbestos. He is also concerned that this will be put into the landfill and that it could provide a hazard to those who reside in the area and to the city in general",DEPT. OF PUBLIC HEALTH,Resolved,2023-12-12T00:00:00Z,41.96381383888,-87.69866234546,POINT (-87.698662345463 41.963813838882)
601479745,Air Pollution Work Order,4311 W OGDEN AVE,4311,,W,OGDEN,AVE,249349,2023-12-06T00:00:00Z,There is a strong smokey smell coming from the smoke stacks in the middle of the building that is negatively impacting the neighbors across the street. This occurs typically after 7PM. Please contact Juanita below for any additional details when on site conducting the inspection,DEPT. OF PUBLIC HEALTH,Complaint Valid,2023-12-08T00:00:00Z,41.84855755014,-87.73156751941,POINT (-87.73156751941 41.848557550141)
601290001,Noise Complaint,518 W ARLINGTON PL,518,,W,ARLINGTON,PL,129151,2023-01-02T00:00:00Z,address is auto correcting from arlington pl to armour pl in system. diesel generator started about 2pm on 1/1/23 and has been running continously though the night since. i have not been able to find any outages nearby on comeds map,DEPT. OF PUBLIC HEALTH,Resolved,2023-01-03T00:00:00Z,41.92687789081,-87.64211419332,POINT (-87.642114193317 41.926877890813)
601334564,Service Stations/Storage Tanks Work Order,6724 S EBERHART AVE,6724,,S,EBERHART,AVE,426086,2023-04-11T00:00:00Z,"&nbsp;6724 S. Eberhart Smell of gas in basement Have noticed the smell on and off for the last 6 months,&nbsp;Clark Gas Station 507 East 67th Street",DEPT. OF PUBLIC HEALTH,Complaint Invalid,2023-04-13T00:00:00Z,41.77223684038,-87.61315810867,POINT (-87.613158108671 41.77223684038)
601307020,Construction and Demolition,2942 W NORTH AVE,2942,,W,NORTH,AVE,379542,2023-02-16T00:00:00Z,fencing is blocking the street,DEPT. OF PUBLIC HEALTH,Resolved,2023-02-17T00:00:00Z,41.91029106148,-87.70079649664,POINT (-87.70079649664 41.910291061476)
601381265,Construction and Demolition,3041 W LYNDALE ST,3041,,W,LYNDALE,ST,3308,2023-06-21T00:00:00Z,*****THESE CONTRACTORS ARE CAUSING A INFLUX OF ISSUES *****,DEPT. OF PUBLIC HEALTH,Resolved,2023-06-21T00:00:00Z,41.92225915176,-87.70382151612,POINT (-87.70382151612 41.922259151761)
601483101,Illegal Dumping Work Order,5144 N CICERO AVE,5144,,N,CICERO,AVE,3308,2023-12-14T00:00:00Z,": Illegal dumping of soil and dirt on empty lot from 5140-5150 N. Cicero Ave. JD Enterprises Inc. trucking company 312-771-6030, and other unknown entities have been unloading soil and dirt on the empty vacant lot since the morning of Saturday 12/9/23 up until today 12/14/23, possible unauthorized access to the property. Property tax address traces back to Cicero Sacramento Property 18200 W. Dixie Highway, North Miami Beach, Florida 33160. Please advise and investigate, residents on the other side of alley, 5100 block of N. La Crosse Ave. are very concerned",DEPT. OF PUBLIC HEALTH,Alleged violation not found,2024-01-02T00:00:00Z,41.97483033129,-87.74812998608,POINT (-87.74812998608 41.974830331293)
601295751,Noise Complaint,5535 N LYNCH AVE,5535,,N,LYNCH,AVE,417325,2023-01-14T00:00:00Z,: A neighbor thinks this is a generator. Runs 24 hours a day. I can hear it inside my house with the windows closed!,DEPT. OF PUBLIC HEALTH,Resolved,2023-01-17T00:00:00Z,41.9817166392,-87.76012582487,POINT (-87.760125824872 41.981716639199)
601432218,Service Stations/Storage Tanks Work Order,6608 N TALMAN AVE,6608,,N,TALMAN,AVE,249349,2023-09-10T00:00:00Z,"No business, but we can smell natural gas on the street. Confirmed by not just myself.",DEPT. OF PUBLIC HEALTH,Alleged violation not found,2023-09-11T00:00:00Z,42.00157535758,-87.69623351754,POINT (-87.696233517541 42.00157535758)
601356434,Noise Complaint,4546 S CHRISTIANA AVE,4546,,S,CHRISTIANA,AVE,84397,2023-05-15T00:00:00Z,There is no business name it’s just there is an unlicensed guy working there at this time,DEPT. OF PUBLIC HEALTH,Resolved,2023-05-16T00:00:00Z,41.81046895118,-87.70787032983,POINT (-87.707870329828 41.81046895118)
601318362,Noise Complaint,10629 S PROSPECT AVE,10629,,S,PROSPECT,AVE,129151,2023-03-14T00:00:00Z,Next-door neighbor states that the heat pump next door to her is very loud and causes 10627 S Prospect floor to vibrate,DEPT. OF PUBLIC HEALTH,Refer to Building Dept,2023-03-16T00:00:00Z,41.7002899462,-87.66184154218,POINT (-87.661841542181 41.700289946198)
601290006,Water Pollution,7600 N GREENVIEW AVE,7600,,N,GREENVIEW,AVE,3308,2023-01-02T00:00:00Z,"this building is owned by an absentee landlord who has no control over his residents. the building has trash all over the front and back. rats are attracted by the dog feces, the janitors dumps cleaning chemicals all over the sidewalk parkway gutters",DEPT. OF PUBLIC HEALTH,Alleged violation not found,2023-01-03T00:00:00Z,42.01945248747,-87.66839390183,POINT (-87.668393901831 42.019452487471)
601344949,Air Pollution Work Order,8357 S HALSTED ST,8357,,S,HALSTED,ST,249349,2023-04-28T00:00:00Z,: South side of lot - grinding with no suppression - also dumpster is overflowing,DEPT. OF PUBLIC HEALTH,Complaint Valid,2023-04-28T00:00:00Z,41.74167982979,-87.643635558,POINT (-87.643635558 41.741679829794)
601374556,Construction and Demolition,2909 N ALBANY AVE,2909,,N,ALBANY,AVE,3308,2023-06-12T00:00:00Z,,DEPT. OF PUBLIC HEALTH,Alleged violation not found,2023-06-12T00:00:00Z,41.93419302805,-87.70488716598,POINT (-87.70488716598 41.934193028048)
601485210,Noise Complaint,3504 N CLARK ST,3504,,N,CLARK,ST,437489,2023-12-28T00:00:00Z,,DEPT. OF PUBLIC HEALTH,Alleged violation not found,2023-12-28T00:00:00Z,41.94569278763,-87.655471769,POINT (-87.655471769002 41.94569278763)
601419019,Air Pollution Work Order,3159 S RIDGEWAY AVE,3159,,S,RIDGEWAY,AVE,10937,2023-08-18T00:00:00Z,,DEPT. OF PUBLIC HEALTH,Alleged violation not found,2023-08-21T00:00:00Z,41.83526014702,-87.71805923886,POINT (-87.718059238863 41.83526014702)
601388456,Air Pollution Work Order,10400 S TORRENCE AVE,10400,,S,TORRENCE,AVE,10937,2023-07-01T00:00:00Z,"Caller was in her house and says she can't be outside her neighborhood because the company at 2701 E 100th St, Chicago, IL 60617 makes the neighborhood in above address smell bad like burning wood.&nbsp;",DEPT. OF PUBLIC HEALTH,Complaint Valid,2023-07-03T00:00:00Z,41.70630772181,-87.55979091756,POINT (-87.559790917563 41.706307721812)
601420074,Air Pollution Work Order,931 N OGDEN AVE,931,,N,OGDEN,AVE,425726,2023-08-21T00:00:00Z,Alshalt plant can be smelled 4-5 blocks away and is being distributed into multi family building via the fresh air make up air unit,DEPT. OF PUBLIC HEALTH,Resolved,2023-08-23T00:00:00Z,41.89921642769,-87.6515756899,POINT (-87.651575689902 41.899216427685)
601322814,Air Pollution Work Order,1336 W HURON ST,1336,,W,HURON,ST,249349,2023-03-22T00:00:00Z,,DEPT. OF PUBLIC HEALTH,Refer to Building Dept,2023-03-23T00:00:00Z,41.89445844282,-87.66105549,POINT (-87.66105549 41.894458442823)
601375998,Noise Complaint,80 W POLK ST,80,,W,POLK,ST,417325,2023-06-13T00:00:00Z,"There is a large air conditioning unit trailer placed in the street. It is far above the allowed limit from Chapter 8-32 of the Municipal Code. As a Mechanical stationary source, it should be limited to under 70 dB from 10 feet away. It far surpasses that",DEPT. OF PUBLIC HEALTH,Complaint Valid,2023-06-16T00:00:00Z,41.87237058769,-87.63036910402,POINT (-87.630369104022 41.872370587685)
601364097,Construction and Demolition,3236 N DAYTON ST,3236,,N,DAYTON,ST,425726,2023-05-24T00:00:00Z,,DEPT. OF PUBLIC HEALTH,Resolved,2023-05-25T00:00:00Z,41.94093467072,-87.65062402255,POINT (-87.65062402255 41.940934670724)
601361155,Air Pollution Work Order,3651 S SEELEY AVE,3651,,S,SEELEY,AVE,425726,2023-05-22T00:00:00Z,,DEPT. OF PUBLIC HEALTH,Resolved,2023-05-24T00:00:00Z,41.82704963688,-87.67626474054,POINT (-87.676264740541 41.827049636879)
601317750,Noise Complaint,363 E WACKER DR,363,,E,WACKER,DR,417325,2023-03-13T00:00:00Z,Saturday 3/11 the St. Regis conducted a test of the emergency power generator from 2 PM - 11 PM. Equipment wasincredibly loud. Reported that the building also does not have required CDPH Environmental permits for fuel storage or generator.Please inspect to determine compliance.,DEPT. OF PUBLIC HEALTH,Alleged violation not found,2023-03-14T00:00:00Z,41.88746439665,-87.61786023107,POINT (-87.617860231068 41.887464396646)
601469334,Air Pollution Work Order,6108 N KEATING AVE,6108,,N,KEATING,AVE,129151,2023-11-12T00:00:00Z,"M &amp; M caused vast amounts of dust, debris, emissions &amp; pollution on our block by over-grinding leaves &amp; garbage with their quasi work assist vehicle. Instead of placing debris in a bin, they just kept riding over it causing it to slam into windows &amp; cars.",DEPT. OF PUBLIC HEALTH,Alleged violation not found,2023-11-14T00:00:00Z,41.99171929714,-87.74726431077,POINT (-87.747264310771 41.991719297142)
601447814,Air Pollution Work Order,9800 S MANISTEE AVE,9800,,S,MANISTEE,AVE,13776,2023-10-03T00:00:00Z,,DEPT. OF PUBLIC HEALTH,Resolved,2023-10-04T00:00:00Z,41.71718958006,-87.5566651337,POINT (-87.556665133699 41.717189580056)
601364071,Air Pollution Work Order,1501 N CLARK ST,1501,,N,CLARK,ST,417337,2023-05-24T00:00:00Z,,DEPT. OF PUBLIC HEALTH,Alleged violation not found,2023-05-26T00:00:00Z,41.90948529867,-87.63145914731,POINT (-87.631459147313 41.909485298674)
601294194,Construction and Demolition,4624 S ASHLAND AVE,4624,,S,ASHLAND,AVE,84397,2023-01-11T00:00:00Z,: PER CALLER-THE CONSTRUCTION VEHICLES ARE TRACKING A LOT OF DIRT ALONG THE STREET FROM 47TH ST AND ASHLAND TO 46TH ST.,DEPT. OF PUBLIC HEALTH,Resolved,2023-01-12T00:00:00Z,41.80968337928,-87.66514885189,POINT (-87.665148851892 41.80968337928)
601309843,Air Pollution Work Order,3256 S RIDGEWAY AVE,3256,,S,RIDGEWAY,AVE,249349,2023-02-22T00:00:00Z,"Smells like burning plastic, chemicals or fumes",DEPT. OF PUBLIC HEALTH,Alleged violation not found,2023-02-23T00:00:00Z,41.83353463374,-87.71831557922,POINT (-87.718315579224 41.833534633743)
601457508,Asbestos Work Order,810 E HYDE PARK BLVD,810,,E,HYDE PARK,BLVD,379542,2023-10-19T00:00:00Z,Caller had health inspectors at her unit and was told asbestos is coming up from the tile floors. Building management was told about the problem and have not responded or cooperated.,DEPT. OF PUBLIC HEALTH,Resolved,2023-10-06T00:00:00Z,41.80237347111,-87.60588760844,POINT (-87.60588760844 41.80237347111)
601462106,Noise Complaint,2913 N LINCOLN AVE,2913,,N,LINCOLN,AVE,437489,2023-10-27T00:00:00Z,,DEPT. OF PUBLIC HEALTH,Alleged violation not found,2023-10-31T00:00:00Z,41.93475838345,-87.6615741731,POINT (-87.661574173102 41.93475838345)
601301423,Air Pollution Work Order,2701 E 100TH ST,2701,,E,100TH,ST,10937,2023-02-02T00:00:00Z,Second day that stench as been present during morning hours,DEPT. OF PUBLIC HEALTH,Complaint Valid,2023-02-02T00:00:00Z,41.71324291275,-87.55803846898,POINT (-87.558038468978 41.713242912752)
601403860,Air Pollution Work Order,6100 N KILBOURN AVE,6100,,N,KILBOURN,AVE,417337,2023-07-26T00:00:00Z,,DEPT. OF PUBLIC HEALTH,Referred to another agency,2023-07-28T00:00:00Z,41.99139896814,-87.73993321725,POINT (-87.739933217251 41.991398968142)
601415603,Air Pollution Work Order,5811 W MELROSE ST,5811,,W,MELROSE,ST,10937,2023-08-14T00:00:00Z,,DEPT. OF PUBLIC HEALTH,Referred to another agency,2023-08-15T00:00:00Z,41.93930946173,-87.77186449726,POINT (-87.771864497264 41.939309461726)
601409083,Construction and Demolition,2109 W WARREN BLVD,2109,,W,WARREN,BLVD,425726,2023-08-03T00:00:00Z,"&nbsp;Creating a lot of construction dust, polluting the areas atmosphere.&nbsp;",DEPT. OF PUBLIC HEALTH,Resolved,2023-08-04T00:00:00Z,41.88207938327,-87.6795240437,POINT (-87.679524043695 41.882079383268)
601460715,Air Pollution Work Order,1136 W LAWRENCE AVE,1136,,W,LAWRENCE,AVE,84397,2023-10-26T00:00:00Z,semi Trucks idling at Clifton &amp; Lawrence. This truck is associated with the construction work taking place at the Lawrence Red Line Station. A total of 6 trucks idling at a time emitting exhaust from vehicles into the air . This takes place 7 days a week and in early morning hours.,DEPT. OF PUBLIC HEALTH,Resolved,2023-10-26T00:00:00Z,41.9691447935,-87.65910171893,POINT (-87.659101718929 41.969144793495)
601374571,Noise Complaint,318 W GRAND AVE,318,,W,GRAND,AVE,417325,2023-06-09T00:00:00Z,It has been happening all day for the past month.,DEPT. OF PUBLIC HEALTH,Alleged violation not found,2023-06-12T00:00:00Z,41.89166230351,-87.6363865569,POINT (-87.636386556897 41.891662303509)
601390700,Noise Complaint,4747 S DR MARTIN LUTHER KING JR DR,4747,,S,DR MARTIN LUTHER KING JR,DR,129151,2023-07-06T00:00:00Z,,DEPT. OF PUBLIC HEALTH,Resolved,2023-07-07T00:00:00Z,41.80799556913,-87.61640486518,POINT (-87.616404865179 41.80799556913)
601480257,Air Pollution Work Order,400 N LAKE SHORE DR,400,,N,LAKE SHORE,DR,249349,2023-12-07T00:00:00Z,,DEPT. OF PUBLIC HEALTH,Resolved,2023-12-08T00:00:00Z,41.88941840024,-87.61427018822,POINT (-87.614270188222 41.889418400236)
601354560,Noise Complaint,1342 W 15TH ST,1342,,W,15TH,ST,417325,2023-05-11T00:00:00Z,,DEPT. OF PUBLIC HEALTH,Resolved,2023-05-12T00:00:00Z,41.86165359263,-87.66069299144,POINT (-87.660692991437 41.861653592632)
601344200,Air Pollution Work Order,8553 S DREXEL AVE,8553,,S,DREXEL,AVE,13776,2023-04-26T00:00:00Z,,DEPT. OF PUBLIC HEALTH,Alleged violation unfounded,2023-04-27T00:00:00Z,41.73876640605,-87.60230571712,POINT (-87.602305717121 41.738766406051)
601310955,Construction and Demolition,3333 N HAMILTON AVE,3333,,N,HAMILTON,AVE,379542,2023-02-24T00:00:00Z,Blocked passage and blocked access to properties. Large open hole without safety precautions&nbsp;,DEPT. OF PUBLIC HEALTH,Resolved,2023-02-27T00:00:00Z,41.94234829632,-87.68191944194,POINT (-87.681919441939 41.942348296324)
601404999,Noise Complaint,2700 N HAMPDEN CT,2700,,N,HAMPDEN,CT,417325,2023-07-27T00:00:00Z,,DEPT. OF PUBLIC HEALTH,Alleged violation not found,2023-07-31T00:00:00Z,41.93072476048,-87.64166467255,POINT (-87.641664672553 41.930724760484)
601364065,Noise Complaint,701 W DIVERSEY PKWY,701,,W,DIVERSEY,PKWY,129151,2023-05-24T00:00:00Z,,DEPT. OF PUBLIC HEALTH,Resolved,2023-05-26T00:00:00Z,41.93265500408,-87.6467146385,POINT (-87.646714638498 41.932655004077)
601290335,Construction and Demolition,1358 W OHIO ST,1358,,W,OHIO,ST,84397,2023-01-04T00:00:00Z,Over flowing dumpsters. Dumpster blocking public way on side walk.,DEPT. OF PUBLIC HEALTH,Resolved,2023-01-04T00:00:00Z,41.89260388446,-87.66181441118,POINT (-87.661814411182 41.892603884464)
601351379,Air Pollution Work Order,2500 S PAULINA ST,2500,,S,PAULINA,ST,10937,2023-05-05T00:00:00Z,,DEPT. OF PUBLIC HEALTH,Complaint Valid,2023-05-08T00:00:00Z,41.84676817856,-87.66850812646,POINT (-87.668508126456 41.846768178557)
601431583,Construction and Demolition,906 N CALIFORNIA AVE,906,,N,CALIFORNIA,AVE,3308,2023-09-07T00:00:00Z,There has been a ton of construction on this building and waste strewn through the alley for months,DEPT. OF PUBLIC HEALTH,Refer to Building Dept,2023-09-08T00:00:00Z,41.89772438063,-87.69690243086,POINT (-87.696902430859 41.897724380627)
601312008,Noise Complaint,557 W 14TH PL,557,,W,14TH,PL,129151,2023-03-01T00:00:00Z,"This Data Center is running their backup generators all day for last 3 weeks, starting at 6AM. We ran a dB test, noise gets up to 89 dB, way above city noise limits. Whose idea it was to allow a data center at this location? Local Businesses are hurting.",DEPT. OF PUBLIC HEALTH,Resolved,2023-03-01T00:00:00Z,41.86231891022,-87.64140060629,POINT (-87.641400606291 41.862318910219)
601482340,Vehicle Idling Work Order,7930 S VINCENNES AVE,7930,,S,VINCENNES,AVE,84397,2023-12-13T00:00:00Z,: 18 WHEELER TRUCK IDLING ON STREET AT 79TH PL &amp; VINCENNES. CALLER STATES THAT THE TRUCK IS VIBRATING HER HOUSE. CALLER COULD NOT MAKE OUT THE NAME ON THE TRUCK.,DEPT. OF PUBLIC HEALTH,Resolved,2023-12-13T00:00:00Z,41.74987527702,-87.6346012456,POINT (-87.634601245602 41.749875277019)
601429894,Construction and Demolition,4338 N CLARENDON AVE,4338,,N,CLARENDON,AVE,379542,2023-09-06T00:00:00Z,Demolition is happening to the building. There is no permit posted outside. Debris &amp; soot is getting into neighboring homes. When disposing of debris it is thrown from window several stories up instead of being properly disposed of. Demolition happens during the day through the evening.&nbsp;No permit is listed outside of building; neighbors are unsure of the company name,DEPT. OF PUBLIC HEALTH,Resolved,2023-09-08T00:00:00Z,41.96154879362,-87.65005100892,POINT (-87.650051008923 41.961548793616)
601397241,Noise Complaint,7100 S MARSHFIELD AVE,7100,,S,MARSHFIELD,AVE,417325,2023-07-17T00:00:00Z,,DEPT. OF PUBLIC HEALTH,Resolved,2023-07-18T00:00:00Z,41.76480019946,-87.665173077,POINT (-87.665173076997 41.764800199457)
601425287,Noise Complaint,1112 S WABASH AVE,1112,,S,WABASH,AVE,129151,2023-08-30T00:00:00Z,,DEPT. OF PUBLIC HEALTH,Resolved,2023-08-30T00:00:00Z,41.86883410488,-87.62600895041,POINT (-87.626008950412 41.868834104882)
601408345,Noise Complaint,1949 W DIVISION ST,1949,,W,DIVISION,ST,129151,2023-08-02T00:00:00Z,,DEPT. OF PUBLIC HEALTH,Refer to Building Dept,2023-08-07T00:00:00Z,41.90308928676,-87.67677205425,POINT (-87.676772054255 41.903089286759)
601370278,Air Pollution Work Order,2351 S LOOMIS ST,2351,,S,LOOMIS,ST,249349,2023-06-05T00:00:00Z,"Dusty esp on street &amp; in bike lanes. Occasionally I see street sweeper &amp; sometimes a pick up truck with water container dripping water in street. Sweeper &amp; truck drive over flexible dividers for bike lanes, destroying&nbsp;",DEPT. OF PUBLIC HEALTH,Alleged violation not found,2023-06-06T00:00:00Z,41.8491410552,-87.66092817685,POINT (-87.660928176849 41.849141055202)
601311002,Noise Complaint,25 S PEORIA ST,25,,S,PEORIA,ST,129151,2023-02-25T00:00:00Z,: I’d really love to stop sending these noise complaints that continue happening around 6am every Saturday morning. Please do something about this direct violation of the noise ordinance to make it permanently stop.&nbsp;,DEPT. OF PUBLIC HEALTH,Alleged violation not found,2023-02-27T00:00:00Z,41.88094388601,-87.64952801848,POINT (-87.649528018478 41.880943886014)
601295640,Asbestos Work Order,1420 E MARQUETTE RD,1420,,E,MARQUETTE,RD,425726,2023-01-16T00:00:00Z,,DEPT. OF PUBLIC HEALTH,Resolved,2023-01-18T00:00:00Z,41.77524679331,-87.59035885216,POINT (-87.590358852157 41.775246793309)
601465024,Illegal Dumping Work Order,5145 N BROADWAY,5145,,N,BROADWAY,,3308,2023-11-02T00:00:00Z,,DEPT. OF PUBLIC HEALTH,Complaint Valid,2023-11-03T00:00:00Z,41.97593553656,-87.6597092871,POINT (-87.659709287097 41.97593553656)
601353724,Illegal Dumping Work Order,3737 W WINDSOR AVE,3737,,W,WINDSOR,AVE,8386,2023-05-11T00:00:00Z,,DEPT. OF PUBLIC HEALTH,Complaint Valid,2023-05-11T00:00:00Z,41.96364059036,-87.72211292595,POINT (-87.722112925953 41.963640590358)
601359925,Air Pollution Work Order,2643 W 19TH ST,2643,,W,19TH,ST,249349,2023-05-19T00:00:00Z,": Every night, it is snowing with cotton lint in the alley. The lint balls are flying through the air day and night. Heavy smoke comes from South West corner They now have 3 machines that are loud at night when they are all on.",DEPT. OF PUBLIC HEALTH,Alleged violation not found,2023-05-22T00:00:00Z,41.85547606012,-87.69238835686,POINT (-87.692388356863 41.855476060124)
601357235,Illegal Dumping Work Order,5150 N WESTERN AVE,5150,,N,WESTERN,AVE,3308,2023-05-17T00:00:00Z,"The auto shop has either dumped or spilled some type of automotive fluid (oil, gas, transmission fluid, etc.) in the alley behind the shop and the fluid has migrated to the storm drain at the end of the alley.&nbsp;",DEPT. OF PUBLIC HEALTH,Resolved,2023-05-17T00:00:00Z,41.97556543833,-87.68928444804,POINT (-87.689284448039 41.97556543833)
601377166,Air Pollution Work Order,4600 N ELSTON AVE,4600,,N,ELSTON,AVE,417337,2023-06-14T00:00:00Z,It has been weeks that smells paint shop. The odor is really bad.,DEPT. OF PUBLIC HEALTH,Resolved,2023-06-15T00:00:00Z,41.96452175121,-87.7351337874,POINT (-87.735133787396 41.964521751211)
601398670,Air Pollution Work Order,4111 N DAMEN AVE,4111,,N,DAMEN,AVE,10937,2023-07-19T00:00:00Z,,DEPT. OF PUBLIC HEALTH,Resolved,2023-07-21T00:00:00Z,41.95634576998,-87.67867522768,POINT (-87.678675227676 41.956345769985)
601433001,Noise Complaint,5085 W ADAMS ST,5085,,W,ADAMS,ST,129151,2023-09-12T00:00:00Z,The light is very noisy and it never stops until the lift turns off in the morning,DEPT. OF PUBLIC HEALTH,Resolved,2023-09-13T00:00:00Z,41.87839124639,-87.75274341079,POINT (-87.752743410786 41.878391246394)
601346046,Construction and Demolition,4937 N DAMEN AVE,4937,,N,DAMEN,AVE,417337,2023-04-30T00:00:00Z,Builders tied a tarp to the building next door (4927 N. Damen Ave) and used bricks to hold the tarp down. The bricks have been banging on our building continuously creating loud noise disturbances.,DEPT. OF PUBLIC HEALTH,Alleged violation not found,2023-05-01T00:00:00Z,41.97168636455,-87.67912716808,POINT (-87.679127168077 41.971686364553)
601361158,Noise Complaint,3737 W LAWRENCE AVE,3737,,W,LAWRENCE,AVE,417325,2023-05-22T00:00:00Z,,DEPT. OF PUBLIC HEALTH,Alleged violation not found,2023-05-24T00:00:00Z,41.96819485558,-87.72227079662,POINT (-87.722270796624 41.968194855579)
601419669,Air Pollution Work Order,5359 N ASHLAND AVE,5359,,N,ASHLAND,AVE,249349,2023-08-21T00:00:00Z,Many garbage trucks driving through the ward are emitting excessive emissions and clearly need to be serviced. This is a huge pedestrian health hazard for our ward,DEPT. OF PUBLIC HEALTH,Alleged violation not found,2023-08-22T00:00:00Z,41.97977987185,-87.66956644141,POINT (-87.66956644141 41.979779871854)
601410334,Construction and Demolition,120 S RIVERSIDE PLZ,120,,S,RIVERSIDE,PLZ,417325,2023-08-04T00:00:00Z,,DEPT. OF PUBLIC HEALTH,Alleged violation not found,2023-08-09T00:00:00Z,41.87992330591,-87.63880253892,POINT (-87.638802538918 41.879923305912)
601291952,Air Pollution Work Order,1830 N KOSTNER AVE,1830,,N,KOSTNER,AVE,10937,2023-01-05T00:00:00Z,n: This business is not in a working properly with a valid license. Once to three times a week this business is operating. Caller does not have the name of the business. Painting and running cars with various chemicals and fumes. Caller did not want to leave contact info.&nbsp;,DEPT. OF PUBLIC HEALTH,Alleged violation not found,2023-01-06T00:00:00Z,41.91437322643,-87.73639548878,POINT (-87.736395488779 41.914373226433)
601392064,Noise Complaint,12636 S SAGINAW AVE,12636,,S,SAGINAW,AVE,129151,2023-07-07T00:00:00Z,noise from Ford Motor Plant,DEPT. OF PUBLIC HEALTH,Resolved,2023-07-10T00:00:00Z,41.66530751906,-87.55819632097,POINT (-87.558196320965 41.665307519064)
601396080,Air Pollution Work Order,12125 S ASHLAND AVE,12125,,S,ASHLAND,AVE,13776,2023-07-14T00:00:00Z,INSIDE CALLER HOME,DEPT. OF PUBLIC HEALTH,Alleged violation unfounded,2023-07-17T00:00:00Z,41.67312251598,-87.66109839752,POINT (-87.661098397518 41.673122515982)
601354555,Construction and Demolition,5729 W 64TH PL,5729,,W,64TH,PL,84397,2023-05-11T00:00:00Z,Yellow dumpster in front of the house a big white van no name of the business demolition of the property no permits posted demolition work is being done by hand no actual construction tools,DEPT. OF PUBLIC HEALTH,Refer to Building Dept,2023-05-12T00:00:00Z,41.77514955657,-87.76523991017,POINT (-87.765239910172 41.77514955657)
601354554,Illegal Dumping Work Order,6500 S WENTWORTH AVE,6500,,S,WENTWORTH,AVE,8386,2023-05-11T00:00:00Z,Tires are dumped on the property and not stored properly/orderly. Tire pile in disarray. Property appears to be some sort of vehicle storage yard. Site is located on the southwest corner of W. 65th Street and S. Wentworth.&nbsp;,DEPT. OF PUBLIC HEALTH,Complaint Valid,2023-05-12T00:00:00Z,41.77659014089,-87.6302171981,POINT (-87.630217198102 41.776590140893)
601427035,Construction and Demolition,2660 N HALSTED ST,2660,,N,HALSTED,ST,379542,2023-08-31T00:00:00Z,Sidewalk is littered with debris from the construction,DEPT. OF PUBLIC HEALTH,Resolved,2023-09-01T00:00:00Z,41.93075191145,-87.64909233355,POINT (-87.649092333546 41.93075191145)
601329530,Air Pollution Work Order,10618 S WOOD ST,10618,,S,WOOD,ST,10937,2023-04-03T00:00:00Z,SMELLS LIKE CHEMICAL SMELL IN THIS AREA,DEPT. OF PUBLIC HEALTH,Complaint Invalid,2023-04-04T00:00:00Z,41.70045681399,-87.66706560413,POINT (-87.667065604126 41.700456813994)
601323920,Air Pollution Work Order,10138 S HOXIE AVE,10138,,S,HOXIE,AVE,13776,2023-03-23T00:00:00Z,,DEPT. OF PUBLIC HEALTH,Resolved,2023-03-24T00:00:00Z,41.71059832822,-87.56108954588,POINT (-87.561089545881 41.710598328219)
601308147,Construction and Demolition,1525 N BOSWORTH AVE,1525,,N,BOSWORTH,AVE,379542,2023-02-20T00:00:00Z,,DEPT. OF PUBLIC HEALTH,Resolved,2023-02-21T00:00:00Z,41.90960337077,-87.66629688894,POINT (-87.666296888941 41.909603370773)
601485417,Construction and Demolition,3019 N KENNETH AVE,3019,,N,KENNETH,AVE,417337,2023-12-28T00:00:00Z,"Construction company burning items in back yard continuously, looks unsafe.",DEPT. OF PUBLIC HEALTH,Resolved,2023-12-29T00:00:00Z,41.9358990404,-87.73801883103,POINT (-87.73801883103 41.935899040402)
601372239,Air Pollution Work Order,2246 W LELAND AVE,2246,,W,LELAND,AVE,425726,2023-06-07T00:00:00Z,Resident concerned about construction kicking up dust and asbestos,DEPT. OF PUBLIC HEALTH,Resolved,2023-06-08T00:00:00Z,41.96693122107,-87.68578302994,POINT (-87.68578302994 41.96693122107)
601316536,Construction and Demolition,847 N PAULINA ST,847,,N,PAULINA,ST,379542,2023-03-09T00:00:00Z,"From DOB --&gt; Note that 11-4-2170(b)(2) states: All debris from any demolition or renovation activity shall be removed from the building, facility, or other structure through dust-tight chutes or by lowering it in buckets or containers and no debris shall be dropped or thrown from any floor. Have a look at the 11-4-2170(b) section and 11-4-765 section to know exactly what we’re looking for when examine demolition sites. Thanks! From 1st Ward Office --&gt; follow up to previous request, construction / demolition debris fell on to the adjacent property. There is a police report filed by neighbor.",DEPT. OF PUBLIC HEALTH,Resolved,2023-03-13T00:00:00Z,41.89741156502,-87.66962842026,POINT (-87.669628420259 41.897411565021)
601401836,Air Pollution Work Order,2055 W PERSHING RD,2055,,W,PERSHING,RD,425726,2023-07-25T00:00:00Z,Smells from the asphalt plant are pretty thick today. I know that’s on top of air quality alert. With asthma it hurts to breathe. Im right off park at Damen and 38 so it’s very strong here in the air.&nbsp;,DEPT. OF PUBLIC HEALTH,Resolved,2023-07-25T00:00:00Z,41.82297276573,-87.67702220738,POINT (-87.677022207376 41.822972765727)
601415979,Asbestos Work Order,2130 N BINGHAM ST,2130,,N,BINGHAM,ST,379542,2023-08-16T00:00:00Z,REMOVING ASBESTOS FROM EXTERIOR WALLS EVEN THOUGH A STOP WORK ORDER WAS ISSUED BY THE CITYALONG THE SIDE OF THE PROPERTY AND AT THE COACH HOUSE,DEPT. OF PUBLIC HEALTH,Resolved,2023-08-16T00:00:00Z,41.9192513468,-87.69332731469,POINT (-87.693327314692 41.919251346802)
601441379,Air Pollution Work Order,3300 N AVERS AVE,3300,,N,AVERS,AVE,249349,2023-09-25T00:00:00Z,Strange chemical smell in the air of this address and it is an unknown source during the night source.,DEPT. OF PUBLIC HEALTH,Alleged violation not found,2023-09-25T00:00:00Z,41.94105135237,-87.72372204766,POINT (-87.723722047662 41.941051352367)
601483324,Construction and Demolition,1933 N FREMONT ST,1933,,N,FREMONT,ST,379542,2023-12-14T00:00:00Z,"Contractors at site are not keeping site clean. Parking in Alley during day, also using barricades overnight to block street parking when permit and work is not in use",DEPT. OF PUBLIC HEALTH,Resolved,2023-12-15T00:00:00Z,41.91696636007,-87.65075224864,POINT (-87.650752248644 41.916966360068)
601436596,Noise Complaint,1350 N LAKE SHORE DR,1350,,N,LAKE SHORE,DR,417325,2023-09-15T00:00:00Z,noise is coming from inside unit but caller does not know where or what it is. unit 1208&nbsp;,DEPT. OF PUBLIC HEALTH,Alleged violation not found,2023-09-18T00:00:00Z,41.90736017444,-87.62581066151,POINT (-87.625810661508 41.907360174441)
601479097,Air Pollution Work Order,3157 N SOUTHPORT AVE,3157,,N,SOUTHPORT,AVE,417337,2023-12-05T00:00:00Z,: I don’t know where it’s coming from but it’s persistent and this is the third day I walked byWhen standing on SW and SE corner of intersection there is a strong smell of gas or something it’s awful&nbsp;,DEPT. OF PUBLIC HEALTH,Alleged violation not found,2023-12-06T00:00:00Z,41.93965932178,-87.66367036405,POINT (-87.663670364051 41.939659321784)
601304558,Air Pollution Work Order,147 W 71ST ST,147,,W,71ST,ST,249349,2023-02-09T00:00:00Z,: FOUL SMELL OF CHEMICAL COMING FROM THE PIPING THAT CONSTRUCTION BEING DONE ON 7300 S RACINE WITH SAME CHEMICAL SCENT CALLER STATED MAINLY IN THE FRONT LIVING AREA OF THE HOUSE&nbsp;,DEPT. OF PUBLIC HEALTH,Alleged violation not found,2023-02-09T00:00:00Z,41.76533569939,-87.62917675762,POINT (-87.629176757623 41.765335699391)
601446551,Noise Complaint,3556 W CORTLAND ST,3556,,W,CORTLAND,ST,129151,2023-10-02T00:00:00Z,,DEPT. OF PUBLIC HEALTH,Resolved,2023-10-03T00:00:00Z,41.91558730846,-87.71571890184,POINT (-87.715718901837 41.91558730846)
601322615,Construction and Demolition,6101 S MOZART ST,6101,,S,MOZART,ST,84397,2023-03-23T00:00:00Z,,DEPT. OF PUBLIC HEALTH,Resolved,2023-03-23T00:00:00Z,41.78265514846,-87.69456178761,POINT (-87.694561787606 41.782655148463)
601447722,Air Pollution Work Order,10 E ELM ST,10,,E,ELM,ST,249349,2023-10-03T00:00:00Z,: The building is located across the alley from my apartment. Every Tuesday morning around 10am the furnace room blows out exhaust that creates a black smoke for about 20 minutes.,DEPT. OF PUBLIC HEALTH,Alleged violation not found,2023-10-04T00:00:00Z,41.90330107198,-87.62814963133,POINT (-87.628149631327 41.90330107198)
601478435,Noise Complaint,541 W 41ST ST,541,,W,41ST,ST,129151,2023-12-04T00:00:00Z,,DEPT. OF PUBLIC HEALTH,Resolved,2023-12-05T00:00:00Z,41.81978996921,-87.64015906863,POINT (-87.640159068632 41.819789969211)
601316505,Toxics Hazardous Materials Work Order,4600 W ARMITAGE AVE,4600,,W,ARMITAGE,AVE,84397,2023-03-09T00:00:00Z,Pallet recycling - Giving away hazardous firewood in form of Methyl Bromide treated pallets. - COMMERCIAL BUILDING - Commercial - Monday|Tuesday|Wednesday|Thursday|Friday - 9am-5pm - LAKE ST PALLET &amp; RECYCLING INC,DEPT. OF PUBLIC HEALTH,Resolved,2023-03-10T00:00:00Z,41.91709329821,-87.74154550171,POINT (-87.741545501708 41.917093298215)
601367781,Construction and Demolition,2168 E 97TH ST,2168,,E,97TH,ST,129151,2023-05-31T00:00:00Z,,DEPT. OF PUBLIC HEALTH,Resolved,2023-06-01T00:00:00Z,41.71897693375,-87.57150321086,POINT (-87.571503210857 41.718976933753)
601415536,Vehicle Idling Work Order,706 W DIVERSEY PKWY,706,,W,DIVERSEY,PKWY,3308,2023-08-15T00:00:00Z,,DEPT. OF PUBLIC HEALTH,Alleged violation not found,2023-08-14T00:00:00Z,41.9328697615,-87.64694738162,POINT (-87.64694738162 41.932869761499)
601481387,Air Pollution Work Order,4855 N RIDGEWAY AVE,4855,,N,RIDGEWAY,AVE,417337,2023-12-10T00:00:00Z,&nbsp;Building owners are building a second floor with no permits and dust is blowing everywhere. Work is being done mon-fri 7am-8pm&nbsp;,DEPT. OF PUBLIC HEALTH,Alleged violation not found,2023-12-11T00:00:00Z,41.96992947861,-87.72181544018,POINT (-87.721815440178 41.969929478608)
601334032,Air Pollution Work Order,2701 E 100TH ST,2701,,E,100TH,ST,249349,2023-04-09T00:00:00Z,"Per Caller- Smells like burning flesh, rotten smell.&nbsp;",DEPT. OF PUBLIC HEALTH,Complaint Valid,2023-04-10T00:00:00Z,41.71324291275,-87.55803846898,POINT (-87.558038468978 41.713242912752)
601477814,Construction and Demolition,5232 W BERTEAU AVE,5232,,W,BERTEAU,AVE,84397,2023-12-01T00:00:00Z,CONSTRUCTION CREW LEAVING CONCRETE DEBRIS ALL OVER PARKWAY; CREW HAS A WOODEN CRATE THE SIZE OF A VEHICLE ON STREET FOR DEBRIS&nbsp;,DEPT. OF PUBLIC HEALTH,Refer to StreetsSanitation,2023-12-04T00:00:00Z,41.95704301187,-87.75861822131,POINT (-87.758618221311 41.957043011875)
601364163,Construction and Demolition,4906 N WINCHESTER AVE,4906,,N,WINCHESTER,AVE,425726,2023-05-26T00:00:00Z,,DEPT. OF PUBLIC HEALTH,Resolved,2023-05-26T00:00:00Z,41.97085513193,-87.67790342113,POINT (-87.677903421131 41.970855131929)
601362190,Air Pollution Work Order,3019 W 77TH ST,3019,,W,77TH,ST,129151,2023-05-23T00:00:00Z,Not sure of the business name however it’s a part of the City of Chicago. Cargo trailers are stored directly across the street of my home. Very dusty and noisy all day long and nigh,DEPT. OF PUBLIC HEALTH,Resolved,2023-05-24T00:00:00Z,41.75340612621,-87.69829031921,POINT (-87.698290319214 41.753406126211)
601399721,Construction and Demolition,2906 W LYNDALE ST,2906,,W,LYNDALE,ST,3308,2023-07-20T00:00:00Z,Please inspect ongoing construction issues at this site,DEPT. OF PUBLIC HEALTH,Alleged violation not found,2023-07-21T00:00:00Z,41.92251109864,-87.70034483173,POINT (-87.700344831728 41.922511098643)
601359296,Air Pollution Work Order,4367 W OGDEN AVE,4367,,W,OGDEN,AVE,417337,2023-05-18T00:00:00Z,&nbsp;Dust clouds as a result of ground leveling and movement of dirt in the entire lot,DEPT. OF PUBLIC HEALTH,Alleged violation not found,2023-05-19T00:00:00Z,41.84790730868,-87.7333953418,POINT (-87.733395341798 41.847907308685)
601323919,Air Pollution Work Order,10229 S HOXIE AVE,10229,,S,HOXIE,AVE,13776,2023-03-24T00:00:00Z,"2701 e 100th st, Pullman Innovations - burning off plumes of smoke that smell like feces/dead flesh",DEPT. OF PUBLIC HEALTH,Resolved,2023-03-24T00:00:00Z,41.70907867877,-87.56075139888,POINT (-87.560751398878 41.70907867877)
601379753,Air Pollution Work Order,2949 S EMERALD AVE,2949,,S,EMERALD,AVE,249349,2023-06-17T00:00:00Z,"That home is one of my neighbors, the smell they have in their backyard used for gardening extremely smells so bad that gives people headaches. It’s like a bunch of rotten food or some stinky fertilizers. The air smells awful around here whenever they use&nbsp;",DEPT. OF PUBLIC HEALTH,Complaint Valid,2023-06-20T00:00:00Z,41.84025729494,-87.64497294924,POINT (-87.644972949237 41.840257294942)
601469325,Air Pollution Work Order,4632 N MAGNOLIA AVE,4632,,N,MAGNOLIA,AVE,379542,2023-11-10T00:00:00Z,"They are building a residential complex, and the whole area is filled with exhaust. I live in 4626 N Magnolia Ave, and I can't breathe! The construction workers have industrial masks on, so obviously, they are aware.",DEPT. OF PUBLIC HEALTH,Resolved,2023-11-13T00:00:00Z,41.96634159881,-87.66122550042,POINT (-87.661225500416 41.966341598814)
601440620,Air Pollution Work Order,5319 S AVERS AVE,5319,,S,AVERS,AVE,8386,2023-09-23T00:00:00Z,CONSTANT SMOKE USUALY STARTIN AT 6:00 PM,DEPT. OF PUBLIC HEALTH,Alleged violation not found,2023-09-25T00:00:00Z,41.79633497928,-87.7194235411,POINT (-87.719423541101 41.796334979275)
601398654,Air Pollution Work Order,2351 S LOOMIS ST,2351,,S,LOOMIS,ST,425726,2023-07-19T00:00:00Z,,DEPT. OF PUBLIC HEALTH,Resolved,2023-07-21T00:00:00Z,41.8491410552,-87.66092817685,POINT (-87.660928176849 41.849141055202)
601445080,Air Pollution Work Order,2434 W SUPERIOR ST,2434,,W,SUPERIOR,ST,8386,2023-10-02T00:00:00Z,&nbsp;I also do not believe workers are masked when concrete cutting,DEPT. OF PUBLIC HEALTH,Alleged violation founded,2023-10-02T00:00:00Z,41.89491988642,-87.68824216226,POINT (-87.688242162259 41.894919886416)
601445598,Air Pollution Work Order,1029 W NORTH SHORE AVE,1029,,W,NORTH SHORE,AVE,249349,2023-09-29T00:00:00Z,Someone on the beach is burning a fire that is blowing smoke directly into the adjacent building that can be smelled from indoors. The person has been asked to put out the fire and refuses to do so.,DEPT. OF PUBLIC HEALTH,Alleged violation not found,2023-10-02T00:00:00Z,42.00362928257,-87.65742171752,POINT (-87.65742171752 42.003629282574)
601390654,Noise Complaint,55 W CHESTNUT ST,55,,W,CHESTNUT,ST,417325,2023-07-06T00:00:00Z,,DEPT. OF PUBLIC HEALTH,Resolved,2023-07-07T00:00:00Z,41.89786973684,-87.63038076252,POINT (-87.630380762521 41.897869736836)
601413921,Air Pollution Work Order,2001 W PERSHING RD,2001,,W,PERSHING,RD,417337,2023-08-11T00:00:00Z,,DEPT. OF PUBLIC HEALTH,Alleged violation not found,2023-08-14T00:00:00Z,41.82300132297,-87.67514359129,POINT (-87.675143591289 41.823001322966)
601361066,Air Pollution Work Order,701 W DIVERSEY PKWY,701,,W,DIVERSEY,PKWY,3308,2023-05-22T00:00:00Z,,DEPT. OF PUBLIC HEALTH,Alleged violation founded,2023-05-23T00:00:00Z,41.93265500408,-87.6467146385,POINT (-87.646714638498 41.932655004077)
601483420,Vehicle Idling Work Order,858 E 79TH ST,858,,E,79TH,ST,8386,2023-12-15T00:00:00Z,: ON 79TH ST JUST HALF A BLOCK EAST OF DREXEL RIGHT AT ALLEY WAY. SEMI TRUCK WITH BBS TRUCKING INC. TRUCK HAS BEEN IDLING FOR 2 DAYS NOW.,DEPT. OF PUBLIC HEALTH,Alleged violation not found,2023-12-15T00:00:00Z,41.75142369952,-87.60281954971,POINT (-87.602819549706 41.751423699524)
601460242,Construction and Demolition,3854 N HOYNE AVE,3854,,N,HOYNE,AVE,8386,2023-10-24T00:00:00Z,,DEPT. OF PUBLIC HEALTH,Complaint Valid,2023-10-25T00:00:00Z,41.95209511364,-87.68127268807,POINT (-87.681272688074 41.952095113641)
601419664,Air Pollution Work Order,7255 S DR MARTIN LUTHER KING JR DR,7255,,S,DR MARTIN LUTHER KING JR,DR,84397,2023-08-21T00:00:00Z,: foul sewer odor coming from basement. apt 1&nbsp;,DEPT. OF PUBLIC HEALTH,Refer to Building Dept,2023-08-22T00:00:00Z,41.76226614492,-87.61506262019,POINT (-87.61506262019 41.762266144923)
601394376,Air Pollution Work Order,1815 W ROOSEVELT RD,1815,,W,ROOSEVELT,RD,3308,2023-07-12T00:00:00Z,trucks parking on the lot are running diesel fuel engines all day long. Emissions are so thick that I have difficulty breathing&nbsp;,DEPT. OF PUBLIC HEALTH,Alleged violation not found,2023-07-13T00:00:00Z,41.86670476506,-87.67198245659,POINT (-87.671982456587 41.866704765058)
601367286,Water Pollution,7719 S LAFLIN ST,7719,,S,LAFLIN,ST,84397,2023-05-31T00:00:00Z,Foul odor promenading from the sewer (located in between the handicap signs-east side of the street).,DEPT. OF PUBLIC HEALTH,Resolved,2023-06-01T00:00:00Z,41.75342063455,-87.66175664419,POINT (-87.66175664419 41.753420634548)
601383053,Noise Complaint,3615 N WILTON AVE,3615,,N,WILTON,AVE,379542,2023-06-23T00:00:00Z,Multiple days recently of construction equipment being fired up at 6:30am. It wakes up my 9 mo. old and 2 yr. old at least an hour early and throws off all sleep schedules. Our nerves are shot and we’re so tired.,DEPT. OF PUBLIC HEALTH,Resolved,2023-06-23T00:00:00Z,41.94774794805,-87.65298579697,POINT (-87.652985796968 41.947747948049)
601428138,Illegal Dumping Work Order,7134 S CARPENTER ST,7134,,S,CARPENTER,ST,13776,2023-09-02T00:00:00Z,"HAVE A PICTURE WHEN PERSON WAS FLY DUMPING, SAYS IT IS PEOPLE ON THE NEXT BLOCK, ON ABERDEEN WHO REGULARLY DUMPS",DEPT. OF PUBLIC HEALTH,Complaint Valid,2023-09-05T00:00:00Z,41.76405790589,-87.65059444001,POINT (-87.650594440007 41.764057905885)
601403235,Construction and Demolition,1321 W TAYLOR ST,1321,,W,TAYLOR,ST,3308,2023-07-25T00:00:00Z,"We have a resident report of construction taking place at a 2-store adjacent commercial location starting as early as 5:00A and 6:00A; there is a sanitation issue with the dumpster not being emptied, running over and causing poor air quality; the former restaurant nearest the former parking lot had violation signs displayed that were removed by the workers; it is hard to communicate with the contractors due to a language barrier",DEPT. OF PUBLIC HEALTH,Resolved,2023-07-26T00:00:00Z,41.86925517406,-87.66006174231,POINT (-87.660061742307 41.86925517406)
601354070,Noise Complaint,3100 W FULLERTON AVE,3100,,W,FULLERTON,AVE,417325,2023-05-10T00:00:00Z,Generator on in middle of intersection (Fullerton &amp; Albany),DEPT. OF PUBLIC HEALTH,Alleged violation not found,2023-05-11T00:00:00Z,41.92485061402,-87.70475595829,POINT (-87.704755958287 41.924850614016)
601446593,Air Pollution Work Order,2055 W PERSHING RD,2055,,W,PERSHING,RD,417337,2023-10-03T00:00:00Z,smells are very strong on weekdays at Mckinley Park from Mat Asphalt. between 6-7 am. It smells like asphalt&nbsp;,DEPT. OF PUBLIC HEALTH,Alleged violation not found,2023-10-04T00:00:00Z,41.82297276573,-87.67702220738,POINT (-87.677022207376 41.822972765727)
601395195,Noise Complaint,3708 S WALLACE ST,3708,,S,WALLACE,ST,129151,2023-07-13T00:00:00Z,very high pitched electric noise filling the neighborhood. not sure where its coming from,DEPT. OF PUBLIC HEALTH,Resolved,2023-07-14T00:00:00Z,41.82684730103,-87.64128104022,POINT (-87.641281040216 41.826847301034)
601410222,Construction and Demolition,4339 N MONTICELLO AVE,4339,,N,MONTICELLO,AVE,379542,2023-08-06T00:00:00Z,Debris in front of property and open / unsecured windows,DEPT. OF PUBLIC HEALTH,Resolved,2023-08-07T00:00:00Z,41.96040100263,-87.71909104004,POINT (-87.719091040045 41.960401002627)
601331039,Air Pollution Work Order,3257 E 106TH ST,3257,,E,106TH,ST,13776,2023-04-05T00:00:00Z,Area east of 106th bridge smells like gas.,DEPT. OF PUBLIC HEALTH,Resolved,2023-04-07T00:00:00Z,41.70265551978,-87.54438697197,POINT (-87.544386971972 41.702655519778)
601419670,Air Pollution Work Order,2434 W MONTROSE AVE,2434,,W,MONTROSE,AVE,249349,2023-08-21T00:00:00Z,,DEPT. OF PUBLIC HEALTH,Alleged violation not found,2023-08-22T00:00:00Z,41.96141269716,-87.69010740968,POINT (-87.69010740968 41.961412697164)
601364093,Noise Complaint,3030 N BROADWAY,3030,,N,BROADWAY,,417325,2023-05-24T00:00:00Z,,DEPT. OF PUBLIC HEALTH,Resolved,2023-05-25T00:00:00Z,41.93733843731,-87.64445647151,POINT (-87.644456471505 41.937338437309)
601383071,Noise Complaint,101 S CLINTON ST,101,,S,CLINTON,ST,3308,2023-06-22T00:00:00Z,&nbsp;Demolition cleanup noise. Throwing debris into large metal dumpster. Sounds like explosions,DEPT. OF PUBLIC HEALTH,Alleged violation not found,2023-06-23T00:00:00Z,41.88050600585,-87.64100503932,POINT (-87.641005039321 41.880506005854)
601306091,Air Pollution Work Order,315 N OAKLEY BLVD,315,,N,OAKLEY,BLVD,249349,2023-02-14T00:00:00Z,,DEPT. OF PUBLIC HEALTH,Refer to Building Dept,2023-02-15T00:00:00Z,41.88714773418,-87.68398974474,POINT (-87.683989744741 41.887147734184)
601335500,Air Pollution Work Order,1545 S STATE ST,1545,,S,STATE,ST,379542,2023-04-12T00:00:00Z,,DEPT. OF PUBLIC HEALTH,Resolved,2023-04-13T00:00:00Z,41.86059980853,-87.62711945578,POINT (-87.627119455778 41.860599808534)
601335560,Noise Complaint,575 W MADISON ST,575,,W,MADISON,ST,129151,2023-04-13T00:00:00Z,"This noise has been going on for months, but it’s rather random. I have no accurate information regarding when it starts or stops. I called for maintenance before and they confirmed that this is from the outside.",DEPT. OF PUBLIC HEALTH,Alleged violation not found,2023-04-14T00:00:00Z,41.88172856911,-87.64258560198,POINT (-87.64258560198 41.88172856911)
601426339,Air Pollution Work Order,1851 E 78TH ST,1851,,E,78TH,ST,249349,2023-08-31T00:00:00Z,GAS COMING FROM RECENT CONSTRUCTION WORK FROM PEOPLES GAS; CALLER IS COMPLAINING ABOUT GAS FLAME LIKE SMELL,DEPT. OF PUBLIC HEALTH,Alleged violation not found,2023-08-31T00:00:00Z,41.75327845898,-87.57886503684,POINT (-87.578865036845 41.753278458982)
601377153,Construction and Demolition,5711 W BYRON ST,5711,,W,BYRON,ST,3308,2023-06-15T00:00:00Z,,DEPT. OF PUBLIC HEALTH,Alleged violation founded,2023-06-15T00:00:00Z,41.95118778607,-87.76987978964,POINT (-87.769879789641 41.951187786071)
601387096,Construction and Demolition,3041 W LYNDALE ST,3041,,W,LYNDALE,ST,3308,2023-06-29T00:00:00Z,WORKING ON WEST SIDE OF LOT /DEBRIS ALL OVER,DEPT. OF PUBLIC HEALTH,Alleged violation not found,2023-06-29T00:00:00Z,41.92225915176,-87.70382151612,POINT (-87.70382151612 41.922259151761)
601370268,Noise Complaint,10100 S WESTERN AVE,10100,,S,WESTERN,AVE,129151,2023-06-02T00:00:00Z,,DEPT. OF PUBLIC HEALTH,Resolved,2023-06-06T00:00:00Z,41.70992804814,-87.68187477913,POINT (-87.681874779128 41.709928048135)
601466050,Construction and Demolition,2312 N AVERS AVE,2312,,N,AVERS,AVE,8386,2023-11-03T00:00:00Z,fly dumping &amp; no dumpster on site&nbsp;,DEPT. OF PUBLIC HEALTH,Alleged violation not found,2023-11-05T00:00:00Z,41.92312884267,-87.72321187754,POINT (-87.72321187754 41.923128842668)
601354556,Noise Complaint,3234 N CLARK ST,3234,,N,CLARK,ST,129151,2023-05-11T00:00:00Z,AC UNIT - NORTHWEST CORNER,DEPT. OF PUBLIC HEALTH,Resolved,2023-05-12T00:00:00Z,41.94078584834,-87.65152140326,POINT (-87.651521403255 41.940785848343)
601466065,Construction and Demolition,1840 N MAUD AVE,1840,,N,MAUD,AVE,417337,2023-11-04T00:00:00Z,&nbsp;Disgusting site. Zero respect of neighbors or street. Rats everywhere.,DEPT. OF PUBLIC HEALTH,Complaint Valid,2023-11-06T00:00:00Z,41.91500944228,-87.65389528384,POINT (-87.653895283844 41.91500944228)
601412356,Construction and Demolition,1751 W BELMONT AVE,1751,,W,BELMONT,AVE,3308,2023-08-10T00:00:00Z,,DEPT. OF PUBLIC HEALTH,Resolved,2023-08-10T00:00:00Z,41.93952823701,-87.6730289028,POINT (-87.673028902805 41.939528237009)
601479732,Air Pollution Work Order,2501 S RIDGEWAY AVE,2501,,S,RIDGEWAY,AVE,249349,2023-12-06T00:00:00Z,Not applicable. It is a single-family residence.,DEPT. OF PUBLIC HEALTH,Refer to other Depts,2023-12-08T00:00:00Z,41.84609433197,-87.71835401706,POINT (-87.718354017056 41.846094331966)
601327066,Noise Complaint,2753 N WESTERN AVE,2753,,N,WESTERN,AVE,417325,2023-03-29T00:00:00Z,Ventilation fan is vibrating inside my home and wall.,DEPT. OF PUBLIC HEALTH,Resolved,2023-03-30T00:00:00Z,41.93196806631,-87.6877412495,POINT (-87.6877412495 41.931968066314)
601410237,Construction and Demolition,3041 W LYNDALE ST,3041,,W,LYNDALE,ST,3308,2023-08-04T00:00:00Z,"Site of the issue is on a house lot. Caller lives next door. They are leaning heavy equipment against the caller's siding,causing damage",DEPT. OF PUBLIC HEALTH,Alleged violation not found,2023-08-07T00:00:00Z,41.92225915176,-87.70382151612,POINT (-87.70382151612 41.922259151761)
601318413,Air Pollution Work Order,10138 S HOXIE AVE,10138,,S,HOXIE,AVE,10937,2023-03-14T00:00:00Z,,DEPT. OF PUBLIC HEALTH,Alleged violation not found,2023-03-16T00:00:00Z,41.71059832822,-87.56108954588,POINT (-87.561089545881 41.710598328219)
601355461,Water Pollution,2016 N KEDZIE AVE,2016,,N,KEDZIE,AVE,3308,2023-05-15T00:00:00Z,"Every morning employees wash and dump buckets of filthy water into alleyway. This drains into my drainage system in my yard at 2014 N. Kedzie. When its in mass amounts/rain it goops up at the front of the street at Armitage and into the sewers. Moonlighter managers and employees were made aware that they were spilling all of their oils andchemicals into the alley and into sewer system. The grease and chemical also reach my drainage that is in my yard and is currently washing into my drainage.&nbsp;Grease, oils, cleaning chemicals, unknown/other chemicals.&nbsp;Sewer on Armitage Ave. and property drainage at 2014 N. Kedzie",DEPT. OF PUBLIC HEALTH,Complaint Valid,2023-05-15T00:00:00Z,41.9179717244,-87.70713514408,POINT (-87.70713514408 41.917971724405)
601366106,Air Pollution Work Order,4013 S ARCHER AVE,4013,,S,ARCHER,AVE,10937,2023-05-30T00:00:00Z,,DEPT. OF PUBLIC HEALTH,Alleged violation founded,2023-05-31T00:00:00Z,41.82071628231,-87.69321080544,POINT (-87.693210805445 41.820716282306)
601387098,Air Pollution Work Order,4701 S MORGAN ST,4701,,S,MORGAN,ST,249349,2023-06-29T00:00:00Z,4700 S Morgan &amp; Shields at the corner/semi-trucks are causing air pollution in this area.,DEPT. OF PUBLIC HEALTH,Alleged violation not found,2023-06-29T00:00:00Z,41.80875184309,-87.65024926128,POINT (-87.650249261279 41.808751843085)
601365565,Noise Complaint,7663 S SOUTH CHICAGO AVE,7663,,S,SOUTH CHICAGO,AVE,129151,2023-05-27T00:00:00Z,,DEPT. OF PUBLIC HEALTH,Resolved,2023-05-30T00:00:00Z,41.75569830901,-87.59120280698,POINT (-87.591202806983 41.755698309013)
601367319,Air Pollution Work Order,3914 W SHAKESPEARE AVE,3914,,W,SHAKESPEARE,AVE,10937,2023-05-31T00:00:00Z,: I notice the odor on the north side of the building from the alley vent and door they open. I have additional photos and video. If you need them I’d be happy to email them,DEPT. OF PUBLIC HEALTH,Complaint Valid,2023-06-01T00:00:00Z,41.92004450133,-87.72464406114,POINT (-87.724644061138 41.920044501333)
601397240,Noise Complaint,2606 N HALSTED ST,2606,,N,HALSTED,ST,417325,2023-07-18T00:00:00Z,"I notice some evenings there is a constant, horrible squeaking noise from their roof. I can hear it from a few houses away just having my window open. It has been happening on and off since summer started.",DEPT. OF PUBLIC HEALTH,Alleged violation not found,2023-07-18T00:00:00Z,41.92935855037,-87.64904584437,POINT (-87.649045844374 41.929358550367)
601466923,Illegal Dumping Work Order,2217 W 80TH PL,2217,,W,80TH,PL,13776,2023-11-07T00:00:00Z,POURING CONCRETE ON CURB SO NO ONE CAN PARK,DEPT. OF PUBLIC HEALTH,Refer to other Depts,2023-11-07T00:00:00Z,41.74732899396,-87.678853796,POINT (-87.678853795999 41.747328993963)
601292863,Air Pollution Work Order,2500 S PAULINA ST,2500,,S,PAULINA,ST,10937,2023-01-06T00:00:00Z,THIS IS A METAL SHREDDER THAT RECYCLES CARS AND ALL METAL PRODUCTS.---THE ODORS FROM METAL COMPANY IS ALL IN THE AIR EVERYDAY. BURNING YOUR NOSE.,DEPT. OF PUBLIC HEALTH,Resolved,2023-01-09T00:00:00Z,41.84676817856,-87.66850812646,POINT (-87.668508126456 41.846768178557)
601403117,Construction and Demolition,2440 W 26TH ST,2440,,W,26TH,ST,84397,2023-07-25T00:00:00Z,"construction started on vacant lot, concrete was laid but there has not been any work done since and now concrete is collecting water &amp; creating flies and other issues for neighbors, caller states she cannot locate an owner for property",DEPT. OF PUBLIC HEALTH,Resolved,2023-07-26T00:00:00Z,41.84491139165,-87.68701623893,POINT (-87.687016238928 41.844911391648)
601463018,Noise Complaint,4447 W FULTON ST,4447,,W,FULTON,ST,437489,2023-10-30T00:00:00Z,GENERATOR GOING OFF ALL NIGHT AROUND LAKE STREET,DEPT. OF PUBLIC HEALTH,Alleged violation not found,2023-10-31T00:00:00Z,41.88524379662,-87.73750102204,POINT (-87.737501022038 41.885243796615)
601379786,Air Pollution Work Order,657 W HOBBIE ST,657,,W,HOBBIE,ST,417337,2023-06-16T00:00:00Z,&nbsp;Clouds of dust from construction are blanketing area. Sending pictures of red dirt or chemical sediment that is gathering on surrounding housing. The picture is from the bottom of my dogs bowl across street from site.,DEPT. OF PUBLIC HEALTH,Complaint Valid,2023-06-20T00:00:00Z,41.90107824577,-87.64522567471,POINT (-87.645225674706 41.901078245768)
601406031,Noise Complaint,5036 N KENMORE AVE,5036,,N,KENMORE,AVE,417325,2023-07-31T00:00:00Z,It is a loud repetitive beeping noise.,DEPT. OF PUBLIC HEALTH,Alleged violation not found,2023-07-31T00:00:00Z,41.97438535603,-87.65650803905,POINT (-87.656508039053 41.97438535603)
601372237,Air Pollution Work Order,2643 W 19TH ST,2643,,W,19TH,ST,417337,2023-06-07T00:00:00Z,There is cotton all over the alley. There is smoke coming out of this building day and night. It is lint and not cottonwoods. Who is closing these complaints and marking them sensitive. We have the right to know if you are doing anything about this.&nbsp;,DEPT. OF PUBLIC HEALTH,Resolved,2023-06-08T00:00:00Z,41.85547606012,-87.69238835686,POINT (-87.692388356863 41.855476060124)
601346594,Construction and Demolition,603 N WELLS ST,603,,N,WELLS,ST,3308,2023-05-01T00:00:00Z,between Wells and Lasalle,DEPT. OF PUBLIC HEALTH,Alleged violation not found,2023-05-02T00:00:00Z,41.89250434418,-87.63394682505,POINT (-87.633946825053 41.892504344182)
601455178,Water Pollution,550 W WASHINGTON BLVD,550,,W,WASHINGTON,BLVD,417325,2023-10-16T00:00:00Z,looks like antifreeze,DEPT. OF PUBLIC HEALTH,Alleged violation not found,2023-10-17T00:00:00Z,41.88328561814,-87.64174676077,POINT (-87.641746760772 41.883285618136)
601320826,Construction and Demolition,1525 N BOSWORTH AVE,1525,,N,BOSWORTH,AVE,379542,2023-03-20T00:00:00Z,,DEPT. OF PUBLIC HEALTH,Resolved,2023-03-21T00:00:00Z,41.90960337077,-87.66629688894,POINT (-87.666296888941 41.909603370773)
601418920,Noise Complaint,1525 S WABASH AVE,1525,,S,WABASH,AVE,129151,2023-08-18T00:00:00Z,,DEPT. OF PUBLIC HEALTH,Resolved,2023-08-21T00:00:00Z,41.86122030405,-87.625539362,POINT (-87.625539361997 41.861220304051)
601454708,Asbestos Work Order,2830 W 87TH ST,2830,,W,87TH,ST,379542,2023-10-16T00:00:00Z,,DEPT. OF PUBLIC HEALTH,Resolved,2023-10-18T00:00:00Z,41.73545249361,-87.69345482576,POINT (-87.693454825759 41.735452493611)
601359286,Air Pollution Work Order,10933 S AVENUE H,10933,,S,AVENUE H,,13776,2023-05-18T00:00:00Z,"This happens regularly, but I don't know where it comes from. But it always happens at sunset or just after. And it's always worse on the 1st floor than the second. Terribly burning rubber smell that gives me an asthma attack.",DEPT. OF PUBLIC HEALTH,Alleged violation unfounded,2023-05-19T00:00:00Z,41.69628321006,-87.53272122335,POINT (-87.532721223346 41.69628321006)
601410985,Air Pollution Work Order,6647 N OTTAWA AVE,6647,,N,OTTAWA,AVE,417337,2023-08-07T00:00:00Z,,DEPT. OF PUBLIC HEALTH,Alleged violation not found,2023-08-08T00:00:00Z,42.00162239531,-87.82017898395,POINT (-87.820178983954 42.001622395309)
601431869,Construction and Demolition,908 N CALIFORNIA AVE,908,,N,CALIFORNIA,AVE,3308,2023-09-07T00:00:00Z,,DEPT. OF PUBLIC HEALTH,Refer to Building Dept,2023-09-08T00:00:00Z,41.89780376841,-87.69690435867,POINT (-87.696904358673 41.897803768408)
601333956,Air Pollution Work Order,5337 N DAMEN AVE,5337,,N,DAMEN,AVE,417337,2023-04-10T00:00:00Z,Diesel smell permeating nearby residences since about 9:15 AM&nbsp;Star roofing and siding,DEPT. OF PUBLIC HEALTH,Resolved,2023-04-12T00:00:00Z,41.97887736554,-87.67934137046,POINT (-87.679341370462 41.978877365541)
601312860,Noise Complaint,4619 N WESTERN AVE,4619,,N,WESTERN,AVE,129151,2023-03-02T00:00:00Z,vent structure on the roof that is tide of the cooking vents and hooks is making a lot of noise on top of the roof equipment,DEPT. OF PUBLIC HEALTH,Resolved,2023-03-03T00:00:00Z,41.96549910944,-87.68866018713,POINT (-87.688660187133 41.965499109437)
601371128,Noise Complaint,1047 S OAKLEY BLVD,1047,,S,OAKLEY,BLVD,417325,2023-06-05T00:00:00Z,"URGENT SECOND REQUEST SR2300858102 JUNE 2, 2023 MEASURE NOISE FROM THE SECOND FL ROOF INSIDE OF BUILDING AIR CONDITION IS ON THE SECOND FLOOR ROOF&nbsp;",DEPT. OF PUBLIC HEALTH,Alleged violation not found,2023-06-06T00:00:00Z,41.8675844241,-87.68346814632,POINT (-87.683468146317 41.867584424097)
601314739,Air Pollution Work Order,3201 S LAWNDALE AVE,3201,,S,LAWNDALE,AVE,249349,2023-03-06T00:00:00Z,The area smells foul in the morning when dropping kids off to school. The smells extends toward the school but stronger toward 32nd/33rd street&nbsp;MRC Polymer and Meyer steel drum in immediate area,DEPT. OF PUBLIC HEALTH,Complaint Valid,2023-03-10T00:00:00Z,41.83510168136,-87.71683065897,POINT (-87.716830658966 41.835101681363)
601322616,Construction and Demolition,6105 S FAIRFIELD AVE,6105,,S,FAIRFIELD,AVE,84397,2023-03-23T00:00:00Z,Address Building: 2723 W 61St 60629 Chicago Illinois&nbsp;,DEPT. OF PUBLIC HEALTH,Resolved,2023-03-23T00:00:00Z,41.7825775484,-87.69212437661,POINT (-87.692124376606 41.7825775484)
601480209,Air Pollution Work Order,4918 N SPAULDING AVE,4918,,N,SPAULDING,AVE,417337,2023-12-07T00:00:00Z,The whole build on 4914 is full of dust. Is there anyway they can put some time of plastic so our items aren’t full of dust?,DEPT. OF PUBLIC HEALTH,Refer to Building Dept,2023-12-08T00:00:00Z,41.97082275248,-87.71113351716,POINT (-87.711133517157 41.970822752485)
601457503,Noise Complaint,5617 S MAPLEWOOD AVE,5617,,S,MAPLEWOOD,AVE,437489,2023-10-20T00:00:00Z,: Early before 7 waking up children,DEPT. OF PUBLIC HEALTH,Alleged violation not found,2023-10-24T00:00:00Z,41.79143148824,-87.68748692821,POINT (-87.687486928214 41.791431488235)
601382252,Air Pollution Work Order,425 W ROSCOE ST,425,,W,ROSCOE,ST,249349,2023-06-21T00:00:00Z,"&nbsp;A construction crew has been working on the roof at the building immediately to the east of my building (425 West Roscoe St) for the last 2-3 days. My apartment has been filled with an odd smelling haze, which I believe is coming from the construction.&nbsp;",DEPT. OF PUBLIC HEALTH,Alleged violation not found,2023-06-23T00:00:00Z,41.94325018812,-87.64154094568,POINT (-87.641540945683 41.943250188124)
601413938,Construction and Demolition,3022 S KEELER AVE,3022,,S,KEELER,AVE,379542,2023-08-12T00:00:00Z,,DEPT. OF PUBLIC HEALTH,Resolved,2023-08-14T00:00:00Z,41.83794518286,-87.72938869723,POINT (-87.72938869723 41.837945182856)
601330277,Air Pollution Work Order,2939 N OAKLEY AVE,2939,,N,OAKLEY,AVE,10937,2023-04-05T00:00:00Z,"&nbsp;My wife has asthma and is very sensitive when it comes to air pollution, we live half a block away from Century plating which seems to operate 24 hours a day I believe what she is detecting is Hexavalent Chromium in the air&nbsp;",DEPT. OF PUBLIC HEALTH,Complaint Valid,2023-04-05T00:00:00Z,41.93509660564,-87.68537669508,POINT (-87.685376695081 41.935096605639)
601375371,Air Pollution Work Order,4614 N PAULINA ST,4614,,N,PAULINA,ST,379542,2023-06-12T00:00:00Z,Dust is going over to neighboring properties; leaving coats of dust on everything.&nbsp;,DEPT. OF PUBLIC HEALTH,Resolved,2023-06-13T00:00:00Z,41.9656980194,-87.67108545004,POINT (-87.671085450043 41.965698019404)
601366058,Air Pollution Work Order,2433 W LELAND AVE,2433,,W,LELAND,AVE,417337,2023-05-30T00:00:00Z,,DEPT. OF PUBLIC HEALTH,Alleged violation not found,2023-05-31T00:00:00Z,41.96666258402,-87.69020995657,POINT (-87.690209956569 41.96666258402)
601403337,Air Pollution Work Order,1315 S CALIFORNIA BLVD,1315,,S,CALIFORNIA,BLVD,249349,2023-07-25T00:00:00Z,&nbsp;Using fire pit when air quality alert is in effect. Smoke comes into my house,DEPT. OF PUBLIC HEALTH,Alleged violation not found,2023-08-07T00:00:00Z,41.86416592285,-87.69569364714,POINT (-87.695693647136 41.864165922852)
601375385,Air Pollution Work Order,1222 W 74TH PL,1222,,W,74TH,PL,10937,2023-06-13T00:00:00Z,"RESIDENT BURNS SOME TYPE OF METAL EQUIPMENT EVERY MORNING FROM 5 AM BETWEEN 6:30 AM - COMES FROM HIS BACKYARD, HAS VARIETY A VARIETY OF JUNK ITEMS THAT MAY BE BEING BURNT&nbsp;",DEPT. OF PUBLIC HEALTH,Complaint Valid,2023-06-13T00:00:00Z,41.75878238736,-87.6549148367,POINT (-87.654914836703 41.758782387356)
601398698,Water Pollution,3550 N LAKE SHORE DR,3550,,N,LAKE SHORE,DR,3308,2023-07-20T00:00:00Z,There appears to be some sort of oil or diesel spill in the water in BelmontHarbor near Cornelia Ave.,DEPT. OF PUBLIC HEALTH,Alleged violation not found,2023-07-20T00:00:00Z,41.94813046439,-87.64332385698,POINT (-87.643323856984 41.948130464391)
601482513,Air Pollution Work Order,3200 S KILBOURN AVE,3200,,S,KILBOURN,AVE,10937,2023-12-14T00:00:00Z,,DEPT. OF PUBLIC HEALTH,Resolved,2023-12-13T00:00:00Z,41.83484938864,-87.73674685429,POINT (-87.73674685429 41.834849388639)
601482505,Air Pollution Work Order,6507 S KARLOV AVE,6507,,S,KARLOV,AVE,249349,2023-12-13T00:00:00Z,PVC PIPES COMING FROM HOME GIVING OFF SMELL PLEASE CONTACT NEIGHBOR,DEPT. OF PUBLIC HEALTH,Refer to Building Dept,2023-12-14T00:00:00Z,41.77472168491,-87.7249529092,POINT (-87.724952909197 41.774721684912)
601349020,Construction and Demolition,5356 S WOOD ST,5356,,S,WOOD,ST,425726,2023-05-03T00:00:00Z,,DEPT. OF PUBLIC HEALTH,Resolved,2023-05-08T00:00:00Z,41.79596189442,-87.66964675967,POINT (-87.669646759666 41.795961894425)
601466064,Construction and Demolition,1844 N MAUD AVE,1844,,N,MAUD,AVE,417337,2023-11-04T00:00:00Z,Disgusting site. Trash everywhere. Rats everywhere. Zero pest control or clean up attempted. Disgrace to our city.&nbsp;,DEPT. OF PUBLIC HEALTH,Alleged violation founded,2023-11-06T00:00:00Z,41.91508403763,-87.65400012647,POINT (-87.654000126467 41.915084037629)
601362187,Noise Complaint,3019 W 77TH ST,3019,,W,77TH,ST,129151,2023-05-23T00:00:00Z,,DEPT. OF PUBLIC HEALTH,Resolved,2023-05-24T00:00:00Z,41.75340612621,-87.69829031921,POINT (-87.698290319214 41.753406126211)
601365197,Air Pollution Work Order,1345 E 90TH ST,1345,,E,90TH,ST,13776,2023-05-26T00:00:00Z,,DEPT. OF PUBLIC HEALTH,Alleged violation unfounded,2023-05-30T00:00:00Z,41.73125793683,-87.59115672573,POINT (-87.591156725735 41.731257936834)
601372921,Toxics Hazardous Materials Work Order,1309 N AVERS AVE,1309,,N,AVERS,AVE,84397,2023-06-08T00:00:00Z,There are multiple cars with gas and the constituents at this lot are burning unknown substances in a big barrel&nbsp;,DEPT. OF PUBLIC HEALTH,Resolved,2023-06-12T00:00:00Z,41.90499627547,-87.72257179325,POINT (-87.72257179325 41.904996275471)
601444569,Noise Complaint,2858 N MILWAUKEE AVE,2858,,N,MILWAUKEE,AVE,129151,2023-09-29T00:00:00Z,,DEPT. OF PUBLIC HEALTH,Resolved,2023-09-29T00:00:00Z,41.93319237841,-87.71439725223,POINT (-87.714397252228 41.933192378406)
601356481,Air Pollution Work Order,2055 W PERSHING RD,2055,,W,PERSHING,RD,425726,2023-05-16T00:00:00Z,,DEPT. OF PUBLIC HEALTH,Resolved,2023-05-17T00:00:00Z,41.82297276573,-87.67702220738,POINT (-87.677022207376 41.822972765727)
601480679,Construction and Demolition,2446 N ROCKWELL ST,2446,,N,ROCKWELL,ST,3308,2023-12-08T00:00:00Z,"Please inspect alleged construction / demolition issues at 2446 N Rockwell, ongoing complaints with building as well&nbsp;",DEPT. OF PUBLIC HEALTH,Alleged violation founded,2023-12-11T00:00:00Z,41.92627664584,-87.69272434477,POINT (-87.692724344766 41.92627664584)
601374558,Water Pollution,5824 W DIVERSEY AVE,5824,,W,DIVERSEY,AVE,84397,2023-06-10T00:00:00Z,Owner polish guy and worker tall polish gay with glasses&nbsp; Exposing refrigerant Freon in the atmosphere,DEPT. OF PUBLIC HEALTH,Resolved,2023-06-12T00:00:00Z,41.93130131459,-87.77226160015,POINT (-87.772261600145 41.931301314592)
601329524,Air Pollution Work Order,10901 S NORMAL AVE,10901,,S,NORMAL,AVE,10937,2023-04-03T00:00:00Z,: Strong smell of natural gas in the area near 107th and Halsted and 109th and Normal,DEPT. OF PUBLIC HEALTH,Alleged violation not found,2023-04-04T00:00:00Z,41.69599784036,-87.63510275767,POINT (-87.635102757671 41.695997840365)
601374572,Air Pollution Work Order,4418 N RICHMOND ST,4418,,N,RICHMOND,ST,129151,2023-06-09T00:00:00Z,,DEPT. OF PUBLIC HEALTH,Resolved,2023-06-12T00:00:00Z,41.96182636612,-87.70229838229,POINT (-87.702298382289 41.961826366119)
601313099,Air Pollution Work Order,2500 S PAULINA ST,2500,,S,PAULINA,ST,129151,2023-03-03T00:00:00Z,CALLER STATED TO LOOK FOR AUTO FLUFF OFF THE PROPERTY,DEPT. OF PUBLIC HEALTH,Resolved,2023-03-03T00:00:00Z,41.84676817856,-87.66850812646,POINT (-87.668508126456 41.846768178557)
601469894,Air Pollution Work Order,4836 N NATOMA AVE,4836,,N,NATOMA,AVE,417337,2023-11-13T00:00:00Z,,DEPT. OF PUBLIC HEALTH,Alleged violation not found,2023-11-14T00:00:00Z,41.96950351233,-87.79298941294,POINT (-87.792989412942 41.969503512327)
601389493,Air Pollution Work Order,1705 W JONQUIL TER,1705,,W,JONQUIL,TER,249349,2023-07-06T00:00:00Z,THE CALLER STATES UNKNOWN FUMES ARE ENGULFING THE RESIDENCE FROM AN UNKNOWNSOURCE. THE CALLER STATES THIS HAS BEEN GOING ON FOR 4 DAYS. THE CALLER HASBEEN ADMITTED TO THE LOCAL HOSPITAL FOR INHALATION.,DEPT. OF PUBLIC HEALTH,Complaint Valid,2023-07-06T00:00:00Z,42.02106385464,-87.67330024732,POINT (-87.673300247316 42.021063854642)
601462085,Noise Complaint,4808 N SHERIDAN RD,4808,,N,SHERIDAN,RD,129151,2023-10-29T00:00:00Z,"&nbsp;The noise is likely coming from a fan on that buildingExact location cannot be identified, but the noise comes from one of the storesat the building 4808 N Sheridan Rd",DEPT. OF PUBLIC HEALTH,Resolved,2023-10-30T00:00:00Z,41.96937767235,-87.65497519084,POINT (-87.654975190845 41.969377672354)
601305475,Construction and Demolition,4352 S VINCENNES AVE,4352,,S,VINCENNES,AVE,425726,2023-02-13T00:00:00Z,,DEPT. OF PUBLIC HEALTH,Resolved,2023-02-14T00:00:00Z,41.81512774798,-87.61419117629,POINT (-87.614191176287 41.815127747984)
601437083,Construction and Demolition,555 W BELDEN AVE,555,,W,BELDEN,AVE,8386,2023-09-18T00:00:00Z,Work is being done and accessing 551 W Belden. Construction is covering neighboring windows,DEPT. OF PUBLIC HEALTH,Alleged violation not found,2023-09-19T00:00:00Z,41.92359769672,-87.64361569935,POINT (-87.643615699348 41.923597696719)
601321603,Illegal Dumping Work Order,4158 W WASHINGTON BLVD,4158,,W,WASHINGTON,BLVD,8386,2023-03-21T00:00:00Z,TRUCK/TOYOTA TUNDRA/SILVER/LP#Z386036 /ILLINOIS - DUMPED BROKEN UP FURNITURE ON VACANT LOT ON (WASHINGTON AND KEELER ) THAT IS SPILLING OVER INTO THE ALLEY&nbsp;,DEPT. OF PUBLIC HEALTH,Complaint Valid,2023-03-22T00:00:00Z,41.88209694717,-87.73049495211,POINT (-87.730494952111 41.882096947171)
601357247,Air Pollution Work Order,3314 W GRAND AVE,3314,,W,GRAND,AVE,3308,2023-05-17T00:00:00Z,Chemical|Process Fumes/Emmissions,DEPT. OF PUBLIC HEALTH,Alleged violation not found,2023-05-18T00:00:00Z,41.89971348401,-87.70986298023,POINT (-87.709862980227 41.899713484005)
601348013,Air Pollution Work Order,2464 N ORCHARD ST,2464,,N,ORCHARD,ST,417337,2023-05-02T00:00:00Z,No screen protector or hepa filter vacuum. I witnessed Smoke and dust in old lady’s face as she’s walking by the property all the way on the other side of the street and she was trying to complain to worker,DEPT. OF PUBLIC HEALTH,Alleged violation not found,2023-05-02T00:00:00Z,41.92734557811,-87.64654560252,POINT (-87.646545602524 41.92734557811)
601309221,Air Pollution Work Order,1512 N ASHLAND AVE,1512,,N,ASHLAND,AVE,249349,2023-02-21T00:00:00Z,,DEPT. OF PUBLIC HEALTH,Resolved,2023-02-22T00:00:00Z,41.90914770702,-87.66779605778,POINT (-87.667796057783 41.909147707019)
601441399,Air Pollution Work Order,1721 N HUMBOLDT BLVD,1721,,N,HUMBOLDT,BLVD,417337,2023-09-24T00:00:00Z,Building had a open fire In the middle of the night while neighbors had windows open. Filling homes with smoke with no warning to close windows.&nbsp;,DEPT. OF PUBLIC HEALTH,Resolved,2023-09-25T00:00:00Z,41.91275600268,-87.70179848945,POINT (-87.701798489451 41.912756002683)
601472558,Air Pollution Work Order,3741 S PULASKI RD,3741,,S,PULASKI,RD,417337,2023-11-17T00:00:00Z,,DEPT. OF PUBLIC HEALTH,Alleged violation not found,2023-11-21T00:00:00Z,41.82531992988,-87.7239599966,POINT (-87.723959996597 41.825319929875)
601341516,Air Pollution Work Order,1920 W CUYLER AVE,1920,,W,CUYLER,AVE,417337,2023-04-23T00:00:00Z,,DEPT. OF PUBLIC HEALTH,Resolved,2023-04-24T00:00:00Z,41.95522733962,-87.67723565484,POINT (-87.677235654837 41.955227339615)
601417079,Construction and Demolition,8201 S KINGSTON AVE,8201,,S,KINGSTON,AVE,8386,2023-08-17T00:00:00Z,,DEPT. OF PUBLIC HEALTH,Complaint Valid,2023-08-17T00:00:00Z,41.74623786319,-87.56235803086,POINT (-87.562358030857 41.746237863186)
601295647,Noise Complaint,2950 N OAKLEY AVE,2950,,N,OAKLEY,AVE,129151,2023-01-15T00:00:00Z,,DEPT. OF PUBLIC HEALTH,Resolved,2023-01-17T00:00:00Z,41.93540896261,-87.68567897564,POINT (-87.685678975641 41.93540896261)
601375409,Noise Complaint,324 E 38TH ST,324,,E,38TH,ST,417325,2023-06-13T00:00:00Z,"The Pioneer Village parking lot on 38th and Calumet has a malfunctioning gate. For days at a time the gate alarm goes off, disturbing many neighbors. We have requested that they permanently fix the gate.It has been years",DEPT. OF PUBLIC HEALTH,Alleged violation not found,2023-06-13T00:00:00Z,41.82574546492,-87.61824105673,POINT (-87.61824105673 41.825745464922)
601369477,Water Pollution,231 N WELLS ST,231,,N,WELLS,ST,425726,2023-06-05T00:00:00Z,DISCOLORATION IN THE RIVER --ALMOST THE WIDTH OF THE RIVER CALLER HAS A PHOTOGRAPH OF IT,DEPT. OF PUBLIC HEALTH,Resolved,2023-06-05T00:00:00Z,41.88654983282,-87.63380753582,POINT (-87.633807535821 41.886549832819)
601356474,Air Pollution Work Order,3425 N HALSTED ST,3425,,N,HALSTED,ST,249349,2023-05-15T00:00:00Z,"Repeated releases of urethane fumes from motor vehicle bodywork vented straight to atmosphere, near to my living room window. Fumes have on multiple occasions caused me experience to acute bronchitis/sinusitis episodes",DEPT. OF PUBLIC HEALTH,Alleged violation not found,2023-05-18T00:00:00Z,41.94442314867,-87.64925254078,POINT (-87.649252540779 41.94442314867)
601365491,Air Pollution Work Order,2650 S ST LOUIS AVE,2650,,S,ST LOUIS,AVE,249349,2023-05-28T00:00:00Z,,DEPT. OF PUBLIC HEALTH,Alleged violation not found,2023-05-30T00:00:00Z,41.84290307329,-87.71245387226,POINT (-87.712453872264 41.842903073292)
601483475,Air Pollution Work Order,4801 W PETERSON AVE,4801,,W,PETERSON,AVE,249349,2023-12-17T00:00:00Z,GAS SMELL&nbsp;,DEPT. OF PUBLIC HEALTH,Alleged violation not found,2023-12-20T00:00:00Z,41.98978848882,-87.74837384449,POINT (-87.748373844489 41.989788488824)
601439051,Air Pollution Work Order,3518 S HALSTED ST,3518,,S,HALSTED,ST,10937,2023-09-20T00:00:00Z,FUMES ARE GETTING INTO CALLERS APT,DEPT. OF PUBLIC HEALTH,Complaint Valid,2023-09-21T00:00:00Z,41.83013492477,-87.64623966183,POINT (-87.646239661827 41.830134924773)
601415555,Noise Complaint,1925 N FREMONT ST,1925,,N,FREMONT,ST,417325,2023-08-14T00:00:00Z,,DEPT. OF PUBLIC HEALTH,Alleged violation not found,2023-08-15T00:00:00Z,41.91675183644,-87.65074334594,POINT (-87.650743345936 41.916751836436)
601305459,Air Pollution Work Order,1822 N HOWE ST,1822,,N,HOWE,ST,3308,2023-02-10T00:00:00Z,,DEPT. OF PUBLIC HEALTH,Alleged violation not found,2023-02-14T00:00:00Z,41.91455601521,-87.64491062877,POINT (-87.644910628767 41.914556015214)
601474655,Construction and Demolition,714 W ALDINE AVE,714,,W,ALDINE,AVE,84397,2023-11-27T00:00:00Z,Workers are throwing debris from the top floor to the bottom floor causing damage to neighbors property with a broken window property manager is very rude when addressing the matter at hand. Debris being dropped is causing dust,DEPT. OF PUBLIC HEALTH,Resolved,2023-11-27T00:00:00Z,41.9419314881,-87.64764295591,POINT (-87.647642955913 41.941931488102)
601442049,Construction and Demolition,2131 N CLARK ST,2131,,N,CLARK,ST,379542,2023-09-25T00:00:00Z,"From a resident: I'm representing the HOA at 2131 N Clark St. with a concern around unsafe construction at 2140 N Lincoln Park West, specifically in the alley behind the building. The building demolition is creating a ton of unnecessary dust and air pollution (realize some dust is inevitable, but there are no standard/required mitigations being practiced). I've approach the foreman / general contractor and they have acknowledged they should be (and promised to): -Using vacuums for masonry work to capture masonry dust (they promised to do this 9/22 and have not as of 9/25 though active masonry work continues) -Spraying down concrete being cut outside (thus far have no seen them do this) -Spraying down containers and areas where gypsum dry wall is being demolished ( thus far have not seen them do this. It's a hazard to the several homes with outdoor areas in the alley where children play, and also dirtying everything in the alley (cars are all covered in dust even after the rain today). Attaching two photos here for reference: one showing masonry work kicking up dust with no vacuum system in place from 9/22, and another on 9/25 showing that even the construction workers have covered their cars to protect their own property with no regard for the neighborhood. Please let me know if you have any questions. 312-636-8687 juancarlosiv@gmail.com",DEPT. OF PUBLIC HEALTH,Resolved,2023-09-29T00:00:00Z,41.9210615259,-87.63757717812,POINT (-87.637577178116 41.921061525898)
601444285,Water Pollution,1049 W NORTH AVE,1049,,W,NORTH,AVE,8386,2023-09-28T00:00:00Z,"Drain on front of property is clogged, so during rain storms the oil on their property spills onto the street and enters the storm drain system",DEPT. OF PUBLIC HEALTH,Referred to another agency,2023-09-29T00:00:00Z,41.91069514422,-87.6552300572,POINT (-87.6552300572 41.910695144218)
601481313,Air Pollution Work Order,5740 W 65TH ST,5740,,W,65TH,ST,10937,2023-12-07T00:00:00Z,Smell of Paint from the business,DEPT. OF PUBLIC HEALTH,Alleged violation founded,2023-12-08T00:00:00Z,41.77443221886,-87.76566777625,POINT (-87.765667776249 41.774432218859)
601480670,Construction and Demolition,2410 N SAWYER AVE,2410,,N,SAWYER,AVE,417337,2023-12-08T00:00:00Z,"Resident comlainig that construction debris is not held down correctly, making a lot of noise as well as flying in wind.&nbsp;",DEPT. OF PUBLIC HEALTH,Alleged violation founded,2023-12-11T00:00:00Z,41.925058863,-87.7094492058,POINT (-87.709449205798 41.925058863002)
601305455,Construction and Demolition,125 W 107TH ST,125,,W,107TH,ST,425726,2023-02-14T00:00:00Z,,DEPT. OF PUBLIC HEALTH,Resolved,2023-02-14T00:00:00Z,41.69971875121,-87.62682943534,POINT (-87.626829435343 41.699718751211)
601371677,Toxics Hazardous Materials Work Order,4056 W WELLINGTON AVE,4056,,W,WELLINGTON,AVE,3308,2023-06-06T00:00:00Z,,DEPT. OF PUBLIC HEALTH,Resolved,2023-06-08T00:00:00Z,41.93552198335,-87.7293430154,POINT (-87.7293430154 41.93552198335)
601419861,Air Pollution Work Order,4850 S KEDZIE AVE,4850,,S,KEDZIE,AVE,417337,2023-08-22T00:00:00Z,My guess is WM - Chicago recycling services. I am smelling strong garbage smell at kedzie orange line,DEPT. OF PUBLIC HEALTH,Alleged violation not found,2023-08-22T00:00:00Z,41.80479166704,-87.70402599117,POINT (-87.70402599117 41.804791667044)
601469891,Air Pollution Work Order,13434 S AVENUE N,13434,,S,AVENUE N,,10937,2023-11-13T00:00:00Z,,DEPT. OF PUBLIC HEALTH,Alleged violation not found,2023-11-14T00:00:00Z,41.65078968373,-87.53881424019,POINT (-87.538814240188 41.650789683731)
601409922,Construction and Demolition,7939 S EBERHART AVE,7939,,S,EBERHART,AVE,8386,2023-08-04T00:00:00Z,CREW DID NOT ORDER THEIR OWN DUMPSTERSAND HAVE TAKEN ALL OF THE NEIGHBORS,DEPT. OF PUBLIC HEALTH,Alleged violation not found,2023-08-07T00:00:00Z,41.74999364344,-87.61232507544,POINT (-87.612325075442 41.749993643436)
601336669,Air Pollution Work Order,10933 S AVENUE H,10933,,S,AVENUE H,,13776,2023-04-14T00:00:00Z,,DEPT. OF PUBLIC HEALTH,Alleged violation not found,2023-04-17T00:00:00Z,41.69628321006,-87.53272122335,POINT (-87.532721223346 41.69628321006)
601434107,Noise Complaint,375 W ERIE ST,375,,W,ERIE,ST,417325,2023-09-12T00:00:00Z,"Sleeping with ear plugs in and the doors and windows closed on this beautiful cool night since this is the noise level - I'm on the 4th floor -- in the alley behind my place from this constantly noise-limit violating HVAC. This really offensive level began on Sept. 5 This exhaust/HVAC/blower noise, whatever it is, has been going for 24 hours/day, no breaks, full blast, for at least a week now, and it's loud My doors and windows have to stay shut, and it interrupts sleep and work calls it's so loud in the alley behind 375 W. Erie&nbsp;",DEPT. OF PUBLIC HEALTH,Complaint Valid,2023-09-13T00:00:00Z,41.89382479703,-87.63845324407,POINT (-87.638453244068 41.893824797028)
601355428,Noise Complaint,575 W MADISON ST,575,,W,MADISON,ST,417325,2023-05-15T00:00:00Z,"It’s been going on for months, 24/7, and the apartment manager responded as “Our maintenance team has spoken to themanagement of FFC on this but nothing has been done to address the issue so far.”",DEPT. OF PUBLIC HEALTH,Alleged violation not found,2023-05-15T00:00:00Z,41.88172856911,-87.64258560198,POINT (-87.64258560198 41.88172856911)
601357299,Air Pollution Work Order,6724 S EBERHART AVE,6724,,S,EBERHART,AVE,426086,2023-05-17T00:00:00Z,PER THE CALLER ALSO STATED THAT HE SPOKE WITH PEOPLE GAS AND THEY CAME OUT AND IT ISNOT NATURAL GAS FUMES ON THEIR PART/CALLER IS SMELLING GAS FUMES FROM GAS STATION ACROSS THESTREET IN HIS HOME STILL WAITING ON THIS TO BE ADDRESSED CALLER DOES NOT HAVE EXACT ADDRESS OFTHE GAS STATION BUT IT IS ON THE CORNER CALLER AND HIS MOTHER BOTH LIVE AT ABOVE ADDRESS AND CANSMELL THE FUMES WHICH ARE VERY LOUD,DEPT. OF PUBLIC HEALTH,Complaint Valid,2023-05-17T00:00:00Z,41.77223684038,-87.61315810867,POINT (-87.613158108671 41.77223684038)
601421822,Noise Complaint,2707 W SCHUBERT AVE,2707,,W,SCHUBERT,AVE,417325,2023-08-25T00:00:00Z,,DEPT. OF PUBLIC HEALTH,Alleged violation not found,2023-08-25T00:00:00Z,41.93018088204,-87.69549491482,POINT (-87.695494914818 41.930180882041)
601421302,Asbestos Work Order,3344 S PARNELL AVE,3344,,S,PARNELL,AVE,379542,2023-08-23T00:00:00Z,,DEPT. OF PUBLIC HEALTH,Resolved,2023-08-29T00:00:00Z,41.83326839974,-87.64022026592,POINT (-87.640220265915 41.833268399745)
601455163,Construction and Demolition,1810 N ORLEANS ST,1810,,N,ORLEANS,ST,379542,2023-10-16T00:00:00Z,&nbsp;Construction is being done near 1810 N Orleans and neighbors are concerned regarding potential asbestos,DEPT. OF PUBLIC HEALTH,Resolved,2023-10-17T00:00:00Z,41.91512350769,-87.63764189434,POINT (-87.637641894341 41.915123507694)
601365150,Construction and Demolition,755 S WESTERN AVE,755,,S,WESTERN,AVE,379542,2023-05-27T00:00:00Z,,DEPT. OF PUBLIC HEALTH,Resolved,2023-05-31T00:00:00Z,41.87142872961,-87.68602533022,POINT (-87.68602533022 41.871428729609)
601365535,Air Pollution Work Order,3912 W BYRON ST,3912,,W,BYRON,ST,417337,2023-05-29T00:00:00Z,,DEPT. OF PUBLIC HEALTH,Alleged violation not found,2023-05-30T00:00:00Z,41.95197271406,-87.72557422677,POINT (-87.725574226771 41.95197271406)
601466061,Illegal Dumping Work Order,5114 W ADAMS ST,5114,,W,ADAMS,ST,84397,2023-11-05T00:00:00Z,: NEIGHBOR HAS BOOBY TRAPPED SOMME TYPE OF WATER HOUSE AND ITS BEING DUMPED INTO THE ALLEY,DEPT. OF PUBLIC HEALTH,Refer to Building Dept,2023-11-06T00:00:00Z,41.8785917608,-87.75415848216,POINT (-87.754158482161 41.878591760801)
601483476,Air Pollution Work Order,4333 N WESTERN AVE,4333,,N,WESTERN,AVE,84397,2023-12-15T00:00:00Z,,DEPT. OF PUBLIC HEALTH,Resolved,2023-12-18T00:00:00Z,41.96050837952,-87.68851198813,POINT (-87.688511988127 41.960508379517)
601392059,Noise Complaint,5642 N MASON AVE,5642,,N,MASON,AVE,417325,2023-07-08T00:00:00Z,INSTALLED IN RESIDENTIAL GARAGE,DEPT. OF PUBLIC HEALTH,Alleged violation not found,2023-07-10T00:00:00Z,41.98414674152,-87.77694514877,POINT (-87.776945148767 41.984146741518)
601294192,Water Pollution,2038 W DIVERSEY PKWY,2038,,W,DIVERSEY,PKWY,379542,2023-01-11T00:00:00Z,CALLER SAID SOME WHITE SUBSTANCE IS RISING TO SURFACE OF WATER,DEPT. OF PUBLIC HEALTH,Resolved,2023-01-12T00:00:00Z,41.9323750757,-87.67977862814,POINT (-87.679778628143 41.932375075698)
601391902,Construction and Demolition,1630 N WELLS ST,1630,,N,WELLS,ST,379542,2023-07-07T00:00:00Z,Roof debris has been left sitting in this lot for 3+ months,DEPT. OF PUBLIC HEALTH,Resolved,2023-07-10T00:00:00Z,41.91209688654,-87.63488647518,POINT (-87.63488647518 41.912096886535)
601469257,Air Pollution Work Order,1600 W ADAMS ST,1600,,W,ADAMS,ST,10937,2023-11-09T00:00:00Z,": To emphasize the gravity of the situation, I have been monitoring the air quality using an air filter, and the current reading stands at 68, which exceeds the recommended level of 50.",DEPT. OF PUBLIC HEALTH,Resolved,2023-11-13T00:00:00Z,41.8790028653,-87.666879853,POINT (-87.666879852995 41.879002865298)
601316195,Air Pollution Work Order,7701 S KEDZIE AVE,7701,,S,KEDZIE,AVE,10937,2023-03-09T00:00:00Z,,DEPT. OF PUBLIC HEALTH,Complaint Valid,2023-03-10T00:00:00Z,41.75336214864,-87.70234945086,POINT (-87.702349450859 41.753362148643)
601314259,Air Pollution Work Order,1203 W 47TH ST,1203,,W,47TH,ST,249349,2023-03-04T00:00:00Z,"Caller reports that during the night time hours, there is a massive amount of smoke being released into the air from the businesses located at the Stockyards in this area. Located on 47th St from Racine to Emerald St. Caller did not have a name or address of any particular business. She just referred to them as the Stockyards.&nbsp;",DEPT. OF PUBLIC HEALTH,Alleged violation not found,2023-03-08T00:00:00Z,41.80862197151,-87.65538965741,POINT (-87.655389657412 41.808621971511)
601329901,Air Pollution Work Order,3046 S HARDING AVE,3046,,S,HARDING,AVE,249349,2023-04-04T00:00:00Z,": For more than a year, this neighbor has burned tree remnants in the evenings often on the weekends. The smoke gets out of hand most of the times. The street is filled w smoke and usually causes burning sensation in eyes&nbsp;",DEPT. OF PUBLIC HEALTH,Resolved,2023-04-05T00:00:00Z,41.83733564802,-87.7232875769,POINT (-87.723287576898 41.837335648022)
601427779,Construction and Demolition,5327 W CRYSTAL ST,5327,,W,CRYSTAL,ST,8386,2023-09-05T00:00:00Z,"caller states that the sprinkler system that is being used during construction reaches all the way in to the caller's yard at the provided address. caller also says that when he has to walk past to get his garage, he gets soaked and wet.&nbsp;",DEPT. OF PUBLIC HEALTH,Alleged violation not found,2023-09-05T00:00:00Z,41.90300747072,-87.7593704468,POINT (-87.759370446801 41.903007470721)
601411959,Air Pollution Work Order,3440 N KNOX AVE,3440,,N,KNOX,AVE,249349,2023-08-08T00:00:00Z,,DEPT. OF PUBLIC HEALTH,Alleged violation not found,2023-08-09T00:00:00Z,41.94373256813,-87.74290449679,POINT (-87.742904496794 41.943732568127)
601301417,Air Pollution Work Order,2500 S PAULINA ST,2500,,S,PAULINA,ST,129151,2023-02-01T00:00:00Z,"SMOKE, ODOR AND DUST COMING FROM THERE METAL SHREDDER",DEPT. OF PUBLIC HEALTH,Alleged violation not found,2023-02-02T00:00:00Z,41.84676817856,-87.66850812646,POINT (-87.668508126456 41.846768178557)
601437092,Air Pollution Work Order,1340 W 18TH PL,1340,,W,18TH,PL,10937,2023-09-18T00:00:00Z,"""I am emailing because I have been having problems with a pollution smell in my apartment every night. I live facing south on 18th place and I suspect that the smell is coming from Sims metal on Paulina. It is becoming challenging to live with and has started causing some health complications. I wonder if there is anything that can be done about it.""&nbsp;",DEPT. OF PUBLIC HEALTH,Complaint Valid,2023-09-19T00:00:00Z,41.85708957501,-87.66049138837,POINT (-87.660491388369 41.857089575014)
601440666,Noise Complaint,5201 N SHERIDAN RD,5201,,N,SHERIDAN,RD,129151,2023-09-21T00:00:00Z,There is construction work taking place at Mariano's and the construction trailer has a generator that sits just outside of it that is running nonstop and is very loud. There is a loud hissing noise coming from the generator.,DEPT. OF PUBLIC HEALTH,Resolved,2023-09-22T00:00:00Z,41.97648166761,-87.65483977717,POINT (-87.654839777167 41.976481667612)
601332716,Construction and Demolition,4350 S VINCENNES AVE,4350,,S,VINCENNES,AVE,84397,2023-04-10T00:00:00Z,: The construction company us storing large amounts of stone and other material on the vacant lot. It is about to tip and is dangerous. It also causes a large amount of debris in the alley.&nbsp;,DEPT. OF PUBLIC HEALTH,Resolved,2023-04-10T00:00:00Z,41.8151840259,-87.61419222561,POINT (-87.614192225609 41.815184025898)
601484710,Air Pollution Work Order,2500 S PAULINA ST,2500,,S,PAULINA,ST,249349,2023-12-22T00:00:00Z,Fluff,DEPT. OF PUBLIC HEALTH,Alleged violation not found,2024-01-02T00:00:00Z,41.84676817856,-87.66850812646,POINT (-87.668508126456 41.846768178557)
601360014,Noise Complaint,535 N MICHIGAN AVE,535,,N,MICHIGAN,AVE,129151,2023-05-21T00:00:00Z,There's a loud squeak coming from one of the units on the rooftop. The units are shared by the residential and commercial tenants,DEPT. OF PUBLIC HEALTH,Resolved,2023-05-24T00:00:00Z,41.89189707576,-87.62401628856,POINT (-87.624016288559 41.891897075755)
601364129,Air Pollution Work Order,2139 N CLEVELAND AVE,2139,,N,CLEVELAND,AVE,249349,2023-05-25T00:00:00Z,,DEPT. OF PUBLIC HEALTH,Alleged violation not found,2023-05-26T00:00:00Z,41.92127447443,-87.64119801822,POINT (-87.641198018216 41.921274474428)
601473785,Air Pollution Work Order,731 E 84TH PL,731,,E,84TH,PL,13776,2023-11-21T00:00:00Z,CALLER REPORTS THAT RESIDENTAL BUILDING HAS CONTINOUSLY FOUL ODORS OMITTING THROUGHOUT BUILDING; REPORTEDLY COMING FROM NEIGHBORS&nbsp;,DEPT. OF PUBLIC HEALTH,Alleged violation unfounded,2023-11-22T00:00:00Z,41.7407863422,-87.60605682966,POINT (-87.606056829658 41.740786342203)
601335483,Noise Complaint,3737 W LAWRENCE AVE,3737,,W,LAWRENCE,AVE,417325,2023-04-12T00:00:00Z,Please do not go listen for this noise at the front of the business. The noise is impacting south adjacent residential property. The air conditioner (not roof top vent) is way louder today than yesterday.,DEPT. OF PUBLIC HEALTH,Alleged violation not found,2023-04-13T00:00:00Z,41.96819485558,-87.72227079662,POINT (-87.722270796624 41.968194855579)
601375370,Construction and Demolition,7831 S ST LAWRENCE AVE,7831,,S,ST LAWRENCE,AVE,13776,2023-06-12T00:00:00Z,"creating too much dust in residential neighborhood for residents, air pollution",DEPT. OF PUBLIC HEALTH,Alleged violation unfounded,2023-06-13T00:00:00Z,41.75208523311,-87.60995920625,POINT (-87.609959206247 41.752085233111)
601407302,Noise Complaint,1949 W DIVISION ST,1949,,W,DIVISION,ST,129151,2023-08-01T00:00:00Z,There has been a large generator placed in our back alley that’s been running for the last few weeks. Our alley is located next to 1143 N Damen Avenue. It’s very loud and we can hear it from our top floor apartment. It runs 24/7 nonstop,DEPT. OF PUBLIC HEALTH,Refer to Building Dept,2023-08-07T00:00:00Z,41.90308928676,-87.67677205425,POINT (-87.676772054255 41.903089286759)
601336295,Construction and Demolition,6958 N WESTERN AVE,6958,,N,WESTERN,AVE,3308,2023-04-13T00:00:00Z,: Throwing debris off of roof into dumpster adjacent to alley and sidewalk and storefront of neighboring business. Dust everywhere. 13-32-125 violation. Neighbors have complained repeatedly to contractor.&nbsp;,DEPT. OF PUBLIC HEALTH,Alleged violation not found,2023-04-14T00:00:00Z,42.00858301797,-87.6903078344,POINT (-87.690307834401 42.008583017971)
601427028,Toxics Hazardous Materials Work Order,4137 W 78TH PL,4137,,W,78TH,PL,8386,2023-08-31T00:00:00Z,THE CALLER STATED THAT THE NEIGHBOR POUR CAR OIL IN BETWEEN THE FENCE,DEPT. OF PUBLIC HEALTH,Complaint Valid,2023-09-01T00:00:00Z,41.74988206286,-87.72546990129,POINT (-87.725469901292 41.749882062856)
601436591,Air Pollution Work Order,2700 N PINE GROVE AVE,2700,,N,PINE GROVE,AVE,379542,2023-09-15T00:00:00Z,,DEPT. OF PUBLIC HEALTH,Resolved,2023-09-18T00:00:00Z,41.93105480995,-87.64053758196,POINT (-87.640537581959 41.931054809946)
601417085,Illegal Dumping Work Order,2755 N NEWLAND AVE,2755,,N,NEWLAND,AVE,3308,2023-08-16T00:00:00Z,Caller states she witnessed neighbor using pipe to dump sewage into the alley. Oily. Contamination. Hazardous. Smelling feces and urine. Appears to be draining catch basin.,DEPT. OF PUBLIC HEALTH,Resolved,2023-08-17T00:00:00Z,41.93063691759,-87.79899146919,POINT (-87.798991469195 41.93063691759)
601339626,Water Pollution,4340 S WOLCOTT AVE,4340,,S,WOLCOTT,AVE,84397,2023-04-19T00:00:00Z,Soap is coming from the sewer,DEPT. OF PUBLIC HEALTH,Resolved,2023-04-20T00:00:00Z,41.81458901367,-87.67256043955,POINT (-87.672560439554 41.814589013671)
601407294,Noise Complaint,1949 W DIVISION ST,1949,,W,DIVISION,ST,129151,2023-08-01T00:00:00Z,,DEPT. OF PUBLIC HEALTH,Resolved,2023-08-04T00:00:00Z,41.90308928676,-87.67677205425,POINT (-87.676772054255 41.903089286759)
601413438,Noise Complaint,706 W DIVERSEY PKWY,706,,W,DIVERSEY,PKWY,3308,2023-08-10T00:00:00Z,Truck has been idling for over 20 minutes. No driver in sight. I have video of the incident,DEPT. OF PUBLIC HEALTH,Alleged violation not found,2023-08-14T00:00:00Z,41.9328697615,-87.64694738162,POINT (-87.64694738162 41.932869761499)
601336357,Noise Complaint,721 S WELLS ST,721,,S,WELLS,ST,417325,2023-04-14T00:00:00Z,,DEPT. OF PUBLIC HEALTH,Alleged violation not found,2023-04-14T00:00:00Z,41.87289541721,-87.63344620672,POINT (-87.633446206717 41.872895417209)
601358313,Noise Complaint,8156 W FOREST PRESERVE AVE,8156,,W,FOREST PRESERVE,AVE,129151,2023-05-17T00:00:00Z,"I don't know where you've been or what you've been listening to. The noise is all the time. Now, too. You weren't there where the hall is. I have a camera and would see if anyone showed up. I repeat: Between buildings 6156 and 6184 At Forest Preserve Ave&nbsp;",DEPT. OF PUBLIC HEALTH,Resolved,2023-05-18T00:00:00Z,41.94260953292,-87.83093049204,POINT (-87.830930492038 41.942609532923)
601454713,Air Pollution Work Order,416 N ADA ST,416,,N,ADA,ST,417337,2023-10-15T00:00:00Z,Picture of license plate attached. Unknown business,DEPT. OF PUBLIC HEALTH,Alleged violation not found,2023-10-16T00:00:00Z,41.88944369597,-87.66100857276,POINT (-87.661008572757 41.889443695965)
601360805,Air Pollution Work Order,2827 W FULLERTON AVE,2827,,W,FULLERTON,AVE,417337,2023-05-11T00:00:00Z,,DEPT. OF PUBLIC HEALTH,Alleged violation not found,2023-05-12T00:00:00Z,41.9246872026,-87.69849450733,POINT (-87.698494507331 41.924687202602)
601399503,Air Pollution Work Order,1710 S HAMILTON AVE,1710,,S,HAMILTON,AVE,417337,2023-07-16T00:00:00Z,,DEPT. OF PUBLIC HEALTH,Complaint Valid,2023-07-17T00:00:00Z,41.85810642348,-87.67983068114,POINT (-87.679830681138 41.858106423478)
601467575,Illegal Dumping Work Order,1322 S KILDARE AVE,1322,,S,KILDARE,AVE,8386,2023-11-08T00:00:00Z,,DEPT. OF PUBLIC HEALTH,Complaint Valid,2023-12-05T00:00:00Z,41.86352485995,-87.73258012694,POINT (-87.732580126941 41.863524859947)
601364096,Noise Complaint,3030 N BROADWAY,3030,,N,BROADWAY,,417325,2023-05-24T00:00:00Z,,DEPT. OF PUBLIC HEALTH,Resolved,2023-05-25T00:00:00Z,41.93733843731,-87.64445647151,POINT (-87.644456471505 41.937338437309)
601318432,Toxics Hazardous Materials Work Order,4500 S PAULINA ST,4500,,S,PAULINA,ST,84397,2023-03-14T00:00:00Z,"Sims middle management - Smoke and debris blowing on neighbors property - COMMERCIAL BUILDING - Residential. NOTE FROM BACP: BELIEVE COMPLAINANT MAY MEAN SIMS METAL MANAGEMENT, 2500 S PAULINA.",DEPT. OF PUBLIC HEALTH,Resolved,2023-03-15T00:00:00Z,41.81212395417,-87.66765449247,POINT (-87.667654492471 41.812123954175)
601391925,Construction and Demolition,1820 N HOWE ST,1820,,N,HOWE,ST,417337,2023-07-08T00:00:00Z,Construction crews continue to cut bricks without using water. The dust is covering everything on the neighboring homes and making it difficult for anyone to be outside while this occurs. Additional video is available&nbsp;,DEPT. OF PUBLIC HEALTH,Complaint Valid,2023-07-10T00:00:00Z,41.91450435109,-87.64490859153,POINT (-87.644908591525 41.914504351086)
601392066,Noise Complaint,59 W 15TH ST,59,,W,15TH,ST,129151,2023-07-07T00:00:00Z,Loud equipment ran all night last night and is continuing today. It needs to be turned off at night so we can sleep.,DEPT. OF PUBLIC HEALTH,Resolved,2023-07-10T00:00:00Z,41.8618109461,-87.62961410557,POINT (-87.62961410557 41.8618109461)
601314423,Noise Complaint,1337 W MORSE AVE,1337,,W,MORSE,AVE,417325,2023-03-07T00:00:00Z,,DEPT. OF PUBLIC HEALTH,Alleged violation not found,2023-03-07T00:00:00Z,42.00781354374,-87.66515829204,POINT (-87.665158292039 42.007813543743)
601457199,Air Pollution Work Order,2055 W PERSHING RD,2055,,W,PERSHING,RD,84397,2023-10-19T00:00:00Z,Caller reports that there is a strong chemical smell coming from this company in the early morning hours. Caller was not sure if any burning takes place there but she is sure of the chemical smells coming from that plant.,DEPT. OF PUBLIC HEALTH,Resolved,2023-10-19T00:00:00Z,41.82297276573,-87.67702220738,POINT (-87.677022207376 41.822972765727)
601374555,Air Pollution Work Order,2015 S PEORIA ST,2015,,S,PEORIA,ST,10937,2023-06-09T00:00:00Z,PACE CONSTRUCTION. USING OPEN AIR STOVE TO MIX TAR FOR ROOF REAPIR,DEPT. OF PUBLIC HEALTH,Complaint Valid,2023-06-12T00:00:00Z,41.85484214279,-87.64804964196,POINT (-87.648049641959 41.854842142791)
601415598,Illegal Dumping Work Order,2343 N MENARD AVE,2343,,N,MENARD,AVE,8386,2023-08-14T00:00:00Z,,DEPT. OF PUBLIC HEALTH,Alleged violation not found,2023-08-16T00:00:00Z,41.92336409794,-87.77068757599,POINT (-87.770687575989 41.923364097935)
601469893,Air Pollution Work Order,4533 W MONROE ST,4533,,W,MONROE,ST,3308,2023-11-13T00:00:00Z,&nbsp;Trucks illegally running all day creating diesel engine emissions all day in a residential neighborhood,DEPT. OF PUBLIC HEALTH,Alleged violation not found,2023-11-14T00:00:00Z,41.87949000433,-87.73926922659,POINT (-87.739269226589 41.879490004334)
601473781,Vehicle Idling Work Order,3307 W IRVING PARK RD,3307,,W,IRVING PARK,RD,417337,2023-11-22T00:00:00Z,Semi Truck idling outside of caller's bedroom window,DEPT. OF PUBLIC HEALTH,Alleged violation not found,2023-11-22T00:00:00Z,41.9537775048,-87.71075726741,POINT (-87.710757267414 41.953777504798)
601429890,Air Pollution Work Order,2048 W 70TH ST,2048,,W,70TH,ST,10937,2023-09-06T00:00:00Z,: For more info please contact concerned citizen Clifton Thurman at 708-954-0442.&nbsp;,DEPT. OF PUBLIC HEALTH,Complaint Valid,2023-09-07T00:00:00Z,41.76671241971,-87.67551728145,POINT (-87.675517281451 41.766712419712)
601379652,Air Pollution Work Order,10426 S TORRENCE AVE,10426,,S,TORRENCE,AVE,13776,2023-06-18T00:00:00Z,: Per Caller- Burning wood smell.,DEPT. OF PUBLIC HEALTH,Alleged violation not found,2023-06-20T00:00:00Z,41.70557470571,-87.55978724711,POINT (-87.55978724711 41.705574705706)
601443499,Illegal Dumping Work Order,1200 W CERMAK RD,1200,,W,CERMAK,RD,379542,2023-09-27T00:00:00Z,Behind 1200 W Cermak - Discarded tires and pouring auto fluids into street and lot,DEPT. OF PUBLIC HEALTH,Resolved,2023-09-28T00:00:00Z,41.85260262563,-87.6563271856,POINT (-87.656327185598 41.852602625629)
601375386,Noise Complaint,1732 N CLARK ST,1732,,N,CLARK,ST,417325,2023-06-12T00:00:00Z,: The noise is coming from exhaust fans in the base of the garage backing up apartments on Wells. The management has not been accommodating to residents and it is causing some severe noise disturbances during the day and in the evening when residents are trying to rest. We respectfully request an inspection and for the exhaust fans modified to lower the sound. The property Manager on-site is Kate Sarna and her number is 312-787-3335. Assistant Property Manager is Wendy Lyman and her number is the same.&nbsp;,DEPT. OF PUBLIC HEALTH,Alleged violation not found,2023-06-13T00:00:00Z,41.91391201301,-87.63347071478,POINT (-87.633470714785 41.913912013008)
601397349,Construction and Demolition,5521 N WAYNE AVE,5521,,N,WAYNE,AVE,425726,2023-07-17T00:00:00Z,The construction site is throwing debris off the balcony and it is creating piles and plumes of dust. They are leaving debris in the yard and neighbors are not happy.&nbsp;,DEPT. OF PUBLIC HEALTH,Resolved,2023-07-19T00:00:00Z,41.98240131921,-87.66357635279,POINT (-87.663576352785 41.982401319212)
601415524,Vehicle Idling Work Order,670 W DIVERSEY PKWY,670,,W,DIVERSEY,PKWY,3308,2023-08-15T00:00:00Z,,DEPT. OF PUBLIC HEALTH,Alleged violation not found,2023-08-14T00:00:00Z,41.9328838647,-87.64627175169,POINT (-87.646271751687 41.932883864695)
601399718,Noise Complaint,5254 N CLARK ST,5254,,N,CLARK,ST,129151,2023-07-21T00:00:00Z,This has been reoccurring and noise from machines are disruptive at a level where one is unable to talk.,DEPT. OF PUBLIC HEALTH,Alleged violation not found,2023-07-21T00:00:00Z,41.97785951852,-87.66850101315,POINT (-87.668501013152 41.97785951852)
601351430,Noise Complaint,2242 W WOLFRAM ST,2242,,W,WOLFRAM,ST,417325,2023-05-06T00:00:00Z,: This air conditioner nosie is coming from a neighbor's home.&nbsp;,DEPT. OF PUBLIC HEALTH,Alleged violation not found,2023-05-08T00:00:00Z,41.9330980376,-87.6847047997,POINT (-87.684704799699 41.933098037597)
601440760,Noise Complaint,4652 N SHERIDAN RD,4652,,N,SHERIDAN,RD,417325,2023-09-25T00:00:00Z,,DEPT. OF PUBLIC HEALTH,Alleged violation not found,2023-09-26T00:00:00Z,41.96703976288,-87.65494521476,POINT (-87.65494521476 41.967039762881)
601403863,Noise Complaint,111 E CHESTNUT ST,111,,E,CHESTNUT,ST,417325,2023-07-26T00:00:00Z,I am the executive director of a senior living community (The Clare). 111 East Chestnut garage area has noise levels in their chiller and air cooling system that appear to be illegal. Sounds at night impacting our seniors living at The clare sleep quality,DEPT. OF PUBLIC HEALTH,Resolved,2023-07-27T00:00:00Z,41.89826161909,-87.62516469194,POINT (-87.62516469194 41.898261619089)
601403861,Construction and Demolition,1400 N WESTERN AVE,1400,,N,WESTERN,AVE,417337,2023-07-26T00:00:00Z,"&nbsp;Construction company cutting concrete without water suppression. Near bus stops, people walking through concrete dust",DEPT. OF PUBLIC HEALTH,Resolved,2023-07-27T00:00:00Z,41.90675568944,-87.68727270197,POINT (-87.687272701968 41.906755689442)
601354557,Air Pollution Work Order,2435 N PARKSIDE AVE,2435,,N,PARKSIDE,AVE,417337,2023-05-11T00:00:00Z,There is a burning smell every night at about 7:30. It gets so bad we can't keep windows open. Is the city burning something?,DEPT. OF PUBLIC HEALTH,Alleged violation not found,2023-05-12T00:00:00Z,41.92501887515,-87.76709693962,POINT (-87.767096939616 41.925018875155)
601335572,Noise Complaint,400 W ADAMS ST,400,,W,ADAMS,ST,129151,2023-04-12T00:00:00Z,NOISE IS COMING FROM THE OUT SIDE OF UNION STATION,DEPT. OF PUBLIC HEALTH,Alleged violation not found,2023-04-14T00:00:00Z,41.87944420392,-87.63814232504,POINT (-87.638142325039 41.879444203925)
601324841,Water Pollution,3460 W FOSTER AVE,3460,,W,FOSTER,AVE,8386,2023-03-24T00:00:00Z,"The north branch river, directly under the pedestrian bridge at the start of the North Branch Trail. shopping cart&nbsp;",DEPT. OF PUBLIC HEALTH,Alleged violation not found,2023-03-27T00:00:00Z,41.97577496278,-87.71593008293,POINT (-87.715930082934 41.975774962779)
601390614,Construction and Demolition,1340 W MADISON ST,1340,,W,MADISON,ST,3308,2023-07-05T00:00:00Z,,DEPT. OF PUBLIC HEALTH,Alleged violation not found,2023-07-06T00:00:00Z,41.8816593852,-87.66123088986,POINT (-87.661230889856 41.8816593852)
601480499,Air Pollution Work Order,2451 S ASHLAND AVE,2451,,S,ASHLAND,AVE,129151,2023-12-08T00:00:00Z,: SHREDDER FLUFF,DEPT. OF PUBLIC HEALTH,Resolved,2023-12-11T00:00:00Z,41.84706933865,-87.66578169249,POINT (-87.665781692487 41.847069338651)
601325376,Illegal Dumping Work Order,10125 S GREEN ST,10125,,S,GREEN,ST,13776,2023-03-27T00:00:00Z,,DEPT. OF PUBLIC HEALTH,Alleged violation not found,2023-03-31T00:00:00Z,41.70977575404,-87.64396626898,POINT (-87.643966268976 41.709775754041)
601351434,Noise Complaint,1641 N ORCHARD ST,1641,,N,ORCHARD,ST,129151,2023-05-05T00:00:00Z,"when temp is warm outside, the noise from air conditioner is occurring",DEPT. OF PUBLIC HEALTH,Resolved,2023-05-08T00:00:00Z,41.91219347732,-87.64574463251,POINT (-87.645744632514 41.912193477322)
601297623,Air Pollution Work Order,2837 N HALSTED ST,2837,,N,HALSTED,ST,3308,2023-01-20T00:00:00Z,they spill paint on the side walk and they illegally haul trash,DEPT. OF PUBLIC HEALTH,Alleged violation not found,2023-01-23T00:00:00Z,41.93379891364,-87.64890278226,POINT (-87.648902782263 41.933798913644)
601469895,Construction and Demolition,5127 N MASON AVE,5127,,N,MASON,AVE,84397,2023-11-13T00:00:00Z,,DEPT. OF PUBLIC HEALTH,Resolved,2023-11-14T00:00:00Z,41.97470953211,-87.7768348922,POINT (-87.776834892203 41.974709532111)
601371504,Air Pollution Work Order,4322 N MOZART ST,4322,,N,MOZART,ST,417337,2023-06-06T00:00:00Z,"spoke with you this morning about a problem with neighbor who has hired a tuck-pointer who is grinding molar joints without any dust collection equipment. There is also no required city permits posted. The neighbor's property, a 3-flat apartment building at 4322 N. Mozart St. The owner's name is Nettie Sabin",DEPT. OF PUBLIC HEALTH,Resolved,2023-06-07T00:00:00Z,41.9601204943,-87.69979945782,POINT (-87.699799457824 41.960120494296)
601471005,Construction and Demolition,7745 S SAGINAW AVE,7745,,S,SAGINAW,AVE,13776,2023-11-15T00:00:00Z,Construction debris being tossed in backyard causing danger for children living next door and creating a lead exposure problem!&nbsp;,DEPT. OF PUBLIC HEALTH,Refer to Code Enforcement,2023-11-16T00:00:00Z,41.75411347056,-87.55981265725,POINT (-87.559812657251 41.754113470557)
601348023,Noise Complaint,632 E 88TH ST,632,,E,88TH,ST,129151,2023-05-03T00:00:00Z,,DEPT. OF PUBLIC HEALTH,Resolved,2023-05-03T00:00:00Z,41.73488257955,-87.60830515426,POINT (-87.60830515426 41.734882579549)
601432435,Air Pollution Work Order,2022 W 110TH ST,2022,,W,110TH,ST,13776,2023-09-09T00:00:00Z,,DEPT. OF PUBLIC HEALTH,Alleged violation not found,2023-09-11T00:00:00Z,41.69451161561,-87.67250812457,POINT (-87.672508124568 41.694511615613)
601338618,Air Pollution Work Order,3245 N WILTON AVE,3245,,N,WILTON,AVE,3308,2023-04-18T00:00:00Z,We have reached out to ask for them to start using the water sprayer. The dust is blowing everywhere today on 4/18,DEPT. OF PUBLIC HEALTH,Alleged violation not found,2023-04-19T00:00:00Z,41.94127125742,-87.65278235872,POINT (-87.652782358722 41.941271257421)
601468427,Noise Complaint,1676 W BRYN MAWR AVE,1676,,W,BRYN MAWR,AVE,417337,2023-11-08T00:00:00Z,: Throwing large wooden chunks from 2nd and third floors into back of truck bed for the past week. Obvious violations. Clearly non professionals. Absolutely unacceptable,DEPT. OF PUBLIC HEALTH,Alleged violation not found,2023-11-09T00:00:00Z,41.98353603975,-87.67289817361,POINT (-87.672898173612 41.983536039753)
601342136,Air Pollution Work Order,2715 N CICERO AVE,2715,,N,CICERO,AVE,417337,2023-04-24T00:00:00Z,,DEPT. OF PUBLIC HEALTH,Alleged violation not found,2023-04-25T00:00:00Z,41.93012656883,-87.74638853895,POINT (-87.746388538949 41.930126568826)
601464865,Air Pollution Work Order,1226 W 73RD PL,1226,,W,73RD,PL,249349,2023-11-02T00:00:00Z,,DEPT. OF PUBLIC HEALTH,Alleged violation not found,2023-11-03T00:00:00Z,41.76060160774,-87.65510559019,POINT (-87.655105590189 41.760601607741)
601340599,Air Pollution Work Order,11948 S UNION AVE,11948,,S,UNION,AVE,13776,2023-04-20T00:00:00Z,It is not a business it is a residential place. The side of the building is full with trash and mold. Needs to be removed and clean out.,DEPT. OF PUBLIC HEALTH,Alleged violation unfounded,2023-04-21T00:00:00Z,41.67639153401,-87.63960237291,POINT (-87.639602372914 41.676391534014)
601325372,Noise Complaint,3402 N KEDZIE AVE,3402,,N,KEDZIE,AVE,417325,2023-03-27T00:00:00Z,,DEPT. OF PUBLIC HEALTH,Resolved,2023-03-28T00:00:00Z,41.94313237732,-87.70787785563,POINT (-87.707877855632 41.943132377318)
601336718,Air Pollution Work Order,922 N KEYSTONE AVE,922,,N,KEYSTONE,AVE,249349,2023-04-15T00:00:00Z,: Homes and vehicles are covered with a white powdered substance in the overnight hours of 4/11-4/15 2023 . Where is this pollution coming from??,DEPT. OF PUBLIC HEALTH,Alleged violation not found,2023-04-17T00:00:00Z,41.8978926762,-87.72753419282,POINT (-87.727534192823 41.897892676198)
601457022,Construction and Demolition,901 N HALSTED ST,901,,N,HALSTED,ST,379542,2023-10-19T00:00:00Z,CALLER IS REPORTING THE DUMPING OF MATERIALS FROM BURIED STORAGE TANK INTOTHE WATER AT A CONSTRUCTION SITE.,DEPT. OF PUBLIC HEALTH,Resolved,2023-10-20T00:00:00Z,41.89905843749,-87.64773049523,POINT (-87.647730495233 41.899058437491)
601300953,Noise Complaint,6613 N OCONTO AVE,6613,,N,OCONTO,AVE,129151,2023-01-31T00:00:00Z,,DEPT. OF PUBLIC HEALTH,Resolved,2023-02-01T00:00:00Z,42.0013031005,-87.80782281929,POINT (-87.80782281929 42.001303100504)
601339627,Air Pollution Work Order,931 N OGDEN AVE,931,,N,OGDEN,AVE,3308,2023-04-19T00:00:00Z,Concrete dust is covering the surrounding areas up Ogden and onto Chicago and Milwaukee avenues.&nbsp;,DEPT. OF PUBLIC HEALTH,Alleged violation not found,2023-04-20T00:00:00Z,41.89921642769,-87.6515756899,POINT (-87.651575689902 41.899216427685)
601369042,Construction and Demolition,4342 S SPAULDING AVE,4342,,S,SPAULDING,AVE,84397,2023-06-02T00:00:00Z,,DEPT. OF PUBLIC HEALTH,Resolved,2023-06-05T00:00:00Z,41.81412359945,-87.70680748084,POINT (-87.706807480841 41.814123599453)
601292866,Noise Complaint,3620 W WRIGHTWOOD AVE,3620,,W,WRIGHTWOOD,AVE,417325,2023-01-07T00:00:00Z,"The noise is not constant, but comes in and out as the machine turns itself on and off again",DEPT. OF PUBLIC HEALTH,Resolved,2023-01-09T00:00:00Z,41.92835330394,-87.71794005329,POINT (-87.717940053287 41.928353303936)
601374566,Air Pollution Work Order,368 E 117TH ST,368,,E,117TH,ST,13776,2023-06-09T00:00:00Z,,DEPT. OF PUBLIC HEALTH,Alleged violation unfounded,2023-06-12T00:00:00Z,41.6815100549,-87.61397213473,POINT (-87.613972134732 41.681510054899)
601418814,Noise Complaint,1521 S WABASH AVE,1521,,S,WABASH,AVE,129151,2023-08-21T00:00:00Z,,DEPT. OF PUBLIC HEALTH,Resolved,2023-08-21T00:00:00Z,41.86132451284,-87.62554225943,POINT (-87.625542259426 41.86132451284)
601381467,Vehicle Idling Work Order,141 S MASON AVE,141,,S,MASON,AVE,84397,2023-06-21T00:00:00Z,"SEMI TRUCK BEEN PARKED ON BLOCK FOR PAST 4 DAYS, REPEATEDLY TURNING ON, IDLING AND SHUTTING OFF THEN COMING BACK ON",DEPT. OF PUBLIC HEALTH,Resolved,2023-06-21T00:00:00Z,41.87781379154,-87.77279544357,POINT (-87.77279544357 41.877813791536)
601295753,Air Pollution Work Order,6337 S RACINE AVE,6337,,S,RACINE,AVE,10937,2023-01-13T00:00:00Z,,DEPT. OF PUBLIC HEALTH,Alleged violation not found,2023-01-17T00:00:00Z,41.77850539387,-87.65432735972,POINT (-87.654327359716 41.778505393867)
601417880,Air Pollution Work Order,718 W 50TH ST,718,,W,50TH,ST,249349,2023-08-17T00:00:00Z,Lot at the end of the alley,DEPT. OF PUBLIC HEALTH,Alleged violation not found,2023-08-18T00:00:00Z,41.80354180496,-87.64378763491,POINT (-87.643787634915 41.80354180496)
601304562,Illegal Dumping Work Order,819 E 89TH ST,819,,E,89TH,ST,13776,2023-02-09T00:00:00Z,,DEPT. OF PUBLIC HEALTH,Alleged violation not found,2023-02-09T00:00:00Z,41.73290077705,-87.60388704232,POINT (-87.603887042316 41.732900777055)
601441380,Noise Complaint,2200 N CLYBOURN AVE,2200,,N,CLYBOURN,AVE,129151,2023-09-22T00:00:00Z,We have spoken to the owner multiple times about there exhaust vent system that goes over our property. The system is violently shaking and producing noise to a level that is unboreable we run a Air B&amp;B and have lost business due to there refusal,DEPT. OF PUBLIC HEALTH,Resolved,2023-09-25T00:00:00Z,41.92158137321,-87.66456512928,POINT (-87.664565129283 41.921581373213)
601374570,Noise Complaint,4747 S DR MARTIN LUTHER KING JR DR,4747,,S,DR MARTIN LUTHER KING JR,DR,417325,2023-06-10T00:00:00Z,ON THE EAST SIDE OF THE BUILDING&nbsp;,DEPT. OF PUBLIC HEALTH,Complaint Valid,2023-06-16T00:00:00Z,41.80799556913,-87.61640486518,POINT (-87.616404865179 41.80799556913)
601393660,Noise Complaint,5600 N BROADWAY,5600,,N,BROADWAY,,417325,2023-07-12T00:00:00Z,There is a machine that announces every 15 minutes that the lot is monitored. It can be heard throughout the neighborhood all day. Other neighbors have also complained. It can be heard from 7am until 10pm at night and has been going on over a month.&nbsp;,DEPT. OF PUBLIC HEALTH,Resolved,2023-07-12T00:00:00Z,41.98371191042,-87.66021841056,POINT (-87.660218410558 41.983711910418)
601483647,Illegal Dumping Work Order,11233 S CHURCH ST,11233,,S,CHURCH,ST,13776,2023-12-19T00:00:00Z,: Pipe from house ejecting liquid into alley.&nbsp;,DEPT. OF PUBLIC HEALTH,Refer to Plumbing,2023-12-19T00:00:00Z,41.68951908307,-87.66634157873,POINT (-87.666341578733 41.689519083072)
601341574,Noise Complaint,2941 W MONTROSE AVE,2941,,W,MONTROSE,AVE,129151,2023-04-23T00:00:00Z,One of the units on roof (not sure what type) has been excessively loud the last few months to where it wakes you up. Day and night. It is a new change. It hadn't occurred in past. Maybe the unit needs to be serviced?,DEPT. OF PUBLIC HEALTH,Resolved,2023-04-24T00:00:00Z,41.96111442632,-87.70258693865,POINT (-87.702586938646 41.961114426324)
601407217,Noise Complaint,6479 N AVONDALE AVE,6479,,N,AVONDALE,AVE,129151,2023-08-01T00:00:00Z,Janler Corp,DEPT. OF PUBLIC HEALTH,Resolved,2023-08-02T00:00:00Z,41.99855168488,-87.8126771166,POINT (-87.8126771166 41.998551684879)
601485705,Noise Complaint,209 E OHIO ST,209,,E,OHIO,ST,437489,2023-12-29T00:00:00Z,This noise is a high pitched screeching sound that has been going NONSTOP since the weather started getting colder. It is becoming unbearable.&nbsp;209 E. Ohio condominiums,DEPT. OF PUBLIC HEALTH,Resolved,2024-01-02T00:00:00Z,41.89245644738,-87.62226362587,POINT (-87.622263625866 41.89245644738)
601399709,Air Pollution Work Order,5430 W MONTROSE AVE,5430,,W,MONTROSE,AVE,249349,2023-07-20T00:00:00Z,"Theirs happens all the time and I’m tired of having to breathe this in, they clearly lack proper/legal filtration",DEPT. OF PUBLIC HEALTH,Complaint Valid,2023-07-21T00:00:00Z,41.96063639994,-87.76358753289,POINT (-87.763587532895 41.96063639994)
601308298,Air Pollution Work Order,6300 N CALIFORNIA AVE,6300,,N,CALIFORNIA,AVE,3308,2023-02-21T00:00:00Z,THE CALLER STATED THAT A CONSTRUCTION SITE&nbsp; IS RELEASING UNKNOWN&nbsp;&nbsp;MATERIALS AND CHEMICALS INTO THE ATMOSPHERE THE AMOUNT OF MATERIAL THAT IS RELEASING IS CURRENTLY UNKNOWN TO THE CALLER.,DEPT. OF PUBLIC HEALTH,Complaint Valid,2023-02-21T00:00:00Z,41.99585587536,-87.69972746242,POINT (-87.699727462423 41.995855875363)
601462202,Air Pollution Work Order,13733 S AVENUE O,13733,,S,AVENUE O,,13776,2023-10-30T00:00:00Z,: This scrap metal business. The fence is still unsecure on the north end of the property they constantly burn metal creating smoke affect and always dust which carries over onto the houses a block away to the north of Azcon property.&nbsp;,DEPT. OF PUBLIC HEALTH,Alleged violation not found,2023-10-30T00:00:00Z,41.64552840531,-87.53988783071,POINT (-87.539887830708 41.645528405312)
601479824,Vehicle Idling Work Order,4551 W ADAMS ST,4551,,W,ADAMS,ST,249349,2023-12-06T00:00:00Z,Constantly running diesel fuel engines and polluting the air in the immediate area,DEPT. OF PUBLIC HEALTH,Alleged violation not found,2023-12-06T00:00:00Z,41.87769366678,-87.7399076647,POINT (-87.739907664704 41.877693666776)
601442044,Asbestos Work Order,7447 S EBERHART AVE,7447,,S,EBERHART,AVE,379542,2023-09-22T00:00:00Z,CALLER STATES ASBESTOS GOES FROM FRONT DOOR TO KITCHEN PANTRY,DEPT. OF PUBLIC HEALTH,Resolved,2023-09-26T00:00:00Z,41.75888544334,-87.61253866047,POINT (-87.612538660475 41.758885443342)
601424247,Air Pollution Work Order,2701 E 100TH ST,2701,,E,100TH,ST,10937,2023-08-28T00:00:00Z,,DEPT. OF PUBLIC HEALTH,Complaint Valid,2023-08-29T00:00:00Z,41.71324291275,-87.55803846898,POINT (-87.558038468978 41.713242912752)
601383063,Construction and Demolition,3358 N SEMINARY AVE,3358,,N,SEMINARY,AVE,417337,2023-06-22T00:00:00Z,,DEPT. OF PUBLIC HEALTH,Resolved,2023-06-23T00:00:00Z,41.94343897757,-87.65678926869,POINT (-87.656789268691 41.94343897757)
601445626,Noise Complaint,3500 W FLOURNOY ST,3500,,W,FLOURNOY,ST,129151,2023-09-30T00:00:00Z,a big generator is on the 2nd floor in the back porch to get lights in the apartment and its very loud,DEPT. OF PUBLIC HEALTH,Resolved,2023-10-02T00:00:00Z,41.87280179363,-87.71330682612,POINT (-87.713306826124 41.87280179363)
601437101,Construction and Demolition,4339 N MONTICELLO AVE,4339,,N,MONTICELLO,AVE,379542,2023-09-18T00:00:00Z,Gayle emailed the 33rd ward Aldermanic office with complaints of a remodeling taking place next door to her home. She stated that shingles and other hazardous materials from the site are being discarded into her backyard and another neighboring home.,DEPT. OF PUBLIC HEALTH,Complaint Valid,2023-09-19T00:00:00Z,41.96040100263,-87.71909104004,POINT (-87.719091040045 41.960401002627)
601298588,Illegal Dumping Work Order,4300 W CULLERTON ST,4300,,W,CULLERTON,ST,425726,2023-01-24T00:00:00Z,,DEPT. OF PUBLIC HEALTH,Resolved,2023-01-25T00:00:00Z,41.85441733318,-87.73227709551,POINT (-87.732277095509 41.854417333185)
601397962,Noise Complaint,1259 S LOOMIS ST,1259,,S,LOOMIS,ST,417325,2023-07-17T00:00:00Z,,DEPT. OF PUBLIC HEALTH,Alleged violation not found,2023-07-19T00:00:00Z,41.86520720571,-87.6613748102,POINT (-87.661374810203 41.86520720571)
601369459,Air Pollution Work Order,1415 W LEXINGTON ST,1415,,W,LEXINGTON,ST,10937,2023-06-02T00:00:00Z,: they have a slab of cow manure in front of the property,DEPT. OF PUBLIC HEALTH,Alleged violation not found,2023-06-05T00:00:00Z,41.87240847689,-87.66238640598,POINT (-87.662386405982 41.872408476888)
601419343,Noise Complaint,5308 N NAGLE AVE,5308,,N,NAGLE,AVE,417325,2023-08-20T00:00:00Z,,DEPT. OF PUBLIC HEALTH,Alleged violation not found,2023-08-21T00:00:00Z,41.97778467954,-87.78798216385,POINT (-87.787982163854 41.977784679544)
601346039,Noise Complaint,1858 S ASHLAND AVE,1858,,S,ASHLAND,AVE,129151,2023-04-30T00:00:00Z,"&nbsp;THIS NOISE IS MONDAY, TUESDAY, THURSDAY, FRIDAY, SATURDAY AND SUNDAY. AROUND 8AM, 230-3 PM&nbsp;",DEPT. OF PUBLIC HEALTH,Resolved,2023-05-02T00:00:00Z,41.85601578487,-87.66624434831,POINT (-87.666244348306 41.856015784874)
601451042,Noise Complaint,6545 N AVONDALE AVE,6545,,N,AVONDALE,AVE,129151,2023-10-09T00:00:00Z,PER CALLER- THERE IS SOME BLUE EQUIPMENT ON THE SIDE OF THE BUILDING THATS NOISE 24 HOURS A DAY,DEPT. OF PUBLIC HEALTH,Resolved,2023-10-11T00:00:00Z,41.99951569343,-87.81438045869,POINT (-87.814380458692 41.999515693432)
601331212,Noise Complaint,39 W DIVISION ST,39,,W,DIVISION,ST,417325,2023-04-06T00:00:00Z,,DEPT. OF PUBLIC HEALTH,Alleged violation not found,2023-04-06T00:00:00Z,41.903812639,-87.63005690305,POINT (-87.630056903054 41.903812639002)
601367459,Air Pollution Work Order,2055 W PERSHING RD,2055,,W,PERSHING,RD,417337,2023-05-31T00:00:00Z,,DEPT. OF PUBLIC HEALTH,Alleged violation not found,2023-06-02T00:00:00Z,41.82297276573,-87.67702220738,POINT (-87.677022207376 41.822972765727)
601308150,Construction and Demolition,2935 N KENNETH AVE,2935,,N,KENNETH,AVE,425726,2023-02-21T00:00:00Z,,DEPT. OF PUBLIC HEALTH,Resolved,2023-02-21T00:00:00Z,41.93452787327,-87.7379726371,POINT (-87.737972637103 41.934527873274)
601401618,Noise Complaint,5363 N LOWELL AVE,5363,,N,LOWELL,AVE,417325,2023-07-24T00:00:00Z,: Industrial equipment noise before 7am!,DEPT. OF PUBLIC HEALTH,Resolved,2023-07-25T00:00:00Z,41.97954608428,-87.73761548967,POINT (-87.737615489672 41.979546084284)
601321599,Air Pollution Work Order,4401 N MILWAUKEE AVE,4401,,N,MILWAUKEE,AVE,3308,2023-03-22T00:00:00Z,SCHOOL BUS L/P 87625(POSSIBLE28),DEPT. OF PUBLIC HEALTH,Alleged violation not found,2023-03-22T00:00:00Z,41.96073630103,-87.75439113227,POINT (-87.754391132274 41.960736301028)
601405928,Construction and Demolition,5606 W CULLOM AVE,5606,,W,CULLOM,AVE,3308,2023-07-29T00:00:00Z,,DEPT. OF PUBLIC HEALTH,Alleged violation not found,2023-08-01T00:00:00Z,41.95876352606,-87.7674830912,POINT (-87.767483091201 41.958763526064)
601325986,Air Pollution Work Order,4851 W WRIGHTWOOD AVE,4851,,W,WRIGHTWOOD,AVE,3308,2023-03-28T00:00:00Z,CALLER STATES THAT THIS COMPANY IS SANDBLASTING WORKING ON A BUILDING WHERE THE DUST IS HORRIBLE AND CAUSING PEOPLE TO NOT BE ABLE TO BREATHE IT IS TOO MUCH AND A HEALTH HAZARD PEOPLE IN AREA ARE COUGHING,DEPT. OF PUBLIC HEALTH,Alleged violation not found,2023-03-29T00:00:00Z,41.92777401455,-87.74848495344,POINT (-87.748484953441 41.927774014551)
601472595,Asbestos Work Order,2119 N LEAVITT ST,2119,,N,LEAVITT,ST,379542,2023-11-19T00:00:00Z,Fireside Club LTD C/o President Terry Lewis P.O. Box 577618 Chicago Illinois 60657 United States9x9 asbestos tiles on main and basement floors. Cracking and old. Inadequate protective treatment coverage to prevent escape of asbestos fibers to public area.&nbsp;,DEPT. OF PUBLIC HEALTH,Resolved,2023-11-20T00:00:00Z,41.92054966095,-87.68246342041,POINT (-87.682463420411 41.920549660949)
601290329,Construction and Demolition,5524 W BRYN MAWR AVE,5524,,W,BRYN MAWR,AVE,379542,2023-01-01T00:00:00Z,,DEPT. OF PUBLIC HEALTH,Resolved,2023-01-05T00:00:00Z,41.98305426843,-87.76706426323,POINT (-87.767064263227 41.983054268427)
601476677,Construction and Demolition,935 N DAMEN AVE,935,,N,DAMEN,AVE,3308,2023-11-29T00:00:00Z,&nbsp;construction debris/glass is falling into callers gangway,DEPT. OF PUBLIC HEALTH,Alleged violation not found,2023-11-30T00:00:00Z,41.89880980457,-87.67698781655,POINT (-87.676987816546 41.898809804566)
601364074,Construction and Demolition,2101 W POLK ST,2101,,W,POLK,ST,3308,2023-05-24T00:00:00Z,,DEPT. OF PUBLIC HEALTH,Alleged violation not found,2023-05-26T00:00:00Z,41.87132685804,-87.67902440419,POINT (-87.679024404192 41.871326858043)
601415992,Construction and Demolition,1101 W KINZIE ST,1101,,W,KINZIE,ST,3308,2023-08-16T00:00:00Z,Power Construction,DEPT. OF PUBLIC HEALTH,Alleged violation not found,2023-08-16T00:00:00Z,41.88886831025,-87.65462575869,POINT (-87.654625758693 41.888868310247)
601407237,Air Pollution Work Order,3434 E 95TH ST,3434,,E,95TH,ST,13776,2023-08-02T00:00:00Z,Steel barrels and industrial waste being dumped in private lot,DEPT. OF PUBLIC HEALTH,Alleged violation not found,2023-08-02T00:00:00Z,41.72300436266,-87.54029269283,POINT (-87.540292692835 41.723004362661)
601460704,Air Pollution Work Order,3823 S HALSTED ST,3823,,S,HALSTED,ST,10937,2023-10-25T00:00:00Z,The business has been an issue in the past but after complaints the smell stopped for months. Now it is back and smells of chemicals/meat/marijuana. The smell consumes the area and enters my home daily causing migraines. The city knows of the business.,DEPT. OF PUBLIC HEALTH,Complaint Valid,2023-10-30T00:00:00Z,41.82455722208,-87.6458152846,POINT (-87.645815284595 41.824557222083)
601436286,Air Pollution Work Order,4828 W AINSLIE ST,4828,,W,AINSLIE,ST,417337,2023-09-16T00:00:00Z,PER CALLER- THE PROPERTY HAS A METAL CHIMNEY THAT HAS SMOKE COMING FROM IT. THERE ARE BURNING STUFF ALL THE TIME. IT IS AFFECTING THEIR BREATHING.&nbsp;,DEPT. OF PUBLIC HEALTH,Resolved,2023-09-18T00:00:00Z,41.96994797325,-87.74903338891,POINT (-87.749033388913 41.969947973245)
601408350,Noise Complaint,313 W 63RD ST,313,,W,63RD,ST,129151,2023-08-03T00:00:00Z,,DEPT. OF PUBLIC HEALTH,Resolved,2023-08-03T00:00:00Z,41.77983271002,-87.63314639902,POINT (-87.633146399017 41.779832710019)
601464823,Illegal Dumping Work Order,1450 W FULLERTON AVE,1450,,W,FULLERTON,AVE,8386,2023-11-02T00:00:00Z,,DEPT. OF PUBLIC HEALTH,Complaint Valid,2023-11-03T00:00:00Z,41.92529857234,-87.66535357091,POINT (-87.665353570907 41.925298572341)
601480251,Air Pollution Work Order,1428 W BRYN MAWR AVE,1428,,W,BRYN MAWR,AVE,417337,2023-12-08T00:00:00Z,CALLER REPORTS A SMELL OF BURNING TAR OR SOME SORT OF CHEMICAL SMELL IN THE AIR. CALLER REPORTS THAT THERE ARE NO FACTORIES IN THE AREA BUT THERE IS A DEFINITE SMELL OF BURNING TAR OR GAS OF SOME SORT.,DEPT. OF PUBLIC HEALTH,Resolved,2023-12-08T00:00:00Z,41.98364544651,-87.66608357504,POINT (-87.666083575038 41.983645446506)
601479093,Air Pollution Work Order,4800 N WINTHROP AVE,4800,,N,WINTHROP,AVE,417337,2023-12-05T00:00:00Z,: Noticed strong smell of gas on Lawrence and Winthrop corner when walking eastbound on Lawrence. Like a wall of gas fumes it’s really strongAragon ballroom next door neighbor strong smell of gas leak,DEPT. OF PUBLIC HEALTH,Resolved,2023-12-06T00:00:00Z,41.9691779119,-87.65776997532,POINT (-87.657769975317 41.969177911898)
601375996,Noise Complaint,1327 S LOOMIS ST,1327,,S,LOOMIS,ST,129151,2023-06-13T00:00:00Z,,DEPT. OF PUBLIC HEALTH,Resolved,2023-06-15T00:00:00Z,41.86467383343,-87.66135875438,POINT (-87.661358754377 41.864673833434)
601412350,Construction and Demolition,7209 S WOLCOTT AVE,7209,,S,WOLCOTT,AVE,129151,2023-08-09T00:00:00Z,Demolition garbage everwhere,DEPT. OF PUBLIC HEALTH,Resolved,2023-08-10T00:00:00Z,41.76269810405,-87.67089881172,POINT (-87.670898811715 41.762698104051)
601375405,Noise Complaint,2634 W GLENLAKE AVE,2634,,W,GLENLAKE,AVE,417325,2023-06-13T00:00:00Z,: I am making this request because the large park flood light that comes on nightly on the north end of Green Briar Park (center of 2600 W Glenlake block) produces a very loud buzzing noise whenever it is on.&nbsp;,DEPT. OF PUBLIC HEALTH,Alleged violation not found,2023-06-14T00:00:00Z,41.99232767834,-87.69602336223,POINT (-87.696023362231 41.992327678337)
601481540,Noise Complaint,541 W 41ST ST,541,,W,41ST,ST,129151,2023-12-11T00:00:00Z,,DEPT. OF PUBLIC HEALTH,Resolved,2023-12-13T00:00:00Z,41.81978996921,-87.64015906863,POINT (-87.640159068632 41.819789969211)
601334565,Asbestos Work Order,2220 W CORTEZ ST,2220,,W,CORTEZ,ST,379542,2023-04-11T00:00:00Z,"significant damage to building after storm, roof falling off, concerns there are fiberglass and possibly asbestos filaments getting blown into neighboring yard and all over the neighborhood and it's a safety concern",DEPT. OF PUBLIC HEALTH,Resolved,2023-04-12T00:00:00Z,41.90046869488,-87.6829524202,POINT (-87.682952420199 41.900468694885)
601292853,Illegal Dumping Work Order,2020 W HARRISON ST,2020,,W,HARRISON,ST,379542,2023-01-08T00:00:00Z,,DEPT. OF PUBLIC HEALTH,Resolved,2023-01-09T00:00:00Z,41.87413819027,-87.67727182872,POINT (-87.677271828719 41.874138190275)
601410232,Air Pollution Work Order,2220 W 79TH ST,2220,,W,79TH,ST,249349,2023-08-04T00:00:00Z,There is a 30-40ft pile of dirt that may be contaminated. They arent doing any dust mitigation and it is causing havoc on our business as it is contaminating the paint we use on customer's cars and endangering the health of neighboring residents&nbsp;,DEPT. OF PUBLIC HEALTH,Alleged violation not found,2023-08-07T00:00:00Z,41.75026732358,-87.67901346126,POINT (-87.679013461258 41.750267323582)
601296348,Air Pollution Work Order,5492 N NORTHWEST HWY,5492,,N,NORTHWEST,HWY,10937,2023-01-18T00:00:00Z,"&nbsp;The facility emits a smell that reminds me of burning plastic. The facility is on a key walking path to a local school, as well as next to a Metra rail station. The burning plastic smell often happens during hours when children are walking to/from school and commuters are waiting for trains.Problem Timetable:&nbsp;Seemingly happening each weekday, although I do not walk by facility every day.",DEPT. OF PUBLIC HEALTH,Complaint Valid,2023-01-20T00:00:00Z,41.98037315766,-87.77794924914,POINT (-87.777949249145 41.980373157658)
601310938,Noise Complaint,4717 N WINTHROP AVE,4717,,N,WINTHROP,AVE,417325,2023-02-27T00:00:00Z,"Unusual high-pitched grinding noise coming from Christopher House HVAC on roof. New about a month ago. On/off in 15-min increments, 24/7. Never heard it in last two years until now. Can even hear it with windows closed.",DEPT. OF PUBLIC HEALTH,Resolved,2023-02-27T00:00:00Z,41.96776922913,-87.65746701718,POINT (-87.657467017176 41.967769229128)
601424847,Noise Complaint,5057 N NEVA AVE,5057,,N,NEVA,AVE,417325,2023-08-27T00:00:00Z,The residence emits a high-pitched noise when someone walks past the front or side of the property on the sidewalk. It is painful and distracting for pedestrians. You likely will need a special device to hear/measure the noise because it is so high.,DEPT. OF PUBLIC HEALTH,Alleged violation not found,2023-08-28T00:00:00Z,41.97354713514,-87.80576746564,POINT (-87.805767465642 41.973547135143)
601485710,Construction and Demolition,2051 N KENMORE AVE,2051,,N,KENMORE,AVE,84397,2023-12-29T00:00:00Z,,DEPT. OF PUBLIC HEALTH,Resolved,2024-01-03T00:00:00Z,41.91959175045,-87.65448693823,POINT (-87.65448693823 41.919591750448)
601409135,Air Pollution Work Order,212 E CULLERTON ST,212,,E,CULLERTON,ST,84397,2023-08-03T00:00:00Z,DUST COMING FROM GARAGE,DEPT. OF PUBLIC HEALTH,Resolved,2023-08-04T00:00:00Z,41.85562995961,-87.62173466114,POINT (-87.621734661138 41.855629959606)
601471008,Construction and Demolition,5099 W MONROE ST,5099,,W,MONROE,ST,84397,2023-11-15T00:00:00Z,,DEPT. OF PUBLIC HEALTH,Resolved,2023-11-16T00:00:00Z,41.8792907951,-87.75330865783,POINT (-87.753308657825 41.879290795104)
601446585,Air Pollution Work Order,2140 N LINCOLN PARK WEST,2140,,N,LINCOLN PARK WEST,,379542,2023-10-02T00:00:00Z,"I already submitted a complaint SR23-01677456, and was told that the inspector went out there. However I am requesting a full citation/fine since the pollution is still terrible per my video.",DEPT. OF PUBLIC HEALTH,Resolved,2023-10-13T00:00:00Z,41.92139231391,-87.6365862363,POINT (-87.636586236299 41.92139231391)
601408317,Water Pollution,9734 S GREENWOOD AVE,9734,,S,GREENWOOD,AVE,425726,2023-08-03T00:00:00Z,,DEPT. OF PUBLIC HEALTH,Resolved,2023-08-03T00:00:00Z,41.71756297832,-87.59720782299,POINT (-87.597207822992 41.717562978324)
601326304,Air Pollution Work Order,3800 S PULASKI RD,3800,,S,PULASKI,RD,10937,2023-03-29T00:00:00Z,Caller says that there has been an incredibly strong smell of raw fuel hydrocarbons on the north side of I-55 coming from the Pulaski Rd. and Kedzie Ave. intersection.Caller is concerned that the smell might be coming from a nearby plant or storage facility potentially dumping product into the Chicago River.&nbsp;&nbsp;,DEPT. OF PUBLIC HEALTH,Alleged violation not found,2023-03-30T00:00:00Z,41.8245084404,-87.72423466671,POINT (-87.724234666706 41.824508440396)
601362183,Air Pollution Work Order,5554 S MOZART ST,5554,,S,MOZART,ST,84397,2023-05-23T00:00:00Z,PER CALLER- THEY HAVE BEEN DOING TUCKPOINTING TO THIS PROPERTY AND THERE IS DUST THATIS BLOWING EVERYWHERE. THEY ARE NOT USING ANYTHING TO REDUCE THE DUST,DEPT. OF PUBLIC HEALTH,Resolved,2023-05-24T00:00:00Z,41.79205163108,-87.69512088235,POINT (-87.695120882351 41.792051631078)
601404990,Air Pollution Work Order,1315 S CALIFORNIA BLVD,1315,,S,CALIFORNIA,BLVD,3308,2023-07-25T00:00:00Z,Using fire pit when air quality alert is in effect. Smoke comes into my house.&nbsp;,DEPT. OF PUBLIC HEALTH,Alleged violation not found,2023-07-28T00:00:00Z,41.86416592285,-87.69569364714,POINT (-87.695693647136 41.864165922852)
601296259,Air Pollution Work Order,5480 N NORTHWEST HWY,5480,,N,NORTHWEST,HWY,10937,2023-01-18T00:00:00Z,"&nbsp; I mistook the original location. I recently reported 5460 Northwest Highway, the printing facility, but rather it is the older looking building one door down without any signs. As I stated in original report, there is a toxic smell coming from this building. It isn’t everyday however. Only some days, but on those days it is an aggresive chemical-like smell that I can guarantee is a massive violation that will shut them down. They are right across from a block of houses as well. I am concerned for the neighborhood.",DEPT. OF PUBLIC HEALTH,Complaint Valid,2023-01-20T00:00:00Z,41.9800952091,-87.77745014141,POINT (-87.777450141413 41.980095209102)
601461257,Water Pollution,211 S CLARK ST,211,,S,CLARK,ST,379542,2023-10-26T00:00:00Z,"Mobile car wash business service using toxic chemicals and not containing, collect, and properly disposing of their wastewater to the sanitary sewer / storm drains. An unquantified amount of pollution from mobile car wash wastewater entering streets drain&nbsp;",DEPT. OF PUBLIC HEALTH,Resolved,2023-10-30T00:00:00Z,41.87907068969,-87.63066366609,POINT (-87.630663666086 41.879070689692)
601454707,Noise Complaint,5827 N RIDGE AVE,5827,,N,RIDGE,AVE,437489,2023-10-15T00:00:00Z,,DEPT. OF PUBLIC HEALTH,Resolved,2023-10-16T00:00:00Z,41.98791601985,-87.66684255193,POINT (-87.666842551926 41.987916019849)
601428098,Air Pollution Work Order,4711 W DIVISION ST,4711,,W,DIVISION,ST,84397,2023-09-01T00:00:00Z,"doing brick work, dust getting everywhere",DEPT. OF PUBLIC HEALTH,Resolved,2023-09-05T00:00:00Z,41.90227569688,-87.74427315628,POINT (-87.74427315628 41.902275696883)
601435274,Noise Complaint,5838 N SHERIDAN RD,5838,,N,SHERIDAN,RD,417325,2023-09-15T00:00:00Z,"I believe this loud noise is coming from some kind of fan at Sheridan Shores. It seems to come on periodically for a few minutes at all hours and it is very, very loud.&nbsp;",DEPT. OF PUBLIC HEALTH,Alleged violation not found,2023-09-15T00:00:00Z,41.98846809034,-87.6554850125,POINT (-87.655485012499 41.988468090343)
601331035,Air Pollution Work Order,3301 W 48TH PL,3301,,W,48TH,PL,84397,2023-04-06T00:00:00Z,"The air within this neighborhood is filled with horrible smell,, the presence of this stinch is all the time, impacting health condition. Waiting on Orange line train across the street from this Factory is not pleasant at all, the air is filled with stinky residue from factory.&nbsp;",DEPT. OF PUBLIC HEALTH,Resolved,2023-04-06T00:00:00Z,41.80554457043,-87.70645098301,POINT (-87.706450983015 41.80554457043)
601314719,Air Pollution Work Order,2701 E 100TH ST,2701,,E,100TH,ST,13776,2023-03-07T00:00:00Z,Steam release causes odor this is taking place in the early morning hours.&nbsp;,DEPT. OF PUBLIC HEALTH,Resolved,2023-03-07T00:00:00Z,41.71324291275,-87.55803846898,POINT (-87.558038468978 41.713242912752)
601343441,Air Pollution Work Order,1653 W 43RD ST,1653,,W,43RD,ST,379542,2023-04-25T00:00:00Z,,DEPT. OF PUBLIC HEALTH,Resolved,2023-04-26T00:00:00Z,41.81574158021,-87.6673477962,POINT (-87.6673477962 41.815741580207)
601350204,Air Pollution Work Order,2112 N MILWAUKEE AVE,2112,,N,MILWAUKEE,AVE,417337,2023-05-05T00:00:00Z,,DEPT. OF PUBLIC HEALTH,Refer to Building Dept,2023-05-08T00:00:00Z,41.91953915117,-87.69208202378,POINT (-87.692082023778 41.919539151169)
601483961,Construction and Demolition,2140 N LINCOLN PARK WEST,2140,,N,LINCOLN PARK WEST,,379542,2023-12-19T00:00:00Z,"Hi, I'm reaching out on behalf of my building across the alley from 2140 N Lincoln Park West. They have been engaging in extremely unsafe construction practices for some time now. First, weeks of no dust mitigation and control resulting in a fine being issued. Then unsafe scaffolding, and use of heavy machinery and cranes with no spotters. Now use of a debris chute with no supervision, throwing heavy debris across the alley, including pieces of concrete up to 5"" in diameter (see photo of chunk under a car's tire on our side of the alley). There are kids that walk in that alley in addition to all the other traffic and the debris could have caused serious harm had someone been walking by at the wrong time.&nbsp;",DEPT. OF PUBLIC HEALTH,Resolved,2023-12-20T00:00:00Z,41.92139231391,-87.6365862363,POINT (-87.636586236299 41.92139231391)
601335470,Noise Complaint,10337 S AVENUE L,10337,,S,AVENUE L,,13776,2023-04-13T00:00:00Z,Construction work/ no permit. Using saw for drywall/ wood. Confined utility room. Unreasonable hours. Creating powder and dust in my whole apt. Heavy air for breathing. Needs to be addressed. Taking 1 year and 3 months.&nbsp;,DEPT. OF PUBLIC HEALTH,Alleged violation unfounded,2023-04-13T00:00:00Z,41.70710664505,-87.53634773723,POINT (-87.53634773723 41.707106645052)
601296710,Water Pollution,4721 S LARAMIE AVE,4721,,S,LARAMIE,AVE,84397,2023-01-18T00:00:00Z,": Dumping of gasoline on sewer, can smell inside home",DEPT. OF PUBLIC HEALTH,Resolved,2023-01-20T00:00:00Z,41.80683878118,-87.75277005525,POINT (-87.75277005525 41.806838781179)
601429888,Noise Complaint,49 W DIVISION ST,49,,W,DIVISION,ST,129151,2023-09-06T00:00:00Z,,DEPT. OF PUBLIC HEALTH,Resolved,2023-09-08T00:00:00Z,41.9038074379,-87.63049359167,POINT (-87.630493591667 41.903807437898)
601374557,Vehicle Idling Work Order,1636 N WELLS ST,1636,,N,WELLS,ST,3308,2023-06-09T00:00:00Z,,DEPT. OF PUBLIC HEALTH,Alleged violation not found,2023-06-12T00:00:00Z,41.91225443136,-87.63489113535,POINT (-87.634891135355 41.912254431363)
601427036,Construction and Demolition,1334 W ROSEDALE AVE,1334,,W,ROSEDALE,AVE,3308,2023-09-01T00:00:00Z,"This construction site has continual issues with their alleyway fencing. The fences kepping falling down into the alley and sticking out, causing risk to cars and residents.",DEPT. OF PUBLIC HEALTH,Alleged violation not found,2023-09-01T00:00:00Z,41.98912796265,-87.66408604076,POINT (-87.664086040763 41.989127962648)
601334559,Air Pollution Work Order,13733 S AVENUE O,13733,,S,AVENUE O,,13776,2023-04-12T00:00:00Z,": This is on going for years, numerous complaints on, the fence to scrap yard property is still down, they never water down dust, metal objects fly over to residents areas, unsafe unhealthy",DEPT. OF PUBLIC HEALTH,Resolved,2023-04-12T00:00:00Z,41.64552840531,-87.53988783071,POINT (-87.539887830708 41.645528405312)
601328231,Water Pollution,1526 W WEBSTER AVE,1526,,W,WEBSTER,AVE,3308,2023-03-31T00:00:00Z,,DEPT. OF PUBLIC HEALTH,Alleged violation not found,2023-03-31T00:00:00Z,41.92169808051,-87.66742922468,POINT (-87.667429224677 41.921698080505)
601437090,Noise Complaint,1067 N PAULINA ST,1067,,N,PAULINA,ST,417325,2023-09-19T00:00:00Z,,DEPT. OF PUBLIC HEALTH,Alleged violation not found,2023-09-19T00:00:00Z,41.90156672782,-87.66974704647,POINT (-87.669747046473 41.901566727818)
601334581,Noise Complaint,1600 S INDIANA AVE,1600,,S,INDIANA,AVE,129151,2023-04-11T00:00:00Z,I have complained last year and the year before and the noise is getting worse and worse. It is interfering with my daughter's mental health and sleepLakeside Tower / Enlan Management,DEPT. OF PUBLIC HEALTH,Refer to other Depts,2023-04-12T00:00:00Z,41.86022699585,-87.62253032593,POINT (-87.622530325931 41.860226995847)
601377206,Noise Complaint,1325 W CARMEN AVE,1325,,W,CARMEN,AVE,417325,2023-06-14T00:00:00Z,,DEPT. OF PUBLIC HEALTH,Alleged violation not found,2023-06-16T00:00:00Z,41.974456379,-87.6633447534,POINT (-87.663344753401 41.974456378999)
601476620,Air Pollution Work Order,6720 S CORNELL AVE,6720,,S,CORNELL,AVE,10937,2023-11-29T00:00:00Z,Sewer smell coming from wall in senior building,DEPT. OF PUBLIC HEALTH,Complaint Valid,2023-11-30T00:00:00Z,41.77268330071,-87.58520828734,POINT (-87.585208287342 41.772683300707)
601435277,Air Pollution Work Order,2055 W PERSHING RD,2055,,W,PERSHING,RD,417337,2023-09-15T00:00:00Z,It smells like burning asphalt and causes nausea after short exposure.,DEPT. OF PUBLIC HEALTH,Alleged violation not found,2023-09-15T00:00:00Z,41.82297276573,-87.67702220738,POINT (-87.677022207376 41.822972765727)
601374549,Air Pollution Work Order,9719 S HOUSTON AVE,9719,,S,HOUSTON,AVE,10937,2023-06-10T00:00:00Z,: I went to open my windows to let in the morning air and was slammed by their noxious odors. I can't even air my house out nor can I enjoy my coffee out on my deck.,DEPT. OF PUBLIC HEALTH,Alleged violation not found,2023-06-13T00:00:00Z,41.71853547842,-87.54949021139,POINT (-87.549490211388 41.718535478422)
601346005,Construction and Demolition,1538 W GEORGE ST,1538,,W,GEORGE,ST,8386,2023-04-30T00:00:00Z,There was a recent demolition project on the coach house behind 1534 ? W. George. The workers left a large amount of masonry debris in the alley after the work was completed that is partially blocking the alley,DEPT. OF PUBLIC HEALTH,Alleged violation not found,2023-05-01T00:00:00Z,41.9343480872,-87.66759515261,POINT (-87.667595152611 41.934348087204)
601396093,Noise Complaint,1327 S LOOMIS ST,1327,,S,LOOMIS,ST,129151,2023-07-17T00:00:00Z,,DEPT. OF PUBLIC HEALTH,Resolved,2023-07-21T00:00:00Z,41.86467383343,-87.66135875438,POINT (-87.661358754377 41.864673833434)
601353236,Air Pollution Work Order,2000 E 122ND ST,2000,,E,122ND,ST,129151,2023-05-09T00:00:00Z,Liquid environmental solutions or something like that,DEPT. OF PUBLIC HEALTH,Alleged violation unfounded,2023-05-18T00:00:00Z,41.67378835745,-87.57352974031,POINT (-87.573529740308 41.673788357453)
601450679,Air Pollution Work Order,1200 W 43RD ST,1200,,W,43RD,ST,10937,2023-10-09T00:00:00Z,,DEPT. OF PUBLIC HEALTH,Alleged violation not found,2023-10-10T00:00:00Z,41.81609072554,-87.6554566479,POINT (-87.655456647903 41.816090725538)
601403130,Air Pollution Work Order,3636 W 61ST ST,3636,,W,61ST,ST,249349,2023-07-25T00:00:00Z,Open burning of wood on a day that we have an air quality alert. I know that there is an ordinance against open burning on residential propert,DEPT. OF PUBLIC HEALTH,Alleged violation not found,2023-07-27T00:00:00Z,41.78253561956,-87.71467471563,POINT (-87.714674715626 41.782535619557)
601424899,Illegal Dumping Work Order,850 N KILDARE AVE,850,,N,KILDARE,AVE,425726,2023-08-25T00:00:00Z,responsible party who lives at 846 n kildare is dumping oil at the subject location. the oil is from repairing cars. this activity has allegedly been occurring for approximately two months,DEPT. OF PUBLIC HEALTH,Resolved,2023-08-29T00:00:00Z,41.89679464633,-87.73366864241,POINT (-87.733668642414 41.896794646327)
601337497,Illegal Dumping Work Order,7544 N MILWAUKEE AVE,7544,,N,MILWAUKEE,AVE,425726,2023-04-17T00:00:00Z,": P&amp;S Meats 7544 N Milwaukee Ave, Chicago, IL 60631. They claim the business is cleaning out their back kitchen and rinsing oil and debris in the alley. They also claim the business is disposing oil in the dirt along the neighbors back fence",DEPT. OF PUBLIC HEALTH,Resolved,2023-04-18T00:00:00Z,42.01825598689,-87.80713467127,POINT (-87.807134671272 42.018255986894)
601317083,Noise Complaint,100 N WACKER DR,100,,N,WACKER,DR,417325,2023-03-12T00:00:00Z,,DEPT. OF PUBLIC HEALTH,Alleged violation not found,2023-03-14T00:00:00Z,41.883261677,-87.63719466429,POINT (-87.637194664288 41.883261676997)
601294133,Air Pollution Work Order,1512 N KEDVALE AVE,1512,,N,KEDVALE,AVE,10937,2023-01-11T00:00:00Z,: caller says his whole house smells of gas in the morning and its coming from the neighboring multi-unit bldg at 1512 N. Kedvale. Its only in the mornings. He said he will also call People's Gas the next time it happens.,DEPT. OF PUBLIC HEALTH,Resolved,2023-01-12T00:00:00Z,41.9084535135,-87.73030104284,POINT (-87.730301042844 41.908453513501)
601437942,Air Pollution Work Order,2103 S HARDING AVE,2103,,S,HARDING,AVE,249349,2023-09-19T00:00:00Z,,DEPT. OF PUBLIC HEALTH,Refer to StreetsSanitation,2023-09-20T00:00:00Z,41.85326793114,-87.7233976064,POINT (-87.723397606397 41.853267931141)
601336673,Air Pollution Work Order,5844 S MENARD AVE,5844,,S,MENARD,AVE,249349,2023-04-15T00:00:00Z,"CALLER SAYS THERE IS A TERRIBLE SMELL OUTSIDE, BUT CALLER DOESN'T SEE ANYTHING OUTSIDE. IS ASKING FOR AN INSPECTOR TO CHECK OUT THE AREA ASAP.",DEPT. OF PUBLIC HEALTH,Alleged violation not found,2023-04-17T00:00:00Z,41.78578753731,-87.76706335577,POINT (-87.767063355772 41.785787537312)
601336298,Noise Complaint,6545 N AVONDALE AVE,6545,,N,AVONDALE,AVE,129151,2023-04-13T00:00:00Z,"ALDERMAN'S OFFICCE PROVIDED THE FOLLOWING INFORMATION: I am writing this letter to you in regards to a business called Janler located at 6545 N. Avondale. 2-16-23 I called 311 to complain of noise being emitted by machinery stationed against the east outside wall of Janler. It could be best described as having noise properties similar to standing next to an idling aircraft engine. I was redirected to 911, and the police arrived at my residence soon afterwards. It was clear to them as it has been to me that the noise from Janler was clearly present in front of my house. It was clear to all of us that the noise was loud. I had a sound pressure meter and offered to show them its readings. I had previously conducted a sound level test from the public way directly in front of Janler and had observed levels reaching 100 decibels. I also had a copy of the Chicago noise ordinance which I shared with the police officers. I explained that I had encountered this noise in the past. Being woken from sleep by a standing tone for some time, but was not able to locate its source The tone would sometimes last for hours, and would increase and decrease in volume for no apparent reason. It was only after passing Janler that I recognized the source of that tone. The police went to Janler and returned. They told me that Janler was aware of the problem, and that a machine they used to remove industrial toxins was malfunctioning to the extent that it was projecting noise into the bordering residential area. The police told me that Janler apologized for the intrusion, and promised to solve that problem. Please be aware that my wife and I continue to hear that tone in our house when ever they turn on the machine. They continue to use it non stop for hours at a time. Day and night. Every moment of silence in our home is filled by that tone. It’s volume relentlessly ascends and descends in every corner of our house like gusts of wind for hours on end. It can be heard in my garage. Doors closed. It can be heard blocks away along Avondale. No big deal for a passer by, but intolerable to live with day and night. On election day I came across two people who were supporting your campaign at Olympia park (directly across from Janler) . Both acknowledged hearing the noise, how loud it was, and vehemently asserted that such a thing should not be tolerated. They told me to contact your office. The police can only do so much. Several minutes later I was at my polling place at Edison Park Elementary. There I came across Mike the ward super attendant. I explained the issue to him. He promised to address the problem. Yet as of the day of this writing nothing has been done to stop that noise. Please understand that this is not a brief or occasional noise intrusion that one would encounter living near a M-1 district. This is hours, and days of penetrating interference to the human ear, and all things associated with its use. Janler has been given time to address the noise. Janler has not done so. Please help us",DEPT. OF PUBLIC HEALTH,Alleged violation founded,2023-04-17T00:00:00Z,41.99951569343,-87.81438045869,POINT (-87.814380458692 41.999515693432)
601426226,Construction and Demolition,2505 N SPAULDING AVE,2505,,N,SPAULDING,AVE,84397,2023-08-30T00:00:00Z,&nbsp;Cutting masonry dry,DEPT. OF PUBLIC HEALTH,Resolved,2023-08-31T00:00:00Z,41.92671069541,-87.71067224524,POINT (-87.710672245242 41.926710695412)
601484246,Air Pollution Work Order,3858 S COTTAGE GROVE AVE,3858,,S,COTTAGE GROVE,AVE,249349,2023-12-20T00:00:00Z,EMERGENCY MEDICAL CONDITION BLACK TOP ON ROOF ODOR,DEPT. OF PUBLIC HEALTH,Complaint Valid,2023-12-21T00:00:00Z,41.8244558085,-87.60731698072,POINT (-87.607316980718 41.824455808502)
601352426,Noise Complaint,101 S CLINTON ST,101,,S,CLINTON,ST,129151,2023-05-08T00:00:00Z,,DEPT. OF PUBLIC HEALTH,Resolved,2023-05-09T00:00:00Z,41.88050600585,-87.64100503932,POINT (-87.641005039321 41.880506005854)
601398668,Noise Complaint,3740 N PANAMA AVE,3740,,N,PANAMA,AVE,417325,2023-07-19T00:00:00Z,,DEPT. OF PUBLIC HEALTH,Alleged violation not found,2023-07-20T00:00:00Z,41.94799244643,-87.82933189758,POINT (-87.82933189758 41.947992446428)
601406041,Noise Complaint,200 E OHIO ST,200,,E,OHIO,ST,417325,2023-07-30T00:00:00Z,Reoccurring issue with noisy HVAC RTO.&nbsp;,DEPT. OF PUBLIC HEALTH,Alleged violation not found,2023-07-31T00:00:00Z,41.89267129069,-87.62257220248,POINT (-87.622572202481 41.892671290686)
601311001,Noise Complaint,1257 N CAMPBELL AVE,1257,,N,CAMPBELL,AVE,129151,2023-02-25T00:00:00Z,,DEPT. OF PUBLIC HEALTH,Alleged violation not found,2023-02-27T00:00:00Z,41.90467472022,-87.68938469531,POINT (-87.689384695314 41.904674720222)
601480598,Air Pollution Work Order,4855 N RIDGEWAY AVE,4855,,N,RIDGEWAY,AVE,417337,2023-12-10T00:00:00Z,Building owners are building a second floor with no permits and dust is blowing everywhere. Work is being done mon-fri 7am-8pm&nbsp;,DEPT. OF PUBLIC HEALTH,Alleged violation not found,2023-12-11T00:00:00Z,41.96992947861,-87.72181544018,POINT (-87.721815440178 41.969929478608)
601364098,Construction and Demolition,3621 N KEDVALE AVE,3621,,N,KEDVALE,AVE,379542,2023-05-24T00:00:00Z,,DEPT. OF PUBLIC HEALTH,Resolved,2023-05-26T00:00:00Z,41.94699367003,-87.73050414568,POINT (-87.730504145684 41.946993670026)
601334001,Water Pollution,2121 N MOBILE AVE,2121,,N,MOBILE,AVE,84397,2023-04-10T00:00:00Z,There is a hose from the home that is used to dump fluids that appear to be sewage&nbsp;,DEPT. OF PUBLIC HEALTH,Refer to Building Dept,2023-04-11T00:00:00Z,41.91892527533,-87.78271543536,POINT (-87.782715435357 41.918925275333)
601426357,Construction and Demolition,658 W BELDEN AVE,658,,W,BELDEN,AVE,379542,2023-08-30T00:00:00Z,"construction at the proposed restaurant on the corner of Belden and Orchard, debris from the construction work that is uncontrolled, and no doubt against code",DEPT. OF PUBLIC HEALTH,Resolved,2023-09-01T00:00:00Z,41.92377936102,-87.64615665434,POINT (-87.64615665434 41.92377936102)
601317751,Noise Complaint,1720 S LA SALLE ST,1720,,S,LA SALLE,ST,129151,2023-03-13T00:00:00Z,,DEPT. OF PUBLIC HEALTH,Alleged violation not found,2023-03-14T00:00:00Z,41.85826089754,-87.6312255789,POINT (-87.631225578903 41.858260897539)
601364124,Air Pollution Work Order,1017 W 48TH ST,1017,,W,48TH,ST,249349,2023-05-25T00:00:00Z,,DEPT. OF PUBLIC HEALTH,Complaint Valid,2023-05-26T00:00:00Z,41.80685156994,-87.65106556285,POINT (-87.651065562848 41.806851569943)
601379775,Noise Complaint,2211 N MILWAUKEE AVE,2211,,N,MILWAUKEE,AVE,129151,2023-06-19T00:00:00Z,Please inspect 2211 N Milwaukee premises for equipment noise issues,DEPT. OF PUBLIC HEALTH,Refer to Building Dept,2023-06-20T00:00:00Z,41.92107615756,-87.69413785909,POINT (-87.694137859093 41.921076157561)
601453861,Air Pollution Work Order,13241 S GREEN BAY AVE,13241,,S,GREEN BAY,AVE,10937,2023-10-12T00:00:00Z,": THE CALLER HAS SPOKEN TO REGIONAL EPA, INDIANA EPA, CHICAGO, AND FEDERAL EPA, AND STILL, THE ONGOING ISSUE CONTINUES AFFECTING THE KIDS' AND ADULTS HEALTH BREATHING THE ODERS EFFECTING THEIR LUNGSAIR POLLUTION FROM WHITTING INDIANA, THE ODER IS VERY STRONG AIR POLLUTION COMES INTO HIS HOME",DEPT. OF PUBLIC HEALTH,Alleged violation not found,2023-10-13T00:00:00Z,41.65427303173,-87.54095416159,POINT (-87.540954161594 41.654273031726)
601428674,Illegal Dumping Work Order,2314 S KOLIN AVE,2314,,S,KOLIN,AVE,8386,2023-09-05T00:00:00Z,"Constituent called regarding the vacant lot behind mother's house. She caught men dumping plaster, sinks, among other things in the lot. It's happened before and the lot continues to get garbage dump.",DEPT. OF PUBLIC HEALTH,Alleged violation founded,2023-09-06T00:00:00Z,41.8490430497,-87.73240922003,POINT (-87.732409220034 41.849043049698)
601318539,Construction and Demolition,651 N PAULINA ST,651,,N,PAULINA,ST,3308,2023-03-15T00:00:00Z,,DEPT. OF PUBLIC HEALTH,Alleged violation not found,2023-03-15T00:00:00Z,41.89392112955,-87.66951386168,POINT (-87.669513861685 41.893921129548)
601469330,Air Pollution Work Order,5205 S CHRISTIANA AVE,5205,,S,CHRISTIANA,AVE,13776,2023-11-09T00:00:00Z,,DEPT. OF PUBLIC HEALTH,Resolved,2023-11-13T00:00:00Z,41.79874136771,-87.70723511956,POINT (-87.707235119563 41.798741367713)
601447764,Noise Complaint,4835 W LAWRENCE AVE,4835,,W,LAWRENCE,AVE,417325,2023-10-04T00:00:00Z,,DEPT. OF PUBLIC HEALTH,Alleged violation not found,2023-10-05T00:00:00Z,41.96790110767,-87.74921628075,POINT (-87.749216280747 41.967901107675)
601365527,Air Pollution Work Order,3308 N CLIFTON AVE,3308,,N,CLIFTON,AVE,417337,2023-05-28T00:00:00Z,,DEPT. OF PUBLIC HEALTH,Alleged violation not found,2023-05-30T00:00:00Z,41.94200177805,-87.65795827075,POINT (-87.657958270749 41.942001778046)
601408339,Noise Complaint,1019 W GRAND AVE,1019,,W,GRAND,AVE,417325,2023-08-02T00:00:00Z,UNKNOWN - CLEANING OUT THE INSIDE FOR 2 WEEKS NOW USING LOUD COMPACTOR EQUIPMENT- ON THE SIDE OF PROP. THAT FACES CARPENTER,DEPT. OF PUBLIC HEALTH,Alleged violation not found,2023-08-03T00:00:00Z,41.89101375797,-87.65313870742,POINT (-87.653138707418 41.891013757974)
601480201,Construction and Demolition,5111 N MERRIMAC AVE,5111,,N,MERRIMAC,AVE,84397,2023-12-07T00:00:00Z,Private company is doing work on resident's home near the sewer. They've cracked open the manhole cover in the middle of the street and are dumping liquid and oil down it.,DEPT. OF PUBLIC HEALTH,Resolved,2023-12-08T00:00:00Z,41.97426758187,-87.78412034777,POINT (-87.784120347767 41.974267581865)
601444559,Construction and Demolition,1758 N NATCHEZ AVE,1758,,N,NATCHEZ,AVE,417337,2023-09-25T00:00:00Z,Dirt and debris on sidewalk. Concrete wash along curb going into sewer (on Bloomingdale),DEPT. OF PUBLIC HEALTH,Complaint Valid,2023-09-29T00:00:00Z,41.9126415603,-87.7885209261,POINT (-87.7885209261 41.912641560301)
601379770,Air Pollution Work Order,2622 W JACKSON BLVD,2622,,W,JACKSON,BLVD,417337,2023-06-16T00:00:00Z,,DEPT. OF PUBLIC HEALTH,Alleged violation unfounded,2023-06-20T00:00:00Z,41.87758996815,-87.69231691245,POINT (-87.692316912449 41.877589968147)
601407307,Noise Complaint,1949 W DIVISION ST,1949,,W,DIVISION,ST,129151,2023-08-01T00:00:00Z,There has been a large generator placed in our back alley that’s been running for the last few weeks. Our alley is located next to 1143 N Damen Avenue. It’s very loud and we can hear it from our top floor apartment. It runs 24/7 and never stops.&nbsp;,DEPT. OF PUBLIC HEALTH,Refer to Building Dept,2023-08-07T00:00:00Z,41.90308928676,-87.67677205425,POINT (-87.676772054255 41.903089286759)
601406543,Air Pollution Work Order,3816 W MARQUETTE RD,3816,,W,MARQUETTE,RD,10937,2023-07-31T00:00:00Z,,DEPT. OF PUBLIC HEALTH,Alleged violation not found,2023-08-01T00:00:00Z,41.77154800573,-87.71840718913,POINT (-87.718407189126 41.771548005731)
601314449,Air Pollution Work Order,2235 W COULTER ST,2235,,W,COULTER,ST,249349,2023-03-06T00:00:00Z,,DEPT. OF PUBLIC HEALTH,Alleged violation not found,2023-03-07T00:00:00Z,41.84698303716,-87.68189841418,POINT (-87.681898414177 41.846983037157)
601439049,Toxics Hazardous Materials Work Order,6847 S EAST END AVE,6847,,S,EAST END,AVE,84397,2023-09-20T00:00:00Z,THE CALLER STATED THAT THE DOG GOT SICK WITH MOLD AND LEAD,DEPT. OF PUBLIC HEALTH,Resolved,2023-09-21T00:00:00Z,41.77014890255,-87.58363219683,POINT (-87.583632196834 41.770148902548)
601469326,Noise Complaint,4851 N WOLCOTT AVE,4851,,N,WOLCOTT,AVE,437489,2023-11-12T00:00:00Z,": From our apartment we can hear a periodic loud bang at all hours of the day and night. Not sure where it’s coming from, unfortunately, but some place close in the area like a neighboring building/alley or Mariano’s",DEPT. OF PUBLIC HEALTH,Alleged violation not found,2023-11-14T00:00:00Z,41.97030186027,-87.67610213489,POINT (-87.676102134889 41.97030186027)
601384716,Air Pollution Work Order,5158 N NAGLE AVE,5158,,N,NAGLE,AVE,417337,2023-06-26T00:00:00Z,,DEPT. OF PUBLIC HEALTH,Resolved,2023-06-27T00:00:00Z,41.97556344151,-87.78802219768,POINT (-87.788022197676 41.975563441514)
601295654,Noise Complaint,4911 N KEDZIE AVE,4911,,N,KEDZIE,AVE,417325,2023-01-13T00:00:00Z,": My neighbors and I contacted 311 two weeks ago, and an inspector came and verified the high-pitched whine coming from the roof of 4911 N Kedzie. He said to contact 311 again if the building has not resolved the issue",DEPT. OF PUBLIC HEALTH,Complaint Valid,2023-01-17T00:00:00Z,41.97064734771,-87.70839072729,POINT (-87.708390727291 41.970647347707)
601422858,Air Pollution Work Order,642 W DEMING PL,642,,W,DEMING,PL,417337,2023-08-26T00:00:00Z,3 giant tour buses idling deisel engines for hours&nbsp;,DEPT. OF PUBLIC HEALTH,Alleged violation not found,2023-08-28T00:00:00Z,41.92798378426,-87.64586660093,POINT (-87.645866600928 41.927983784257)
601428700,Construction and Demolition,1836 N LINCOLN PARK WEST,1836,,N,LINCOLN PARK WEST,,84397,2023-09-05T00:00:00Z,"They consistently violate our private property, illegally attaching their construction equipment and materials to our home. They have damaged our front yard, front porch, gangway, and the north side of our house. Debris from their project have destroyed our beautiful gardens and landscaping. They have damaged city property, dislodging and crushing the parkway bricks and sewage lid. They erratically operate an 85 ft. cherry picker rental with no license above our front yard, the sidewalk, street, and in between our houses (where we and other neighbors play with our children and dogs). They plan to rent and operate a 135 ft. crane on the street and above and in between our properties – with no license or training. They continuously put the health and safety of our young family at risk. They continuously put the health and safety of Old Town Triangle neighbors and pedestrians at risk.",DEPT. OF PUBLIC HEALTH,Resolved,2023-09-06T00:00:00Z,41.9158562934,-87.63644645836,POINT (-87.63644645836 41.915856293397)
601302208,Construction and Demolition,1712 W BARRY AVE,1712,,W,BARRY,AVE,379542,2023-02-06T00:00:00Z,This construction project has been going on for over two years. They have stopped working but the site is still a hazard. There are exposed wires hanging throughout the front of the house. The construction materials are often left in the front yard.&nbsp;,DEPT. OF PUBLIC HEALTH,Resolved,2023-02-06T00:00:00Z,41.93794217803,-87.67159023466,POINT (-87.671590234659 41.937942178034)
601386999,Vehicle Idling Work Order,850 W IRVING PARK RD,850,,W,IRVING PARK,RD,8386,2023-06-28T00:00:00Z,"CTA BUSES CONSTANTLY LEFT IDLING, FUMES FILLING UP PATIENT'S ROOM OF THOREK HOSPITAL (REFER TO SR23-00677894), STILL UNADDRESSED&nbsp;",DEPT. OF PUBLIC HEALTH,Alleged violation not found,2023-06-29T00:00:00Z,41.95464082537,-87.65156901235,POINT (-87.651569012354 41.954640825372)
601336714,Air Pollution Work Order,2500 S PAULINA ST,2500,,S,PAULINA,ST,417337,2023-04-14T00:00:00Z,look for auto fluff,DEPT. OF PUBLIC HEALTH,Complaint Valid,2023-04-17T00:00:00Z,41.84676817856,-87.66850812646,POINT (-87.668508126456 41.846768178557)
601450684,Air Pollution Work Order,3134 W 84TH PL,3134,,W,84TH,PL,10937,2023-10-07T00:00:00Z,SWEET METALLIC SMELL IN THE AIR,DEPT. OF PUBLIC HEALTH,Alleged violation not found,2023-10-11T00:00:00Z,41.73988982563,-87.70065491772,POINT (-87.700654917721 41.739889825627)
601325987,Air Pollution Work Order,4427 N ELSTON AVE,4427,,N,ELSTON,AVE,417337,2023-03-29T00:00:00Z,: Burning of motor oil. Shooting out fireballs. Fire Dept. has been called multiple times,DEPT. OF PUBLIC HEALTH,Resolved,2023-03-29T00:00:00Z,41.96155619808,-87.73038914697,POINT (-87.73038914697 41.961556198077)
601450665,Air Pollution Work Order,1628 W MONTROSE AVE,1628,,W,MONTROSE,AVE,8386,2023-10-06T00:00:00Z,PER CALLER- THERE ARE PEOPLE DOING WORK IN THE BUILDING. THERE IS DUST EVERYWHERE. THE RESIDENTS AND PATRONS AROUND THE BUILDING ARE COUGHING FROM ALL THIS DUST. THERE ARE PERMITS BUT THE CALLER STATES THAT THEY ARE CUTTING PIPES AND DOING OTHER WORK INSIDE SO THEY ARE NOT SURE IF THE ARE DOING WORK CONTRARY TO THE PERMITS THAT IS POSTED.,DEPT. OF PUBLIC HEALTH,Alleged violation not found,2023-10-10T00:00:00Z,41.96168547458,-87.6704462324,POINT (-87.670446232403 41.961685474583)
601476672,Air Pollution Work Order,2500 S PAULINA ST,2500,,S,PAULINA,ST,129151,2023-11-30T00:00:00Z,,DEPT. OF PUBLIC HEALTH,Resolved,2023-11-30T00:00:00Z,41.84676817856,-87.66850812646,POINT (-87.668508126456 41.846768178557)
601379629,Air Pollution Work Order,13234 S ELLIS AVE,13234,,S,ELLIS,AVE,10937,2023-06-16T00:00:00Z,I can't upload my dr. note,DEPT. OF PUBLIC HEALTH,Complaint Valid,2023-06-21T00:00:00Z,41.65501579658,-87.59689506566,POINT (-87.596895065655 41.655015796584)
601336690,Water Pollution,2717 N LEAVITT ST,2717,,N,LEAVITT,ST,3308,2023-04-14T00:00:00Z,"Trash pile floating in river, wildlife birds deceased on pile of trash&nbsp;",DEPT. OF PUBLIC HEALTH,Complaint Valid,2023-04-17T00:00:00Z,41.93092150252,-87.68022004583,POINT (-87.680220045829 41.93092150252)
601467690,Construction and Demolition,39 E 101ST PL,39,,E,101ST,PL,13776,2023-11-08T00:00:00Z,left gapping hole caller is worried about her home sinking into the hole,DEPT. OF PUBLIC HEALTH,Complaint Valid,2023-11-08T00:00:00Z,41.70980984609,-87.62201633968,POINT (-87.622016339682 41.709809846088)
601346047,Noise Complaint,5503 N WOLCOTT AVE,5503,,N,WOLCOTT,AVE,129151,2023-05-01T00:00:00Z,"&nbsp;High pitched noise happening daily for a month or two now, regularly happens as early as 5am and as late as midnight, mostly continuous with a few breaks, louder from 2nd floor than from ground floor",DEPT. OF PUBLIC HEALTH,Resolved,2023-05-02T00:00:00Z,41.9816651022,-87.67641695747,POINT (-87.676416957468 41.981665102199)
601334591,Air Pollution Work Order,644 W ARLINGTON PL,644,,W,ARLINGTON,PL,249349,2023-04-11T00:00:00Z,"No screens, vacuum, or water used to reduce dust exposure&nbsp;",DEPT. OF PUBLIC HEALTH,Alleged violation not found,2023-04-12T00:00:00Z,41.92681032693,-87.64574107316,POINT (-87.64574107316 41.926810326929)
601409087,Noise Complaint,1949 W DIVISION ST,1949,,W,DIVISION,ST,129151,2023-08-04T00:00:00Z,: GENERATOR IN ALLEY RUNNING 24/7,DEPT. OF PUBLIC HEALTH,Refer to Building Dept,2023-08-07T00:00:00Z,41.90308928676,-87.67677205425,POINT (-87.676772054255 41.903089286759)
601442164,Air Pollution Work Order,2140 N LINCOLN PARK WEST,2140,,N,LINCOLN PARK WEST,,379542,2023-09-25T00:00:00Z,"Foreman / contractor has been approached, they acknowledge they should be spraying down containers full of dust, using vacuums for masonry, and spraying down concrete cutting, they are not doing any of this consistently&nbsp;",DEPT. OF PUBLIC HEALTH,Resolved,2023-09-28T00:00:00Z,41.92139231391,-87.6365862363,POINT (-87.636586236299 41.92139231391)
601471009,Air Pollution Work Order,2500 S PAULINA ST,2500,,S,PAULINA,ST,129151,2023-11-15T00:00:00Z,THERE IS ALWAYS SMOKE AND A BAD ODOR IN THE AIR BECAUSE THEY SHRED METAL,DEPT. OF PUBLIC HEALTH,Resolved,2023-11-16T00:00:00Z,41.84676817856,-87.66850812646,POINT (-87.668508126456 41.846768178557)
601383058,Construction and Demolition,4018 N RICHMOND ST,4018,,N,RICHMOND,ST,417337,2023-06-22T00:00:00Z,"Resident called with concerns about the all the dust caused by the demolition of 2018 N Richmond St. Due to the extent of the dust, the resident was concerned if the the contractor for the demolition followed the regulations for asbestos. The resident also found it strange that the furniture and appliances weren't removed for the demolition; they were left in the debris and rubble. Please advise if an inspector can determine if the demolition adhered to building guidelines. Thank you.&nbsp;",DEPT. OF PUBLIC HEALTH,Complaint Valid,2023-06-23T00:00:00Z,41.9545504659,-87.70207075971,POINT (-87.702070759713 41.954550465904)
601358339,Air Pollution Work Order,549 N ARTESIAN AVE,549,,N,ARTESIAN,AVE,417337,2023-05-18T00:00:00Z,"CALLER REPORTING A NEIGHBOR WITH A COMMERCIAL TRUCK IN THE REAR OF THE PROPERTY/DRIVEWAY, THAT IS LETTING OFF EMISSIONS DIRECTLY INTO THE CALLER'S UNIT AT 555 N ARTESIAN. UNIT G CALLER STATES THE TRUCK IS RUNNING EVERYDAY, RANDOM TIMES, USUALLY IN THE MORNING. CALLER STATES THE PROPERTY OWNER DOES NOT LIVE THERE, BUT HE KEEPS THE TRUCK THERE RUNNING. THIS IS CAUSING HEALTH ISSUES WITH CALLER'S CHILD, FOR YEARS.",DEPT. OF PUBLIC HEALTH,Alleged violation not found,2023-05-18T00:00:00Z,41.89170122833,-87.68780515249,POINT (-87.687805152492 41.891701228331)
601410235,Air Pollution Work Order,1734 W 17TH ST,1734,,W,17TH,ST,84397,2023-08-04T00:00:00Z,PLATE NUMBER 3586532B PICKUP WHITE,DEPT. OF PUBLIC HEALTH,Resolved,2023-08-07T00:00:00Z,41.85875890949,-87.67017011686,POINT (-87.670170116861 41.858758909492)
601302224,Water Pollution,5540 W NEWPORT AVE,5540,,W,NEWPORT,AVE,3308,2023-02-04T00:00:00Z,"Tenants are under eviction. Ever since we provided the notice in July, they have purposely continued to dump into the sewer (5th time)",DEPT. OF PUBLIC HEALTH,Alleged violation not found,2023-02-06T00:00:00Z,41.9432586646,-87.76585431705,POINT (-87.765854317053 41.943258664595)
601417086,Noise Complaint,1916 S JOURDAN CT,1916,,S,JOURDAN,CT,129151,2023-08-16T00:00:00Z,The use of this building is unknown to the public; there are no signs or advertisements. There is an industrial fan running 24 hours a day that creates loud and constant noise. It is a nuisance to the neighborhood.&nbsp;,DEPT. OF PUBLIC HEALTH,Resolved,2023-08-17T00:00:00Z,41.85618209273,-87.64733200973,POINT (-87.64733200973 41.856182092731)
601413428,Air Pollution Work Order,11400 S TORRENCE AVE,11400,,S,TORRENCE,AVE,10937,2023-08-11T00:00:00Z,,DEPT. OF PUBLIC HEALTH,Alleged violation not found,2023-08-11T00:00:00Z,41.68816895344,-87.55956367772,POINT (-87.559563677725 41.688168953441)
601390678,Construction and Demolition,2259 W MONROE ST,2259,,W,MONROE,ST,379542,2023-07-06T00:00:00Z,,DEPT. OF PUBLIC HEALTH,Resolved,2023-07-07T00:00:00Z,41.87978086589,-87.68387271506,POINT (-87.683872715056 41.879780865888)
601405000,Noise Complaint,203 N WABASH AVE,203,,N,WABASH,AVE,417325,2023-07-27T00:00:00Z,,DEPT. OF PUBLIC HEALTH,Alleged violation not found,2023-08-03T00:00:00Z,41.8858282928,-87.62613826249,POINT (-87.626138262488 41.885828292802)
601451514,Air Pollution Work Order,4404 S ROCKWELL ST,4404,,S,ROCKWELL,ST,10937,2023-10-11T00:00:00Z,Foul odor of vomit/manuer in the air throughout the Brighton Park neighborhood from an unknown source.,DEPT. OF PUBLIC HEALTH,Refer to StreetsSanitation,2023-10-11T00:00:00Z,41.8135992199,-87.68961543687,POINT (-87.689615436872 41.813599219896)
601351444,Construction and Demolition,183 N LEAMINGTON AVE,183,,N,LEAMINGTON,AVE,249349,2023-05-06T00:00:00Z,: SANDBLASTING AND DUST IS COMING OUT WINDOW TO STREET AND NEIGHBORS VEHICLES,DEPT. OF PUBLIC HEALTH,Alleged violation not found,2023-05-08T00:00:00Z,41.88421048615,-87.75383961717,POINT (-87.753839617169 41.88421048615)
601413436,Water Pollution,4741 W MADISON ST,4741,,W,MADISON,ST,3308,2023-08-10T00:00:00Z,We’re concerned about trucks dumping oil and gas as they haul in and out car bodies in illegal 24/7 chop shop/hauling business that opened at 4741-43 W Madison. They created a 24/7 driveway in the alley,DEPT. OF PUBLIC HEALTH,Complaint Valid,2023-08-11T00:00:00Z,41.88039712881,-87.74446953016,POINT (-87.744469530157 41.880397128809)
601396086,Air Pollution Work Order,3101 W BELMONT AVE,3101,,W,BELMONT,AVE,3308,2023-07-15T00:00:00Z,"Every truck they have is parked on the pedestrian side walk and idling. Neighbors are unable to open their windows as the smell of exhaust is wafting a block over. Living with asthma, I struggled to breathe walking by.&nbsp;",DEPT. OF PUBLIC HEALTH,Resolved,2023-07-17T00:00:00Z,41.93924276704,-87.70482562659,POINT (-87.704825626589 41.939242767039)
601422926,Noise Complaint,1947 W DIVISION ST,1947,,W,DIVISION,ST,129151,2023-08-27T00:00:00Z,"This generator has been running for the last two months, all times of day, there have been several requests to remove this equipment as it is blocking access in the alley and causing noise issues&nbsp;",DEPT. OF PUBLIC HEALTH,Alleged violation unfounded,2023-08-28T00:00:00Z,41.90309060994,-87.67668770349,POINT (-87.676687703493 41.903090609941)
601419357,Air Pollution Work Order,5329 W FERDINAND ST,5329,,W,FERDINAND,ST,3308,2023-08-19T00:00:00Z,,DEPT. OF PUBLIC HEALTH,Alleged violation founded,2023-08-21T00:00:00Z,41.88880269122,-87.7590089593,POINT (-87.759008959302 41.888802691217)
601356666,Air Pollution Work Order,1363 W HUBBARD ST,1363,,W,HUBBARD,ST,379542,2023-05-15T00:00:00Z,,DEPT. OF PUBLIC HEALTH,Resolved,2023-05-16T00:00:00Z,41.88983518746,-87.66137916937,POINT (-87.661379169373 41.889835187458)
601294850,Illegal Dumping Work Order,3129 W POLK ST,3129,,W,POLK,ST,10937,2023-01-12T00:00:00Z,,DEPT. OF PUBLIC HEALTH,Complaint Valid,2023-01-13T00:00:00Z,41.87085846043,-87.70455857091,POINT (-87.704558570914 41.870858460434)
601410265,Noise Complaint,3740 N PANAMA AVE,3740,,N,PANAMA,AVE,129151,2023-08-06T00:00:00Z,&nbsp;If the school wants to run the AC unit 24/7 then they should put the noise barriers in the roof of the gym AC unit just as they did on the new addition and just like St Francis Borgia has in Addison. Or shut it off at night and on weekends,DEPT. OF PUBLIC HEALTH,Resolved,2023-08-07T00:00:00Z,41.94799244643,-87.82933189758,POINT (-87.82933189758 41.947992446428)
601470168,Construction and Demolition,5143 S WABASH AVE,5143,,S,WABASH,AVE,8386,2023-11-15T00:00:00Z,,DEPT. OF PUBLIC HEALTH,Complaint Valid,2023-11-15T00:00:00Z,41.80073132463,-87.62409467895,POINT (-87.624094678949 41.800731324634)
601372915,Construction and Demolition,6957 N FRANCISCO AVE,6957,,N,FRANCISCO,AVE,3308,2023-06-09T00:00:00Z,,DEPT. OF PUBLIC HEALTH,Alleged violation not found,2023-06-09T00:00:00Z,42.00830212465,-87.70200469845,POINT (-87.702004698454 42.008302124652)
601367464,Air Pollution Work Order,2701 E 114TH ST,2701,,E,114TH,ST,417337,2023-05-31T00:00:00Z,: Caller states there is a recycling center east of the river and the smoke is coming towards there business west of the river setting off the monitors&nbsp;,DEPT. OF PUBLIC HEALTH,Alleged violation not found,2023-06-01T00:00:00Z,41.6881395257,-87.55716784618,POINT (-87.557167846178 41.688139525698)
601447817,Air Pollution Work Order,10220 S MICHIGAN AVE,10220,,S,MICHIGAN,AVE,13776,2023-10-04T00:00:00Z,&nbsp;The neighbor's 18th wheeler truck is idling for an hour spreading diesel fumes into his apartment.,DEPT. OF PUBLIC HEALTH,Alleged violation not found,2023-10-04T00:00:00Z,41.70837722159,-87.62017348858,POINT (-87.620173488575 41.708377221593)
601409089,Noise Complaint,670 W DIVERSEY PKWY,670,,W,DIVERSEY,PKWY,3308,2023-08-04T00:00:00Z,Truck has been idling for over 30 min. It is currently 73 degrees outside. Driver is no where near the vehicle. I have video of the occurrence.,DEPT. OF PUBLIC HEALTH,Alleged violation not found,2023-08-04T00:00:00Z,41.9328838647,-87.64627175169,POINT (-87.646271751687 41.932883864695)
601410238,Noise Complaint,1065 N PAULINA ST,1065,,N,PAULINA,ST,3308,2023-08-04T00:00:00Z,Our constituent has informed us that the corresponding developer performing work on the property located at 1065 N Paulina allows for work to be performed prior to 8am. They have informed us that workers begin to run their generators and compressors as early as 7:00 am. Please assist our constituent by means of visiting the location in order for further review work practices. Thank you.,DEPT. OF PUBLIC HEALTH,Resolved,2023-08-07T00:00:00Z,41.90151128225,-87.66974525736,POINT (-87.669745257364 41.90151128225)
601348016,Air Pollution Work Order,1956 N NASHVILLE AVE,1956,,N,NASHVILLE,AVE,249349,2023-05-02T00:00:00Z,&nbsp;entire area has rotting garbage smell/ there are a few factories around callers address,DEPT. OF PUBLIC HEALTH,Alleged violation not found,2023-05-03T00:00:00Z,41.916222307,-87.79026550134,POINT (-87.790265501339 41.916222307004)
601344951,Construction and Demolition,1823 N SEDGWICK ST,1823,,N,SEDGWICK,ST,3308,2023-04-27T00:00:00Z,&nbsp;Construction has left debris all over the alley and built a 6 foot tall fence on the roof illegally,DEPT. OF PUBLIC HEALTH,Resolved,2023-04-28T00:00:00Z,41.91541755748,-87.63857984824,POINT (-87.638579848242 41.915417557476)
601348253,Water Pollution,2501 N DAMEN AVE,2501,,N,DAMEN,AVE,425726,2023-05-03T00:00:00Z,"In a recent storm, which occurred in April the roof of the former Vienna Beef facility blew off. Large chunks of foam roofing materials have been littering the river and surrounding area for weeks. Debris remains in the river at multiple locations.&nbsp;",DEPT. OF PUBLIC HEALTH,Resolved,2023-05-03T00:00:00Z,41.92724326226,-87.67795585564,POINT (-87.677955855636 41.927243262257)
601326975,Illegal Dumping Work Order,7935 S HERMITAGE AVE,7935,,S,HERMITAGE,AVE,84397,2023-03-29T00:00:00Z,property owner jumping trash in the rear of property&nbsp;,DEPT. OF PUBLIC HEALTH,Resolved,2023-03-31T00:00:00Z,41.7492601857,-87.66690762175,POINT (-87.666907621751 41.749260185696)
601378490,Noise Complaint,2516 W FOSTER AVE,2516,,W,FOSTER,AVE,129151,2023-06-16T00:00:00Z,Heavy vibrating echoes through whole apartment causing heavy migraines,DEPT. OF PUBLIC HEALTH,Resolved,2023-06-20T00:00:00Z,41.97597343609,-87.69300158578,POINT (-87.693001585779 41.975973436091)
601468397,Air Pollution Work Order,2104 N LEAVITT ST,2104,,N,LEAVITT,ST,84397,2023-11-08T00:00:00Z,CONSTRUCTION DUST INSIDE &amp; OUTSIDE OF PROPERTY,DEPT. OF PUBLIC HEALTH,Resolved,2023-11-09T00:00:00Z,41.92010475311,-87.68274187126,POINT (-87.682741871257 41.920104753108)
601413433,Air Pollution Work Order,3310 W FOSTER AVE,3310,,W,FOSTER,AVE,417337,2023-08-10T00:00:00Z,"The contractors are cutting cinder blocks and creating an immense amount of dust. The workers said that they would be using a hose to limit the amount of dust being created, but they have failed to do so.",DEPT. OF PUBLIC HEALTH,Complaint Valid,2023-08-11T00:00:00Z,41.97582312252,-87.71163832066,POINT (-87.711638320661 41.975823122519)
601445629,Noise Complaint,6926 S KEDVALE AVE,6926,,S,KEDVALE,AVE,129151,2023-09-30T00:00:00Z,On and off loud noise every 10 minutes or so.,DEPT. OF PUBLIC HEALTH,Resolved,2023-10-02T00:00:00Z,41.7668464735,-87.72695659596,POINT (-87.726956595955 41.766846473499)
601391870,Air Pollution Work Order,10 W WACKER DR,10,,W,WACKER,DR,249349,2023-07-10T00:00:00Z,NE corner - concrete cutting. dust everywhere,DEPT. OF PUBLIC HEALTH,Alleged violation not found,2023-07-10T00:00:00Z,41.88704176358,-87.62835505651,POINT (-87.628355056509 41.887041763582)
601388409,Air Pollution Work Order,657 W HOBBIE ST,657,,W,HOBBIE,ST,417337,2023-06-17T00:00:00Z,Red Particulate matter and dust covering outside of home and makes it hard to breathe as you're walking past the construction site.&nbsp;Problem Timetable: Over a year but really bad past two months.&nbsp;&nbsp;,DEPT. OF PUBLIC HEALTH,Complaint Valid,2023-06-20T00:00:00Z,41.90107824577,-87.64522567471,POINT (-87.645225674706 41.901078245768)
601473784,Air Pollution Work Order,2261 W 111TH ST,2261,,W,111TH,ST,13776,2023-11-21T00:00:00Z,,DEPT. OF PUBLIC HEALTH,Alleged violation unfounded,2023-11-22T00:00:00Z,41.69169950883,-87.67867084132,POINT (-87.678670841318 41.691699508832)
601413927,Illegal Dumping Work Order,2500 N LARAMIE AVE,2500,,N,LARAMIE,AVE,3308,2023-08-11T00:00:00Z,,DEPT. OF PUBLIC HEALTH,Alleged violation not found,2023-08-14T00:00:00Z,41.92600642686,-87.75636298203,POINT (-87.756362982031 41.926006426861)
601451504,Construction and Demolition,5343 W CUYLER AVE,5343,,W,CUYLER,AVE,3308,2023-10-11T00:00:00Z,BRICK AND MORTOR STORE HAVING WORK DONE TO THE LEFT SIDE OF THE BUILDING AND THERE IS DUST COMING INTO THE CALLERS UNIT,DEPT. OF PUBLIC HEALTH,Alleged violation not found,2023-10-11T00:00:00Z,41.9540510581,-87.76137025696,POINT (-87.761370256957 41.954051058105)
601458704,Service Stations/Storage Tanks Work Order,2338 N SACRAMENTO AVE,2338,,N,SACRAMENTO,AVE,12770,2023-10-21T00:00:00Z,"gas pumps are broken, they don't stop once the car is filled up",DEPT. OF PUBLIC HEALTH,Resolved,2023-10-22T00:00:00Z,41.92448184107,-87.70245818878,POINT (-87.702458188777 41.92448184107)
601362191,Noise Complaint,1641 N ORCHARD ST,1641,,N,ORCHARD,ST,129151,2023-05-23T00:00:00Z,SR23-00694322 Reference to this request. When the air conditioner is on the air conditioner is making noise. The noise does not happen all the time just when it is warm outside.,DEPT. OF PUBLIC HEALTH,Resolved,2023-05-24T00:00:00Z,41.91219347732,-87.64574463251,POINT (-87.645744632514 41.912193477322)
601306092,Noise Complaint,310 W 104TH ST,310,,W,104TH,ST,129151,2023-02-14T00:00:00Z,Inspector need to come out and survey the area. Electric or vibration noises are always happening. Throughout the day and this is not normal&nbsp;,DEPT. OF PUBLIC HEALTH,Resolved,2023-02-15T00:00:00Z,41.70535283043,-87.63114490216,POINT (-87.631144902162 41.705352830433)
601344942,Air Pollution Work Order,10400 S TORRENCE AVE,10400,,S,TORRENCE,AVE,10937,2023-04-28T00:00:00Z,Smells like very strong oil and rotten eggs smell - noticed at 9:40 AM&nbsp;,DEPT. OF PUBLIC HEALTH,Alleged violation not found,2023-04-28T00:00:00Z,41.70630772181,-87.55979091756,POINT (-87.559790917563 41.706307721812)
601457519,Air Pollution Work Order,1909 W GRAND AVE,1909,,W,GRAND,AVE,249349,2023-10-17T00:00:00Z,no smell,DEPT. OF PUBLIC HEALTH,Refer to Building Dept,2023-10-18T00:00:00Z,41.89074807617,-87.67488756215,POINT (-87.674887562153 41.89074807617)
601383857,Construction and Demolition,2305 S LEAVITT ST,2305,,S,LEAVITT,ST,8386,2023-06-24T00:00:00Z,,DEPT. OF PUBLIC HEALTH,Alleged violation not found,2023-06-26T00:00:00Z,41.85011782499,-87.68054044285,POINT (-87.680540442855 41.85011782499)
601458710,Air Pollution Work Order,3848 N HERMITAGE AVE,3848,,N,HERMITAGE,AVE,379542,2023-10-21T00:00:00Z,: asbestos dust in the gang-way,DEPT. OF PUBLIC HEALTH,Resolved,2023-10-23T00:00:00Z,41.95204174229,-87.67273056179,POINT (-87.672730561787 41.95204174229)
601355452,Noise Complaint,416 W ONTARIO ST,416,,W,ONTARIO,ST,417325,2023-05-15T00:00:00Z,The HVAC unit when it is turned on at 410-416 W Ontario makes a lot of noise.,DEPT. OF PUBLIC HEALTH,Alleged violation not found,2023-05-15T00:00:00Z,41.89322898385,-87.63930512981,POINT (-87.639305129811 41.893228983853)
601466066,Air Pollution Work Order,1500 W CARMEN AVE,1500,,W,CARMEN,AVE,417337,2023-11-03T00:00:00Z,,DEPT. OF PUBLIC HEALTH,Resolved,2023-11-07T00:00:00Z,41.97447183008,-87.66828633325,POINT (-87.66828633325 41.974471830078)
601295723,Noise Complaint,4911 N KEDZIE AVE,4911,,N,KEDZIE,AVE,417325,2023-01-13T00:00:00Z,&nbsp;Loud intermittent high pitched niisencimijg from roof. Has been going on for about three weeks all hours of the day. This is a follow up to a previous complaint.,DEPT. OF PUBLIC HEALTH,Complaint Valid,2023-01-17T00:00:00Z,41.97064734771,-87.70839072729,POINT (-87.708390727291 41.970647347707)
601351433,Noise Complaint,2213 S CALIFORNIA AVE,2213,,S,CALIFORNIA,AVE,129151,2023-05-06T00:00:00Z,The loud beeping is bad for mental health and migrating birds,DEPT. OF PUBLIC HEALTH,Alleged violation not found,2023-05-08T00:00:00Z,41.85144508734,-87.69528872546,POINT (-87.695288725462 41.851445087339)
601475468,Noise Complaint,1638 W BELMONT AVE,1638,,W,BELMONT,AVE,437489,2023-11-28T00:00:00Z,High Pitch droning sound makes it difficult to sleep this high pitch noise is coming through with windows closed. Please help!&nbsp;,DEPT. OF PUBLIC HEALTH,Alleged violation not found,2023-11-28T00:00:00Z,41.93978494908,-87.67022031785,POINT (-87.670220317849 41.939784949082)
601468399,Construction and Demolition,2104 N LEAVITT ST,2104,,N,LEAVITT,ST,84397,2023-11-08T00:00:00Z,Caller stated that construction work is being done and it is producing a lot of dust and debris&nbsp;,DEPT. OF PUBLIC HEALTH,Resolved,2023-11-09T00:00:00Z,41.92010475311,-87.68274187126,POINT (-87.682741871257 41.920104753108)
601472632,Air Pollution Work Order,966 W 21ST ST,966,,W,21ST,ST,10937,2023-11-19T00:00:00Z,"&nbsp;City Feedback Subject: Poor Air Quality Message: #4 report on Sat. 11/18/23 re: very poor Air Quality.. 9:53 PM Pilsen. 21st St &amp; S. Morgan St area. Extremely strong wood burning odor and/or manufacturing exhaust. Unlike previous three reports referencing strong chemical, metal and toxic odors. Name: Resident",DEPT. OF PUBLIC HEALTH,Alleged violation not found,2023-11-20T00:00:00Z,41.85399873631,-87.65074602983,POINT (-87.650746029832 41.853998736308)
601431588,Noise Complaint,341 W KINZIE ST,341,,W,KINZIE,ST,129151,2023-09-08T00:00:00Z,There is a loud sustained noise emanating form the HVAC on top of merch mart. The noise is measurable over 70db with windows closed at a distance of over 100ft.&nbsp;,DEPT. OF PUBLIC HEALTH,Alleged violation unfounded,2023-09-08T00:00:00Z,41.88902496852,-87.63704713358,POINT (-87.637047133585 41.889024968515)
601428099,Construction and Demolition,2632 W AUGUSTA BLVD,2632,,W,AUGUSTA,BLVD,379542,2023-09-01T00:00:00Z,Debris in alley &amp; front parkway Working on roof &amp; grinding tuck pointing,DEPT. OF PUBLIC HEALTH,Alleged violation not found,2023-09-05T00:00:00Z,41.89942910807,-87.69321176051,POINT (-87.693211760515 41.899429108068)
601478431,Construction and Demolition,1334 W ROSEDALE AVE,1334,,W,ROSEDALE,AVE,3308,2023-12-04T00:00:00Z,"New Construction and the company which has a gate that is obstructing and destroying the area and other properties loud noises going on all day, destruction of her path, her gate.",DEPT. OF PUBLIC HEALTH,Alleged violation founded,2023-12-05T00:00:00Z,41.98912796265,-87.66408604076,POINT (-87.664086040763 41.989127962648)
601485713,Construction and Demolition,3710 W FULLERTON AVE,3710,,W,FULLERTON,AVE,417325,2023-12-30T00:00:00Z,Construction contractors have set up scaffolding that blocks the gangway of the neighboring property and frequently leave trash or construction mess on the neighboring property.&nbsp;,DEPT. OF PUBLIC HEALTH,Complaint Valid,2024-01-02T00:00:00Z,41.92467746779,-87.71989473766,POINT (-87.719894737665 41.924677467794)
601385709,Construction and Demolition,1502 W HOLLYWOOD AVE,1502,,W,HOLLYWOOD,AVE,417325,2023-06-27T00:00:00Z,trash around the construction site,DEPT. OF PUBLIC HEALTH,Resolved,2023-06-29T00:00:00Z,41.9855648367,-87.66774853906,POINT (-87.667748539058 41.985564836703)
601445630,Air Pollution Work Order,7447 S EBERHART AVE,7447,,S,EBERHART,AVE,13776,2023-10-02T00:00:00Z,,DEPT. OF PUBLIC HEALTH,Alleged violation not found,2023-10-02T00:00:00Z,41.75888544334,-87.61253866047,POINT (-87.612538660475 41.758885443342)
601351371,Air Pollution Work Order,2632 W WASHINGTON BLVD,2632,,W,WASHINGTON,BLVD,3308,2023-05-06T00:00:00Z,Dust is collecting and blowing all over the neighborhood,DEPT. OF PUBLIC HEALTH,Complaint Valid,2023-05-08T00:00:00Z,41.88304941576,-87.69232107681,POINT (-87.692321076815 41.883049415762)
601353270,Noise Complaint,819 S STATE ST,819,,S,STATE,ST,417325,2023-05-09T00:00:00Z,,DEPT. OF PUBLIC HEALTH,Alleged violation not found,2023-05-10T00:00:00Z,41.87153497463,-87.62737081569,POINT (-87.627370815686 41.871534974632)
601422938,Air Pollution Work Order,2701 E 100TH ST,2701,,E,100TH,ST,10937,2023-08-26T00:00:00Z,"THE AIR IN NEIGHBORHOOD IS FILLED WITH STINCH, BEING FECES SMELL. There are train cars that sit on the nearby tracks affiliated with site of manufacture and the substance is inside these cars polluting the air",DEPT. OF PUBLIC HEALTH,Complaint Valid,2023-08-29T00:00:00Z,41.71324291275,-87.55803846898,POINT (-87.558038468978 41.713242912752)
601425182,Air Pollution Work Order,6707 W 63RD ST,6707,,W,63RD,ST,84397,2023-08-28T00:00:00Z,,DEPT. OF PUBLIC HEALTH,Resolved,2023-08-30T00:00:00Z,41.77744835564,-87.78888599075,POINT (-87.788885990748 41.777448355643)
601392621,Construction and Demolition,1011 N WOLCOTT AVE,1011,,N,WOLCOTT,AVE,249349,2023-07-10T00:00:00Z,"The city workers are painting the street near Wolcott and Augusta. When I walked by the fumes from the paint was extremely toxic, I started gagging and felt light headed. The paint used is extremely toxic and unhealthy and should be stopped immediately.&nbsp;: The work is being done on Augusta near Wolcott and Winchester. And likely all down the street. And the fumes are carrying over to my condo building and its very concerning. We should not be breathing it in.",DEPT. OF PUBLIC HEALTH,Alleged violation not found,2023-07-12T00:00:00Z,41.89996594353,-87.67457417912,POINT (-87.67457417912 41.899965943531)
601365540,Noise Complaint,4055 N MAPLEWOOD AVE,4055,,N,MAPLEWOOD,AVE,417325,2023-05-27T00:00:00Z,,DEPT. OF PUBLIC HEALTH,Alleged violation not found,2023-05-30T00:00:00Z,41.95562339442,-87.6919669302,POINT (-87.691966930202 41.955623394424)
601382246,Noise Complaint,1252 N WELLS ST,1252,,N,WELLS,ST,129151,2023-06-21T00:00:00Z,&nbsp;A constituent called in saying that Uproar's HVAC unit on their rooftop is noisy and rattles,DEPT. OF PUBLIC HEALTH,Resolved,2023-06-22T00:00:00Z,41.90543300791,-87.63468085706,POINT (-87.634680857065 41.905433007909)
601289985,Noise Complaint,516 W ARLINGTON PL,516,,W,ARLINGTON,PL,417325,2023-01-01T00:00:00Z,,DEPT. OF PUBLIC HEALTH,Alleged violation not found,2023-01-03T00:00:00Z,41.92689901067,-87.64204784585,POINT (-87.64204784585 41.926899010672)
601393661,Water Pollution,3554 W OGDEN AVE,3554,,W,OGDEN,AVE,84397,2023-07-11T00:00:00Z,Hazard need immediate attention oil spreading over entire alley &amp; bad to breathe from the smell,DEPT. OF PUBLIC HEALTH,Resolved,2023-07-12T00:00:00Z,41.85481242684,-87.71472979426,POINT (-87.714729794263 41.854812426844)
601476539,Vehicle Idling Work Order,11652 S AVENUE N,11652,,S,AVENUE N,,13776,2023-11-29T00:00:00Z,There are 3 semi trucks idling in parking lot just west of listed of listed address. Caller reports that that parking lot is also a construction site,DEPT. OF PUBLIC HEALTH,Alleged violation not found,2023-11-30T00:00:00Z,41.68301217328,-87.53900922109,POINT (-87.539009221089 41.683012173281)
