COMPLAINT ID,COMPLAINT TYPE,ADDRESS,STREET NUMBER FROM,STREET NUMBER TO,DIRECTION,STREET NAME,STREET TYPE,INSPECTOR,COMPLAINT DATE,COMPLAINT DETAIL,DATA SOURCE,RESOLUTION,RESOLVED DATE,complaint_lat,complaint_lon,LOCATION,Property Name,Address,ZIP Code,Primary Property Type,ENERGY STAR Score,Total GHG Emissions (Metric Tons CO2e),energy_lat,energy_lon
601476680,Construction and Demolition,451 W HURON ST,451,,W,HURON,ST,379542,2023-11-30T00:00:00Z,,DEPT. OF PUBLIC HEALTH,Resolved,2023-12-04T00:00:00Z,41.8946027055,-87.64049614903,POINT (-87.640496149034 41.894602705495),4600 N WINCHESTER,4600 N WINCHESTER AVE,60640,MULTIFAMILY HOUSING,24.0,398.6,41.894603,-87.640496
601461246,Noise Complaint,750 N ORLEANS ST,750,,N,ORLEANS,ST,437489,2023-10-26T00:00:00Z,Rooftop cooling tower emits a consistent drowning hum from across the alleyway into neighboring condominium units and balcony spaces. Phone application measures 75+ dB and the noise is far beyond a conversational level.,DEPT. OF PUBLIC HEALTH,Resolved,2024-06-14T00:00:00Z,41.89629265479,-87.63731316709,POINT (-87.637313167087 41.896292654788),PARKER AT FULTON MARKET,730 W COUCH PL,60661,MULTIFAMILY HOUSING,57.0,1551.0,41.895663,-87.637221
601461246,Noise Complaint,750 N ORLEANS ST,750,,N,ORLEANS,ST,437489,2023-10-26T00:00:00Z,Rooftop cooling tower emits a consistent drowning hum from across the alleyway into neighboring condominium units and balcony spaces. Phone application measures 75+ dB and the noise is far beyond a conversational level.,DEPT. OF PUBLIC HEALTH,Resolved,2024-06-14T00:00:00Z,41.89629265479,-87.63731316709,POINT (-87.637313167087 41.896292654788),RUIZ,2410 S LEAVITT ST,60608,K-12 SCHOOL,15.0,583.7,41.896293,-87.637313
601410207,Air Pollution Work Order,5835 N SHERIDAN RD,5835,,N,SHERIDAN,RD,417337,2023-08-06T00:00:00Z,I’ve complained to management,DEPT. OF PUBLIC HEALTH,Refer to Building Dept,2023-08-07T00:00:00Z,41.98836546854,-87.65518764654,POINT (-87.655187646542 41.988365468544),KENWOOD HS,5015 S BLACKSTONE AVE,60615,K-12 SCHOOL,23.0,2187.5,41.987828,-87.655171
601306037,Noise Complaint,680 S FEDERAL ST,680,,S,FEDERAL,ST,417325,2023-02-15T00:00:00Z,: Digital Realty’s ground equipment is running 24 hrs 7 days a week and noise filters into my apartment disrupting my sleep,DEPT. OF PUBLIC HEALTH,Complaint Valid,2023-02-15T00:00:00Z,41.87341637357,-87.62977671782,POINT (-87.629776717815 41.873416373566),"03181AS - CHICAGO, IL",87 W 87TH STREET,60620,SUPERMARKET/GROCERY STORE,45.0,1860.6,41.873033,-87.630486
601378494,Noise Complaint,717 S WELLS ST,717,,S,WELLS,ST,417325,2023-06-16T00:00:00Z,The noise is starting even earlier (6:30am) and now and there is an additional form of compressor or reciprocating engine noise in addition to an exhaust note and loud fan noise&nbsp;,DEPT. OF PUBLIC HEALTH,Complaint Valid,2023-06-16T00:00:00Z,41.87296747272,-87.63344780864,POINT (-87.633447808641 41.872967472716),6101 NORTH CLARK,6101 NORTH CLARK STREET,60660,MULTIFAMILY HOUSING,,218.0,41.873256,-87.633454
601378494,Noise Complaint,717 S WELLS ST,717,,S,WELLS,ST,417325,2023-06-16T00:00:00Z,The noise is starting even earlier (6:30am) and now and there is an additional form of compressor or reciprocating engine noise in addition to an exhaust note and loud fan noise&nbsp;,DEPT. OF PUBLIC HEALTH,Complaint Valid,2023-06-16T00:00:00Z,41.87296747272,-87.63344780864,POINT (-87.633447808641 41.872967472716),"1547 CSR-CHICAGO WELLS, LLC",725 S WELLS,60607,DATA CENTER,,1620.0,41.872586,-87.633252
601473955,Air Pollution Work Order,7530 S CONSTANCE AVE,7530,,S,CONSTANCE,AVE,10937,2023-11-23T00:00:00Z,,DEPT. OF PUBLIC HEALTH,Alleged violation not found,2023-11-24T00:00:00Z,41.75789563862,-87.57993840779,POINT (-87.579938407789 41.757895638623),JUDGE HARRY M FISHER APARTMENTS,5821 N BROADWAY STREET,60660,MULTIFAMILY HOUSING,73.0,910.8,41.757956,-87.579646
601377225,Noise Complaint,600 S FEDERAL ST,600,,S,FEDERAL,ST,417325,2023-06-15T00:00:00Z,"One or more of the air conditioning compressors is making a consistent high pitched, whistling noise. It sounds as if an alarm is always sounding 24/7.",DEPT. OF PUBLIC HEALTH,Complaint Valid,2023-06-15T00:00:00Z,41.87447214941,-87.62981321502,POINT (-87.629813215024 41.874472149412),100 BELLEVUE PLACE,100 EAST BELLEVUE PLACE,60611,MULTIFAMILY HOUSING,95.0,1563.1,41.874472,-87.629813
601346905,Noise Complaint,680 S FEDERAL ST,680,,S,FEDERAL,ST,129151,2023-04-28T00:00:00Z,Noise occurs 24 hours 7 days a week. The noise is coming from the fans next to the silver unit as shown in the pictures. Fans need noise canceling barrier or encasement to contain the noise from filtering out.&nbsp;,DEPT. OF PUBLIC HEALTH,Resolved,2023-05-01T00:00:00Z,41.87341637357,-87.62977671782,POINT (-87.629776717815 41.873416373566),"03181AS - CHICAGO, IL",87 W 87TH STREET,60620,SUPERMARKET/GROCERY STORE,45.0,1860.6,41.873033,-87.630486
601448496,Construction and Demolition,6960 N WOLCOTT AVE,6960,,N,WOLCOTT,AVE,417337,2023-10-04T00:00:00Z,Creating a lot of dust,DEPT. OF PUBLIC HEALTH,Resolved,2023-10-04T00:00:00Z,42.00830436024,-87.67818537681,POINT (-87.678185376807 42.008304360241),PARKSIDE OF OLD TOWN PHASE III MIDRISE,532 W HOBBIE 551 W ELM 531 W ELM,60610,MULTIFAMILY HOUSING,36.0,745.4,42.007759,-87.678167
601308133,Noise Complaint,808 S MICHIGAN AVE,808,,S,MICHIGAN,AVE,129151,2023-02-22T00:00:00Z,,DEPT. OF PUBLIC HEALTH,Resolved,2023-02-24T00:00:00Z,41.87171754808,-87.6243127769,POINT (-87.624312776897 41.87171754808),N002301-CHICAGO (83RD & STEWART) IL,8411 SOUTH HOLLAND ROAD,60620,WHOLESALE CLUB/SUPERCENTER,90.0,760.1,41.871812,-87.624315
601398619,Air Pollution Work Order,250 E PEARSON ST,250,,E,PEARSON,ST,10937,2023-07-19T00:00:00Z,,DEPT. OF PUBLIC HEALTH,Resolved,2023-07-20T00:00:00Z,41.89775838229,-87.6196620999,POINT (-87.619662099897 41.897758382287),ONE EAST SCOTT (237373),1 EAST SCOTT ST,60610,MULTIFAMILY HOUSING,79.0,1042.2,41.897758,-87.619662
601398619,Air Pollution Work Order,250 E PEARSON ST,250,,E,PEARSON,ST,10937,2023-07-19T00:00:00Z,,DEPT. OF PUBLIC HEALTH,Resolved,2023-07-20T00:00:00Z,41.89775838229,-87.6196620999,POINT (-87.619662099897 41.897758382287),CLARK STREET INVESTORS LLC,3134 N CLARK ST,60657,URGENT CARE/CLINIC/OTHER OUTPATIENT,,324.1,41.898484,-87.620346
601398619,Air Pollution Work Order,250 E PEARSON ST,250,,E,PEARSON,ST,10937,2023-07-19T00:00:00Z,,DEPT. OF PUBLIC HEALTH,Resolved,2023-07-20T00:00:00Z,41.89775838229,-87.6196620999,POINT (-87.619662099897 41.897758382287),ELIZABETH WOOD APARTMENTS,1845 N LARRABEE ST,60614,MULTIFAMILY HOUSING,65.0,351.4,41.898402,-87.620345
601461245,Air Pollution Work Order,1210 S INDIANA AVE,1210,,S,INDIANA,AVE,84397,2023-10-26T00:00:00Z,There is a gas smell on the north side of the sidewalk between Columbus and Michigan on Roosevelt avenue&nbsp;,DEPT. OF PUBLIC HEALTH,Resolved,2023-10-27T00:00:00Z,41.86713651873,-87.62269374006,POINT (-87.622693740064 41.867136518732),55 EAST MONROE OFFICE,55 EAST MONROE STREET,60603,OFFICE,67.0,12525.9,41.867398,-87.622701
601322796,Noise Complaint,5101 N LEAVITT ST,5101,,N,LEAVITT,ST,417325,2023-03-22T00:00:00Z,: This is an ongoing noise that began when the water was turned on for the spring. I am told by maintenance in the school that it is a water heater,DEPT. OF PUBLIC HEALTH,Alleged violation not found,2023-03-23T00:00:00Z,41.97457000707,-87.68409562455,POINT (-87.684095624547 41.974570007068),SOUTHSIDE HS,7342 S HOYNE AVE,60636,K-12 SCHOOL,45.0,349.7,41.975353,-87.684122
601403341,Noise Complaint,725 S WELLS ST,725,,S,WELLS,ST,129151,2023-07-25T00:00:00Z,Particularly loud cyclic low frequency sounds,DEPT. OF PUBLIC HEALTH,Resolved,2023-07-26T00:00:00Z,41.8728233617,-87.6334446048,POINT (-87.633444604796 41.872823361702),6101 NORTH CLARK,6101 NORTH CLARK STREET,60660,MULTIFAMILY HOUSING,,218.0,41.873256,-87.633454
601403341,Noise Complaint,725 S WELLS ST,725,,S,WELLS,ST,129151,2023-07-25T00:00:00Z,Particularly loud cyclic low frequency sounds,DEPT. OF PUBLIC HEALTH,Resolved,2023-07-26T00:00:00Z,41.8728233617,-87.6334446048,POINT (-87.633444604796 41.872823361702),"1547 CSR-CHICAGO WELLS, LLC",725 S WELLS,60607,DATA CENTER,,1620.0,41.872586,-87.633252
601377348,Noise Complaint,228 W HILL ST,228,,W,HILL,ST,129151,2023-06-14T00:00:00Z,,DEPT. OF PUBLIC HEALTH,Resolved,2023-06-15T00:00:00Z,41.90219892638,-87.63564922164,POINT (-87.635649221642 41.902198926376),(IL0508) - PARK PLACE TOWER I CONDOMINIUM (655 W IRVING PARK RD ),655 W IRVING PARK RD,60613,MULTIFAMILY HOUSING,30.0,6856.8,41.902199,-87.635649
601425290,Noise Complaint,501 W SURF ST,501,,W,SURF,ST,417325,2023-08-30T00:00:00Z,,DEPT. OF PUBLIC HEALTH,Complaint Valid,2023-08-30T00:00:00Z,41.93419516579,-87.64140393809,POINT (-87.641403938087 41.934195165792),1247-1249 WEST MADISON LLC,1239-1259 W MADISON ST,60607,MULTIFAMILY HOUSING,98.0,419.9,41.934195,-87.641404
601353271,Noise Complaint,819 S STATE ST,819,,S,STATE,ST,417325,2023-05-09T00:00:00Z,,DEPT. OF PUBLIC HEALTH,Alleged violation not found,2023-05-10T00:00:00Z,41.87153497463,-87.62737081569,POINT (-87.627370815686 41.871534974632),"THE SHOPS ON WABASH, LLC",17-23 N WABASH,60602,OFFICE,,609.8,41.871698,-87.627484
601353271,Noise Complaint,819 S STATE ST,819,,S,STATE,ST,417325,2023-05-09T00:00:00Z,,DEPT. OF PUBLIC HEALTH,Alleged violation not found,2023-05-10T00:00:00Z,41.87153497463,-87.62737081569,POINT (-87.627370815686 41.871534974632),HAMPTON INN & SUITES CHICAGO - DOWNTOWN,33 W ILLINOIS,60654,HOTEL,42.0,1542.7,41.871917,-87.627493
601419868,Air Pollution Work Order,1912 W FLETCHER ST,1912,,W,FLETCHER,ST,379542,2023-08-21T00:00:00Z,Unknown business name but significant construction dust and debris in alley behind fletcher,DEPT. OF PUBLIC HEALTH,Resolved,2023-08-22T00:00:00Z,41.93879404622,-87.67647506884,POINT (-87.676475068835 41.938794046224),CUNEO HALL-ID# 254160,6430 N KENMORE AVE,60626,OFFICE,83.0,264.4,41.939244,-87.675773
601437958,Noise Complaint,5047 N SHERIDAN RD,5047,,N,SHERIDAN,RD,417325,2023-09-19T00:00:00Z,,DEPT. OF PUBLIC HEALTH,Resolved,2023-09-22T00:00:00Z,41.97472755169,-87.65481937663,POINT (-87.654819376629 41.974727551692),(IL695) - THE PIERRE CONDOMINIUM (2100 N LINCOLN PARK WEST),2100 N LINCOLN PARK WEST,60614,MULTIFAMILY HOUSING,69.0,1103.3,41.974732,-87.655114
601359295,Air Pollution Work Order,5441 N EAST RIVER RD,5441,,N,EAST RIVER,RD,249349,2023-05-19T00:00:00Z,,DEPT. OF PUBLIC HEALTH,Alleged violation not found,2023-05-22T00:00:00Z,41.97830714609,-87.84631557802,POINT (-87.846315578024 41.978307146086),INSTITUTE OF FORENSIC MEDICINE,2121 W HARRISON ST,60612,OTHER - PUBLIC SERVICES,,1435.5,41.978307,-87.846316
601401127,Noise Complaint,717 S WELLS ST,717,,S,WELLS,ST,417325,2023-07-24T00:00:00Z,,DEPT. OF PUBLIC HEALTH,Complaint Valid,2023-07-24T00:00:00Z,41.87296747272,-87.63344780864,POINT (-87.633447808641 41.872967472716),6101 NORTH CLARK,6101 NORTH CLARK STREET,60660,MULTIFAMILY HOUSING,,218.0,41.873256,-87.633454
601401127,Noise Complaint,717 S WELLS ST,717,,S,WELLS,ST,417325,2023-07-24T00:00:00Z,,DEPT. OF PUBLIC HEALTH,Complaint Valid,2023-07-24T00:00:00Z,41.87296747272,-87.63344780864,POINT (-87.633447808641 41.872967472716),"1547 CSR-CHICAGO WELLS, LLC",725 S WELLS,60607,DATA CENTER,,1620.0,41.872586,-87.633252
601411132,Noise Complaint,2211 N MILWAUKEE AVE,2211,,N,MILWAUKEE,AVE,129151,2023-08-07T00:00:00Z,,DEPT. OF PUBLIC HEALTH,Resolved,2023-08-08T00:00:00Z,41.92107615756,-87.69413785909,POINT (-87.694137859093 41.921076157561),VIRIDIAN ON SHERIDAN (VR033),734 W SHERIDAN RD,60613,MULTIFAMILY HOUSING,67.0,592.9,41.921076,-87.694138
601441377,Noise Complaint,4652 N SHERIDAN RD,4652,,N,SHERIDAN,RD,417325,2023-09-24T00:00:00Z,: Industrial exhaust used by DOS Bros is very loud in my apartment and shakes the floors and walls casing building damage. Please help!&nbsp;,DEPT. OF PUBLIC HEALTH,Alleged violation not found,2023-09-26T00:00:00Z,41.96703976288,-87.65494521476,POINT (-87.65494521476 41.967039762881),ASPIRE,2111 S WABASH,60616,MULTIFAMILY HOUSING,68.0,1518.6,41.966756,-87.654648
601441377,Noise Complaint,4652 N SHERIDAN RD,4652,,N,SHERIDAN,RD,417325,2023-09-24T00:00:00Z,: Industrial exhaust used by DOS Bros is very loud in my apartment and shakes the floors and walls casing building damage. Please help!&nbsp;,DEPT. OF PUBLIC HEALTH,Alleged violation not found,2023-09-26T00:00:00Z,41.96703976288,-87.65494521476,POINT (-87.65494521476 41.967039762881),BVM HALL/SES-ID#175895,6364 N SHERIDAN RD,60660,OFFICE,83.0,570.1,41.967376,-87.654882
601441377,Noise Complaint,4652 N SHERIDAN RD,4652,,N,SHERIDAN,RD,417325,2023-09-24T00:00:00Z,: Industrial exhaust used by DOS Bros is very loud in my apartment and shakes the floors and walls casing building damage. Please help!&nbsp;,DEPT. OF PUBLIC HEALTH,Alleged violation not found,2023-09-26T00:00:00Z,41.96703976288,-87.65494521476,POINT (-87.65494521476 41.967039762881),(IL392) - TRIBUNE TOWER (435 N MICHIGAN AVENUE),435 N MICHIGAN AVENUE,60611,MULTIFAMILY HOUSING,74.0,4084.6,41.966667,-87.654942
601418672,Noise Complaint,1 W SUPERIOR ST,1,,W,SUPERIOR,ST,417325,2023-08-18T00:00:00Z,,DEPT. OF PUBLIC HEALTH,Complaint Valid,2023-08-22T00:00:00Z,41.8955683487,-87.62825186147,POINT (-87.628251861473 41.895568348703),LAKE PARK PLAZA CONDOMINIUM ASSOCIATION,3930 N PINE GROVE AVE,60613,MULTIFAMILY HOUSING,73.0,2684.9,41.895568,-87.628252
601418672,Noise Complaint,1 W SUPERIOR ST,1,,W,SUPERIOR,ST,417325,2023-08-18T00:00:00Z,,DEPT. OF PUBLIC HEALTH,Complaint Valid,2023-08-22T00:00:00Z,41.8955683487,-87.62825186147,POINT (-87.628251861473 41.895568348703),1000 S CLARK (KS50),1000 S CLARK ST,60605,MULTIFAMILY HOUSING,49.0,2803.5,41.895869,-87.628033
601443503,Noise Complaint,1606 E HYDE PARK BLVD,1606,,E,HYDE PARK,BLVD,129151,2023-09-27T00:00:00Z,AIR CONDITION IS NEXT TO THE PARKING LOT SIDE OF BUILDING. MAKING A LOT OF NOISE. UNIT ISON THE NORTH SIDE OF BUILDING,DEPT. OF PUBLIC HEALTH,Resolved,2023-09-28T00:00:00Z,41.80260873548,-87.5861141912,POINT (-87.586114191196 41.80260873548),ALGONOUIN #6,1606 E HYDE PARK BOULEVARD,60615,MULTIFAMILY HOUSING,17.0,485.7,41.802826,-87.585565
601443503,Noise Complaint,1606 E HYDE PARK BLVD,1606,,E,HYDE PARK,BLVD,129151,2023-09-27T00:00:00Z,AIR CONDITION IS NEXT TO THE PARKING LOT SIDE OF BUILDING. MAKING A LOT OF NOISE. UNIT ISON THE NORTH SIDE OF BUILDING,DEPT. OF PUBLIC HEALTH,Resolved,2023-09-28T00:00:00Z,41.80260873548,-87.5861141912,POINT (-87.586114191196 41.80260873548),2921 S MICHIGAN,3001 S MICHIGAN AVE,60616,MULTIFAMILY HOUSING,37.0,450.5,41.803301,-87.58613
601443503,Noise Complaint,1606 E HYDE PARK BLVD,1606,,E,HYDE PARK,BLVD,129151,2023-09-27T00:00:00Z,AIR CONDITION IS NEXT TO THE PARKING LOT SIDE OF BUILDING. MAKING A LOT OF NOISE. UNIT ISON THE NORTH SIDE OF BUILDING,DEPT. OF PUBLIC HEALTH,Resolved,2023-09-28T00:00:00Z,41.80260873548,-87.5861141912,POINT (-87.586114191196 41.80260873548),(IL0444) - VB 1224 LOFTS CA (1224 W VAN BUREN),1224 W VAN BUREN,60607,MULTIFAMILY HOUSING,60.0,1462.6,41.803309,-87.585669
601447765,Air Pollution Work Order,6960 N WOLCOTT AVE,6960,,N,WOLCOTT,AVE,417337,2023-10-03T00:00:00Z,,DEPT. OF PUBLIC HEALTH,Resolved,2023-10-04T00:00:00Z,42.00830436024,-87.67818537681,POINT (-87.678185376807 42.008304360241),PARKSIDE OF OLD TOWN PHASE III MIDRISE,532 W HOBBIE 551 W ELM 531 W ELM,60610,MULTIFAMILY HOUSING,36.0,745.4,42.007759,-87.678167
601452277,Air Pollution Work Order,2 N MICHIGAN AVE,2,,N,MICHIGAN,AVE,249349,2023-10-11T00:00:00Z,THE CALLER STATED THAT THE CHICKEN GREASE SMELL BAD AND CAUSING PEOPLE NAUSEA,DEPT. OF PUBLIC HEALTH,Alleged violation not found,2023-10-12T00:00:00Z,41.88216416733,-87.62451427362,POINT (-87.624514273622 41.88216416733),314 WEST SUPERIOR STREET,314 WEST SUPERIOR STREET,60654,OFFICE,78.0,639.2,41.882248,-87.624517
601452277,Air Pollution Work Order,2 N MICHIGAN AVE,2,,N,MICHIGAN,AVE,249349,2023-10-11T00:00:00Z,THE CALLER STATED THAT THE CHICKEN GREASE SMELL BAD AND CAUSING PEOPLE NAUSEA,DEPT. OF PUBLIC HEALTH,Alleged violation not found,2023-10-12T00:00:00Z,41.88216416733,-87.62451427362,POINT (-87.624514273622 41.88216416733),4101 S CALUMET AVENUE,4101 S CALUMET AVENUE,60653,MULTIFAMILY HOUSING,20.0,463.9,41.8819,-87.624507
601312001,Air Pollution Work Order,901 W MADISON ST,901,,W,MADISON,ST,249349,2023-02-28T00:00:00Z,There is a sewer smell in the building as soon as you enter. It's throughout the hallways as well.,DEPT. OF PUBLIC HEALTH,Refer to Building Dept,2023-03-01T00:00:00Z,41.88162693657,-87.64975194168,POINT (-87.64975194168 41.881626936573),MADISON,939-949  W MADISON STREET,60607,MULTIFAMILY HOUSING,98.0,480.2,41.881846,-87.64976
601312001,Air Pollution Work Order,901 W MADISON ST,901,,W,MADISON,ST,249349,2023-02-28T00:00:00Z,There is a sewer smell in the building as soon as you enter. It's throughout the hallways as well.,DEPT. OF PUBLIC HEALTH,Refer to Building Dept,2023-03-01T00:00:00Z,41.88162693657,-87.64975194168,POINT (-87.64975194168 41.881626936573),LAKE VILLAGE EAST APTS,4700 SOUTH LAKE PARK AVE,60615,MULTIFAMILY HOUSING,83.0,946.6,41.882173,-87.649857
601329569,Noise Complaint,441 E ERIE ST,441,,E,ERIE,ST,129151,2023-04-03T00:00:00Z,THIS IS ALL RESIDENTIAL BUILDING---THE MGMT CO.----GROUP FOX--773-267-5600-----------CALL BEFORE COMING OUTTHIS IS A HIGH-RISE BUILDING WITH 59 FLOORS AND THE NOISE IS COMING FROM THE ROOFTOP EQUIPMENT ROOM&nbsp;,DEPT. OF PUBLIC HEALTH,Resolved,2023-04-05T00:00:00Z,41.89416115508,-87.61620201268,POINT (-87.616202012684 41.89416115508),ALCOTT ES,2625 N ORCHARD ST,60614,K-12 SCHOOL,82.0,260.0,41.894161,-87.616202
601351438,Noise Complaint,680 S FEDERAL ST,680,,S,FEDERAL,ST,417325,2023-05-05T00:00:00Z,,DEPT. OF PUBLIC HEALTH,Complaint Valid,2023-06-16T00:00:00Z,41.87341637357,-87.62977671782,POINT (-87.629776717815 41.873416373566),"03181AS - CHICAGO, IL",87 W 87TH STREET,60620,SUPERMARKET/GROCERY STORE,45.0,1860.6,41.873033,-87.630486
601343151,Noise Complaint,1317 W MORSE AVE,1317,,W,MORSE,AVE,129151,2023-04-25T00:00:00Z,Thanks for checking on this. It is a huge pain in the ass. It is this large apartment building. They have a generator room that is brutally loud. You can hear it from down the block.,DEPT. OF PUBLIC HEALTH,Alleged violation not found,2023-04-26T00:00:00Z,42.00782468034,-87.66446357753,POINT (-87.664463577532 42.007824680338),154-60 N LASALLE,160 N LASALLE ST,60601,OFFICE,73.0,2766.3,42.008058,-87.66356
601428687,Noise Complaint,1112 S WABASH AVE,1112,,S,WABASH,AVE,129151,2023-09-05T00:00:00Z,Previously complained on SR23-01470286 ws a high pitched screeching sound - now it is a loud rattling noise of a motor - noticeable behind the building in alley. Almost positive it is the 1112 bldg however it could be the 1104 Columbia University bldg.,DEPT. OF PUBLIC HEALTH,Resolved,2023-09-06T00:00:00Z,41.86883410488,-87.62600895041,POINT (-87.626008950412 41.868834104882),CHICAGO,1 WEST WASHINGTON ST,60602,HOTEL,7.0,1195.7,41.869063,-87.626016
601466926,Construction and Demolition,200 E PEARSON ST,200,,E,PEARSON,ST,3308,2023-11-06T00:00:00Z,New roof being installed. Debris flies off roof and cuts into the siding of the building next door (210 E. Pearson St.),DEPT. OF PUBLIC HEALTH,Alleged violation not found,2023-11-07T00:00:00Z,41.89772600484,-87.62175937836,POINT (-87.621759378357 41.897726004842),1143 S PLYMOUTH COURT,1143 S PLLYMOUTH COURT,60605,MULTIFAMILY HOUSING,80.0,640.9,41.898311,-87.62177
601342171,Construction and Demolition,819 W LAWRENCE AVE,819,,W,LAWRENCE,AVE,3308,2023-04-24T00:00:00Z,,DEPT. OF PUBLIC HEALTH,Resolved,2023-04-25T00:00:00Z,41.96903134012,-87.6510068329,POINT (-87.651006832896 41.969031340115),LAS AMERICAS APARTMENTS,1611 S RACINE AVE,60608,MULTIFAMILY HOUSING,75.0,763.2,41.969249,-87.651102
601336352,Noise Complaint,725 S WELLS ST,725,,S,WELLS,ST,417325,2023-04-13T00:00:00Z,,DEPT. OF PUBLIC HEALTH,Alleged violation not found,2023-04-14T00:00:00Z,41.8728233617,-87.6334446048,POINT (-87.633444604796 41.872823361702),6101 NORTH CLARK,6101 NORTH CLARK STREET,60660,MULTIFAMILY HOUSING,,218.0,41.873256,-87.633454
601336352,Noise Complaint,725 S WELLS ST,725,,S,WELLS,ST,417325,2023-04-13T00:00:00Z,,DEPT. OF PUBLIC HEALTH,Alleged violation not found,2023-04-14T00:00:00Z,41.8728233617,-87.6334446048,POINT (-87.633444604796 41.872823361702),"1547 CSR-CHICAGO WELLS, LLC",725 S WELLS,60607,DATA CENTER,,1620.0,41.872586,-87.633252
601427990,Noise Complaint,2426 N CLARK ST,2426,,N,CLARK,ST,129151,2023-09-04T00:00:00Z,Horrible mechanical grinding noises - potentially from air conditioner or other fan machine on roof of building - has been occurring 24/7 every few minutes for the last week.,DEPT. OF PUBLIC HEALTH,Resolved,2023-09-05T00:00:00Z,41.92625187626,-87.64105058986,POINT (-87.641050589862 41.926251876261),(IL504) - 33E CONDO ASSOCIATION (33 E CEDAR ST),33 E CEDAR ST,60611,MULTIFAMILY HOUSING,91.0,638.4,41.926202,-87.641021
601427990,Noise Complaint,2426 N CLARK ST,2426,,N,CLARK,ST,129151,2023-09-04T00:00:00Z,Horrible mechanical grinding noises - potentially from air conditioner or other fan machine on roof of building - has been occurring 24/7 every few minutes for the last week.,DEPT. OF PUBLIC HEALTH,Resolved,2023-09-05T00:00:00Z,41.92625187626,-87.64105058986,POINT (-87.641050589862 41.926251876261),1414 NORTH WELLS CONDOMINIUM ASSOCIATION,1414 N WELLS ST,60610,MULTIFAMILY HOUSING,91.0,336.1,41.925687,-87.640958
601428682,Noise Complaint,444 W FULLERTON PKWY,444,,W,FULLERTON,PKWY,417325,2023-09-05T00:00:00Z,"I reside at 444 W Fullerton Parkway and have been experiencing a persistent and disruptive industrial machinery noise every few minutes, day and night, for an entire week. Noise can be heard on Clark and Fullerton. Not sure where the noise froms.",DEPT. OF PUBLIC HEALTH,Alleged violation not found,2023-09-06T00:00:00Z,41.92568726351,-87.64095823959,POINT (-87.640958239588 41.925687263511),(IL504) - 33E CONDO ASSOCIATION (33 E CEDAR ST),33 E CEDAR ST,60611,MULTIFAMILY HOUSING,91.0,638.4,41.926202,-87.641021
601428682,Noise Complaint,444 W FULLERTON PKWY,444,,W,FULLERTON,PKWY,417325,2023-09-05T00:00:00Z,"I reside at 444 W Fullerton Parkway and have been experiencing a persistent and disruptive industrial machinery noise every few minutes, day and night, for an entire week. Noise can be heard on Clark and Fullerton. Not sure where the noise froms.",DEPT. OF PUBLIC HEALTH,Alleged violation not found,2023-09-06T00:00:00Z,41.92568726351,-87.64095823959,POINT (-87.640958239588 41.925687263511),1414 NORTH WELLS CONDOMINIUM ASSOCIATION,1414 N WELLS ST,60610,MULTIFAMILY HOUSING,91.0,336.1,41.925687,-87.640958
601339186,Noise Complaint,400 E SOUTH WATER ST,400,,E,SOUTH WATER,ST,129151,2023-04-15T00:00:00Z,"Some piece of equipment beneath the St Regis Tower, on the lower level at Lakeshore East Park, sounds like an airplane engine at 6am on Saturday. This is not the first time",DEPT. OF PUBLIC HEALTH,Resolved,2023-04-21T00:00:00Z,41.8866335194,-87.61741342043,POINT (-87.617413420432 41.886633519398),CURIE HS,4959 S ARCHER AVE,60632,K-12 SCHOOL,21.0,3422.6,41.886634,-87.617413
601339186,Noise Complaint,400 E SOUTH WATER ST,400,,E,SOUTH WATER,ST,129151,2023-04-15T00:00:00Z,"Some piece of equipment beneath the St Regis Tower, on the lower level at Lakeshore East Park, sounds like an airplane engine at 6am on Saturday. This is not the first time",DEPT. OF PUBLIC HEALTH,Resolved,2023-04-21T00:00:00Z,41.8866335194,-87.61741342043,POINT (-87.617413420432 41.886633519398),1063 - ROYAL SONESTA CHICAGO RIVERFRONT 71 E WACKER DRIVE - SVC,71 E WACKER DRIVE,60601,HOTEL,81.0,2848.2,41.887027,-87.616589
601473958,Air Pollution Work Order,7530 S CONSTANCE AVE,7530,,S,CONSTANCE,AVE,10937,2023-11-23T00:00:00Z,,DEPT. OF PUBLIC HEALTH,Alleged violation not found,2023-11-24T00:00:00Z,41.75789563862,-87.57993840779,POINT (-87.579938407789 41.757895638623),JUDGE HARRY M FISHER APARTMENTS,5821 N BROADWAY STREET,60660,MULTIFAMILY HOUSING,73.0,910.8,41.757956,-87.579646
601386395,Service Stations/Storage Tanks Work Order,301 N CLINTON ST,301,,N,CLINTON,ST,426086,2023-06-27T00:00:00Z,,DEPT. OF PUBLIC HEALTH,Complaint Valid,2023-06-29T00:00:00Z,41.88687645177,-87.64119059362,POINT (-87.641190593617 41.886876451774),(IL611) - 700 W VAN BUREN CONDO (700 W VAN BUREN),700 W VAN BUREN,60607,MULTIFAMILY HOUSING,73.0,674.9,41.886624,-87.641479
601447732,Construction and Demolition,1902 W MORSE AVE,1902,,W,MORSE,AVE,417337,2023-10-03T00:00:00Z,Creating a lot of dust throwing things out window into trucks below,DEPT. OF PUBLIC HEALTH,Resolved,2023-10-04T00:00:00Z,42.00780767328,-87.67825896959,POINT (-87.678258969589 42.007807673276),PARKSIDE OF OLD TOWN PHASE III MIDRISE,532 W HOBBIE 551 W ELM 531 W ELM,60610,MULTIFAMILY HOUSING,36.0,745.4,42.007759,-87.678167
601421902,Noise Complaint,1521 S WABASH AVE,1521,,S,WABASH,AVE,129151,2023-08-24T00:00:00Z,Compressor on roof in disrepair continues to cause noise pollution at all hours of day and night that can be heard inside other buildings,DEPT. OF PUBLIC HEALTH,Resolved,2023-08-15T00:00:00Z,41.86132451284,-87.62554225943,POINT (-87.625542259426 41.86132451284),ROSCOE SOUARE/ 90034,3330 N WESTERN AVE,60618,STRIP MALL,,2059.5,41.861425,-87.625838
601397929,Construction and Demolition,1723 S MICHIGAN AVE,1723,,S,MICHIGAN,AVE,84397,2023-07-19T00:00:00Z,,DEPT. OF PUBLIC HEALTH,Resolved,2023-07-19T00:00:00Z,41.85838553432,-87.62379856721,POINT (-87.62379856721 41.85838553432),LAKE MEADOWS BUILDING 9,501 E 32ND STREET,60616,MULTIFAMILY HOUSING,33.0,2112.7,41.858438,-87.624093
601397929,Construction and Demolition,1723 S MICHIGAN AVE,1723,,S,MICHIGAN,AVE,84397,2023-07-19T00:00:00Z,,DEPT. OF PUBLIC HEALTH,Resolved,2023-07-19T00:00:00Z,41.85838553432,-87.62379856721,POINT (-87.62379856721 41.85838553432),OPERA LOFTS CONDOMINIUMS,2545 S DEARBORN,60616,MULTIFAMILY HOUSING,97.0,701.0,41.857817,-87.623785
601434106,Noise Complaint,2020 N LINCOLN PARK WEST,2020,,N,LINCOLN PARK WEST,,417325,2023-09-12T00:00:00Z,"LOCATED IN ""EQUIPMENT PENTHOUSE,"" MGMT BELIEVES IT IS COMING FROM BOILER OR CHILLER, CALLER BELIEVES IT WAS IMPROPERLY INSTALLED LOUD NOISE IS COMING FROM ABOVE CALLERS UNIT, WAS PROFESSIONALLY SURVEYED AND DECIBAL LEVEL WELL OVER 60, PER CALLER, IN VIOLATION OF CITY'S BYLAWS",DEPT. OF PUBLIC HEALTH,Alleged violation not found,2023-09-13T00:00:00Z,41.91935710062,-87.63653408082,POINT (-87.636534080818 41.919357100617),ONNI 200 LASALLE,200 N LASALLE AVE,60601,OFFICE,80.0,4249.0,41.919357,-87.636534
601434106,Noise Complaint,2020 N LINCOLN PARK WEST,2020,,N,LINCOLN PARK WEST,,417325,2023-09-12T00:00:00Z,"LOCATED IN ""EQUIPMENT PENTHOUSE,"" MGMT BELIEVES IT IS COMING FROM BOILER OR CHILLER, CALLER BELIEVES IT WAS IMPROPERLY INSTALLED LOUD NOISE IS COMING FROM ABOVE CALLERS UNIT, WAS PROFESSIONALLY SURVEYED AND DECIBAL LEVEL WELL OVER 60, PER CALLER, IN VIOLATION OF CITY'S BYLAWS",DEPT. OF PUBLIC HEALTH,Alleged violation not found,2023-09-13T00:00:00Z,41.91935710062,-87.63653408082,POINT (-87.636534080818 41.919357100617),DIVERSEY III LLC,424 W DIVERSEY PKWY,60614,MULTIFAMILY HOUSING,94.0,546.0,41.918959,-87.636536
601451487,Noise Complaint,2754 N HAMPDEN CT,2754,,N,HAMPDEN,CT,8386,2023-10-10T00:00:00Z,Construction noise from 8am to 6pm every day lasts for over a month and no plan to stop. Concrete debris flying in the air.,DEPT. OF PUBLIC HEALTH,Complaint Valid,2023-10-11T00:00:00Z,41.93206231828,-87.6424488005,POINT (-87.642448800495 41.93206231828),750 N ORLEANS STREET,750 N ORLEANS STREET,60654,OFFICE,55.0,705.5,41.93152,-87.64213
601379780,Noise Complaint,2211 N MILWAUKEE AVE,2211,,N,MILWAUKEE,AVE,129151,2023-06-18T00:00:00Z,There is a loud screeching noise coming from the roof top. It cycles on and off all day and night. It's louder and more piercing than the traing going by,DEPT. OF PUBLIC HEALTH,Alleged violation not found,2023-06-20T00:00:00Z,41.92107615756,-87.69413785909,POINT (-87.694137859093 41.921076157561),VIRIDIAN ON SHERIDAN (VR033),734 W SHERIDAN RD,60613,MULTIFAMILY HOUSING,67.0,592.9,41.921076,-87.694138
601411990,Noise Complaint,501 W SURF ST,501,,W,SURF,ST,417325,2023-08-09T00:00:00Z,"Noise is constant, 24/7, regardless of weather. Has been occurring all summer. I measured with a scientific noise meter at 69 dBA from my deck at nights (2 am and 5 am). Noise is similar within my bedroom if we open the windows.&nbsp;",DEPT. OF PUBLIC HEALTH,Complaint Valid,2023-09-22T00:00:00Z,41.93419516579,-87.64140393809,POINT (-87.641403938087 41.934195165792),1247-1249 WEST MADISON LLC,1239-1259 W MADISON ST,60607,MULTIFAMILY HOUSING,98.0,419.9,41.934195,-87.641404
601388472,Noise Complaint,301 E NORTH WATER ST,301,,E,NORTH WATER,ST,417325,2023-07-01T00:00:00Z,The Sheraton hotel HVAC was working much better and quieter until today . Today something must of broke because it is consistently squealing all day.&nbsp;,DEPT. OF PUBLIC HEALTH,Alleged violation not found,2023-07-05T00:00:00Z,41.88945828011,-87.62036837643,POINT (-87.620368376429 41.889458280109),WILDWOOD,6950 N HIAWATHA AVE,60646,K-12 SCHOOL,91.0,165.7,41.889458,-87.620368
601413909,Noise Complaint,200 E OHIO ST,200,,E,OHIO,ST,417325,2023-08-13T00:00:00Z,,DEPT. OF PUBLIC HEALTH,Alleged violation not found,2023-08-15T00:00:00Z,41.89267129069,-87.62257220248,POINT (-87.622572202481 41.892671290686),AINSLIE PARK CONDOMINIUM ASSOCIATION,840-846 W AINSLIE ST,60640,MULTIFAMILY HOUSING,76.0,308.6,41.893251,-87.622792
601413909,Noise Complaint,200 E OHIO ST,200,,E,OHIO,ST,417325,2023-08-13T00:00:00Z,,DEPT. OF PUBLIC HEALTH,Alleged violation not found,2023-08-15T00:00:00Z,41.89267129069,-87.62257220248,POINT (-87.622572202481 41.892671290686),"WASHINGTON FRANKLIN, LLC",309 W WASHINGTON ST,60606,OFFICE,71.0,687.8,41.893469,-87.622894
601413909,Noise Complaint,200 E OHIO ST,200,,E,OHIO,ST,417325,2023-08-13T00:00:00Z,,DEPT. OF PUBLIC HEALTH,Alleged violation not found,2023-08-15T00:00:00Z,41.89267129069,-87.62257220248,POINT (-87.622572202481 41.892671290686),3300 LAKE SHORE DRIVE CONDOMINIUM ASSOCIATION,3300 N LAKE SHORE DRIVE,60657,MULTIFAMILY HOUSING,62.0,776.9,41.892514,-87.622835
601297630,Asbestos Work Order,1252 W COLUMBIA AVE,1252,,W,COLUMBIA,AVE,379542,2023-01-22T00:00:00Z,boby and the board have known there is asbestos to be remediated in the boiler room for at least one year and have failed to solve the issue,DEPT. OF PUBLIC HEALTH,Resolved,2023-01-23T00:00:00Z,42.00461095853,-87.66294751174,POINT (-87.662947511737 42.004610958526),222 E PEARSON CONDOMINIUM ASSOCIATION,222 E PEARSON,60611,MULTIFAMILY HOUSING,70.0,1341.9,42.005394,-87.6632
601410266,Noise Complaint,1252 N WELLS ST,1252,,N,WELLS,ST,84397,2023-08-05T00:00:00Z,,DEPT. OF PUBLIC HEALTH,Resolved,2023-08-07T00:00:00Z,41.90543300791,-87.63468085706,POINT (-87.634680857065 41.905433007909),PARAMOUNT LOFTS CONDOMINIUM ASSOCIATION,1645 W OGDEN,60612,MULTIFAMILY HOUSING,38.0,1834.5,41.904831,-87.635028
601348027,Construction and Demolition,225 W RANDOLPH ST,225,,W,RANDOLPH,ST,3308,2023-05-02T00:00:00Z,,DEPT. OF PUBLIC HEALTH,Alleged violation not found,2023-05-03T00:00:00Z,41.88435557962,-87.63463654989,POINT (-87.634636549891 41.884355579622),229-SENIOR SUITES-AUSTIN,335 N MENARD AVENUE,60644,SENIOR LIVING COMMUNITY,4.0,456.4,41.884356,-87.634637
601357274,Construction and Demolition,3604 N PINE GROVE AVE,3604,,N,PINE GROVE,AVE,417337,2023-05-17T00:00:00Z,,DEPT. OF PUBLIC HEALTH,Alleged violation not found,2023-05-17T00:00:00Z,41.94804042642,-87.64577604863,POINT (-87.645776048633 41.948040426419),ELEVATE CARE CHICAGO NORTH,2451 WEST TOUHY AVENUE,60645,SENIOR LIVING COMMUNITY,52.0,998.5,41.947933,-87.645712
601319464,Construction and Demolition,5047 N SHERIDAN RD,5047,,N,SHERIDAN,RD,3308,2023-03-16T00:00:00Z,&nbsp;Construction fence has fallen over blocking the sidewalk,DEPT. OF PUBLIC HEALTH,Alleged violation not found,2023-03-17T00:00:00Z,41.97472755169,-87.65481937663,POINT (-87.654819376629 41.974727551692),(IL695) - THE PIERRE CONDOMINIUM (2100 N LINCOLN PARK WEST),2100 N LINCOLN PARK WEST,60614,MULTIFAMILY HOUSING,69.0,1103.3,41.974732,-87.655114
601473782,Air Pollution Work Order,1845 N LARRABEE ST,1845,,N,LARRABEE,ST,417337,2023-11-22T00:00:00Z,,DEPT. OF PUBLIC HEALTH,Refer to Building Dept,2023-11-22T00:00:00Z,41.91597395112,-87.64344616729,POINT (-87.643446167294 41.915973951117),THE FRANKLIN (227 WEST MONROE; 222 WEST ADAMS),227 WEST MONROE,60606,OFFICE,88.0,14740.1,41.915974,-87.643446
601440860,Noise Complaint,4652 N SHERIDAN RD,4652,,N,SHERIDAN,RD,417325,2023-09-23T00:00:00Z,"DosBros is operating a large, industrial fan on the rooftop that is causing a loud rumble along with shaking throughout my apartment. They have stated they wish to run this fan daily between 6AM and 11AM&nbsp;",DEPT. OF PUBLIC HEALTH,Alleged violation not found,2023-09-26T00:00:00Z,41.96703976288,-87.65494521476,POINT (-87.65494521476 41.967039762881),ASPIRE,2111 S WABASH,60616,MULTIFAMILY HOUSING,68.0,1518.6,41.966756,-87.654648
601440860,Noise Complaint,4652 N SHERIDAN RD,4652,,N,SHERIDAN,RD,417325,2023-09-23T00:00:00Z,"DosBros is operating a large, industrial fan on the rooftop that is causing a loud rumble along with shaking throughout my apartment. They have stated they wish to run this fan daily between 6AM and 11AM&nbsp;",DEPT. OF PUBLIC HEALTH,Alleged violation not found,2023-09-26T00:00:00Z,41.96703976288,-87.65494521476,POINT (-87.65494521476 41.967039762881),BVM HALL/SES-ID#175895,6364 N SHERIDAN RD,60660,OFFICE,83.0,570.1,41.967376,-87.654882
601440860,Noise Complaint,4652 N SHERIDAN RD,4652,,N,SHERIDAN,RD,417325,2023-09-23T00:00:00Z,"DosBros is operating a large, industrial fan on the rooftop that is causing a loud rumble along with shaking throughout my apartment. They have stated they wish to run this fan daily between 6AM and 11AM&nbsp;",DEPT. OF PUBLIC HEALTH,Alleged violation not found,2023-09-26T00:00:00Z,41.96703976288,-87.65494521476,POINT (-87.65494521476 41.967039762881),(IL392) - TRIBUNE TOWER (435 N MICHIGAN AVENUE),435 N MICHIGAN AVENUE,60611,MULTIFAMILY HOUSING,74.0,4084.6,41.966667,-87.654942
601398630,Construction and Demolition,350 N CANAL ST,350,,N,CANAL,ST,84397,2023-07-20T00:00:00Z,,DEPT. OF PUBLIC HEALTH,Resolved,2023-07-20T00:00:00Z,41.88825809463,-87.64011224908,POINT (-87.640112249084 41.888258094627),607 WRIGHTWOOD CONDOMINIUM ASSOCIATION,607 W WRIGHTWOOD AVE,60614,MULTIFAMILY HOUSING,63.0,484.0,41.888166,-87.639815
601398630,Construction and Demolition,350 N CANAL ST,350,,N,CANAL,ST,84397,2023-07-20T00:00:00Z,,DEPT. OF PUBLIC HEALTH,Resolved,2023-07-20T00:00:00Z,41.88825809463,-87.64011224908,POINT (-87.640112249084 41.888258094627),NORWETA APARTMENTS - 2611 N HERMITAGE,2611 NORTH HERMITAGE AVE,60614,MULTIFAMILY HOUSING,98.0,348.4,41.888112,-87.640107
601398630,Construction and Demolition,350 N CANAL ST,350,,N,CANAL,ST,84397,2023-07-20T00:00:00Z,,DEPT. OF PUBLIC HEALTH,Resolved,2023-07-20T00:00:00Z,41.88825809463,-87.64011224908,POINT (-87.640112249084 41.888258094627),COMMONWEALTH PLAZA CONDOMINIUM ASSOCIATION,330 WEST DIVERSEY PARKWAY,60657,MULTIFAMILY HOUSING,60.0,3117.1,41.887872,-87.639806
601462987,Asbestos Work Order,5480 S CORNELL AVE,5480,,S,CORNELL,AVE,379542,2023-10-30T00:00:00Z,,DEPT. OF PUBLIC HEALTH,Resolved,2023-10-31T00:00:00Z,41.79577268884,-87.5855735685,POINT (-87.585573568497 41.795772688841),THE THOMPSON BUILDING,350 N CLARK ST,60654,OFFICE,51.0,1081.2,41.795773,-87.585574
601310944,Noise Complaint,4645 N SHERIDAN RD,4645,,N,SHERIDAN,RD,417325,2023-02-24T00:00:00Z,,DEPT. OF PUBLIC HEALTH,Resolved,2023-02-27T00:00:00Z,41.96675613103,-87.65464848123,POINT (-87.65464848123 41.966756131029),ASPIRE,2111 S WABASH,60616,MULTIFAMILY HOUSING,68.0,1518.6,41.966756,-87.654648
601310944,Noise Complaint,4645 N SHERIDAN RD,4645,,N,SHERIDAN,RD,417325,2023-02-24T00:00:00Z,,DEPT. OF PUBLIC HEALTH,Resolved,2023-02-27T00:00:00Z,41.96675613103,-87.65464848123,POINT (-87.65464848123 41.966756131029),BVM HALL/SES-ID#175895,6364 N SHERIDAN RD,60660,OFFICE,83.0,570.1,41.967376,-87.654882
601310944,Noise Complaint,4645 N SHERIDAN RD,4645,,N,SHERIDAN,RD,417325,2023-02-24T00:00:00Z,,DEPT. OF PUBLIC HEALTH,Resolved,2023-02-27T00:00:00Z,41.96675613103,-87.65464848123,POINT (-87.65464848123 41.966756131029),(IL392) - TRIBUNE TOWER (435 N MICHIGAN AVENUE),435 N MICHIGAN AVENUE,60611,MULTIFAMILY HOUSING,74.0,4084.6,41.966667,-87.654942
601417084,Asbestos Work Order,7020 S JEFFERY BLVD,7020,,S,JEFFERY,BLVD,425726,2023-08-16T00:00:00Z,I don’t know if abestos is in my unit but I would love for it to be checked. I didn’t move (7 1/2 years ago) in here with autoimmune problems. Now I’ve been diagnosed with Polymiositis back in 2019 after I slipped &amp; fell on this property due to negligence,DEPT. OF PUBLIC HEALTH,Resolved,2023-08-21T00:00:00Z,41.76735295457,-87.57647795845,POINT (-87.576477958446 41.767352954568),TAYLOR STREET LIBRARY APARTMENTS,1346 W TAYLOR ST,60607,MULTIFAMILY HOUSING,70.0,451.3,41.767353,-87.576478
601405003,Noise Complaint,50 E CHESTNUT ST,50,,E,CHESTNUT,ST,417325,2023-07-27T00:00:00Z,: I believe the 4 ventilation fans for the indoor garage are the problem located below the outdoor pool. The noise is above 55 decibels even at 2 AM. It is continuous then shuts off for 3 minutes then reoccurs. Cannot open our windows,DEPT. OF PUBLIC HEALTH,Complaint Valid,2023-07-31T00:00:00Z,41.8984650062,-87.62633254606,POINT (-87.626332546058 41.898465006201),FORTY EAST CEDAR CONDOMINIUM,40 E CEDAR ST,60611,MULTIFAMILY HOUSING,80.0,492.6,41.897974,-87.626338
601405003,Noise Complaint,50 E CHESTNUT ST,50,,E,CHESTNUT,ST,417325,2023-07-27T00:00:00Z,: I believe the 4 ventilation fans for the indoor garage are the problem located below the outdoor pool. The noise is above 55 decibels even at 2 AM. It is continuous then shuts off for 3 minutes then reoccurs. Cannot open our windows,DEPT. OF PUBLIC HEALTH,Complaint Valid,2023-07-31T00:00:00Z,41.8984650062,-87.62633254606,POINT (-87.626332546058 41.898465006201),RANDOLPH TOWER CITY APARTMENTS,188 W RANDOLPH ST,60601,MULTIFAMILY HOUSING,27.0,2549.2,41.898465,-87.626333
601379894,Noise Complaint,1 W SUPERIOR ST,1,,W,SUPERIOR,ST,417325,2023-06-18T00:00:00Z,The air handlers are on the top deck of the parking garage. They have gotten steadily louder over the last year. Using the NIOSH app on an iPad they will occasionally read extremely high.,DEPT. OF PUBLIC HEALTH,Resolved,2023-06-21T00:00:00Z,41.8955683487,-87.62825186147,POINT (-87.628251861473 41.895568348703),LAKE PARK PLAZA CONDOMINIUM ASSOCIATION,3930 N PINE GROVE AVE,60613,MULTIFAMILY HOUSING,73.0,2684.9,41.895568,-87.628252
601379894,Noise Complaint,1 W SUPERIOR ST,1,,W,SUPERIOR,ST,417325,2023-06-18T00:00:00Z,The air handlers are on the top deck of the parking garage. They have gotten steadily louder over the last year. Using the NIOSH app on an iPad they will occasionally read extremely high.,DEPT. OF PUBLIC HEALTH,Resolved,2023-06-21T00:00:00Z,41.8955683487,-87.62825186147,POINT (-87.628251861473 41.895568348703),1000 S CLARK (KS50),1000 S CLARK ST,60605,MULTIFAMILY HOUSING,49.0,2803.5,41.895869,-87.628033
601342152,Air Pollution Work Order,2715 N CICERO AVE,2715,,N,CICERO,AVE,417337,2023-04-24T00:00:00Z,"Apt 405 - caller says the senior housing (Senior Suites of Kelvyn Park) has some kind of ash/dust floating in the air, that covers surfaces and clothes overnight. caller would like to meet with the inspectors so they can see the multiple videos he has of this dust/ash. Bldg mgmt tries to retaliate when caller addresses this issue with mgmt.",DEPT. OF PUBLIC HEALTH,Alleged violation not found,2023-04-25T00:00:00Z,41.93012656883,-87.74638853895,POINT (-87.746388538949 41.930126568826),ACME HOTEL COMPANY,15 E OHIO ST,60611,HOTEL,82.0,544.8,41.930127,-87.746389
601328619,Air Pollution Work Order,2800 N LAKE SHORE DR,2800,,N,LAKE SHORE,DR,10937,2023-03-28T00:00:00Z,"Constant construction emitting noxious odors, so bad that I have to leave my apt and can't sleep at night. I don't know what chemicals are in violation, or which chemicals are being used, but neither does the Management. I am an 80 year old senior citizen whose health is being compromised by these constant, horrible smells. Please help!!!",DEPT. OF PUBLIC HEALTH,Alleged violation not found,2023-04-03T00:00:00Z,41.93290246651,-87.63637316515,POINT (-87.636373165151 41.932902466506),203 NORTH LASALLE,203 N LASALLE STREET,60601,OFFICE,76.0,4751.2,41.932902,-87.636373
601391899,Construction and Demolition,5815 N SHERIDAN RD,5815,,N,SHERIDAN,RD,379542,2023-07-07T00:00:00Z,"Lots of dust from the work they are doing, and scaffolding that is stacked un safely. Moreover there are supplies spilling through the fencing",DEPT. OF PUBLIC HEALTH,Resolved,2023-07-10T00:00:00Z,41.98782830709,-87.65517078153,POINT (-87.655170781532 41.987828307086),KENWOOD HS,5015 S BLACKSTONE AVE,60615,K-12 SCHOOL,23.0,2187.5,41.987828,-87.655171
601335505,Air Pollution Work Order,1545 S STATE ST,1545,,S,STATE,ST,379542,2023-04-12T00:00:00Z,,DEPT. OF PUBLIC HEALTH,Resolved,2023-04-13T00:00:00Z,41.86059980853,-87.62711945578,POINT (-87.627119455778 41.860599808534),525 DEMING,525 W DEMING PLACE,60614,MULTIFAMILY HOUSING,94.0,382.0,41.861018,-87.627417
601335505,Air Pollution Work Order,1545 S STATE ST,1545,,S,STATE,ST,379542,2023-04-12T00:00:00Z,,DEPT. OF PUBLIC HEALTH,Resolved,2023-04-13T00:00:00Z,41.86059980853,-87.62711945578,POINT (-87.627119455778 41.860599808534),ELEVEN40 (LV002),1140 S WABASH AVE,60605,MULTIFAMILY HOUSING,44.0,1857.4,41.861078,-87.627124
601364068,Air Pollution Work Order,855 W ADAMS ST,855,,W,ADAMS,ST,249349,2023-05-24T00:00:00Z,,DEPT. OF PUBLIC HEALTH,Alleged violation not found,2023-05-25T00:00:00Z,41.87907153451,-87.64947582421,POINT (-87.649475824213 41.879071534509),BOND,7050 S MAY ST,60621,K-12 SCHOOL,51.0,558.0,41.879087,-87.648507
601364068,Air Pollution Work Order,855 W ADAMS ST,855,,W,ADAMS,ST,249349,2023-05-24T00:00:00Z,,DEPT. OF PUBLIC HEALTH,Alleged violation not found,2023-05-25T00:00:00Z,41.87907153451,-87.64947582421,POINT (-87.649475824213 41.879071534509),LORCA,3231 N SPRINGFIELD AVE,60618,K-12 SCHOOL,37.0,651.0,41.879294,-87.649321
601342231,Air Pollution Work Order,3705 N SOUTHPORT AVE,3705,,N,SOUTHPORT,AVE,249349,2023-04-25T00:00:00Z,"Coal Fire Pizza – 3705-07 N. Southport. The oven(s) are powered by coal (hence the name) and spewing coal/ash into the air, covering neighboring decks, windows, cars, etc. This has been an issue since the opened a few years ago. Gets better then rears is ugly head again. Previously the restaurant had installed an upgraded vent system which may or may not be effective",DEPT. OF PUBLIC HEALTH,Complaint Valid,2023-04-25T00:00:00Z,41.94909155554,-87.66392624359,POINT (-87.66392624359 41.949091555545),"740 N MILWAUKEE, LLC",740 N MILWAUKEE AVE,60642,MULTIFAMILY HOUSING,80.0,362.4,41.94931,-87.663932
601451416,Noise Complaint,803 S WELLS ST,803,,S,WELLS,ST,129151,2023-10-09T00:00:00Z,,DEPT. OF PUBLIC HEALTH,Resolved,2023-10-11T00:00:00Z,41.87205230655,-87.63342371186,POINT (-87.633423711857 41.872052306554),ADVOCATE ILLINOIS MASONIC MEDICAL CENTER,836 W WELLINGTON AVENUE,60657,HOSPITAL (GENERAL MEDICAL & SURGICAL),99.0,15245.8,41.872273,-87.632955
601472627,Noise Complaint,1320 W FULLERTON AVE,1320,,W,FULLERTON,AVE,417325,2023-11-19T00:00:00Z,They have persistently violated the city’s noise ordinance and about 60 days ago were told by Justin (inspector) they had 30 days to fix or they’d be cited. This is after numerous prior assurances given to Justin that they will fix the problem.,DEPT. OF PUBLIC HEALTH,Complaint Valid,2023-11-21T00:00:00Z,41.9253573581,-87.66138854382,POINT (-87.661388543818 41.925357358101),MICHIGAN BEACH APARTMENTS,7251 S SOUTH SHORE DRIVE,60649,MULTIFAMILY HOUSING,24.0,1577.3,41.925357,-87.661389
601434094,Air Pollution Work Order,1642 E 56TH ST,1642,,E,56TH,ST,10937,2023-09-12T00:00:00Z,,DEPT. OF PUBLIC HEALTH,Alleged violation not found,2023-09-14T00:00:00Z,41.7935140762,-87.58494662002,POINT (-87.584946620018 41.793514076195),ALOFT CHICAGO MAG MILE,243 E ONTARIO STREET,60611,HOTEL,88.0,1238.9,41.793514,-87.584947
601323929,Air Pollution Work Order,4916 N CLARK ST,4916,,N,CLARK,ST,249349,2023-03-23T00:00:00Z,"CHEMICAL SMELLS IN THE ALLEY, NORTH OF AINSLIE. COMMERCIAL BLDGS IN THE AREA&nbsp;",DEPT. OF PUBLIC HEALTH,Alleged violation not found,2023-03-24T00:00:00Z,41.97219705604,-87.66802016686,POINT (-87.668020166863 41.972197056038),COURTHOUSE PLACE,46-64 W HUBBARD ST,60654,OFFICE,53.0,990.0,41.972137,-87.668013
601477810,Construction and Demolition,4818 W NORTH AVE,4818,,W,NORTH,AVE,84397,2023-12-02T00:00:00Z,"&nbsp;1500 saturday 12/2, throwing bricks from scaffold into dumpster",DEPT. OF PUBLIC HEALTH,Resolved,2023-12-04T00:00:00Z,41.90972628639,-87.74683744125,POINT (-87.746837441247 41.909726286389),ACERO SCHOOLS - IDAR - SOCCER ACADEMY,5050 S HOMAN AVE,60632,K-12 SCHOOL,7.0,677.6,41.909505,-87.74696
601471006,Air Pollution Work Order,7100 S SOUTH SHORE DR,7100,,S,SOUTH SHORE,DR,249349,2023-11-15T00:00:00Z,,DEPT. OF PUBLIC HEALTH,Alleged violation not found,2023-11-16T00:00:00Z,41.76619520231,-87.56290818204,POINT (-87.562908182042 41.76619520231),VIVIAN GORDON HARSH APARTMENTS,4227 S OAKENWALD AVE,60653,MULTIFAMILY HOUSING,36.0,703.3,41.766195,-87.562908
601401125,Noise Complaint,2211 N MILWAUKEE AVE,2211,,N,MILWAUKEE,AVE,129151,2023-07-23T00:00:00Z,A screeching noise has been coming from the roof of L Logan Square apartments (I think? Though it could maybe be coming from Chase next door.) Last summer it was intermittent. This summer it is continuous.&nbsp;,DEPT. OF PUBLIC HEALTH,Resolved,2023-07-24T00:00:00Z,41.92107615756,-87.69413785909,POINT (-87.694137859093 41.921076157561),VIRIDIAN ON SHERIDAN (VR033),734 W SHERIDAN RD,60613,MULTIFAMILY HOUSING,67.0,592.9,41.921076,-87.694138
601441375,Noise Complaint,4652 N SHERIDAN RD,4652,,N,SHERIDAN,RD,417325,2023-09-25T00:00:00Z,"Dos Bros is using equipment that is incredibly loud, shakes my floors, walls, and has made wall mounted furniture fall from the wall. Please help",DEPT. OF PUBLIC HEALTH,Alleged violation not found,2023-09-26T00:00:00Z,41.96703976288,-87.65494521476,POINT (-87.65494521476 41.967039762881),ASPIRE,2111 S WABASH,60616,MULTIFAMILY HOUSING,68.0,1518.6,41.966756,-87.654648
601441375,Noise Complaint,4652 N SHERIDAN RD,4652,,N,SHERIDAN,RD,417325,2023-09-25T00:00:00Z,"Dos Bros is using equipment that is incredibly loud, shakes my floors, walls, and has made wall mounted furniture fall from the wall. Please help",DEPT. OF PUBLIC HEALTH,Alleged violation not found,2023-09-26T00:00:00Z,41.96703976288,-87.65494521476,POINT (-87.65494521476 41.967039762881),BVM HALL/SES-ID#175895,6364 N SHERIDAN RD,60660,OFFICE,83.0,570.1,41.967376,-87.654882
601441375,Noise Complaint,4652 N SHERIDAN RD,4652,,N,SHERIDAN,RD,417325,2023-09-25T00:00:00Z,"Dos Bros is using equipment that is incredibly loud, shakes my floors, walls, and has made wall mounted furniture fall from the wall. Please help",DEPT. OF PUBLIC HEALTH,Alleged violation not found,2023-09-26T00:00:00Z,41.96703976288,-87.65494521476,POINT (-87.65494521476 41.967039762881),(IL392) - TRIBUNE TOWER (435 N MICHIGAN AVENUE),435 N MICHIGAN AVENUE,60611,MULTIFAMILY HOUSING,74.0,4084.6,41.966667,-87.654942
601297253,Noise Complaint,1121 N STATE ST,1121,,N,STATE,ST,417325,2023-01-19T00:00:00Z,": Constant beeping noise 24/7 coming from the direction of State St, per condo building maintenance staff",DEPT. OF PUBLIC HEALTH,Resolved,2023-01-20T00:00:00Z,41.90244228708,-87.62819416454,POINT (-87.628194164538 41.902442287075),THE WHITNEY CONDOMINIUM ASSOCIATION,1301 N DEARBORN,60610,MULTIFAMILY HOUSING,68.0,1162.0,41.902312,-87.628497
601390593,Noise Complaint,1160 N LARRABEE ST,1160,,N,LARRABEE,ST,129151,2023-07-05T00:00:00Z,,DEPT. OF PUBLIC HEALTH,Resolved,2023-07-07T00:00:00Z,41.90324165312,-87.64335213929,POINT (-87.643352139294 41.903241653118),1111 N CLARK ST,1111 N CLARK ST,60610,VEHICLE DEALERSHIP,11.0,988.6,41.902543,-87.643124
601483644,Water Pollution,2800 N LEAVITT ST,2800,,N,LEAVITT,ST,84397,2023-12-18T00:00:00Z,Chicago River North Branch-approximately 2800 N on the east side of the riverabandoned dock that is starting to break away from the shoreIt looks like the factory is being redeveloped--there is a fence around the property and they did not take out the dock. They did remove a boat several months ago.&nbsp;,DEPT. OF PUBLIC HEALTH,Resolved,2023-12-19T00:00:00Z,41.9323058683,-87.68083544543,POINT (-87.680835445429 41.932305868298),BARTLETT COMMONS,5640 S UNIVERSITY AVE,60637,SOCIAL/MEETING HALL,,1158.6,41.932442,-87.680605
601413429,Air Pollution Work Order,7415 S EAST END AVE,7415,,S,EAST END,AVE,425726,2023-08-11T00:00:00Z,,DEPT. OF PUBLIC HEALTH,Resolved,2023-08-15T00:00:00Z,41.76016159438,-87.58337498058,POINT (-87.58337498058 41.76016159438),COOK BROTHERS,1710 - 1740 N KOSTNER AVE,60639,RETAIL STORE,43.0,936.2,41.759663,-87.583362
601357260,Noise Complaint,501 W SURF ST,501,,W,SURF,ST,417325,2023-05-17T00:00:00Z,"I live one block east of 501 Surf. An air conditioner unit or some other unit on the rooftop of 501 makes loud noise 24/7. It happened all last summer (I wrote to my alderman, did not receive a response) and started again last week.",DEPT. OF PUBLIC HEALTH,Complaint Valid,2023-07-24T00:00:00Z,41.93419516579,-87.64140393809,POINT (-87.641403938087 41.934195165792),1247-1249 WEST MADISON LLC,1239-1259 W MADISON ST,60607,MULTIFAMILY HOUSING,98.0,419.9,41.934195,-87.641404
601403344,Noise Complaint,55 W CHESTNUT ST,55,,W,CHESTNUT,ST,417325,2023-07-25T00:00:00Z,apartment building at 55 W Chestnut has large exhaust fan in garage that is extremely loud all day long,DEPT. OF PUBLIC HEALTH,Resolved,2023-09-12T00:00:00Z,41.89786973684,-87.63038076252,POINT (-87.630380762521 41.897869736836),6151 N WINTHROP,6151 N WINTHROP AVE,60660,MULTIFAMILY HOUSING,87.0,431.0,41.89787,-87.630381
601411977,Noise Complaint,706 W DIVERSEY PKWY,706,,W,DIVERSEY,PKWY,3308,2023-08-08T00:00:00Z,"Truck idling for over 10 minutes arrived at around 9:40 am. No driver present, just passenger. I have video of the incident",DEPT. OF PUBLIC HEALTH,Alleged violation not found,2023-08-04T00:00:00Z,41.9328697615,-87.64694738162,POINT (-87.64694738162 41.932869761499),ONE NORTH WACKER,ONE NORTH WACKER DRIVE,60606,OFFICE,80.0,11863.4,41.932865,-87.647171
601411977,Noise Complaint,706 W DIVERSEY PKWY,706,,W,DIVERSEY,PKWY,3308,2023-08-08T00:00:00Z,"Truck idling for over 10 minutes arrived at around 9:40 am. No driver present, just passenger. I have video of the incident",DEPT. OF PUBLIC HEALTH,Alleged violation not found,2023-08-04T00:00:00Z,41.9328697615,-87.64694738162,POINT (-87.64694738162 41.932869761499),740 FULTON CONDOMINIUM ASSOCIATION,740 W FULTON ST,60661,MULTIFAMILY HOUSING,46.0,1166.0,41.932866,-87.646819
601410220,Air Pollution Work Order,5801 N SHERIDAN RD,5801,,N,SHERIDAN,RD,417337,2023-08-07T00:00:00Z,I can’t breathe and I just had an X-ray and have a 11mm nodule on my lung,DEPT. OF PUBLIC HEALTH,Refer to Building Dept,2023-08-07T00:00:00Z,41.98745235495,-87.65515884414,POINT (-87.655158844144 41.987452354954),PARK WEST CONDOMINIUM,444 W FULLERTON PKWY,60614,MULTIFAMILY HOUSING,13.0,1716.5,41.986537,-87.655138
601388465,Noise Complaint,3162 N CLARK ST,3162,,N,CLARK,ST,417325,2023-07-02T00:00:00Z,"&nbsp;I submitted a request about two weeks ago and this issue has not been resolved, please follow up ASAP",DEPT. OF PUBLIC HEALTH,Referred to another agency,2023-07-05T00:00:00Z,41.93930109601,-87.65032120245,POINT (-87.650321202446 41.939301096012),THE THEATRE SCHOOL,2350 N RACINE,60614,COLLEGE/UNIVERSITY,,768.1,41.938603,-87.649753
601388465,Noise Complaint,3162 N CLARK ST,3162,,N,CLARK,ST,417325,2023-07-02T00:00:00Z,"&nbsp;I submitted a request about two weeks ago and this issue has not been resolved, please follow up ASAP",DEPT. OF PUBLIC HEALTH,Referred to another agency,2023-07-05T00:00:00Z,41.93930109601,-87.65032120245,POINT (-87.650321202446 41.939301096012),ECD STREETERVILLE HOTEL LLC,216 E ONTARIO,60611,HOTEL,11.0,937.1,41.9392,-87.650239
601437964,Construction and Demolition,5050 N SHERIDAN RD,5050,,N,SHERIDAN,RD,417325,2023-09-19T00:00:00Z,&nbsp;new construction across from uptown regency apartments,DEPT. OF PUBLIC HEALTH,Resolved,2023-09-22T00:00:00Z,41.97484254453,-87.6551160793,POINT (-87.655116079299 41.97484254453),(IL695) - THE PIERRE CONDOMINIUM (2100 N LINCOLN PARK WEST),2100 N LINCOLN PARK WEST,60614,MULTIFAMILY HOUSING,69.0,1103.3,41.974732,-87.655114
601397242,Air Pollution Work Order,770 N LA SALLE DR,770,,N,LA SALLE,DR,417337,2023-07-18T00:00:00Z,The restaurant makes the area smoky.,DEPT. OF PUBLIC HEALTH,Alleged violation not found,2023-07-18T00:00:00Z,41.89656175017,-87.63285548263,POINT (-87.632855482633 41.896561750165),THORP O,6024 W WARWICK AVE,60634,K-12 SCHOOL,15.0,753.4,41.897254,-87.632868
601397242,Air Pollution Work Order,770 N LA SALLE DR,770,,N,LA SALLE,DR,417337,2023-07-18T00:00:00Z,The restaurant makes the area smoky.,DEPT. OF PUBLIC HEALTH,Alleged violation not found,2023-07-18T00:00:00Z,41.89656175017,-87.63285548263,POINT (-87.632855482633 41.896561750165),21 W GOETHE,21 W GOETHE STREET,60610,MULTIFAMILY HOUSING,60.0,1432.8,41.896803,-87.632566
601306032,Air Pollution Work Order,901 W MADISON ST,901,,W,MADISON,ST,249349,2023-02-14T00:00:00Z,It smells in the front of the building like some kind of sewer smell. We've had kitchen lines rodded and that didn't seem to help.&nbsp;,DEPT. OF PUBLIC HEALTH,Alleged violation not found,2023-02-15T00:00:00Z,41.88162693657,-87.64975194168,POINT (-87.64975194168 41.881626936573),MADISON,939-949  W MADISON STREET,60607,MULTIFAMILY HOUSING,98.0,480.2,41.881846,-87.64976
601306032,Air Pollution Work Order,901 W MADISON ST,901,,W,MADISON,ST,249349,2023-02-14T00:00:00Z,It smells in the front of the building like some kind of sewer smell. We've had kitchen lines rodded and that didn't seem to help.&nbsp;,DEPT. OF PUBLIC HEALTH,Alleged violation not found,2023-02-15T00:00:00Z,41.88162693657,-87.64975194168,POINT (-87.64975194168 41.881626936573),LAKE VILLAGE EAST APTS,4700 SOUTH LAKE PARK AVE,60615,MULTIFAMILY HOUSING,83.0,946.6,41.882173,-87.649857
601296257,Air Pollution Work Order,7300 S SOUTH SHORE DR,7300,,S,SOUTH SHORE,DR,13776,2023-01-17T00:00:00Z,,DEPT. OF PUBLIC HEALTH,Alleged violation not found,2023-01-18T00:00:00Z,41.7639095582,-87.56064149616,POINT (-87.560641496161 41.763909558203),PARK COMMUNITY CHURCH,1001 N CROSBY ST,60610,WORSHIP FACILITY,19.0,404.1,41.76391,-87.560641
601296257,Air Pollution Work Order,7300 S SOUTH SHORE DR,7300,,S,SOUTH SHORE,DR,13776,2023-01-17T00:00:00Z,,DEPT. OF PUBLIC HEALTH,Alleged violation not found,2023-01-18T00:00:00Z,41.7639095582,-87.56064149616,POINT (-87.560641496161 41.763909558203),50 EAST CHESTNUT CONDOMINIUM ASSOCIATION,50 EAST CHESTNUT STREET,60611,MULTIFAMILY HOUSING,13.0,1165.7,41.764268,-87.560997
601317739,Air Pollution Work Order,363 E WACKER DR,363,,E,WACKER,DR,417325,2023-03-13T00:00:00Z,testing on the generators at off hours and over the noise limit,DEPT. OF PUBLIC HEALTH,Alleged violation not found,2023-03-14T00:00:00Z,41.88746439665,-87.61786023107,POINT (-87.617860231068 41.887464396646),VANGUARD LOFTS CONDOMINIUM ASSOCIATION,1250 W VAN BUREN ST,60607,MULTIFAMILY HOUSING,42.0,694.4,41.887464,-87.61786
601443496,Noise Complaint,5838 N SHERIDAN RD,5838,,N,SHERIDAN,RD,417325,2023-09-27T00:00:00Z,It was a banging/clinking noise. Primarily late in the evening and middle of the night. I can't tell exactly the location but my windows face south from 5855 and it was very loud from that side. Thank you.,DEPT. OF PUBLIC HEALTH,Resolved,2023-09-29T00:00:00Z,41.98846809034,-87.6554850125,POINT (-87.655485012499 41.988468090343),KENWOOD HS,5015 S BLACKSTONE AVE,60615,K-12 SCHOOL,23.0,2187.5,41.987828,-87.655171
601331933,Noise Complaint,5101 N LEAVITT ST,5101,,N,LEAVITT,ST,417325,2023-04-06T00:00:00Z,Jorndt Field - Stadium for Amundsen High School. Exhaust from the hot water heater,DEPT. OF PUBLIC HEALTH,Alleged violation not found,2023-04-07T00:00:00Z,41.97457000707,-87.68409562455,POINT (-87.684095624547 41.974570007068),SOUTHSIDE HS,7342 S HOYNE AVE,60636,K-12 SCHOOL,45.0,349.7,41.975353,-87.684122
601299803,Noise Complaint,717 S WELLS ST,717,,S,WELLS,ST,417325,2023-01-27T00:00:00Z,: ONGOING ISSUE HAPPENING RIGHT NOW AT 3:11 PM - AT BLDG 717-725 S WELLS LOUD GENERATOR ON THE ROOF -,DEPT. OF PUBLIC HEALTH,Complaint Valid,2023-06-16T00:00:00Z,41.87296747272,-87.63344780864,POINT (-87.633447808641 41.872967472716),6101 NORTH CLARK,6101 NORTH CLARK STREET,60660,MULTIFAMILY HOUSING,,218.0,41.873256,-87.633454
601299803,Noise Complaint,717 S WELLS ST,717,,S,WELLS,ST,417325,2023-01-27T00:00:00Z,: ONGOING ISSUE HAPPENING RIGHT NOW AT 3:11 PM - AT BLDG 717-725 S WELLS LOUD GENERATOR ON THE ROOF -,DEPT. OF PUBLIC HEALTH,Complaint Valid,2023-06-16T00:00:00Z,41.87296747272,-87.63344780864,POINT (-87.633447808641 41.872967472716),"1547 CSR-CHICAGO WELLS, LLC",725 S WELLS,60607,DATA CENTER,,1620.0,41.872586,-87.633252
601413918,Noise Complaint,701 W DIVERSEY PKWY,701,,W,DIVERSEY,PKWY,3308,2023-08-11T00:00:00Z,,DEPT. OF PUBLIC HEALTH,Alleged violation not found,2023-08-14T00:00:00Z,41.93265500408,-87.6467146385,POINT (-87.646714638498 41.932655004077),ONE NORTH WACKER,ONE NORTH WACKER DRIVE,60606,OFFICE,80.0,11863.4,41.932865,-87.647171
601413918,Noise Complaint,701 W DIVERSEY PKWY,701,,W,DIVERSEY,PKWY,3308,2023-08-11T00:00:00Z,,DEPT. OF PUBLIC HEALTH,Alleged violation not found,2023-08-14T00:00:00Z,41.93265500408,-87.6467146385,POINT (-87.646714638498 41.932655004077),740 FULTON CONDOMINIUM ASSOCIATION,740 W FULTON ST,60661,MULTIFAMILY HOUSING,46.0,1166.0,41.932866,-87.646819
601349027,Air Pollution Work Order,200 E DELAWARE PL,200,,E,DELAWARE,PL,417337,2023-05-03T00:00:00Z,,DEPT. OF PUBLIC HEALTH,Alleged violation unfounded,2023-05-04T00:00:00Z,41.89935473944,-87.62179130193,POINT (-87.621791301926 41.899354739444),THE HERITAGE AT MILLENNIUM PARK,130 NORTH GARLAND COURT,60602,MULTIFAMILY HOUSING,32.0,6823.9,41.89853,-87.621777
601349027,Air Pollution Work Order,200 E DELAWARE PL,200,,E,DELAWARE,PL,417337,2023-05-03T00:00:00Z,,DEPT. OF PUBLIC HEALTH,Alleged violation unfounded,2023-05-04T00:00:00Z,41.89935473944,-87.62179130193,POINT (-87.621791301926 41.899354739444),THE NEWPORT CA,4800 S CHICAGO BEACH DRIVE,60615,MULTIFAMILY HOUSING,71.0,4244.0,41.899352,-87.621987
601349027,Air Pollution Work Order,200 E DELAWARE PL,200,,E,DELAWARE,PL,417337,2023-05-03T00:00:00Z,,DEPT. OF PUBLIC HEALTH,Alleged violation unfounded,2023-05-04T00:00:00Z,41.89935473944,-87.62179130193,POINT (-87.621791301926 41.899354739444),PRESS OFFICE BUILDING,1427 E 60TH STREET,60637,OFFICE,72.0,837.1,41.899135,-87.621785
601369479,Noise Complaint,200 E OHIO ST,200,,E,OHIO,ST,417325,2023-06-04T00:00:00Z,Either Dunkin or Burrito Beach -exhaust fan on the roof is loud or screeching 24/7&nbsp;,DEPT. OF PUBLIC HEALTH,Alleged violation not found,2023-07-19T00:00:00Z,41.89267129069,-87.62257220248,POINT (-87.622572202481 41.892671290686),AINSLIE PARK CONDOMINIUM ASSOCIATION,840-846 W AINSLIE ST,60640,MULTIFAMILY HOUSING,76.0,308.6,41.893251,-87.622792
601369479,Noise Complaint,200 E OHIO ST,200,,E,OHIO,ST,417325,2023-06-04T00:00:00Z,Either Dunkin or Burrito Beach -exhaust fan on the roof is loud or screeching 24/7&nbsp;,DEPT. OF PUBLIC HEALTH,Alleged violation not found,2023-07-19T00:00:00Z,41.89267129069,-87.62257220248,POINT (-87.622572202481 41.892671290686),"WASHINGTON FRANKLIN, LLC",309 W WASHINGTON ST,60606,OFFICE,71.0,687.8,41.893469,-87.622894
601369479,Noise Complaint,200 E OHIO ST,200,,E,OHIO,ST,417325,2023-06-04T00:00:00Z,Either Dunkin or Burrito Beach -exhaust fan on the roof is loud or screeching 24/7&nbsp;,DEPT. OF PUBLIC HEALTH,Alleged violation not found,2023-07-19T00:00:00Z,41.89267129069,-87.62257220248,POINT (-87.622572202481 41.892671290686),3300 LAKE SHORE DRIVE CONDOMINIUM ASSOCIATION,3300 N LAKE SHORE DRIVE,60657,MULTIFAMILY HOUSING,62.0,776.9,41.892514,-87.622835
601419486,Air Pollution Work Order,5855 N SHERIDAN RD,5855,,N,SHERIDAN,RD,417337,2023-08-18T00:00:00Z,,DEPT. OF PUBLIC HEALTH,Refer to Building Dept,2023-08-22T00:00:00Z,41.98890263149,-87.65520287102,POINT (-87.65520287102 41.988902631487),"03344AS - CHICAGO, IL",1220 S ASHLAND AVE,60608,SUPERMARKET/GROCERY STORE,67.0,1351.7,41.988903,-87.655203
601393658,Air Pollution Work Order,5670 W LAKE ST,5670,,W,LAKE,ST,249349,2023-07-11T00:00:00Z,heavy musk odor,DEPT. OF PUBLIC HEALTH,Alleged violation not found,2023-07-12T00:00:00Z,41.88791389647,-87.76763004633,POINT (-87.767630046327 41.887913896473),ATRIUM CONDOMINIUM ASSOCIATION,4101-4115 S MICHIGAN AVE,60653,MULTIFAMILY HOUSING,49.0,277.3,41.887914,-87.76763
601329550,Air Pollution Work Order,3450 S GILES AVE,3450,,S,GILES,AVE,249349,2023-04-03T00:00:00Z,CALLER STATES WHENEVER SHE GOES IN THIS LAUNDRYMAT THERE IS A VERY LOUD SMELL OF GAS THAT IS OVERWHELMING CLOSES AT 5PM YOON'S 3122251616,DEPT. OF PUBLIC HEALTH,Alleged violation not found,2023-04-05T00:00:00Z,41.83139043522,-87.61947770709,POINT (-87.619477707093 41.831390435216),CONDOS AT MONROE PLACE,1228 W MONROE STREET,60607,MULTIFAMILY HOUSING,98.0,199.3,41.830985,-87.619484
601443835,Construction and Demolition,7250 S SOUTH SHORE DR,7250,,S,SOUTH SHORE,DR,13776,2023-09-27T00:00:00Z,PER CALLER- THERE ARE SOME MEN WORKING ON A BUILDING THAT KEEP THROWING CONSTRUCTION DEBRIS FROM THE REAR AND SIDE OF THE BUILDING. THE DEBRIS IS HITTING VEHICLES AS THEY DRIVE BY AND VEHICLES PARKED IN THE REAR BY THE ALLEY. THEY HAVE DEBRIS THAT IS NOT FALLING INTO THE DUMPSTER AS WELL,DEPT. OF PUBLIC HEALTH,Resolved,2023-09-27T00:00:00Z,41.76448370443,-87.56121061918,POINT (-87.561210619176 41.764483704432),PARK COMMUNITY CHURCH,1001 N CROSBY ST,60610,WORSHIP FACILITY,19.0,404.1,41.76391,-87.560641
601443835,Construction and Demolition,7250 S SOUTH SHORE DR,7250,,S,SOUTH SHORE,DR,13776,2023-09-27T00:00:00Z,PER CALLER- THERE ARE SOME MEN WORKING ON A BUILDING THAT KEEP THROWING CONSTRUCTION DEBRIS FROM THE REAR AND SIDE OF THE BUILDING. THE DEBRIS IS HITTING VEHICLES AS THEY DRIVE BY AND VEHICLES PARKED IN THE REAR BY THE ALLEY. THEY HAVE DEBRIS THAT IS NOT FALLING INTO THE DUMPSTER AS WELL,DEPT. OF PUBLIC HEALTH,Resolved,2023-09-27T00:00:00Z,41.76448370443,-87.56121061918,POINT (-87.561210619176 41.764483704432),50 EAST CHESTNUT CONDOMINIUM ASSOCIATION,50 EAST CHESTNUT STREET,60611,MULTIFAMILY HOUSING,13.0,1165.7,41.764268,-87.560997
601422841,Water Pollution,615 W BITTERSWEET PL,615,,W,BITTERSWEET,PL,3308,2023-08-27T00:00:00Z,": There are numerous vehicles coming to this stretch of Bittersweet Place for an on-street oil change, then leaving. The used oil is then being dumped into the sewer system.",DEPT. OF PUBLIC HEALTH,Complaint Valid,2023-08-28T00:00:00Z,41.95561690413,-87.64569087305,POINT (-87.645690873053 41.955616904127),PROVIDENT HOSPITAL,500 E 51ST ST,60615,HOSPITAL (GENERAL MEDICAL & SURGICAL),3.0,8893.1,41.955807,-87.645717
601428692,Noise Complaint,1521 S WABASH AVE,1521,,S,WABASH,AVE,129151,2023-09-05T00:00:00Z,Rooftop air conditioner rattling so loudly you can hear it from inside other buildings with all windows and doors sealed tight.&nbsp;,DEPT. OF PUBLIC HEALTH,Resolved,2023-09-06T00:00:00Z,41.86132451284,-87.62554225943,POINT (-87.625542259426 41.86132451284),ROSCOE SOUARE/ 90034,3330 N WESTERN AVE,60618,STRIP MALL,,2059.5,41.861425,-87.625838
601483963,Air Pollution Work Order,1737 W FULLERTON AVE,1737,,W,FULLERTON,AVE,417337,2023-12-20T00:00:00Z,,DEPT. OF PUBLIC HEALTH,Resolved,2023-12-20T00:00:00Z,41.92498939161,-87.67215167412,POINT (-87.672151674122 41.924989391606),ARMOUR SOUARE APARTMENTS,3120-3250 S WENTWORTH AVE,60609,MULTIFAMILY HOUSING,33.0,2241.5,41.925212,-87.671925
601410267,Noise Complaint,348 E NORTH WATER ST,348,,E,NORTH WATER,ST,129151,2023-08-07T00:00:00Z,": Ongoing noise since late June. I have videos but cannot upload.&nbsp;I don't know where the noise is coming from, but it is very loud and ongoing at the North Water Apartments building entrance. It is just as loud in my apartment on the 41st floor, at the west side of the building.",DEPT. OF PUBLIC HEALTH,Resolved,2023-08-07T00:00:00Z,41.88962593397,-87.61897349987,POINT (-87.618973499867 41.889625933968),500 W BELMONT APARTMENTS,500 W BELMONT AVE,60642,MULTIFAMILY HOUSING,46.0,316.6,41.889626,-87.618973
601441400,Noise Complaint,1320 W FULLERTON AVE,1320,,W,FULLERTON,AVE,417325,2023-09-24T00:00:00Z,,DEPT. OF PUBLIC HEALTH,Resolved,2024-09-23T00:00:00Z,41.9253573581,-87.66138854382,POINT (-87.661388543818 41.925357358101),MICHIGAN BEACH APARTMENTS,7251 S SOUTH SHORE DRIVE,60649,MULTIFAMILY HOUSING,24.0,1577.3,41.925357,-87.661389
601355470,Air Pollution Work Order,6040 S HARPER AVE,6040,,S,HARPER,AVE,10937,2023-05-15T00:00:00Z,RENTAL COMPANY LEFT HUGE HOLE IN WALL THAT IS EXPELLINGLARGE AMOUNTS OF DUST AND FUMES,DEPT. OF PUBLIC HEALTH,Complaint Valid,2023-05-15T00:00:00Z,41.7847838122,-87.58828902989,POINT (-87.588289029886 41.784783812205),SWIFT,5900 N WINTHROP AVE,60660,K-12 SCHOOL,9.0,976.2,41.784784,-87.588289
601297982,Air Pollution Work Order,4 E ELM ST,4,,E,ELM,ST,249349,2023-01-23T00:00:00Z,Exhaust from rear of building coming out of wall in alley blowing into apartments across the alley,DEPT. OF PUBLIC HEALTH,Alleged violation not found,2023-01-24T00:00:00Z,41.9032960361,-87.62836710844,POINT (-87.628367108435 41.903296036103),DEARBORN PLAZA,1030 N DEARBORN ST,60610,MULTIFAMILY HOUSING,89.0,561.7,41.903296,-87.628367
601297982,Air Pollution Work Order,4 E ELM ST,4,,E,ELM,ST,249349,2023-01-23T00:00:00Z,Exhaust from rear of building coming out of wall in alley blowing into apartments across the alley,DEPT. OF PUBLIC HEALTH,Alleged violation not found,2023-01-24T00:00:00Z,41.9032960361,-87.62836710844,POINT (-87.628367108435 41.903296036103),828 W GRACE,828 W GRACE,60613,MULTIFAMILY HOUSING,95.0,925.0,41.903306,-87.627858
601379874,Noise Complaint,501 W SURF ST,501,,W,SURF,ST,417325,2023-06-16T00:00:00Z,The rooftop air handling equipment is much louder this year and we used a noise meter from our condos middle of the night a little less than a block away and it was 68 - 75 decibels. Please send an DPH inspector thanks.&nbsp;,DEPT. OF PUBLIC HEALTH,Complaint Valid,2023-06-21T00:00:00Z,41.93419516579,-87.64140393809,POINT (-87.641403938087 41.934195165792),1247-1249 WEST MADISON LLC,1239-1259 W MADISON ST,60607,MULTIFAMILY HOUSING,98.0,419.9,41.934195,-87.641404
601297983,Construction and Demolition,4250 N MARINE DR,4250,,N,MARINE,DR,425726,2023-01-23T00:00:00Z,MUST CALL FOR ENTRY (TOM SENTORI VISITED THE LOCATION AND CALLER ASKED NOT TO SEND HIM)DUST FROM CONDO ENTERING THE VENT INTO THE CALLER PLACE FOR UNIT 1110 FOR A MONTH DUE CONSTRUCTION WORK IN THE UNIT,DEPT. OF PUBLIC HEALTH,Resolved,2023-01-24T00:00:00Z,41.96001995402,-87.64690602762,POINT (-87.646906027619 41.960019954019),1313 RANDOLPH STREET LOFTS,1313 W RANDOLPH ST,60607,MULTIFAMILY HOUSING,48.0,511.7,41.96002,-87.646906
601442212,Noise Complaint,4652 N SHERIDAN RD,4652,,N,SHERIDAN,RD,417325,2023-09-26T00:00:00Z,,DEPT. OF PUBLIC HEALTH,Alleged violation not found,2023-09-26T00:00:00Z,41.96703976288,-87.65494521476,POINT (-87.65494521476 41.967039762881),ASPIRE,2111 S WABASH,60616,MULTIFAMILY HOUSING,68.0,1518.6,41.966756,-87.654648
601442212,Noise Complaint,4652 N SHERIDAN RD,4652,,N,SHERIDAN,RD,417325,2023-09-26T00:00:00Z,,DEPT. OF PUBLIC HEALTH,Alleged violation not found,2023-09-26T00:00:00Z,41.96703976288,-87.65494521476,POINT (-87.65494521476 41.967039762881),BVM HALL/SES-ID#175895,6364 N SHERIDAN RD,60660,OFFICE,83.0,570.1,41.967376,-87.654882
601442212,Noise Complaint,4652 N SHERIDAN RD,4652,,N,SHERIDAN,RD,417325,2023-09-26T00:00:00Z,,DEPT. OF PUBLIC HEALTH,Alleged violation not found,2023-09-26T00:00:00Z,41.96703976288,-87.65494521476,POINT (-87.65494521476 41.967039762881),(IL392) - TRIBUNE TOWER (435 N MICHIGAN AVENUE),435 N MICHIGAN AVENUE,60611,MULTIFAMILY HOUSING,74.0,4084.6,41.966667,-87.654942
601343153,Air Pollution Work Order,642 W DEMING PL,642,,W,DEMING,PL,3308,2023-04-25T00:00:00Z,&nbsp;Concrete saw cutting and jack hammering with no screen protectors or vacuuming or wetting,DEPT. OF PUBLIC HEALTH,Alleged violation not found,2023-04-26T00:00:00Z,41.92798378426,-87.64586660093,POINT (-87.645866600928 41.927983784257),VENETIAN CONDOMINIUM ASSOCIATION,222-232 W DIVISION ST,60610,MULTIFAMILY HOUSING,53.0,1178.2,41.927984,-87.645867
601445622,Noise Complaint,49 E DIVISION ST,49,,E,DIVISION,ST,417325,2023-10-02T00:00:00Z,"CALLER STATES HALAL GUYS COOKING EQUIPMENT IS CONSTANTLY LOUD; STATES BUILDING ENGINEER , JUSTIN BARNES (773.497.1082) HAS TOLD HER THEY HAVE MEASURED NOISE LEVELS AND IT EXCEEDS THE NORMAL LIMIT&nbsp;",DEPT. OF PUBLIC HEALTH,Alleged violation not found,2023-10-03T00:00:00Z,41.90386322288,-87.62673380279,POINT (-87.626733802786 41.903863222883),SHERIDAN,533 W 27TH ST,60616,K-12 SCHOOL,70.0,332.1,41.904071,-87.627498
601445622,Noise Complaint,49 E DIVISION ST,49,,E,DIVISION,ST,417325,2023-10-02T00:00:00Z,"CALLER STATES HALAL GUYS COOKING EQUIPMENT IS CONSTANTLY LOUD; STATES BUILDING ENGINEER , JUSTIN BARNES (773.497.1082) HAS TOLD HER THEY HAVE MEASURED NOISE LEVELS AND IT EXCEEDS THE NORMAL LIMIT&nbsp;",DEPT. OF PUBLIC HEALTH,Alleged violation not found,2023-10-03T00:00:00Z,41.90386322288,-87.62673380279,POINT (-87.626733802786 41.903863222883),(IL491) - RENELLE ON THE RIVER (403 N WABASH AVE ),403 N WABASH AVE,60611,MULTIFAMILY HOUSING,59.0,818.4,41.904289,-87.626786
601440747,Noise Complaint,501 W SURF ST,501,,W,SURF,ST,417325,2023-09-21T00:00:00Z,"I reported this noisy AC unit on 8/9/2023. The inspector, Mr Justin Barnes, confirmed the unit produced a noise above the permissible level and that he was issuing a citation. 6 weeks have past and the noise (constant 70 dBA at my bedroom) remains.&nbsp;",DEPT. OF PUBLIC HEALTH,Complaint Valid,2023-09-22T00:00:00Z,41.93419516579,-87.64140393809,POINT (-87.641403938087 41.934195165792),1247-1249 WEST MADISON LLC,1239-1259 W MADISON ST,60607,MULTIFAMILY HOUSING,98.0,419.9,41.934195,-87.641404
601422952,Construction and Demolition,4338 N CLARENDON AVE,4338,,N,CLARENDON,AVE,379542,2023-08-27T00:00:00Z,,DEPT. OF PUBLIC HEALTH,Resolved,2023-08-30T00:00:00Z,41.96154879362,-87.65005100892,POINT (-87.650051008923 41.961548793616),(IL0545) - SHORELINE TOWERS (6301 N SHERIDAN RD),6301 N SHERIDAN RD,60660,MULTIFAMILY HOUSING,58.0,2601.9,41.961667,-87.649761
601329577,Construction and Demolition,230 S GREEN ST,230,,S,GREEN,ST,84397,2023-04-04T00:00:00Z,: Was walking by the construction site under the scaffolding while crews were working and rock or some sort of debris flew into my eyes.,DEPT. OF PUBLIC HEALTH,Resolved,2023-04-04T00:00:00Z,41.87823120372,-87.64856805066,POINT (-87.648568050662 41.878231203719),NETTELHORST,3252 N BROADWAY ST,60657,K-12 SCHOOL,74.0,430.3,41.877819,-87.648513
601411965,Air Pollution Work Order,871 N RUSH ST,871,,N,RUSH,ST,249349,2023-08-08T00:00:00Z,Extremely strong fumes making people sick. They plan to continue with more of the same.,DEPT. OF PUBLIC HEALTH,Alleged violation not found,2023-08-10T00:00:00Z,41.89871051609,-87.62638711683,POINT (-87.626387116834 41.898710516092),SHERIDAN LAKESIDE CONDO ASSOCIATION,6259 N SHERIDAN,60654,MULTIFAMILY HOUSING,92.0,263.3,41.899299,-87.625598
601411965,Air Pollution Work Order,871 N RUSH ST,871,,N,RUSH,ST,249349,2023-08-08T00:00:00Z,Extremely strong fumes making people sick. They plan to continue with more of the same.,DEPT. OF PUBLIC HEALTH,Alleged violation not found,2023-08-10T00:00:00Z,41.89871051609,-87.62638711683,POINT (-87.626387116834 41.898710516092),"LAKE SHORE LAND ASSOCIATION, INC",1130 N LAKE SHORE DRIVE,60611,MULTIFAMILY HOUSING,,294.7,41.899072,-87.626051
601355427,Noise Complaint,4250 N MARINE DR,4250,,N,MARINE,DR,129151,2023-05-15T00:00:00Z,"This started May 9th, and it is a consistent, loud clanging noise from 9pm, well into the morning.",DEPT. OF PUBLIC HEALTH,Resolved,2023-05-15T00:00:00Z,41.96001995402,-87.64690602762,POINT (-87.646906027619 41.960019954019),1313 RANDOLPH STREET LOFTS,1313 W RANDOLPH ST,60607,MULTIFAMILY HOUSING,48.0,511.7,41.96002,-87.646906
601304551,Construction and Demolition,50 E BELLEVUE PL,50,,E,BELLEVUE,PL,379542,2023-02-08T00:00:00Z,,DEPT. OF PUBLIC HEALTH,Resolved,2023-02-10T00:00:00Z,41.90169772799,-87.62647281616,POINT (-87.626472816159 41.901697727994),30 EAST ELM CONDOMINIUM ASSOCIATION,30 E ELM ST,60611,MULTIFAMILY HOUSING,32.0,755.6,41.901698,-87.626473
601304551,Construction and Demolition,50 E BELLEVUE PL,50,,E,BELLEVUE,PL,379542,2023-02-08T00:00:00Z,,DEPT. OF PUBLIC HEALTH,Resolved,2023-02-10T00:00:00Z,41.90169772799,-87.62647281616,POINT (-87.626472816159 41.901697727994),RIVER WALK TOWNHOMES,2903-2923 N CLAREMONT AVE,60618,MULTIFAMILY HOUSING,69.0,404.7,41.901711,-87.625667
601318473,Noise Complaint,680 S FEDERAL ST,680,,S,FEDERAL,ST,417325,2023-03-15T00:00:00Z,: The equipment is running 24/7 and disturb my sleep. I can’t sleep well while the equipment is running. The equipment noise filtering into my unit is creating me stress and sleep disturbances; feeling tired and exhausted.,DEPT. OF PUBLIC HEALTH,Complaint Valid,2023-03-16T00:00:00Z,41.87341637357,-87.62977671782,POINT (-87.629776717815 41.873416373566),"03181AS - CHICAGO, IL",87 W 87TH STREET,60620,SUPERMARKET/GROCERY STORE,45.0,1860.6,41.873033,-87.630486
601483967,Air Pollution Work Order,4 E ELM ST,4,,E,ELM,ST,249349,2023-12-19T00:00:00Z,": Every Tuesday morning at around 10 AM, this building turns on a generator. The noise is loud, but the fumes you can feel inside nearby apartments and it causes headaches. It’s not normal. Come see for yourself!&nbsp;",DEPT. OF PUBLIC HEALTH,Complaint Valid,2023-12-20T00:00:00Z,41.9032960361,-87.62836710844,POINT (-87.628367108435 41.903296036103),DEARBORN PLAZA,1030 N DEARBORN ST,60610,MULTIFAMILY HOUSING,89.0,561.7,41.903296,-87.628367
601483967,Air Pollution Work Order,4 E ELM ST,4,,E,ELM,ST,249349,2023-12-19T00:00:00Z,": Every Tuesday morning at around 10 AM, this building turns on a generator. The noise is loud, but the fumes you can feel inside nearby apartments and it causes headaches. It’s not normal. Come see for yourself!&nbsp;",DEPT. OF PUBLIC HEALTH,Complaint Valid,2023-12-20T00:00:00Z,41.9032960361,-87.62836710844,POINT (-87.628367108435 41.903296036103),828 W GRACE,828 W GRACE,60613,MULTIFAMILY HOUSING,95.0,925.0,41.903306,-87.627858
601341590,Noise Complaint,620 S FEDERAL ST,620,,S,FEDERAL,ST,129151,2023-04-21T00:00:00Z,,DEPT. OF PUBLIC HEALTH,Resolved,2023-04-24T00:00:00Z,41.87420968083,-87.62980224335,POINT (-87.629802243353 41.874209680833),100 BELLEVUE PLACE,100 EAST BELLEVUE PLACE,60611,MULTIFAMILY HOUSING,95.0,1563.1,41.874472,-87.629813
601357262,Noise Complaint,301 E NORTH WATER ST,301,,E,NORTH WATER,ST,129151,2023-05-17T00:00:00Z,Roof top air conditioning of the Sheraton hotel is consistently squealing. Especially if it is over 70 degrees. Not auditable at the street level but very loud if you live above the building.&nbsp;,DEPT. OF PUBLIC HEALTH,Alleged violation not found,2023-06-13T00:00:00Z,41.88945828011,-87.62036837643,POINT (-87.620368376429 41.889458280109),WILDWOOD,6950 N HIAWATHA AVE,60646,K-12 SCHOOL,91.0,165.7,41.889458,-87.620368
601351442,Air Pollution Work Order,200 E DELAWARE PL,200,,E,DELAWARE,PL,417337,2023-05-08T00:00:00Z,Working in the garage&nbsp;,DEPT. OF PUBLIC HEALTH,Alleged violation not found,2023-05-08T00:00:00Z,41.89935473944,-87.62179130193,POINT (-87.621791301926 41.899354739444),THE HERITAGE AT MILLENNIUM PARK,130 NORTH GARLAND COURT,60602,MULTIFAMILY HOUSING,32.0,6823.9,41.89853,-87.621777
601351442,Air Pollution Work Order,200 E DELAWARE PL,200,,E,DELAWARE,PL,417337,2023-05-08T00:00:00Z,Working in the garage&nbsp;,DEPT. OF PUBLIC HEALTH,Alleged violation not found,2023-05-08T00:00:00Z,41.89935473944,-87.62179130193,POINT (-87.621791301926 41.899354739444),THE NEWPORT CA,4800 S CHICAGO BEACH DRIVE,60615,MULTIFAMILY HOUSING,71.0,4244.0,41.899352,-87.621987
601351442,Air Pollution Work Order,200 E DELAWARE PL,200,,E,DELAWARE,PL,417337,2023-05-08T00:00:00Z,Working in the garage&nbsp;,DEPT. OF PUBLIC HEALTH,Alleged violation not found,2023-05-08T00:00:00Z,41.89935473944,-87.62179130193,POINT (-87.621791301926 41.899354739444),PRESS OFFICE BUILDING,1427 E 60TH STREET,60637,OFFICE,72.0,837.1,41.899135,-87.621785
601335558,Construction and Demolition,1235 S PRAIRIE AVE,1235,,S,PRAIRIE,AVE,425726,2023-04-12T00:00:00Z,"Continuation of SR23-00554905 After idling for over an hour, truck parked and continued to idle for 20+ min while driver washed truck and ATE LUNCH, breaking idling law in Chicago (more pics available)",DEPT. OF PUBLIC HEALTH,Resolved,2023-04-13T00:00:00Z,41.86609525073,-87.6215020537,POINT (-87.621502053705 41.86609525073),WINSTON TOWER 3 CONDOMINIUM ASSOCIATION,7061 N KEDZIE,60645,MULTIFAMILY HOUSING,81.0,1857.0,41.866337,-87.6215
601335558,Construction and Demolition,1235 S PRAIRIE AVE,1235,,S,PRAIRIE,AVE,425726,2023-04-12T00:00:00Z,"Continuation of SR23-00554905 After idling for over an hour, truck parked and continued to idle for 20+ min while driver washed truck and ATE LUNCH, breaking idling law in Chicago (more pics available)",DEPT. OF PUBLIC HEALTH,Resolved,2023-04-13T00:00:00Z,41.86609525073,-87.6215020537,POINT (-87.621502053705 41.86609525073),CITY CENTRE CONDOMINIUM ASSOCIATION,208 W WASHINGTON STREET,60606,MULTIFAMILY HOUSING,81.0,,41.866095,-87.621502
601329564,Noise Complaint,1501 W MELROSE ST,1501,,W,MELROSE,ST,129151,2023-04-04T00:00:00Z,,DEPT. OF PUBLIC HEALTH,Resolved,2023-04-06T00:00:00Z,41.94053115574,-87.66638260528,POINT (-87.666382605279 41.940531155736),2555 NORTH CLARK,2555 NORTH CLARK,60614,MULTIFAMILY HOUSING,21.0,1214.2,41.940531,-87.666383
601427788,Noise Complaint,501 W SURF ST,501,,W,SURF,ST,417325,2023-09-04T00:00:00Z,This is my second request this summer. We can't use our outdoor space nor open our windows because the rooftop equipment sound is 24/7 and over 70 db. Multiple neighbors have complained. Our requests keep getting closed with no resolution. Thank you,DEPT. OF PUBLIC HEALTH,Complaint Valid,2023-09-05T00:00:00Z,41.93419516579,-87.64140393809,POINT (-87.641403938087 41.934195165792),1247-1249 WEST MADISON LLC,1239-1259 W MADISON ST,60607,MULTIFAMILY HOUSING,98.0,419.9,41.934195,-87.641404
601452271,Vehicle Idling Work Order,833 N DEARBORN ST,833,,N,DEARBORN,ST,3308,2023-10-12T00:00:00Z,Construction truck with a Crane dropping off construction materials and truck left running for over 30 minutes.,DEPT. OF PUBLIC HEALTH,Alleged violation not found,2023-10-12T00:00:00Z,41.89768467573,-87.62965933313,POINT (-87.62965933313 41.897684675729),6151 N WINTHROP,6151 N WINTHROP AVE,60660,MULTIFAMILY HOUSING,87.0,431.0,41.89787,-87.630381
601319256,Asbestos Work Order,4250 N MARINE DR,4250,,N,MARINE,DR,379542,2023-03-16T00:00:00Z,"abatement by elevators on all floors, thinks they aren’t doing it correctly",DEPT. OF PUBLIC HEALTH,Resolved,2023-03-17T00:00:00Z,41.96001995402,-87.64690602762,POINT (-87.646906027619 41.960019954019),1313 RANDOLPH STREET LOFTS,1313 W RANDOLPH ST,60607,MULTIFAMILY HOUSING,48.0,511.7,41.96002,-87.646906
601378495,Noise Complaint,501 W SURF ST,501,,W,SURF,ST,417325,2023-06-15T00:00:00Z,"Hi, I previously communicated the issue in May and was told to contact 311 again if the noise got louder and it's been 30 days. The noise seems louder and it's been 30 days and no improvements.",DEPT. OF PUBLIC HEALTH,Complaint Valid,2023-06-16T00:00:00Z,41.93419516579,-87.64140393809,POINT (-87.641403938087 41.934195165792),1247-1249 WEST MADISON LLC,1239-1259 W MADISON ST,60607,MULTIFAMILY HOUSING,98.0,419.9,41.934195,-87.641404
601460921,Air Pollution Work Order,880 N LAKE SHORE DR,880,,N,LAKE SHORE,DR,84397,2023-10-25T00:00:00Z,"REFER TO SR23-01618035; SR23-01481618 CALLER HAS BEEN COMPAINING REPEATEDLY ABOUT DUST AND DEBRIS FOR MONTHS, AND NO ONE HAS YET TO INVESTIGATE THIS ISSUE",DEPT. OF PUBLIC HEALTH,Refer to Building Dept,2023-10-26T00:00:00Z,41.89889244075,-87.61863541013,POINT (-87.618635410134 41.898892440748),1000 CONDOMINIUM ASSOCIATION,1000 NORTH LAKE SHORE PLAZA,60611,MULTIFAMILY HOUSING,49.0,2401.3,41.898564,-87.619471
601460921,Air Pollution Work Order,880 N LAKE SHORE DR,880,,N,LAKE SHORE,DR,84397,2023-10-25T00:00:00Z,"REFER TO SR23-01618035; SR23-01481618 CALLER HAS BEEN COMPAINING REPEATEDLY ABOUT DUST AND DEBRIS FOR MONTHS, AND NO ONE HAS YET TO INVESTIGATE THIS ISSUE",DEPT. OF PUBLIC HEALTH,Refer to Building Dept,2023-10-26T00:00:00Z,41.89889244075,-87.61863541013,POINT (-87.618635410134 41.898892440748),GUNNISON STREET LOFTS CONDO ASSOC,4840 N BROADWAY ST,60640,MULTIFAMILY HOUSING,40.0,277.1,41.899281,-87.618895
601469251,Air Pollution Work Order,4620 S LAKE PARK AVE,4620,,S,LAKE PARK,AVE,8386,2023-11-09T00:00:00Z,,DEPT. OF PUBLIC HEALTH,Alleged violation not found,2023-11-03T00:00:00Z,41.81092068822,-87.5940999662,POINT (-87.594099966197 41.810920688223),CHICAGO IL SCH,162-164 E ONTARIO ST,60611,HOTEL,51.0,669.5,41.810917,-87.593704
601375406,Noise Complaint,717 S WELLS ST,717,,S,WELLS,ST,417325,2023-06-13T00:00:00Z,,DEPT. OF PUBLIC HEALTH,Complaint Valid,2023-06-13T00:00:00Z,41.87296747272,-87.63344780864,POINT (-87.633447808641 41.872967472716),6101 NORTH CLARK,6101 NORTH CLARK STREET,60660,MULTIFAMILY HOUSING,,218.0,41.873256,-87.633454
601375406,Noise Complaint,717 S WELLS ST,717,,S,WELLS,ST,417325,2023-06-13T00:00:00Z,,DEPT. OF PUBLIC HEALTH,Complaint Valid,2023-06-13T00:00:00Z,41.87296747272,-87.63344780864,POINT (-87.633447808641 41.872967472716),"1547 CSR-CHICAGO WELLS, LLC",725 S WELLS,60607,DATA CENTER,,1620.0,41.872586,-87.633252
601429889,Construction and Demolition,444 W FULLERTON PKWY,444,,W,FULLERTON,PKWY,417325,2023-09-06T00:00:00Z,: Complaints of extreme noise.,DEPT. OF PUBLIC HEALTH,Alleged violation not found,2023-09-12T00:00:00Z,41.92568726351,-87.64095823959,POINT (-87.640958239588 41.925687263511),(IL504) - 33E CONDO ASSOCIATION (33 E CEDAR ST),33 E CEDAR ST,60611,MULTIFAMILY HOUSING,91.0,638.4,41.926202,-87.641021
601429889,Construction and Demolition,444 W FULLERTON PKWY,444,,W,FULLERTON,PKWY,417325,2023-09-06T00:00:00Z,: Complaints of extreme noise.,DEPT. OF PUBLIC HEALTH,Alleged violation not found,2023-09-12T00:00:00Z,41.92568726351,-87.64095823959,POINT (-87.640958239588 41.925687263511),1414 NORTH WELLS CONDOMINIUM ASSOCIATION,1414 N WELLS ST,60610,MULTIFAMILY HOUSING,91.0,336.1,41.925687,-87.640958
601417530,Construction and Demolition,300 S DAMEN AVE,300,,S,DAMEN,AVE,3308,2023-08-18T00:00:00Z,,DEPT. OF PUBLIC HEALTH,Resolved,2023-08-18T00:00:00Z,41.87741283757,-87.6766908959,POINT (-87.676690895903 41.877412837573),550 ST CLAIR CONDOMINIUM,550 N ST CLAIR ST,60611,MULTIFAMILY HOUSING,26.0,1492.5,41.877413,-87.676691
601346012,Noise Complaint,600 S FEDERAL ST,600,,S,FEDERAL,ST,129151,2023-04-28T00:00:00Z,been continuously breaking noise ordinance from my perspective. The noise became even worse after I moved in in 2019. They are a commercial data center with many chiller units on the roof. They run 24/7. If I open my windows it sounds like there is an air,DEPT. OF PUBLIC HEALTH,Resolved,2023-05-01T00:00:00Z,41.87447214941,-87.62981321502,POINT (-87.629813215024 41.874472149412),100 BELLEVUE PLACE,100 EAST BELLEVUE PLACE,60611,MULTIFAMILY HOUSING,95.0,1563.1,41.874472,-87.629813
601333203,Noise Complaint,301 E NORTH WATER ST,301,,E,NORTH WATER,ST,129151,2023-04-08T00:00:00Z,: Sheraton grand’s rooftop HVAC units are screeching every 35 seconds on warm days. Started again this spring for the past couple weeks when it gets warm. Wish their engineering team would regularly check these units.,DEPT. OF PUBLIC HEALTH,Resolved,2023-03-27T00:00:00Z,41.88945828011,-87.62036837643,POINT (-87.620368376429 41.889458280109),WILDWOOD,6950 N HIAWATHA AVE,60646,K-12 SCHOOL,91.0,165.7,41.889458,-87.620368
601457513,Noise Complaint,5838 N SHERIDAN RD,5838,,N,SHERIDAN,RD,437489,2023-10-17T00:00:00Z,"&nbsp;This device should be fully enclosed or encased in brick, the decibel level is far higher than legally allowed",DEPT. OF PUBLIC HEALTH,Alleged violation not found,2023-10-19T00:00:00Z,41.98846809034,-87.6554850125,POINT (-87.655485012499 41.988468090343),KENWOOD HS,5015 S BLACKSTONE AVE,60615,K-12 SCHOOL,23.0,2187.5,41.987828,-87.655171
601406064,Illegal Dumping Work Order,320 W ILLINOIS ST,320,,W,ILLINOIS,ST,379542,2023-07-28T00:00:00Z,,DEPT. OF PUBLIC HEALTH,Resolved,2023-07-31T00:00:00Z,41.89086143749,-87.63650371615,POINT (-87.636503716146 41.890861437495),1062 WEST BRYN MAWR AVENUE,1062 WEST BRYN MAWR AVENUE,60660,MULTIFAMILY HOUSING,44.0,603.3,41.890861,-87.636504
601405001,Noise Complaint,55 E PEARSON ST,55,,E,PEARSON,ST,417325,2023-07-27T00:00:00Z,Noise level of 72-75 decibels caused by ventilation fans on buildings around The Clare retirement home,DEPT. OF PUBLIC HEALTH,Complaint Valid,2023-07-31T00:00:00Z,41.89743819505,-87.62602037434,POINT (-87.626020374337 41.897438195052),TANDEM LOFTS CONDO ASSOCIATION,1631 S MICHIGAN AVE,60616,MULTIFAMILY HOUSING,78.0,407.4,41.897438,-87.62602
601453869,Air Pollution Work Order,850 N LAKE SHORE DR,850,,N,LAKE SHORE,DR,417337,2023-10-13T00:00:00Z,,DEPT. OF PUBLIC HEALTH,Alleged violation not found,2023-10-13T00:00:00Z,41.89810585291,-87.61809721568,POINT (-87.618097215676 41.898105852915),"3838 NORTH BROADWAY, LLC",3838 N BROADWAY ST,60613,MULTIFAMILY HOUSING,44.0,619.8,41.897831,-87.617906
601417866,Construction and Demolition,6171 N SHERIDAN RD,6171,,N,SHERIDAN,RD,417337,2023-08-17T00:00:00Z,Noxious fumes are being emitted from side of building construction and entering my unit. I have asthma and am struggling to breath because of the ongoing construction on this building.&nbsp;Granville Beach Condominiums,DEPT. OF PUBLIC HEALTH,Resolved,2023-08-18T00:00:00Z,41.99432935762,-87.65537017687,POINT (-87.655370176867 41.994329357624),LEVI HALL,5801 S ELLIS AVENUE,60637,OFFICE,61.0,861.9,41.99364,-87.655351
601417866,Construction and Demolition,6171 N SHERIDAN RD,6171,,N,SHERIDAN,RD,417337,2023-08-17T00:00:00Z,Noxious fumes are being emitted from side of building construction and entering my unit. I have asthma and am struggling to breath because of the ongoing construction on this building.&nbsp;Granville Beach Condominiums,DEPT. OF PUBLIC HEALTH,Resolved,2023-08-18T00:00:00Z,41.99432935762,-87.65537017687,POINT (-87.655370176867 41.994329357624),1515 W MORSE LLC,1515 W MORSE AVE,60626,MULTIFAMILY HOUSING,51.0,384.0,41.994329,-87.65537
601417866,Construction and Demolition,6171 N SHERIDAN RD,6171,,N,SHERIDAN,RD,417337,2023-08-17T00:00:00Z,Noxious fumes are being emitted from side of building construction and entering my unit. I have asthma and am struggling to breath because of the ongoing construction on this building.&nbsp;Granville Beach Condominiums,DEPT. OF PUBLIC HEALTH,Resolved,2023-08-18T00:00:00Z,41.99432935762,-87.65537017687,POINT (-87.655370176867 41.994329357624),PRITZKER,2009 W SCHILLER ST,60622,K-12 SCHOOL,34.0,421.1,41.993958,-87.65536
601440752,Noise Complaint,5838 N SHERIDAN RD,5838,,N,SHERIDAN,RD,417325,2023-09-21T00:00:00Z,"There is a banging sound that is coming from their rooftop. The last time was last week and it lasted about 3 days of constant banging every 30 minutes or so for all three days, morning, noon and night. It is happening again after they failed to fix it the last time. We are not able to sleep or concentrate, you can hear the banging down the entire block. It is causing a lot of stress and lack of sleep.",DEPT. OF PUBLIC HEALTH,Resolved,2023-09-22T00:00:00Z,41.98846809034,-87.6554850125,POINT (-87.655485012499 41.988468090343),KENWOOD HS,5015 S BLACKSTONE AVE,60615,K-12 SCHOOL,23.0,2187.5,41.987828,-87.655171
601473427,Noise Complaint,441 E ERIE ST,441,,E,ERIE,ST,417325,2023-11-20T00:00:00Z,VIBRATING COMING FROM ONTOP OF THE CALLERS APT FLOOR 59 INDUSTRIAL FAN WHICH IS VERY LOUD AND ALSO MAKE THE APT WALLS VIBRATE PER CALLER THIS IS ONGOING 2 MONTHS NOW/ PER TENANT SPOKE WITH MGMT AND WAS TOLD THEY ARE WORKING ON THE ISSUE NO DATE WHEN THEY WILL BE DONE/TENANT CONSIDERING MOVING OUT GROUP FOX WAS HIRED BY ELLEN TINSLEY MGR OF BLDDG,DEPT. OF PUBLIC HEALTH,Alleged violation not found,2023-11-21T00:00:00Z,41.89416115508,-87.61620201268,POINT (-87.616202012684 41.89416115508),ALCOTT ES,2625 N ORCHARD ST,60614,K-12 SCHOOL,82.0,260.0,41.894161,-87.616202
601398648,Noise Complaint,2020 N LINCOLN PARK WEST,2020,,N,LINCOLN PARK WEST,,417325,2023-07-19T00:00:00Z,,DEPT. OF PUBLIC HEALTH,Alleged violation not found,2023-07-20T00:00:00Z,41.91935710062,-87.63653408082,POINT (-87.636534080818 41.919357100617),ONNI 200 LASALLE,200 N LASALLE AVE,60601,OFFICE,80.0,4249.0,41.919357,-87.636534
601398648,Noise Complaint,2020 N LINCOLN PARK WEST,2020,,N,LINCOLN PARK WEST,,417325,2023-07-19T00:00:00Z,,DEPT. OF PUBLIC HEALTH,Alleged violation not found,2023-07-20T00:00:00Z,41.91935710062,-87.63653408082,POINT (-87.636534080818 41.919357100617),DIVERSEY III LLC,424 W DIVERSEY PKWY,60614,MULTIFAMILY HOUSING,94.0,546.0,41.918959,-87.636536
601372924,Noise Complaint,1220 N STATE PKWY,1220,,N,STATE,PKWY,417325,2023-06-08T00:00:00Z,"I have been disturbed, because there is a big fan blowing continuously, 24h/d, under my window. It's better during the day, but on quiet nights it's really a constant noise that can't be eliminated. I attached two photos, indicating where is the BIG fan.&nbsp;",DEPT. OF PUBLIC HEALTH,Alleged violation not found,2023-06-09T00:00:00Z,41.90453204063,-87.6288461495,POINT (-87.628846149503 41.904532040635),UPSHORE CHAPTER (UP005),4555 N SHERIDAN RD,60640,MULTIFAMILY HOUSING,88.0,505.5,41.904746,-87.628625
601451484,Noise Complaint,1636 N WELLS ST,1636,,N,WELLS,ST,129151,2023-10-07T00:00:00Z,&nbsp;This air conditioning unit is right next to our condo in the back alley and belongs to Americana towers condominium building. It makes a buzzing sound constantly and also makes a loud banging noise every 15 seconds,DEPT. OF PUBLIC HEALTH,Resolved,2023-10-11T00:00:00Z,41.91225443136,-87.63489113535,POINT (-87.634891135355 41.912254431363),ZELDA ORMES APARTMENTS,116 W ELM ST,60610,MULTIFAMILY HOUSING,80.0,922.4,41.912254,-87.634891
601413940,Noise Complaint,3657 N PINE GROVE AVE,3657,,N,PINE GROVE,AVE,417325,2023-08-11T00:00:00Z,,DEPT. OF PUBLIC HEALTH,Resolved,2023-08-14T00:00:00Z,41.9495254815,-87.64635856002,POINT (-87.646358560019 41.949525481496),221 E WALTON CONDOMINIUM ASSOCIATION,221 E WALTON PL,60611,MULTIFAMILY HOUSING,20.0,392.8,41.950214,-87.645635
601427988,Noise Complaint,2211 N MILWAUKEE AVE,2211,,N,MILWAUKEE,AVE,129151,2023-09-01T00:00:00Z,,DEPT. OF PUBLIC HEALTH,Resolved,2023-09-05T00:00:00Z,41.92107615756,-87.69413785909,POINT (-87.694137859093 41.921076157561),VIRIDIAN ON SHERIDAN (VR033),734 W SHERIDAN RD,60613,MULTIFAMILY HOUSING,67.0,592.9,41.921076,-87.694138
601426360,Noise Complaint,501 W SURF ST,501,,W,SURF,ST,417325,2023-08-30T00:00:00Z,Noise is constant at ~70dBA throughout the night while on my deck and when my bedroom windows are open.,DEPT. OF PUBLIC HEALTH,Complaint Valid,2023-08-31T00:00:00Z,41.93419516579,-87.64140393809,POINT (-87.641403938087 41.934195165792),1247-1249 WEST MADISON LLC,1239-1259 W MADISON ST,60607,MULTIFAMILY HOUSING,98.0,419.9,41.934195,-87.641404
601291190,Construction and Demolition,30 W CHICAGO AVE,30,,W,CHICAGO,AVE,425726,2023-01-04T00:00:00Z,,DEPT. OF PUBLIC HEALTH,Resolved,2023-01-06T00:00:00Z,41.8967697344,-87.62944835451,POINT (-87.629448354514 41.896769734399),HENRY,4250 N SAINT LOUIS AVE,60618,K-12 SCHOOL,83.0,322.8,41.896554,-87.629193
601310336,Noise Complaint,2112 W PETERSON AVE,2112,,W,PETERSON,AVE,417325,2023-02-23T00:00:00Z,,DEPT. OF PUBLIC HEALTH,Alleged violation not found,2023-02-27T00:00:00Z,41.99072921796,-87.6829794536,POINT (-87.682979453599 41.990729217961),400 NORTH LASALLE CONDOMINIUM ASSOCIATION,400 N LASALLE DRIVE,60654,MULTIFAMILY HOUSING,62.0,2962.3,41.990729,-87.682979
601308172,Air Pollution Work Order,6040 N KILPATRICK AVE,6040,,N,KILPATRICK,AVE,3308,2023-02-20T00:00:00Z,,DEPT. OF PUBLIC HEALTH,Resolved,2023-02-21T00:00:00Z,41.99117332317,-87.74599136728,POINT (-87.74599136728 41.991173323165),WICKER PARK CONNECTION,1664 W DIVISION,60622,MULTIFAMILY HOUSING,28.0,542.3,41.991173,-87.745991
601365145,Noise Complaint,701 W DIVERSEY PKWY,701,,W,DIVERSEY,PKWY,3308,2023-05-30T00:00:00Z,,DEPT. OF PUBLIC HEALTH,Alleged violation not found,2023-05-30T00:00:00Z,41.93265500408,-87.6467146385,POINT (-87.646714638498 41.932655004077),ONE NORTH WACKER,ONE NORTH WACKER DRIVE,60606,OFFICE,80.0,11863.4,41.932865,-87.647171
601365145,Noise Complaint,701 W DIVERSEY PKWY,701,,W,DIVERSEY,PKWY,3308,2023-05-30T00:00:00Z,,DEPT. OF PUBLIC HEALTH,Alleged violation not found,2023-05-30T00:00:00Z,41.93265500408,-87.6467146385,POINT (-87.646714638498 41.932655004077),740 FULTON CONDOMINIUM ASSOCIATION,740 W FULTON ST,60661,MULTIFAMILY HOUSING,46.0,1166.0,41.932866,-87.646819
601440764,Noise Complaint,4652 N SHERIDAN RD,4652,,N,SHERIDAN,RD,417325,2023-09-23T00:00:00Z,: Industrial fan is incredibly loud and shakes the floors in my apartment and has made wall mounted shelving fall down. Please help!,DEPT. OF PUBLIC HEALTH,Alleged violation not found,2023-09-26T00:00:00Z,41.96703976288,-87.65494521476,POINT (-87.65494521476 41.967039762881),ASPIRE,2111 S WABASH,60616,MULTIFAMILY HOUSING,68.0,1518.6,41.966756,-87.654648
601440764,Noise Complaint,4652 N SHERIDAN RD,4652,,N,SHERIDAN,RD,417325,2023-09-23T00:00:00Z,: Industrial fan is incredibly loud and shakes the floors in my apartment and has made wall mounted shelving fall down. Please help!,DEPT. OF PUBLIC HEALTH,Alleged violation not found,2023-09-26T00:00:00Z,41.96703976288,-87.65494521476,POINT (-87.65494521476 41.967039762881),BVM HALL/SES-ID#175895,6364 N SHERIDAN RD,60660,OFFICE,83.0,570.1,41.967376,-87.654882
601440764,Noise Complaint,4652 N SHERIDAN RD,4652,,N,SHERIDAN,RD,417325,2023-09-23T00:00:00Z,: Industrial fan is incredibly loud and shakes the floors in my apartment and has made wall mounted shelving fall down. Please help!,DEPT. OF PUBLIC HEALTH,Alleged violation not found,2023-09-26T00:00:00Z,41.96703976288,-87.65494521476,POINT (-87.65494521476 41.967039762881),(IL392) - TRIBUNE TOWER (435 N MICHIGAN AVENUE),435 N MICHIGAN AVENUE,60611,MULTIFAMILY HOUSING,74.0,4084.6,41.966667,-87.654942
601362184,Construction and Demolition,5500 N SHERIDAN RD,5500,,N,SHERIDAN,RD,3308,2023-05-23T00:00:00Z,,DEPT. OF PUBLIC HEALTH,Alleged violation not found,2023-05-24T00:00:00Z,41.9819633825,-87.65528993824,POINT (-87.655289938243 41.981963382501),133 N JEFFERSON,133 N JEFFERSON,60661,OFFICE,73.0,394.3,41.981547,-87.654983
601411967,Air Pollution Work Order,770 N LA SALLE DR,770,,N,LA SALLE,DR,249349,2023-08-09T00:00:00Z,"Significant amount of exhaust comes from their kitchen vent, right on to people walking by at Chicago and lasalle. Seems excessive and unreasonable",DEPT. OF PUBLIC HEALTH,Complaint Valid,2023-08-10T00:00:00Z,41.89656175017,-87.63285548263,POINT (-87.632855482633 41.896561750165),THORP O,6024 W WARWICK AVE,60634,K-12 SCHOOL,15.0,753.4,41.897254,-87.632868
601411967,Air Pollution Work Order,770 N LA SALLE DR,770,,N,LA SALLE,DR,249349,2023-08-09T00:00:00Z,"Significant amount of exhaust comes from their kitchen vent, right on to people walking by at Chicago and lasalle. Seems excessive and unreasonable",DEPT. OF PUBLIC HEALTH,Complaint Valid,2023-08-10T00:00:00Z,41.89656175017,-87.63285548263,POINT (-87.632855482633 41.896561750165),21 W GOETHE,21 W GOETHE STREET,60610,MULTIFAMILY HOUSING,60.0,1432.8,41.896803,-87.632566
601398616,Air Pollution Work Order,162 E ONTARIO ST,162,,E,ONTARIO,ST,3308,2023-07-19T00:00:00Z,,DEPT. OF PUBLIC HEALTH,Alleged violation not found,2023-07-20T00:00:00Z,41.89346946765,-87.62289419026,POINT (-87.622894190259 41.893469467647),AINSLIE PARK CONDOMINIUM ASSOCIATION,840-846 W AINSLIE ST,60640,MULTIFAMILY HOUSING,76.0,308.6,41.893251,-87.622792
601398616,Air Pollution Work Order,162 E ONTARIO ST,162,,E,ONTARIO,ST,3308,2023-07-19T00:00:00Z,,DEPT. OF PUBLIC HEALTH,Alleged violation not found,2023-07-20T00:00:00Z,41.89346946765,-87.62289419026,POINT (-87.622894190259 41.893469467647),"WASHINGTON FRANKLIN, LLC",309 W WASHINGTON ST,60606,OFFICE,71.0,687.8,41.893469,-87.622894
601398616,Air Pollution Work Order,162 E ONTARIO ST,162,,E,ONTARIO,ST,3308,2023-07-19T00:00:00Z,,DEPT. OF PUBLIC HEALTH,Alleged violation not found,2023-07-20T00:00:00Z,41.89346946765,-87.62289419026,POINT (-87.622894190259 41.893469467647),3300 LAKE SHORE DRIVE CONDOMINIUM ASSOCIATION,3300 N LAKE SHORE DRIVE,60657,MULTIFAMILY HOUSING,62.0,776.9,41.892514,-87.622835
601442860,Construction and Demolition,7250 S SOUTH SHORE DR,7250,,S,SOUTH SHORE,DR,13776,2023-09-27T00:00:00Z,PER CALLER- THERE ARE SOME MEN WORKING ON A BUILDING THAT KEEP THROWINGCONSTRUCTION DEBRIS FROM THE REAR AND SIDE OF THE BUILDING. THE DEBRIS IS HITTING VEHICLES AS THEYDRIVE BY AND VEHICLES PARKED IN THE REAR BY THE ALLEY. THEY HAVE DEBRIS THAT IS NOT FALLING INTOTHE DUMPSTER AS WELL.,DEPT. OF PUBLIC HEALTH,Resolved,2023-09-27T00:00:00Z,41.76448370443,-87.56121061918,POINT (-87.561210619176 41.764483704432),PARK COMMUNITY CHURCH,1001 N CROSBY ST,60610,WORSHIP FACILITY,19.0,404.1,41.76391,-87.560641
601442860,Construction and Demolition,7250 S SOUTH SHORE DR,7250,,S,SOUTH SHORE,DR,13776,2023-09-27T00:00:00Z,PER CALLER- THERE ARE SOME MEN WORKING ON A BUILDING THAT KEEP THROWINGCONSTRUCTION DEBRIS FROM THE REAR AND SIDE OF THE BUILDING. THE DEBRIS IS HITTING VEHICLES AS THEYDRIVE BY AND VEHICLES PARKED IN THE REAR BY THE ALLEY. THEY HAVE DEBRIS THAT IS NOT FALLING INTOTHE DUMPSTER AS WELL.,DEPT. OF PUBLIC HEALTH,Resolved,2023-09-27T00:00:00Z,41.76448370443,-87.56121061918,POINT (-87.561210619176 41.764483704432),50 EAST CHESTNUT CONDOMINIUM ASSOCIATION,50 EAST CHESTNUT STREET,60611,MULTIFAMILY HOUSING,13.0,1165.7,41.764268,-87.560997
601460920,Vehicle Idling Work Order,1136 W LAWRENCE AVE,1136,,W,LAWRENCE,AVE,84397,2023-10-26T00:00:00Z,: Semi Trucks idling at Clifton &amp; Lawrence. This truck is associated with the construction work taking place at the Lawrence Red Line Station. A total of 6 trucks idling at a time. This takes place 7 days a week and in early.&nbsp;,DEPT. OF PUBLIC HEALTH,Resolved,2023-10-26T00:00:00Z,41.9691447935,-87.65910171893,POINT (-87.659101718929 41.969144793495),"THE SELFHELP HOME, INC",908 W ARGYLE ST,60640,SENIOR LIVING COMMUNITY,14.0,1520.3,41.968724,-87.659414
601478430,Air Pollution Work Order,3030 W 21ST PL,3030,,W,21ST,PL,249349,2023-12-04T00:00:00Z,,DEPT. OF PUBLIC HEALTH,Refer to Building Dept,2023-12-05T00:00:00Z,41.8528399696,-87.70163084376,POINT (-87.701630843762 41.852839969599),BEASLEY,5255 S STATE ST,60609,K-12 SCHOOL,5.0,1390.8,41.85284,-87.701631
601441914,Air Pollution Work Order,5025 S WOODLAWN AVE,5025,,S,WOODLAWN,AVE,8386,2023-09-25T00:00:00Z,,DEPT. OF PUBLIC HEALTH,Alleged violation not found,2023-09-26T00:00:00Z,41.80330875851,-87.59657243784,POINT (-87.596572437836 41.803308758511),525 WEST MONROE,525 WEST MONROE STREET,60661,OFFICE,78.0,6217.5,41.802889,-87.59686
601441914,Air Pollution Work Order,5025 S WOODLAWN AVE,5025,,S,WOODLAWN,AVE,8386,2023-09-25T00:00:00Z,,DEPT. OF PUBLIC HEALTH,Alleged violation not found,2023-09-26T00:00:00Z,41.80330875851,-87.59657243784,POINT (-87.596572437836 41.803308758511),2 EAST ERIE CONDOMINIUM ASSOCIATION,2 EAST ERIE STREET,60611,MULTIFAMILY HOUSING,17.0,,41.803159,-87.596864
601461252,Noise Complaint,720 N STATE ST,720,,N,STATE,ST,417325,2023-10-27T00:00:00Z,"This site has been reported numerous times over the past year. The previous address entered was 1 West Superior (location of parking deck); however, the ventilation equipment is for the Tzuco restaurant located at 720 N State.",DEPT. OF PUBLIC HEALTH,Complaint Valid,2023-10-30T00:00:00Z,41.89563627196,-87.62832032238,POINT (-87.628320322382 41.895636271961),LAKE PARK PLAZA CONDOMINIUM ASSOCIATION,3930 N PINE GROVE AVE,60613,MULTIFAMILY HOUSING,73.0,2684.9,41.895568,-87.628252
601461252,Noise Complaint,720 N STATE ST,720,,N,STATE,ST,417325,2023-10-27T00:00:00Z,"This site has been reported numerous times over the past year. The previous address entered was 1 West Superior (location of parking deck); however, the ventilation equipment is for the Tzuco restaurant located at 720 N State.",DEPT. OF PUBLIC HEALTH,Complaint Valid,2023-10-30T00:00:00Z,41.89563627196,-87.62832032238,POINT (-87.628320322382 41.895636271961),1000 S CLARK (KS50),1000 S CLARK ST,60605,MULTIFAMILY HOUSING,49.0,2803.5,41.895869,-87.628033
601366008,Noise Complaint,434 W MELROSE ST,434,,W,MELROSE,ST,417325,2023-05-30T00:00:00Z,,DEPT. OF PUBLIC HEALTH,Alleged violation not found,2023-05-31T00:00:00Z,41.94129619035,-87.64080486242,POINT (-87.640804862416 41.941296190352),UNIVERSAL CITY,9510 S CONSTANCE AVE,60617,MULTIFAMILY HOUSING,88.0,760.2,41.94107,-87.641354
601366008,Noise Complaint,434 W MELROSE ST,434,,W,MELROSE,ST,417325,2023-05-30T00:00:00Z,,DEPT. OF PUBLIC HEALTH,Alleged violation not found,2023-05-31T00:00:00Z,41.94129619035,-87.64080486242,POINT (-87.640804862416 41.941296190352),"RMD -15094 CHICAGO (LURIE), IL",211 EAST GRAND,60611,HOTEL,56.0,1039.8,41.941292,-87.641132
601385652,Illegal Dumping Work Order,740 S FEDERAL ST,740,,S,FEDERAL,ST,129151,2023-06-27T00:00:00Z,"white pick up truck with a black loading bed. ""northshore truck &amp; equip"" logo on the back. construction project behind 728 s dearborn on s federal st",DEPT. OF PUBLIC HEALTH,Resolved,2023-06-28T00:00:00Z,41.87281694796,-87.62976511674,POINT (-87.629765116741 41.872816947958),"03181AS - CHICAGO, IL",87 W 87TH STREET,60620,SUPERMARKET/GROCERY STORE,45.0,1860.6,41.873033,-87.630486
601422854,Water Pollution,4100 N MARINE DR,4100,,N,MARINE,DR,3308,2023-08-26T00:00:00Z,"There are multiple vehicles on Bittersweet that oil changes are being performed on daily, with the used oil, and other fluids, being dumped down the storm drains many times a day.",DEPT. OF PUBLIC HEALTH,Alleged violation not found,2023-08-28T00:00:00Z,41.95580658035,-87.64571677969,POINT (-87.645716779692 41.955806580347),PROVIDENT HOSPITAL,500 E 51ST ST,60615,HOSPITAL (GENERAL MEDICAL & SURGICAL),3.0,8893.1,41.955807,-87.645717
601326013,Service Stations/Storage Tanks Work Order,148 N CANAL ST,148,,N,CANAL,ST,84397,2023-03-29T00:00:00Z,: 20 propane tanks under the Metra tracks at Lake and Clinton.,DEPT. OF PUBLIC HEALTH,Resolved,2023-03-29T00:00:00Z,41.88457102455,-87.63994532691,POINT (-87.639945326907 41.884571024551),THE SHORE MANOR,5858 N SHERIDAN RD,60660,MULTIFAMILY HOUSING,73.0,398.7,41.885084,-87.639667
601443494,Noise Complaint,111 E CHESTNUT ST,111,,E,CHESTNUT,ST,417325,2023-09-27T00:00:00Z,"Noise at 2:30 am coming from 111 E Chestnut, Ms. Foh resides at The Clare located at 55 East Pearson.",DEPT. OF PUBLIC HEALTH,Complaint Valid,2023-09-29T00:00:00Z,41.89826161909,-87.62516469194,POINT (-87.62516469194 41.898261619089),HAUGAN,4540 N HAMLIN AVE,60625,K-12 SCHOOL,47.0,778.5,41.898489,-87.624553
601336327,Noise Complaint,725 S WELLS ST,725,,S,WELLS,ST,417325,2023-04-13T00:00:00Z,,DEPT. OF PUBLIC HEALTH,Alleged violation not found,2023-04-14T00:00:00Z,41.8728233617,-87.6334446048,POINT (-87.633444604796 41.872823361702),6101 NORTH CLARK,6101 NORTH CLARK STREET,60660,MULTIFAMILY HOUSING,,218.0,41.873256,-87.633454
601336327,Noise Complaint,725 S WELLS ST,725,,S,WELLS,ST,417325,2023-04-13T00:00:00Z,,DEPT. OF PUBLIC HEALTH,Alleged violation not found,2023-04-14T00:00:00Z,41.8728233617,-87.6334446048,POINT (-87.633444604796 41.872823361702),"1547 CSR-CHICAGO WELLS, LLC",725 S WELLS,60607,DATA CENTER,,1620.0,41.872586,-87.633252
601469267,Noise Complaint,1913 W FLETCHER ST,1913,,W,FLETCHER,ST,437489,2023-11-11T00:00:00Z,,DEPT. OF PUBLIC HEALTH,Alleged violation not found,2023-11-14T00:00:00Z,41.93857454823,-87.67646996977,POINT (-87.67646996977 41.938574548232),CUNEO HALL-ID# 254160,6430 N KENMORE AVE,60626,OFFICE,83.0,264.4,41.939244,-87.675773
601479826,Asbestos Work Order,2727 W WINONA ST,2727,,W,WINONA,ST,379542,2023-12-06T00:00:00Z,"Based on the garbage in their dumpster last week, a few people believe that the church located at 2727 W. Winona removed asbestos floor tiles on the first floor and stairway and disposed of the cracked tiles in their dumpster. The floor tile next to their gymnasium on the south side of the building is the area in question. Their dumpster was full of tiles that resembled old tiles that looked like asbestos tile. I highly doubt they did this legally or using a professional abatement company. The replacement tile should be obvious if installed now or the floor and stair is bare and can be viewed if you act quickly.",DEPT. OF PUBLIC HEALTH,Resolved,2023-12-12T00:00:00Z,41.97465335317,-87.69752945714,POINT (-87.69752945714 41.974653353169),RESIDE ON SURF,425 WEST SURF STREET,60657,MULTIFAMILY HOUSING,87.0,554.5,41.974653,-87.697529
601415527,Vehicle Idling Work Order,701 W DIVERSEY PKWY,701,,W,DIVERSEY,PKWY,3308,2023-08-15T00:00:00Z,,DEPT. OF PUBLIC HEALTH,Alleged violation not found,2023-08-14T00:00:00Z,41.93265500408,-87.6467146385,POINT (-87.646714638498 41.932655004077),ONE NORTH WACKER,ONE NORTH WACKER DRIVE,60606,OFFICE,80.0,11863.4,41.932865,-87.647171
601415527,Vehicle Idling Work Order,701 W DIVERSEY PKWY,701,,W,DIVERSEY,PKWY,3308,2023-08-15T00:00:00Z,,DEPT. OF PUBLIC HEALTH,Alleged violation not found,2023-08-14T00:00:00Z,41.93265500408,-87.6467146385,POINT (-87.646714638498 41.932655004077),740 FULTON CONDOMINIUM ASSOCIATION,740 W FULTON ST,60661,MULTIFAMILY HOUSING,46.0,1166.0,41.932866,-87.646819
601433008,Noise Complaint,3436 W WILSON AVE,3436,,W,WILSON,AVE,417325,2023-09-12T00:00:00Z,,DEPT. OF PUBLIC HEALTH,Alleged violation not found,2023-09-13T00:00:00Z,41.96485521836,-87.71483050628,POINT (-87.714830506282 41.964855218362),COBBLER SOUARE LOFTS (CO34),1350 WELLS ST,60610,MULTIFAMILY HOUSING,65.0,1368.3,41.964855,-87.714831
601352278,Noise Complaint,3657 N PINE GROVE AVE,3657,,N,PINE GROVE,AVE,417325,2023-05-08T00:00:00Z,CALLER SAYS THE NOISE IS COMING FROM THE ROOFTOP OF THE BUILDING AND SECURITY AT THAT BUILDING TOLD THE CALLER ITS THE GYMS FAN THE GYM SAID THEY CANT TURN IT OFF UNTIL THE MORNING,DEPT. OF PUBLIC HEALTH,Alleged violation not found,2023-05-10T00:00:00Z,41.9495254815,-87.64635856002,POINT (-87.646358560019 41.949525481496),221 E WALTON CONDOMINIUM ASSOCIATION,221 E WALTON PL,60611,MULTIFAMILY HOUSING,20.0,392.8,41.950214,-87.645635
601422829,Air Pollution Work Order,340 W SUPERIOR ST,340,,W,SUPERIOR,ST,249349,2023-08-25T00:00:00Z,"Caller has been complaining about construction fumes. Workers laying asphalt. Work has been going on for months. Fumes are coming through the ventilation. Previous SR#SR23-00929989. Issue has not been resolved. Caller spoke with Investigator Natalie from Conservation, and has not been able to get in contact with her since then.",DEPT. OF PUBLIC HEALTH,Refer to Building Dept,2023-08-28T00:00:00Z,41.89566277188,-87.63722071498,POINT (-87.637220714979 41.895662771878),PARKER AT FULTON MARKET,730 W COUCH PL,60661,MULTIFAMILY HOUSING,57.0,1551.0,41.895663,-87.637221
601422829,Air Pollution Work Order,340 W SUPERIOR ST,340,,W,SUPERIOR,ST,249349,2023-08-25T00:00:00Z,"Caller has been complaining about construction fumes. Workers laying asphalt. Work has been going on for months. Fumes are coming through the ventilation. Previous SR#SR23-00929989. Issue has not been resolved. Caller spoke with Investigator Natalie from Conservation, and has not been able to get in contact with her since then.",DEPT. OF PUBLIC HEALTH,Refer to Building Dept,2023-08-28T00:00:00Z,41.89566277188,-87.63722071498,POINT (-87.637220714979 41.895662771878),RUIZ,2410 S LEAVITT ST,60608,K-12 SCHOOL,15.0,583.7,41.896293,-87.637313
601421388,Water Pollution,800 W SUPERIOR ST,800,,W,SUPERIOR,ST,379542,2023-08-23T00:00:00Z,This has happened many times before&nbsp;,DEPT. OF PUBLIC HEALTH,Resolved,2023-08-24T00:00:00Z,41.8956675745,-87.64777938019,POINT (-87.647779380193 41.895667574498),HERNANDEZ,3510 W 55TH ST,60632,K-12 SCHOOL,65.0,588.2,41.896378,-87.647891
601429821,Noise Complaint,2026 N CLARK ST,2026,,N,CLARK,ST,129151,2023-09-06T00:00:00Z,"My building says it is their exhaust fan. It never stops - it goes 24/7 for over a year. It is much too loud to be working normally. I would truly appreciate any help your office could offer. First recording is March, second from today 9/6/23&nbsp;Clayton Residential Home - there is a very large exhaust fan off the alley on the back left (SW) side that can be heard at the next building - 2020 N. Lincoln Park West&nbsp;",DEPT. OF PUBLIC HEALTH,Resolved,2023-09-06T00:00:00Z,41.91922593711,-87.63677565479,POINT (-87.63677565479 41.919225937113),ONNI 200 LASALLE,200 N LASALLE AVE,60601,OFFICE,80.0,4249.0,41.919357,-87.636534
601429821,Noise Complaint,2026 N CLARK ST,2026,,N,CLARK,ST,129151,2023-09-06T00:00:00Z,"My building says it is their exhaust fan. It never stops - it goes 24/7 for over a year. It is much too loud to be working normally. I would truly appreciate any help your office could offer. First recording is March, second from today 9/6/23&nbsp;Clayton Residential Home - there is a very large exhaust fan off the alley on the back left (SW) side that can be heard at the next building - 2020 N. Lincoln Park West&nbsp;",DEPT. OF PUBLIC HEALTH,Resolved,2023-09-06T00:00:00Z,41.91922593711,-87.63677565479,POINT (-87.63677565479 41.919225937113),DIVERSEY III LLC,424 W DIVERSEY PKWY,60614,MULTIFAMILY HOUSING,94.0,546.0,41.918959,-87.636536
601469254,Construction and Demolition,645 W HUTCHINSON ST,645,,W,HUTCHINSON,ST,379542,2023-11-09T00:00:00Z,"645 Hutchinson is doing some construction and has temporary fencing that has fallen down around the entire property and blocking the sidewalk, making it impossible to pass on with a walker or wheelchair. It’s dangerous",DEPT. OF PUBLIC HEALTH,Resolved,2023-11-13T00:00:00Z,41.95924378935,-87.64686319053,POINT (-87.646863190525 41.959243789354),GARFIELD CENTER,10 S KEDZIE AVE,60612,OFFICE,41.0,759.8,41.958551,-87.646626
601342128,Air Pollution Work Order,2715 N CICERO AVE,2715,,N,CICERO,AVE,417337,2023-04-24T00:00:00Z,": The dust encompasses the entire building,12 months submitted video to management. The complaints of all residents have fallen of deaf ears! I have needed medical attention due to this dust, using an inhaler. Can not breathe, Help Us. Thank you",DEPT. OF PUBLIC HEALTH,Alleged violation not found,2023-04-25T00:00:00Z,41.93012656883,-87.74638853895,POINT (-87.746388538949 41.930126568826),ACME HOTEL COMPANY,15 E OHIO ST,60611,HOTEL,82.0,544.8,41.930127,-87.746389
601381434,Air Pollution Work Order,427 S LA SALLE ST,427,,S,LA SALLE,ST,249349,2023-06-21T00:00:00Z,Grinding and/or Saw cutting on scaffolding SE corner Ida B. Wells Drive,DEPT. OF PUBLIC HEALTH,Alleged violation not found,2023-06-21T00:00:00Z,41.87621600724,-87.63160213552,POINT (-87.631602135522 41.876216007244),534 WEST STRATFORD,532 - 536 WEST STRATFORD PLACE,60657,MULTIFAMILY HOUSING,96.0,574.5,41.876216,-87.631602
601377346,Noise Complaint,228 W HILL ST,228,,W,HILL,ST,129151,2023-06-14T00:00:00Z,these noises have persisted for 4 months making it difficult to sleep and work. The management company has done very little to rectify the situation and refuses to accommodate requests by us to make this better.&nbsp;,DEPT. OF PUBLIC HEALTH,Refer to Building Dept,2023-06-15T00:00:00Z,41.90219892638,-87.63564922164,POINT (-87.635649221642 41.902198926376),(IL0508) - PARK PLACE TOWER I CONDOMINIUM (655 W IRVING PARK RD ),655 W IRVING PARK RD,60613,MULTIFAMILY HOUSING,30.0,6856.8,41.902199,-87.635649
601476135,Air Pollution Work Order,2140 N LINCOLN PARK WEST,2140,,N,LINCOLN PARK WEST,,379542,2023-11-28T00:00:00Z,Building manager at 2131 N Clark is reporting the construction taking place behind his building (roughly 2140-2144 N Lincoln Park West). The dust from the construction is getting all over the neighbor's property and vehicles. The building manager does not believe the proper mitigation is taking place. Building manager name at 2131 N Clark is Jeff Wysong and his phone number 561-693-8213. He has more info if anyone can give him a call when you head out to the site.,DEPT. OF PUBLIC HEALTH,Resolved,2023-12-04T00:00:00Z,41.92139231391,-87.6365862363,POINT (-87.636586236299 41.92139231391),JAMIESON,5650 N MOZART ST,60659,K-12 SCHOOL,50.0,575.5,41.920829,-87.636569
601476135,Air Pollution Work Order,2140 N LINCOLN PARK WEST,2140,,N,LINCOLN PARK WEST,,379542,2023-11-28T00:00:00Z,Building manager at 2131 N Clark is reporting the construction taking place behind his building (roughly 2140-2144 N Lincoln Park West). The dust from the construction is getting all over the neighbor's property and vehicles. The building manager does not believe the proper mitigation is taking place. Building manager name at 2131 N Clark is Jeff Wysong and his phone number 561-693-8213. He has more info if anyone can give him a call when you head out to the site.,DEPT. OF PUBLIC HEALTH,Resolved,2023-12-04T00:00:00Z,41.92139231391,-87.6365862363,POINT (-87.636586236299 41.92139231391),53100507--CHICAGO,5353 N ELSTON,60630,SUPERMARKET/GROCERY STORE,67.0,1562.5,41.921392,-87.636586
601476135,Air Pollution Work Order,2140 N LINCOLN PARK WEST,2140,,N,LINCOLN PARK WEST,,379542,2023-11-28T00:00:00Z,Building manager at 2131 N Clark is reporting the construction taking place behind his building (roughly 2140-2144 N Lincoln Park West). The dust from the construction is getting all over the neighbor's property and vehicles. The building manager does not believe the proper mitigation is taking place. Building manager name at 2131 N Clark is Jeff Wysong and his phone number 561-693-8213. He has more info if anyone can give him a call when you head out to the site.,DEPT. OF PUBLIC HEALTH,Resolved,2023-12-04T00:00:00Z,41.92139231391,-87.6365862363,POINT (-87.636586236299 41.92139231391),LAKEVIEW EAST COOPERATIVE,707 W WAVELAND AVE,60613,MULTIFAMILY HOUSING,26.0,1516.7,41.921111,-87.636578
601413439,Noise Complaint,670 W DIVERSEY PKWY,670,,W,DIVERSEY,PKWY,3308,2023-08-11T00:00:00Z,&nbsp;Truck is idling for over 25 minutes while driver is offloading goods. I have video of the incident,DEPT. OF PUBLIC HEALTH,Alleged violation not found,2023-08-14T00:00:00Z,41.9328838647,-87.64627175169,POINT (-87.646271751687 41.932883864695),SCHATZ BUILDING,610 N FAIRBANKS CT,60611,RETAIL STORE,,233.3,41.933474,-87.645599
601294131,Noise Complaint,1320 W FULLERTON AVE,1320,,W,FULLERTON,AVE,129151,2023-01-11T00:00:00Z,,DEPT. OF PUBLIC HEALTH,Resolved,2023-01-18T00:00:00Z,41.9253573581,-87.66138854382,POINT (-87.661388543818 41.925357358101),MICHIGAN BEACH APARTMENTS,7251 S SOUTH SHORE DRIVE,60649,MULTIFAMILY HOUSING,24.0,1577.3,41.925357,-87.661389
601293202,Air Pollution Work Order,4030 N MILWAUKEE AVE,4030,,N,MILWAUKEE,AVE,10937,2023-01-10T00:00:00Z,,DEPT. OF PUBLIC HEALTH,Complaint Valid,2023-01-10T00:00:00Z,41.95392596854,-87.74839367575,POINT (-87.74839367575 41.953925968536),CC CARE (COMMUNITY CARE CENTER),4314 S WABASH AVE,60653,SENIOR LIVING COMMUNITY,56.0,482.5,41.953804,-87.747734
601442210,Noise Complaint,4652 N SHERIDAN RD,4652,,N,SHERIDAN,RD,417325,2023-09-26T00:00:00Z,They have a vent fan that runs up the side of our building and sits on the roof. We have been told that the only reason it hasnt been fixed is because it would take too much time / money,DEPT. OF PUBLIC HEALTH,Alleged violation not found,2023-09-26T00:00:00Z,41.96703976288,-87.65494521476,POINT (-87.65494521476 41.967039762881),ASPIRE,2111 S WABASH,60616,MULTIFAMILY HOUSING,68.0,1518.6,41.966756,-87.654648
601442210,Noise Complaint,4652 N SHERIDAN RD,4652,,N,SHERIDAN,RD,417325,2023-09-26T00:00:00Z,They have a vent fan that runs up the side of our building and sits on the roof. We have been told that the only reason it hasnt been fixed is because it would take too much time / money,DEPT. OF PUBLIC HEALTH,Alleged violation not found,2023-09-26T00:00:00Z,41.96703976288,-87.65494521476,POINT (-87.65494521476 41.967039762881),BVM HALL/SES-ID#175895,6364 N SHERIDAN RD,60660,OFFICE,83.0,570.1,41.967376,-87.654882
601442210,Noise Complaint,4652 N SHERIDAN RD,4652,,N,SHERIDAN,RD,417325,2023-09-26T00:00:00Z,They have a vent fan that runs up the side of our building and sits on the roof. We have been told that the only reason it hasnt been fixed is because it would take too much time / money,DEPT. OF PUBLIC HEALTH,Alleged violation not found,2023-09-26T00:00:00Z,41.96703976288,-87.65494521476,POINT (-87.65494521476 41.967039762881),(IL392) - TRIBUNE TOWER (435 N MICHIGAN AVENUE),435 N MICHIGAN AVENUE,60611,MULTIFAMILY HOUSING,74.0,4084.6,41.966667,-87.654942
601315480,Noise Complaint,555 W MADISON ST,555,,W,MADISON,ST,417325,2023-03-07T00:00:00Z,,DEPT. OF PUBLIC HEALTH,Alleged violation not found,2023-03-09T00:00:00Z,41.88173751621,-87.6418080251,POINT (-87.641808025103 41.881737516212),730 MICHIGAN AVENUE,730 NORTH MICHIGAN AVENUE,60611,OTHER - MALL,,3219.8,41.881738,-87.641808
601476674,Construction and Demolition,4440 S COTTAGE GROVE AVE,4440,,S,COTTAGE GROVE,AVE,249349,2023-11-29T00:00:00Z,Caller lives in apartment (4434 S. Cottage Grove) above Reggio's Pizza construction. Heavy fumes have come up to caller's apartment.,DEPT. OF PUBLIC HEALTH,Alleged violation not found,2023-11-30T00:00:00Z,41.81377097858,-87.60680573195,POINT (-87.606805731945 41.813770978575),OPTIMA SIGNATURE,220 E ILLINOIS ST,60611,MULTIFAMILY HOUSING,52.0,4605.4,41.813941,-87.60681
601310330,Construction and Demolition,5852 N SHERIDAN RD,5852,,N,SHERIDAN,RD,3308,2023-02-23T00:00:00Z,DON'T KNOW ---THEY ARE DEMO A HOUSE AT THIS ADDRESS AND DEBRI IS FLYING ALL AROUND ON THE SIDEWALKS AND ON CARS. NO PERMITS. PLEASE INSPECT,DEPT. OF PUBLIC HEALTH,Alleged violation not found,2023-02-24T00:00:00Z,41.98884444339,-87.65549560742,POINT (-87.655495607419 41.988844443395),"03344AS - CHICAGO, IL",1220 S ASHLAND AVE,60608,SUPERMARKET/GROCERY STORE,67.0,1351.7,41.988903,-87.655203
601401131,Noise Complaint,501 W SURF ST,501,,W,SURF,ST,417325,2023-07-23T00:00:00Z,Noise still occurring from 501 Surf. This is 24/7.&nbsp;,DEPT. OF PUBLIC HEALTH,Complaint Valid,2023-07-26T00:00:00Z,41.93419516579,-87.64140393809,POINT (-87.641403938087 41.934195165792),1247-1249 WEST MADISON LLC,1239-1259 W MADISON ST,60607,MULTIFAMILY HOUSING,98.0,419.9,41.934195,-87.641404
601319131,Noise Complaint,4645 N SHERIDAN RD,4645,,N,SHERIDAN,RD,417325,2023-03-15T00:00:00Z,,DEPT. OF PUBLIC HEALTH,Resolved,2023-03-16T00:00:00Z,41.96675613103,-87.65464848123,POINT (-87.65464848123 41.966756131029),ASPIRE,2111 S WABASH,60616,MULTIFAMILY HOUSING,68.0,1518.6,41.966756,-87.654648
601319131,Noise Complaint,4645 N SHERIDAN RD,4645,,N,SHERIDAN,RD,417325,2023-03-15T00:00:00Z,,DEPT. OF PUBLIC HEALTH,Resolved,2023-03-16T00:00:00Z,41.96675613103,-87.65464848123,POINT (-87.65464848123 41.966756131029),BVM HALL/SES-ID#175895,6364 N SHERIDAN RD,60660,OFFICE,83.0,570.1,41.967376,-87.654882
601319131,Noise Complaint,4645 N SHERIDAN RD,4645,,N,SHERIDAN,RD,417325,2023-03-15T00:00:00Z,,DEPT. OF PUBLIC HEALTH,Resolved,2023-03-16T00:00:00Z,41.96675613103,-87.65464848123,POINT (-87.65464848123 41.966756131029),(IL392) - TRIBUNE TOWER (435 N MICHIGAN AVENUE),435 N MICHIGAN AVENUE,60611,MULTIFAMILY HOUSING,74.0,4084.6,41.966667,-87.654942
601437088,Noise Complaint,725 S WELLS ST,725,,S,WELLS,ST,417325,2023-09-18T00:00:00Z,ColoHouse Data Center Chicago&nbsp;,DEPT. OF PUBLIC HEALTH,Resolved,2023-09-19T00:00:00Z,41.8728233617,-87.6334446048,POINT (-87.633444604796 41.872823361702),6101 NORTH CLARK,6101 NORTH CLARK STREET,60660,MULTIFAMILY HOUSING,,218.0,41.873256,-87.633454
601437088,Noise Complaint,725 S WELLS ST,725,,S,WELLS,ST,417325,2023-09-18T00:00:00Z,ColoHouse Data Center Chicago&nbsp;,DEPT. OF PUBLIC HEALTH,Resolved,2023-09-19T00:00:00Z,41.8728233617,-87.6334446048,POINT (-87.633444604796 41.872823361702),"1547 CSR-CHICAGO WELLS, LLC",725 S WELLS,60607,DATA CENTER,,1620.0,41.872586,-87.633252
601384750,Noise Complaint,10 S CANAL ST,10,,S,CANAL,ST,417325,2023-06-27T00:00:00Z,Caller reports that this is an ongoing issue with this company. Caller reports that there have been many complaints about this issue from the surrounding neighbors. The noise is still very present.,DEPT. OF PUBLIC HEALTH,Alleged violation not found,2023-06-29T00:00:00Z,41.88158163053,-87.63982438939,POINT (-87.639824389389 41.88158163053),CARROLL @ ROSENWALD BRANCH,2601 W 80TH STREET,60652,K-12 SCHOOL,29.0,394.2,41.881994,-87.639759
601446606,Noise Complaint,301 E NORTH WATER ST,301,,E,NORTH WATER,ST,417325,2023-10-02T00:00:00Z,The HVAC on the roof of the Sheraton is so loud today Monday Oct 2nd,DEPT. OF PUBLIC HEALTH,Alleged violation not found,2023-10-03T00:00:00Z,41.88945828011,-87.62036837643,POINT (-87.620368376429 41.889458280109),WILDWOOD,6950 N HIAWATHA AVE,60646,K-12 SCHOOL,91.0,165.7,41.889458,-87.620368
601460712,Noise Complaint,1636 N WELLS ST,1636,,N,WELLS,ST,129151,2023-10-25T00:00:00Z,Air conditioning unit in alley making a loud drumming noise every 12 seconds all hours of the day and night.,DEPT. OF PUBLIC HEALTH,Resolved,2023-10-25T00:00:00Z,41.91225443136,-87.63489113535,POINT (-87.634891135355 41.912254431363),ZELDA ORMES APARTMENTS,116 W ELM ST,60610,MULTIFAMILY HOUSING,80.0,922.4,41.912254,-87.634891
601484251,Water Pollution,150 N WACKER DR,150,,N,WACKER,DR,417325,2023-12-20T00:00:00Z,Chicago river. Lots of oil.&nbsp;,DEPT. OF PUBLIC HEALTH,Alleged violation not found,2023-12-21T00:00:00Z,41.88452546096,-87.63721639247,POINT (-87.637216392475 41.884525460956),NORTH HARBOR TOWER (NR021),175 N HARBOR DR,60601,MULTIFAMILY HOUSING,31.0,5593.6,41.884616,-87.636682
601484251,Water Pollution,150 N WACKER DR,150,,N,WACKER,DR,417325,2023-12-20T00:00:00Z,Chicago river. Lots of oil.&nbsp;,DEPT. OF PUBLIC HEALTH,Alleged violation not found,2023-12-21T00:00:00Z,41.88452546096,-87.63721639247,POINT (-87.637216392475 41.884525460956),SUPERIOR WEST PRIVATE RESIDENCES,101 W SUPERIOR ST,60614,MULTIFAMILY HOUSING,90.0,429.6,41.884525,-87.637216
601484251,Water Pollution,150 N WACKER DR,150,,N,WACKER,DR,417325,2023-12-20T00:00:00Z,Chicago river. Lots of oil.&nbsp;,DEPT. OF PUBLIC HEALTH,Alleged violation not found,2023-12-21T00:00:00Z,41.88452546096,-87.63721639247,POINT (-87.637216392475 41.884525460956),"3740-3750 N PINE GROVE, LLC",3740 N PINE GROVE AVE,60613,MULTIFAMILY HOUSING,85.0,183.3,41.885243,-87.637165
601294851,Construction and Demolition,4035 N MILWAUKEE AVE,4035,,N,MILWAUKEE,AVE,425726,2023-01-12T00:00:00Z,: Construction fence is leaning over alley and is a driving hazard to neighboring garages.,DEPT. OF PUBLIC HEALTH,Resolved,2023-01-13T00:00:00Z,41.95416851578,-87.74832701932,POINT (-87.748327019323 41.95416851578),CC CARE (COMMUNITY CARE CENTER),4314 S WABASH AVE,60653,SENIOR LIVING COMMUNITY,56.0,482.5,41.953804,-87.747734
601383069,Noise Complaint,525 W MONROE ST,525,,W,MONROE,ST,3308,2023-06-22T00:00:00Z,Demolition noises,DEPT. OF PUBLIC HEALTH,Alleged violation not found,2023-06-23T00:00:00Z,41.88046314708,-87.64080388428,POINT (-87.640803884278 41.880463147078),GALLERY 1250 (GA021),1250 N LA SALLE ST,60610,MULTIFAMILY HOUSING,71.0,872.7,41.880463,-87.640804
601383069,Noise Complaint,525 W MONROE ST,525,,W,MONROE,ST,3308,2023-06-22T00:00:00Z,Demolition noises,DEPT. OF PUBLIC HEALTH,Alleged violation not found,2023-06-23T00:00:00Z,41.88046314708,-87.64080388428,POINT (-87.640803884278 41.880463147078),450 BRIAR PLACE CONDOMINIUM ASSOCIATION,450 W BRIAR PL,60657,MULTIFAMILY HOUSING,84.0,673.9,41.879957,-87.64128
601317069,Noise Complaint,600 W CHICAGO AVE,600,,W,CHICAGO,AVE,129151,2023-03-13T00:00:00Z,,DEPT. OF PUBLIC HEALTH,Resolved,2023-03-13T00:00:00Z,41.8965851912,-87.64299618173,POINT (-87.642996181725 41.8965851912),PRETE APARTMENTS,"5801 N PULASKI RD, BLDG E",60646,RESIDENTIAL CARE FACILITY,,399.1,41.896585,-87.642996
601341588,Noise Complaint,720 N LARRABEE ST,720,,N,LARRABEE,ST,129151,2023-04-23T00:00:00Z,The sound from the rooftop HVAC unit measures 60db in my apartment with the door to the balcony open. The bedroom closest to the generator vibrates at night and the noise from the generator inside the apartment with no windows open reaches 50db.,DEPT. OF PUBLIC HEALTH,Resolved,2023-04-24T00:00:00Z,41.89534755572,-87.64310471437,POINT (-87.643104714365 41.89534755572),"THE HIGHLAND APARTMENTS, LLC",7455-7469 N GREENVIEW AVE,60626,MULTIFAMILY HOUSING,89.0,283.6,41.895348,-87.643105
601341588,Noise Complaint,720 N LARRABEE ST,720,,N,LARRABEE,ST,129151,2023-04-23T00:00:00Z,The sound from the rooftop HVAC unit measures 60db in my apartment with the door to the balcony open. The bedroom closest to the generator vibrates at night and the noise from the generator inside the apartment with no windows open reaches 50db.,DEPT. OF PUBLIC HEALTH,Resolved,2023-04-24T00:00:00Z,41.89534755572,-87.64310471437,POINT (-87.643104714365 41.89534755572),ARLO CHICAGO,"168 N MICHIGAN AVE , ARLO CHICAGO",60601,HOTEL,,1408.9,41.894701,-87.643067
601469608,Noise Complaint,717 S WELLS ST,717,,S,WELLS,ST,417325,2023-11-13T00:00:00Z,Multiple times in a year this building has extremely loud noise from its equipment on the rooftop which lasts for hours starting from early in the morning to well into the afternoon. Sometimes there is also excessive smoke coming out of the chinmeys.,DEPT. OF PUBLIC HEALTH,Alleged violation not found,2023-11-14T00:00:00Z,41.87296747272,-87.63344780864,POINT (-87.633447808641 41.872967472716),6101 NORTH CLARK,6101 NORTH CLARK STREET,60660,MULTIFAMILY HOUSING,,218.0,41.873256,-87.633454
601469608,Noise Complaint,717 S WELLS ST,717,,S,WELLS,ST,417325,2023-11-13T00:00:00Z,Multiple times in a year this building has extremely loud noise from its equipment on the rooftop which lasts for hours starting from early in the morning to well into the afternoon. Sometimes there is also excessive smoke coming out of the chinmeys.,DEPT. OF PUBLIC HEALTH,Alleged violation not found,2023-11-14T00:00:00Z,41.87296747272,-87.63344780864,POINT (-87.633447808641 41.872967472716),"1547 CSR-CHICAGO WELLS, LLC",725 S WELLS,60607,DATA CENTER,,1620.0,41.872586,-87.633252
601484714,Air Pollution Work Order,2785 N CLYBOURN AVE,2785,,N,CLYBOURN,AVE,417337,2023-12-22T00:00:00Z,"There is a toxic sulfuric and sewage like stench in the intersection area on Clybourn and Diversey. It is awful and you can smell it while in your cars and can not be healthy.Not a business, it's on the street and the intersection of Diversey and Clybourn.&nbsp;",DEPT. OF PUBLIC HEALTH,Alleged violation not found,2023-12-26T00:00:00Z,41.93195502836,-87.67755208801,POINT (-87.677552088007 41.93195502836),933 VAN BUREN CONDOMINIUM ASSOCIATION,933 W VAN BUREN ST,60607,MULTIFAMILY HOUSING,78.0,1373.6,41.932394,-87.678173
601425291,Construction and Demolition,408 N CLARK ST,408,,N,CLARK,ST,379542,2023-08-29T00:00:00Z,Levain Bakery has construction going on and the construction company is pouring buckets of concrete into the drain and Styrofoam being broken up making it look like snow in the alley,DEPT. OF PUBLIC HEALTH,Resolved,2023-08-30T00:00:00Z,41.88954161226,-87.63121553381,POINT (-87.631215533807 41.889541612264),NEW SULLIVAN,8331 S MACKINAW AVE,60617,K-12 SCHOOL,82.0,756.3,41.889915,-87.630828
601342218,Noise Complaint,135 S JEFFERSON ST,135,,S,JEFFERSON,ST,129151,2023-04-24T00:00:00Z,noise none stop on and off for years --noise is over 66db in the scale----pen house airconditioner excessive noise&nbsp;,DEPT. OF PUBLIC HEALTH,Resolved,2023-04-25T00:00:00Z,41.87946046145,-87.64243588333,POINT (-87.642435883335 41.879460461446),HOTEL CHICAGO,333 N DEARBORN STREET,60654,HOTEL,95.0,1253.1,41.878536,-87.642219
601342218,Noise Complaint,135 S JEFFERSON ST,135,,S,JEFFERSON,ST,129151,2023-04-24T00:00:00Z,noise none stop on and off for years --noise is over 66db in the scale----pen house airconditioner excessive noise&nbsp;,DEPT. OF PUBLIC HEALTH,Resolved,2023-04-25T00:00:00Z,41.87946046145,-87.64243588333,POINT (-87.642435883335 41.879460461446),THE REGAL,651 S WELLS,60607,MULTIFAMILY HOUSING,67.0,488.2,41.879165,-87.642239
601397332,Asbestos Work Order,2901 S MICHIGAN AVE,2901,,S,MICHIGAN,AVE,379542,2023-07-18T00:00:00Z,"On June&nbsp;22, 2023 I filed a 311 no permit complaint.&nbsp; No license information for the plumbing contractor.&nbsp; NO testing results for asbestos before disturbing the insulation on the walls?&nbsp;Why is the city not acting on my 311 no permits violation on major plumbing riser replacement at 3001 s michigan ave and 2901 s michigan ave?&nbsp;&nbsp;WHY do you not care that there is no Asbestos testing nor abatement done on a 1969 building?Why do you&nbsp; not know that the replaced pipes are not insulated?Where are you?I am being threatened and harassed because of my complaint, and yet, the department that quickly alerted the association about my complaint is missing in action while our building is being destroyed.",DEPT. OF PUBLIC HEALTH,Resolved,2023-07-18T00:00:00Z,41.84196681672,-87.62315048187,POINT (-87.623150481874 41.841966816722),REINBERG,3425 N MAJOR AVE,60634,K-12 SCHOOL,25.0,554.1,41.841967,-87.62315
601297631,Noise Complaint,1133 N DEARBORN ST,1133,,N,DEARBORN,ST,417325,2023-01-22T00:00:00Z,,DEPT. OF PUBLIC HEALTH,Alleged violation not found,2023-01-25T00:00:00Z,41.90290895027,-87.62980840533,POINT (-87.629808405333 41.902908950274),MILLENNIUM PARK PLAZA,151-155 N MICHIGAN AVE,60601,MULTIFAMILY HOUSING,4.0,6283.7,41.902598,-87.630093
601297631,Noise Complaint,1133 N DEARBORN ST,1133,,N,DEARBORN,ST,417325,2023-01-22T00:00:00Z,,DEPT. OF PUBLIC HEALTH,Alleged violation not found,2023-01-25T00:00:00Z,41.90290895027,-87.62980840533,POINT (-87.629808405333 41.902908950274),HEMINGWAY HOUSE CONDOMINIUM ASSOCIATION,1850 N CLARK STREET,60614,MULTIFAMILY HOUSING,21.0,1944.4,41.903447,-87.629825
601297631,Noise Complaint,1133 N DEARBORN ST,1133,,N,DEARBORN,ST,417325,2023-01-22T00:00:00Z,,DEPT. OF PUBLIC HEALTH,Alleged violation not found,2023-01-25T00:00:00Z,41.90290895027,-87.62980840533,POINT (-87.629808405333 41.902908950274),"(IL732) - FILM EXCHANGE LOFTS (1307 S WABASH AVE, CHICAGO)","1307 S WABASH AVE, CHICAGO",60605,MULTIFAMILY HOUSING,78.0,662.8,41.902843,-87.6301
601398678,Noise Complaint,4747 S DR MARTIN LUTHER KING JR DR,4747,,S,DR MARTIN LUTHER KING JR,DR,417325,2023-07-19T00:00:00Z,,DEPT. OF PUBLIC HEALTH,Complaint Valid,2023-07-20T00:00:00Z,41.80799556913,-87.61640486518,POINT (-87.616404865179 41.80799556913),21 EAST CHESTNUT CONDOMINIUM ASSOCIATION,21 EAST CHESTNUT STREET,60611,MULTIFAMILY HOUSING,26.0,947.2,41.807996,-87.616405
601432437,Noise Complaint,410 W ONTARIO ST,410,,W,ONTARIO,ST,417325,2023-09-08T00:00:00Z,"There is an HVAC unit that is making noise all throughout the night and early in the morning, before 8 am. Please contact our office for audio footage, 312-744-3062. This is occurring at 410-416 W Ontario.&nbsp;",DEPT. OF PUBLIC HEALTH,Alleged violation not found,2023-09-12T00:00:00Z,41.89323141117,-87.63910688378,POINT (-87.639106883777 41.89323141117),GRANVILLE COURTS CONDO ASSOCIATION,2025 W GRANVILLE AVE,60659,MULTIFAMILY HOUSING,29.0,1735.7,41.893235,-87.638776
601432437,Noise Complaint,410 W ONTARIO ST,410,,W,ONTARIO,ST,417325,2023-09-08T00:00:00Z,"There is an HVAC unit that is making noise all throughout the night and early in the morning, before 8 am. Please contact our office for audio footage, 312-744-3062. This is occurring at 410-416 W Ontario.&nbsp;",DEPT. OF PUBLIC HEALTH,Alleged violation not found,2023-09-12T00:00:00Z,41.89323141117,-87.63910688378,POINT (-87.639106883777 41.89323141117),ANDERSON POINT APARTMENTS,5700 NORTH ASHLAND AVE,60660,MULTIFAMILY HOUSING,89.0,745.7,41.893016,-87.638772
601401133,Noise Complaint,60 E VAN BUREN ST,60,,E,VAN BUREN,ST,129151,2023-07-21T00:00:00Z,,DEPT. OF PUBLIC HEALTH,Resolved,2023-07-24T00:00:00Z,41.87709817965,-87.62542112917,POINT (-87.625421129173 41.877098179652),6825 SHERIDAN RD BUILDING PARTNERSHIP,6825 N SHERIDAN RD,60626,MULTIFAMILY HOUSING,85.0,346.4,41.876879,-87.625411
601320828,Water Pollution,161 W KINZIE ST,161,,W,KINZIE,ST,84397,2023-03-21T00:00:00Z,WATER BODY WATER WAS DYED GREEN FROM ST PAT. DAY AND THE CALLER STATED THE WATER NOW HAS A BROWN PATCH IN THE RIVER COVERING APPROX. 2/3 OF THE RIVER ON THE SOUTH SIDE OF WELLS STREET BRIDE,DEPT. OF PUBLIC HEALTH,Resolved,2023-03-21T00:00:00Z,41.88906211073,-87.63348520694,POINT (-87.63348520694 41.88906211073),BROOKS BUILDING LLC,223 JACKSON BLVD,60606,OFFICE,43.0,1630.8,41.888878,-87.632662
601390301,Noise Complaint,301 E NORTH WATER ST,301,,E,NORTH WATER,ST,417325,2023-07-04T00:00:00Z,,DEPT. OF PUBLIC HEALTH,Alleged violation not found,2023-07-05T00:00:00Z,41.88945828011,-87.62036837643,POINT (-87.620368376429 41.889458280109),WILDWOOD,6950 N HIAWATHA AVE,60646,K-12 SCHOOL,91.0,165.7,41.889458,-87.620368
601458703,Illegal Dumping Work Order,1427 N OAKLEY BLVD,1427,,N,OAKLEY,BLVD,84397,2023-10-23T00:00:00Z,"BIOHAZARDOUS NEEDLES AND SYRINGS GAUGE, BLACK PLASTIC BAGS, RED AND BLACK SYRINGE BOXES IN ALLEY ALSO NEEDLES ARE IN THE BLACK AND BLUE CARTS&nbsp;",DEPT. OF PUBLIC HEALTH,Complaint Valid,2023-10-23T00:00:00Z,41.90753371805,-87.68456350578,POINT (-87.684563505783 41.907533718053),CHICAGO TEACHERS UNION FOUNDATION,1901 W CARROLL,60612,OFFICE,92.0,484.5,41.908406,-87.685431
601334574,Noise Complaint,2020 N LINCOLN PARK WEST,2020,,N,LINCOLN PARK WEST,,129151,2023-04-11T00:00:00Z,": The 24/7 loud whirring, spinning, mechanical sounds of a neighbor's exhaust fan was confirmed by my building (back to 5/2022) from 10th floor balcony on the NE side. It is so loud that I can also hear it day &amp; night through bedroom windows. Thank youMy engineer at our building says it's a neighbor's exhaust fan on their roof. I've tried to narrow it down. It could be from Clayton Residential Home (2026 N. Clark St), Dimensions Mgmtt (2034 N. Clark), 2036 N. Clark or 2042 N. Clark (res. buildings)&nbsp;",DEPT. OF PUBLIC HEALTH,Resolved,2023-04-12T00:00:00Z,41.91935710062,-87.63653408082,POINT (-87.636534080818 41.919357100617),ONNI 200 LASALLE,200 N LASALLE AVE,60601,OFFICE,80.0,4249.0,41.919357,-87.636534
601334574,Noise Complaint,2020 N LINCOLN PARK WEST,2020,,N,LINCOLN PARK WEST,,129151,2023-04-11T00:00:00Z,": The 24/7 loud whirring, spinning, mechanical sounds of a neighbor's exhaust fan was confirmed by my building (back to 5/2022) from 10th floor balcony on the NE side. It is so loud that I can also hear it day &amp; night through bedroom windows. Thank youMy engineer at our building says it's a neighbor's exhaust fan on their roof. I've tried to narrow it down. It could be from Clayton Residential Home (2026 N. Clark St), Dimensions Mgmtt (2034 N. Clark), 2036 N. Clark or 2042 N. Clark (res. buildings)&nbsp;",DEPT. OF PUBLIC HEALTH,Resolved,2023-04-12T00:00:00Z,41.91935710062,-87.63653408082,POINT (-87.636534080818 41.919357100617),DIVERSEY III LLC,424 W DIVERSEY PKWY,60614,MULTIFAMILY HOUSING,94.0,546.0,41.918959,-87.636536
601365067,Air Pollution Work Order,427 S LA SALLE ST,427,,S,LA SALLE,ST,249349,2023-05-30T00:00:00Z,,DEPT. OF PUBLIC HEALTH,Alleged violation not found,2023-05-30T00:00:00Z,41.87621600724,-87.63160213552,POINT (-87.631602135522 41.876216007244),534 WEST STRATFORD,532 - 536 WEST STRATFORD PLACE,60657,MULTIFAMILY HOUSING,96.0,574.5,41.876216,-87.631602
601388511,Asbestos Work Order,875 N MICHIGAN AVE,875,,N,MICHIGAN,AVE,379542,2023-06-28T00:00:00Z,"Lives
in John Hancock Bldg, worried about asbestos in apartment.&nbsp; No indication
of reno or demo.",DEPT. OF PUBLIC HEALTH,Resolved,2023-07-11T00:00:00Z,41.89894854173,-87.62397498769,POINT (-87.62397498769 41.89894854173),6900 S SHORE DRIVE,6900 S SHORE DRIVE,60649,MULTIFAMILY HOUSING,61.0,328.7,41.899249,-87.624275
601295646,Asbestos Work Order,2610 W BALMORAL AVE,2610,,W,BALMORAL,AVE,379542,2023-01-14T00:00:00Z,": PLEASE CONTACT CALLER TO GAIN ACCESS TO BLDG/APT, CALLER STATES THE CONSTRUCTION DUST IS FULL OF ASBESTOS, CAUSING POSSIBLE HEALTH ISSUES FOR THE PEOPLE/ANIMALS THAT LIVE IN APT 102.",DEPT. OF PUBLIC HEALTH,Resolved,2023-01-17T00:00:00Z,41.9796067065,-87.69467570414,POINT (-87.694675704141 41.979606706503),2756-64 N PINE GROVE AVE,2756-64 N PINE GROVE AVE,60642,MULTIFAMILY HOUSING,43.0,767.9,41.979608,-87.694525
601391970,Air Pollution Work Order,5835 N SHERIDAN RD,5835,,N,SHERIDAN,RD,417337,2023-07-07T00:00:00Z,The dog run smells of old urine and the feces bin isnt emptied enough. It is foul smelling and enters into the neighboring windows. I have talked to them directly twice and left two other messages.,DEPT. OF PUBLIC HEALTH,Resolved,2023-07-12T00:00:00Z,41.98836546854,-87.65518764654,POINT (-87.655187646542 41.988365468544),KENWOOD HS,5015 S BLACKSTONE AVE,60615,K-12 SCHOOL,23.0,2187.5,41.987828,-87.655171
601396094,Noise Complaint,149 E OHIO ST,149,,E,OHIO,ST,417325,2023-07-14T00:00:00Z,,DEPT. OF PUBLIC HEALTH,Resolved,2023-07-19T00:00:00Z,41.89245260621,-87.62354495798,POINT (-87.623544957979 41.892452606208),DEPRIEST,139 S PARKSIDE AVE,60644,K-12 SCHOOL,26.0,736.9,41.891897,-87.624016
601396094,Noise Complaint,149 E OHIO ST,149,,E,OHIO,ST,417325,2023-07-14T00:00:00Z,,DEPT. OF PUBLIC HEALTH,Resolved,2023-07-19T00:00:00Z,41.89245260621,-87.62354495798,POINT (-87.623544957979 41.892452606208),LANE TECH HS,2501 W ADDISON ST,60618,K-12 SCHOOL,73.0,3348.4,41.892141,-87.624313
601415997,Construction and Demolition,1037 N RUSH ST,1037,,N,RUSH,ST,417337,2023-08-15T00:00:00Z,Dust the site is getting onto people walking in the temporary sidewalk while they were cutting some concrete blocks,DEPT. OF PUBLIC HEALTH,Resolved,2023-08-16T00:00:00Z,41.90186410877,-87.6278774522,POINT (-87.627877452195 41.901864108772),THE WHITNEY CONDOMINIUM ASSOCIATION,1301 N DEARBORN,60610,MULTIFAMILY HOUSING,68.0,1162.0,41.902312,-87.628497
601445620,Air Pollution Work Order,2131 N CLARK ST,2131,,N,CLARK,ST,379542,2023-09-29T00:00:00Z,Please reach out to resident and/or send inspectors. This is Jeff Wysong and I am the Board Treasurer at 2131 N Clark St Chicago IL 60614. The crew doing construction on the building behind us in our alley is taking proper precautions and it is getting all over our cars and the people walking through the alley.&nbsp;,DEPT. OF PUBLIC HEALTH,Resolved,2023-10-02T00:00:00Z,41.9210615259,-87.63757717812,POINT (-87.637577178116 41.921061525898),150 NORTH RIVERSIDE PLAZA,150 N RIVERSIDE PLAZA,60606,OFFICE,68.0,10534.2,41.921225,-87.637998
601310961,Noise Complaint,2112 W PETERSON AVE,2112,,W,PETERSON,AVE,425726,2023-02-24T00:00:00Z,: There is a floor machine they use during early hours making excessive noise . also emitting asbestos floor particle into air while employees are present and working. This should be done when there is no employees present to breathe the fine particle.,DEPT. OF PUBLIC HEALTH,Resolved,2023-02-28T00:00:00Z,41.99072921796,-87.6829794536,POINT (-87.682979453599 41.990729217961),400 NORTH LASALLE CONDOMINIUM ASSOCIATION,400 N LASALLE DRIVE,60654,MULTIFAMILY HOUSING,62.0,2962.3,41.990729,-87.682979
601478433,Air Pollution Work Order,678 N DEARBORN ST,678,,N,DEARBORN,ST,417337,2023-12-04T00:00:00Z,"There has been a strong chemical odor on the 600 block of North Dearborn for the past week, it has persisted following rain. The exact source of the odor is unknown.&nbsp;",DEPT. OF PUBLIC HEALTH,Resolved,2023-12-05T00:00:00Z,41.89481509541,-87.62987176257,POINT (-87.629871762573 41.894815095408),535 NORTH MICHIGAN,535 NORTH MICHIGAN AVENUE,60611,MULTIFAMILY HOUSING,96.0,1838.0,41.894747,-87.62956
601382257,Noise Complaint,420 W HURON ST,420,,W,HURON,ST,417325,2023-06-21T00:00:00Z,"beginning in Summer 2020, now ongoing for 3 years, the noise level coming from the 420 W Huron Street building’s rooftop air conditioning units far exceeds the noise ordinance standard and impairs the residents of 400 W Huron Street",DEPT. OF PUBLIC HEALTH,Resolved,2023-06-22T00:00:00Z,41.89483391999,-87.63944317001,POINT (-87.639443170011 41.894833919993),THE JOHN HANCOCK CENTER,875 N MICHIGAN AVE,60611,MIXED USE PROPERTY,24.0,22818.4,41.894843,-87.638617
601290001,Noise Complaint,518 W ARLINGTON PL,518,,W,ARLINGTON,PL,129151,2023-01-02T00:00:00Z,address is auto correcting from arlington pl to armour pl in system. diesel generator started about 2pm on 1/1/23 and has been running continously though the night since. i have not been able to find any outages nearby on comeds map,DEPT. OF PUBLIC HEALTH,Resolved,2023-01-03T00:00:00Z,41.92687789081,-87.64211419332,POINT (-87.642114193317 41.926877890813),ORR HS / KIPP-ONE,730 N PULASKI RD,60624,K-12 SCHOOL,6.0,3291.5,41.926861,-87.642494
601307020,Construction and Demolition,2942 W NORTH AVE,2942,,W,NORTH,AVE,379542,2023-02-16T00:00:00Z,fencing is blocking the street,DEPT. OF PUBLIC HEALTH,Resolved,2023-02-17T00:00:00Z,41.91029106148,-87.70079649664,POINT (-87.70079649664 41.910291061476),WASHINGTON SOUARE-NORTH AND CICERO DEVELOPMENT LLC,4821-4951 W NORTH AVENUE,60639,STRIP MALL,,1691.0,41.910291,-87.700796
601375998,Noise Complaint,80 W POLK ST,80,,W,POLK,ST,417325,2023-06-13T00:00:00Z,"There is a large air conditioning unit trailer placed in the street. It is far above the allowed limit from Chapter 8-32 of the Municipal Code. As a Mechanical stationary source, it should be limited to under 70 dB from 10 feet away. It far surpasses that",DEPT. OF PUBLIC HEALTH,Complaint Valid,2023-06-16T00:00:00Z,41.87237058769,-87.63036910402,POINT (-87.630369104022 41.872370587685),151 NORTH FRANKLIN,151 N FRANKLIN STREET,60606,OFFICE,93.0,4450.8,41.872167,-87.629577
601317750,Noise Complaint,363 E WACKER DR,363,,E,WACKER,DR,417325,2023-03-13T00:00:00Z,Saturday 3/11 the St. Regis conducted a test of the emergency power generator from 2 PM - 11 PM. Equipment wasincredibly loud. Reported that the building also does not have required CDPH Environmental permits for fuel storage or generator.Please inspect to determine compliance.,DEPT. OF PUBLIC HEALTH,Alleged violation not found,2023-03-14T00:00:00Z,41.88746439665,-87.61786023107,POINT (-87.617860231068 41.887464396646),VANGUARD LOFTS CONDOMINIUM ASSOCIATION,1250 W VAN BUREN ST,60607,MULTIFAMILY HOUSING,42.0,694.4,41.887464,-87.61786
601460715,Air Pollution Work Order,1136 W LAWRENCE AVE,1136,,W,LAWRENCE,AVE,84397,2023-10-26T00:00:00Z,semi Trucks idling at Clifton &amp; Lawrence. This truck is associated with the construction work taking place at the Lawrence Red Line Station. A total of 6 trucks idling at a time emitting exhaust from vehicles into the air . This takes place 7 days a week and in early morning hours.,DEPT. OF PUBLIC HEALTH,Resolved,2023-10-26T00:00:00Z,41.9691447935,-87.65910171893,POINT (-87.659101718929 41.969144793495),"THE SELFHELP HOME, INC",908 W ARGYLE ST,60640,SENIOR LIVING COMMUNITY,14.0,1520.3,41.968724,-87.659414
601374571,Noise Complaint,318 W GRAND AVE,318,,W,GRAND,AVE,417325,2023-06-09T00:00:00Z,It has been happening all day for the past month.,DEPT. OF PUBLIC HEALTH,Alleged violation not found,2023-06-12T00:00:00Z,41.89166230351,-87.6363865569,POINT (-87.636386556897 41.891662303509),33 WEST ONTARIO STREET,33 W ONTARIO ST,60654,MULTIFAMILY HOUSING,86.0,4376.0,41.892257,-87.635754
601374571,Noise Complaint,318 W GRAND AVE,318,,W,GRAND,AVE,417325,2023-06-09T00:00:00Z,It has been happening all day for the past month.,DEPT. OF PUBLIC HEALTH,Alleged violation not found,2023-06-12T00:00:00Z,41.89166230351,-87.6363865569,POINT (-87.636386556897 41.891662303509),MOZART,2200 N HAMLIN AVE,60647,K-12 SCHOOL,21.0,675.7,41.891676,-87.635651
601390700,Noise Complaint,4747 S DR MARTIN LUTHER KING JR DR,4747,,S,DR MARTIN LUTHER KING JR,DR,129151,2023-07-06T00:00:00Z,,DEPT. OF PUBLIC HEALTH,Resolved,2023-07-07T00:00:00Z,41.80799556913,-87.61640486518,POINT (-87.616404865179 41.80799556913),21 EAST CHESTNUT CONDOMINIUM ASSOCIATION,21 EAST CHESTNUT STREET,60611,MULTIFAMILY HOUSING,26.0,947.2,41.807996,-87.616405
601404999,Noise Complaint,2700 N HAMPDEN CT,2700,,N,HAMPDEN,CT,417325,2023-07-27T00:00:00Z,,DEPT. OF PUBLIC HEALTH,Alleged violation not found,2023-07-31T00:00:00Z,41.93072476048,-87.64166467255,POINT (-87.641664672553 41.930724760484),WESTMINSTER CONDOMINIUM ASSOCIATION,36-50 N MENARD AVENUE,60644,MULTIFAMILY HOUSING,53.0,361.5,41.930725,-87.641665
601364065,Noise Complaint,701 W DIVERSEY PKWY,701,,W,DIVERSEY,PKWY,129151,2023-05-24T00:00:00Z,,DEPT. OF PUBLIC HEALTH,Resolved,2023-05-26T00:00:00Z,41.93265500408,-87.6467146385,POINT (-87.646714638498 41.932655004077),ONE NORTH WACKER,ONE NORTH WACKER DRIVE,60606,OFFICE,80.0,11863.4,41.932865,-87.647171
601364065,Noise Complaint,701 W DIVERSEY PKWY,701,,W,DIVERSEY,PKWY,129151,2023-05-24T00:00:00Z,,DEPT. OF PUBLIC HEALTH,Resolved,2023-05-26T00:00:00Z,41.93265500408,-87.6467146385,POINT (-87.646714638498 41.932655004077),740 FULTON CONDOMINIUM ASSOCIATION,740 W FULTON ST,60661,MULTIFAMILY HOUSING,46.0,1166.0,41.932866,-87.646819
601429894,Construction and Demolition,4338 N CLARENDON AVE,4338,,N,CLARENDON,AVE,379542,2023-09-06T00:00:00Z,Demolition is happening to the building. There is no permit posted outside. Debris &amp; soot is getting into neighboring homes. When disposing of debris it is thrown from window several stories up instead of being properly disposed of. Demolition happens during the day through the evening.&nbsp;No permit is listed outside of building; neighbors are unsure of the company name,DEPT. OF PUBLIC HEALTH,Resolved,2023-09-08T00:00:00Z,41.96154879362,-87.65005100892,POINT (-87.650051008923 41.961548793616),(IL0545) - SHORELINE TOWERS (6301 N SHERIDAN RD),6301 N SHERIDAN RD,60660,MULTIFAMILY HOUSING,58.0,2601.9,41.961667,-87.649761
601425287,Noise Complaint,1112 S WABASH AVE,1112,,S,WABASH,AVE,129151,2023-08-30T00:00:00Z,,DEPT. OF PUBLIC HEALTH,Resolved,2023-08-30T00:00:00Z,41.86883410488,-87.62600895041,POINT (-87.626008950412 41.868834104882),CHICAGO,1 WEST WASHINGTON ST,60602,HOTEL,7.0,1195.7,41.869063,-87.626016
601447722,Air Pollution Work Order,10 E ELM ST,10,,E,ELM,ST,249349,2023-10-03T00:00:00Z,: The building is located across the alley from my apartment. Every Tuesday morning around 10am the furnace room blows out exhaust that creates a black smoke for about 20 minutes.,DEPT. OF PUBLIC HEALTH,Alleged violation not found,2023-10-04T00:00:00Z,41.90330107198,-87.62814963133,POINT (-87.628149631327 41.90330107198),DEARBORN PLAZA,1030 N DEARBORN ST,60610,MULTIFAMILY HOUSING,89.0,561.7,41.903296,-87.628367
601447722,Air Pollution Work Order,10 E ELM ST,10,,E,ELM,ST,249349,2023-10-03T00:00:00Z,: The building is located across the alley from my apartment. Every Tuesday morning around 10am the furnace room blows out exhaust that creates a black smoke for about 20 minutes.,DEPT. OF PUBLIC HEALTH,Alleged violation not found,2023-10-04T00:00:00Z,41.90330107198,-87.62814963133,POINT (-87.628149631327 41.90330107198),828 W GRACE,828 W GRACE,60613,MULTIFAMILY HOUSING,95.0,925.0,41.903306,-87.627858
601415536,Vehicle Idling Work Order,706 W DIVERSEY PKWY,706,,W,DIVERSEY,PKWY,3308,2023-08-15T00:00:00Z,,DEPT. OF PUBLIC HEALTH,Alleged violation not found,2023-08-14T00:00:00Z,41.9328697615,-87.64694738162,POINT (-87.64694738162 41.932869761499),ONE NORTH WACKER,ONE NORTH WACKER DRIVE,60606,OFFICE,80.0,11863.4,41.932865,-87.647171
601415536,Vehicle Idling Work Order,706 W DIVERSEY PKWY,706,,W,DIVERSEY,PKWY,3308,2023-08-15T00:00:00Z,,DEPT. OF PUBLIC HEALTH,Alleged violation not found,2023-08-14T00:00:00Z,41.9328697615,-87.64694738162,POINT (-87.64694738162 41.932869761499),740 FULTON CONDOMINIUM ASSOCIATION,740 W FULTON ST,60661,MULTIFAMILY HOUSING,46.0,1166.0,41.932866,-87.646819
601445598,Air Pollution Work Order,1029 W NORTH SHORE AVE,1029,,W,NORTH SHORE,AVE,249349,2023-09-29T00:00:00Z,Someone on the beach is burning a fire that is blowing smoke directly into the adjacent building that can be smelled from indoors. The person has been asked to put out the fire and refuses to do so.,DEPT. OF PUBLIC HEALTH,Alleged violation not found,2023-10-02T00:00:00Z,42.00362928257,-87.65742171752,POINT (-87.65742171752 42.003629282574),BRADLEY BUSINESS CENTER I,2630 - 2650 WEST BRADLEY PLACE,60618,OFFICE,,2117.5,42.003629,-87.657422
601390654,Noise Complaint,55 W CHESTNUT ST,55,,W,CHESTNUT,ST,417325,2023-07-06T00:00:00Z,,DEPT. OF PUBLIC HEALTH,Resolved,2023-07-07T00:00:00Z,41.89786973684,-87.63038076252,POINT (-87.630380762521 41.897869736836),6151 N WINTHROP,6151 N WINTHROP AVE,60660,MULTIFAMILY HOUSING,87.0,431.0,41.89787,-87.630381
601361066,Air Pollution Work Order,701 W DIVERSEY PKWY,701,,W,DIVERSEY,PKWY,3308,2023-05-22T00:00:00Z,,DEPT. OF PUBLIC HEALTH,Alleged violation founded,2023-05-23T00:00:00Z,41.93265500408,-87.6467146385,POINT (-87.646714638498 41.932655004077),ONE NORTH WACKER,ONE NORTH WACKER DRIVE,60606,OFFICE,80.0,11863.4,41.932865,-87.647171
601361066,Air Pollution Work Order,701 W DIVERSEY PKWY,701,,W,DIVERSEY,PKWY,3308,2023-05-22T00:00:00Z,,DEPT. OF PUBLIC HEALTH,Alleged violation founded,2023-05-23T00:00:00Z,41.93265500408,-87.6467146385,POINT (-87.646714638498 41.932655004077),740 FULTON CONDOMINIUM ASSOCIATION,740 W FULTON ST,60661,MULTIFAMILY HOUSING,46.0,1166.0,41.932866,-87.646819
601335500,Air Pollution Work Order,1545 S STATE ST,1545,,S,STATE,ST,379542,2023-04-12T00:00:00Z,,DEPT. OF PUBLIC HEALTH,Resolved,2023-04-13T00:00:00Z,41.86059980853,-87.62711945578,POINT (-87.627119455778 41.860599808534),525 DEMING,525 W DEMING PLACE,60614,MULTIFAMILY HOUSING,94.0,382.0,41.861018,-87.627417
601335500,Air Pollution Work Order,1545 S STATE ST,1545,,S,STATE,ST,379542,2023-04-12T00:00:00Z,,DEPT. OF PUBLIC HEALTH,Resolved,2023-04-13T00:00:00Z,41.86059980853,-87.62711945578,POINT (-87.627119455778 41.860599808534),ELEVEN40 (LV002),1140 S WABASH AVE,60605,MULTIFAMILY HOUSING,44.0,1857.4,41.861078,-87.627124
601406031,Noise Complaint,5036 N KENMORE AVE,5036,,N,KENMORE,AVE,417325,2023-07-31T00:00:00Z,It is a loud repetitive beeping noise.,DEPT. OF PUBLIC HEALTH,Alleged violation not found,2023-07-31T00:00:00Z,41.97438535603,-87.65650803905,POINT (-87.656508039053 41.97438535603),ST MICHAEL'S HIGH SCHOOL CONDOMINIUMS,1660 N HUDSON AVE,60614,MULTIFAMILY HOUSING,70.0,299.5,41.974496,-87.656511
601455178,Water Pollution,550 W WASHINGTON BLVD,550,,W,WASHINGTON,BLVD,417325,2023-10-16T00:00:00Z,looks like antifreeze,DEPT. OF PUBLIC HEALTH,Alleged violation not found,2023-10-17T00:00:00Z,41.88328561814,-87.64174676077,POINT (-87.641746760772 41.883285618136),1010 LAKE SHORE DRIVE,1010 N LAKE SHORE DRIVE,60611,MULTIFAMILY HOUSING,3.0,2767.8,41.883286,-87.641747
601418920,Noise Complaint,1525 S WABASH AVE,1525,,S,WABASH,AVE,129151,2023-08-18T00:00:00Z,,DEPT. OF PUBLIC HEALTH,Resolved,2023-08-21T00:00:00Z,41.86122030405,-87.625539362,POINT (-87.625539361997 41.861220304051),ROSCOE SOUARE/ 90034,3330 N WESTERN AVE,60618,STRIP MALL,,2059.5,41.861425,-87.625838
601382252,Air Pollution Work Order,425 W ROSCOE ST,425,,W,ROSCOE,ST,249349,2023-06-21T00:00:00Z,"&nbsp;A construction crew has been working on the roof at the building immediately to the east of my building (425 West Roscoe St) for the last 2-3 days. My apartment has been filled with an odd smelling haze, which I believe is coming from the construction.&nbsp;",DEPT. OF PUBLIC HEALTH,Alleged violation not found,2023-06-23T00:00:00Z,41.94325018812,-87.64154094568,POINT (-87.641540945683 41.943250188124),SILVER CLOUD CONDOMINIUMS,5346 S CORNELL AVE,60615,MULTIFAMILY HOUSING,98.0,445.4,41.94325,-87.641541
601382252,Air Pollution Work Order,425 W ROSCOE ST,425,,W,ROSCOE,ST,249349,2023-06-21T00:00:00Z,"&nbsp;A construction crew has been working on the roof at the building immediately to the east of my building (425 West Roscoe St) for the last 2-3 days. My apartment has been filled with an odd smelling haze, which I believe is coming from the construction.&nbsp;",DEPT. OF PUBLIC HEALTH,Alleged violation not found,2023-06-23T00:00:00Z,41.94325018812,-87.64154094568,POINT (-87.641540945683 41.943250188124),1712-1720 W ALBION AVE,1712-1720 W ALBION AVE,60626,MULTIFAMILY HOUSING,81.0,297.4,41.943248,-87.641701
601382252,Air Pollution Work Order,425 W ROSCOE ST,425,,W,ROSCOE,ST,249349,2023-06-21T00:00:00Z,"&nbsp;A construction crew has been working on the roof at the building immediately to the east of my building (425 West Roscoe St) for the last 2-3 days. My apartment has been filled with an odd smelling haze, which I believe is coming from the construction.&nbsp;",DEPT. OF PUBLIC HEALTH,Alleged violation not found,2023-06-23T00:00:00Z,41.94325018812,-87.64154094568,POINT (-87.641540945683 41.943250188124),CROWELL 820 N LASALLE,820 N LASALLE,60610,COLLEGE/UNIVERSITY,,1317.4,41.943465,-87.641945
601398698,Water Pollution,3550 N LAKE SHORE DR,3550,,N,LAKE SHORE,DR,3308,2023-07-20T00:00:00Z,There appears to be some sort of oil or diesel spill in the water in BelmontHarbor near Cornelia Ave.,DEPT. OF PUBLIC HEALTH,Alleged violation not found,2023-07-20T00:00:00Z,41.94813046439,-87.64332385698,POINT (-87.643323856984 41.948130464391),1133 N DEARBORN APARTMENTS,1133 N DEARBORN,60610,MULTIFAMILY HOUSING,67.0,1959.6,41.94813,-87.643324
601462085,Noise Complaint,4808 N SHERIDAN RD,4808,,N,SHERIDAN,RD,129151,2023-10-29T00:00:00Z,"&nbsp;The noise is likely coming from a fan on that buildingExact location cannot be identified, but the noise comes from one of the storesat the building 4808 N Sheridan Rd",DEPT. OF PUBLIC HEALTH,Resolved,2023-10-30T00:00:00Z,41.96937767235,-87.65497519084,POINT (-87.654975190845 41.969377672354),HAWTHORNE POINT,1511-1525 W CULLOM AVE,60613,MULTIFAMILY HOUSING,91.0,162.9,41.968753,-87.654963
601375409,Noise Complaint,324 E 38TH ST,324,,E,38TH,ST,417325,2023-06-13T00:00:00Z,"The Pioneer Village parking lot on 38th and Calumet has a malfunctioning gate. For days at a time the gate alarm goes off, disturbing many neighbors. We have requested that they permanently fix the gate.It has been years",DEPT. OF PUBLIC HEALTH,Alleged violation not found,2023-06-13T00:00:00Z,41.82574546492,-87.61824105673,POINT (-87.61824105673 41.825745464922),605 N MICHIGAN AVE,605 N MICHIGAN AVE,60611,OFFICE,66.0,813.5,41.825753,-87.617517
601369477,Water Pollution,231 N WELLS ST,231,,N,WELLS,ST,425726,2023-06-05T00:00:00Z,DISCOLORATION IN THE RIVER --ALMOST THE WIDTH OF THE RIVER CALLER HAS A PHOTOGRAPH OF IT,DEPT. OF PUBLIC HEALTH,Resolved,2023-06-05T00:00:00Z,41.88654983282,-87.63380753582,POINT (-87.633807535821 41.886549832819),LAKE PARC PLACE,3939-3983 S LAKE PARK AVE,60653,MULTIFAMILY HOUSING,58.0,1828.4,41.886707,-87.63415
601483475,Air Pollution Work Order,4801 W PETERSON AVE,4801,,W,PETERSON,AVE,249349,2023-12-17T00:00:00Z,GAS SMELL&nbsp;,DEPT. OF PUBLIC HEALTH,Alleged violation not found,2023-12-20T00:00:00Z,41.98978848882,-87.74837384449,POINT (-87.748373844489 41.989788488824),TRUMAN COLLEGE,1145 WEST WILSON AVE,60640,COLLEGE/UNIVERSITY,,5238.4,41.989788,-87.748374
601442049,Construction and Demolition,2131 N CLARK ST,2131,,N,CLARK,ST,379542,2023-09-25T00:00:00Z,"From a resident: I'm representing the HOA at 2131 N Clark St. with a concern around unsafe construction at 2140 N Lincoln Park West, specifically in the alley behind the building. The building demolition is creating a ton of unnecessary dust and air pollution (realize some dust is inevitable, but there are no standard/required mitigations being practiced). I've approach the foreman / general contractor and they have acknowledged they should be (and promised to): -Using vacuums for masonry work to capture masonry dust (they promised to do this 9/22 and have not as of 9/25 though active masonry work continues) -Spraying down concrete being cut outside (thus far have no seen them do this) -Spraying down containers and areas where gypsum dry wall is being demolished ( thus far have not seen them do this. It's a hazard to the several homes with outdoor areas in the alley where children play, and also dirtying everything in the alley (cars are all covered in dust even after the rain today). Attaching two photos here for reference: one showing masonry work kicking up dust with no vacuum system in place from 9/22, and another on 9/25 showing that even the construction workers have covered their cars to protect their own property with no regard for the neighborhood. Please let me know if you have any questions. 312-636-8687 juancarlosiv@gmail.com",DEPT. OF PUBLIC HEALTH,Resolved,2023-09-29T00:00:00Z,41.9210615259,-87.63757717812,POINT (-87.637577178116 41.921061525898),150 NORTH RIVERSIDE PLAZA,150 N RIVERSIDE PLAZA,60606,OFFICE,68.0,10534.2,41.921225,-87.637998
601391902,Construction and Demolition,1630 N WELLS ST,1630,,N,WELLS,ST,379542,2023-07-07T00:00:00Z,Roof debris has been left sitting in this lot for 3+ months,DEPT. OF PUBLIC HEALTH,Resolved,2023-07-10T00:00:00Z,41.91209688654,-87.63488647518,POINT (-87.63488647518 41.912096886535),ZELDA ORMES APARTMENTS,116 W ELM ST,60610,MULTIFAMILY HOUSING,80.0,922.4,41.912254,-87.634891
601360014,Noise Complaint,535 N MICHIGAN AVE,535,,N,MICHIGAN,AVE,129151,2023-05-21T00:00:00Z,There's a loud squeak coming from one of the units on the rooftop. The units are shared by the residential and commercial tenants,DEPT. OF PUBLIC HEALTH,Resolved,2023-05-24T00:00:00Z,41.89189707576,-87.62401628856,POINT (-87.624016288559 41.891897075755),DEPRIEST,139 S PARKSIDE AVE,60644,K-12 SCHOOL,26.0,736.9,41.891897,-87.624016
601360014,Noise Complaint,535 N MICHIGAN AVE,535,,N,MICHIGAN,AVE,129151,2023-05-21T00:00:00Z,There's a loud squeak coming from one of the units on the rooftop. The units are shared by the residential and commercial tenants,DEPT. OF PUBLIC HEALTH,Resolved,2023-05-24T00:00:00Z,41.89189707576,-87.62401628856,POINT (-87.624016288559 41.891897075755),LANE TECH HS,2501 W ADDISON ST,60618,K-12 SCHOOL,73.0,3348.4,41.892141,-87.624313
601436591,Air Pollution Work Order,2700 N PINE GROVE AVE,2700,,N,PINE GROVE,AVE,379542,2023-09-15T00:00:00Z,,DEPT. OF PUBLIC HEALTH,Resolved,2023-09-18T00:00:00Z,41.93105480995,-87.64053758196,POINT (-87.640537581959 41.931054809946),ALTGELD GARDENS,925 E 130TH STREET,60627,MULTIFAMILY HOUSING,12.0,10199.7,41.930745,-87.64084
601436591,Air Pollution Work Order,2700 N PINE GROVE AVE,2700,,N,PINE GROVE,AVE,379542,2023-09-15T00:00:00Z,,DEPT. OF PUBLIC HEALTH,Resolved,2023-09-18T00:00:00Z,41.93105480995,-87.64053758196,POINT (-87.640537581959 41.931054809946),ALGONOUIN #4,1607 E 50TH STREET,60615,MULTIFAMILY HOUSING,12.0,514.0,41.930711,-87.640948
601413438,Noise Complaint,706 W DIVERSEY PKWY,706,,W,DIVERSEY,PKWY,3308,2023-08-10T00:00:00Z,Truck has been idling for over 20 minutes. No driver in sight. I have video of the incident,DEPT. OF PUBLIC HEALTH,Alleged violation not found,2023-08-14T00:00:00Z,41.9328697615,-87.64694738162,POINT (-87.64694738162 41.932869761499),ONE NORTH WACKER,ONE NORTH WACKER DRIVE,60606,OFFICE,80.0,11863.4,41.932865,-87.647171
601413438,Noise Complaint,706 W DIVERSEY PKWY,706,,W,DIVERSEY,PKWY,3308,2023-08-10T00:00:00Z,Truck has been idling for over 20 minutes. No driver in sight. I have video of the incident,DEPT. OF PUBLIC HEALTH,Alleged violation not found,2023-08-14T00:00:00Z,41.9328697615,-87.64694738162,POINT (-87.64694738162 41.932869761499),740 FULTON CONDOMINIUM ASSOCIATION,740 W FULTON ST,60661,MULTIFAMILY HOUSING,46.0,1166.0,41.932866,-87.646819
601336357,Noise Complaint,721 S WELLS ST,721,,S,WELLS,ST,417325,2023-04-14T00:00:00Z,,DEPT. OF PUBLIC HEALTH,Alleged violation not found,2023-04-14T00:00:00Z,41.87289541721,-87.63344620672,POINT (-87.633446206717 41.872895417209),6101 NORTH CLARK,6101 NORTH CLARK STREET,60660,MULTIFAMILY HOUSING,,218.0,41.873256,-87.633454
601336357,Noise Complaint,721 S WELLS ST,721,,S,WELLS,ST,417325,2023-04-14T00:00:00Z,,DEPT. OF PUBLIC HEALTH,Alleged violation not found,2023-04-14T00:00:00Z,41.87289541721,-87.63344620672,POINT (-87.633446206717 41.872895417209),"1547 CSR-CHICAGO WELLS, LLC",725 S WELLS,60607,DATA CENTER,,1620.0,41.872586,-87.633252
601392066,Noise Complaint,59 W 15TH ST,59,,W,15TH,ST,129151,2023-07-07T00:00:00Z,Loud equipment ran all night last night and is continuing today. It needs to be turned off at night so we can sleep.,DEPT. OF PUBLIC HEALTH,Resolved,2023-07-10T00:00:00Z,41.8618109461,-87.62961410557,POINT (-87.62961410557 41.8618109461),MCGOWAN SOUTH,1110 W BELDEN,60614,COLLEGE/UNIVERSITY,,1948.8,41.86181,-87.629695
601314423,Noise Complaint,1337 W MORSE AVE,1337,,W,MORSE,AVE,417325,2023-03-07T00:00:00Z,,DEPT. OF PUBLIC HEALTH,Alleged violation not found,2023-03-07T00:00:00Z,42.00781354374,-87.66515829204,POINT (-87.665158292039 42.007813543743),2755 N MILWAUKEE AVENUE,2755 N MILWAUKEE AVENUE,60647,MULTIFAMILY HOUSING,91.0,312.2,42.00803,-87.665355
601314423,Noise Complaint,1337 W MORSE AVE,1337,,W,MORSE,AVE,417325,2023-03-07T00:00:00Z,,DEPT. OF PUBLIC HEALTH,Alleged violation not found,2023-03-07T00:00:00Z,42.00781354374,-87.66515829204,POINT (-87.665158292039 42.007813543743),210 NORTH CARPENTER,210 N CARPENTER ST,60607,OFFICE,84.0,1459.3,42.007821,-87.664716
601375386,Noise Complaint,1732 N CLARK ST,1732,,N,CLARK,ST,417325,2023-06-12T00:00:00Z,: The noise is coming from exhaust fans in the base of the garage backing up apartments on Wells. The management has not been accommodating to residents and it is causing some severe noise disturbances during the day and in the evening when residents are trying to rest. We respectfully request an inspection and for the exhaust fans modified to lower the sound. The property Manager on-site is Kate Sarna and her number is 312-787-3335. Assistant Property Manager is Wendy Lyman and her number is the same.&nbsp;,DEPT. OF PUBLIC HEALTH,Alleged violation not found,2023-06-13T00:00:00Z,41.91391201301,-87.63347071478,POINT (-87.633470714785 41.913912013008),5040-60 MARINE DRIVE CONDOMINIUM ASSOCIATION,5040-5060 N MARINE DRIVE,60640,MULTIFAMILY HOUSING,64.0,1211.1,41.913864,-87.633441
601415524,Vehicle Idling Work Order,670 W DIVERSEY PKWY,670,,W,DIVERSEY,PKWY,3308,2023-08-15T00:00:00Z,,DEPT. OF PUBLIC HEALTH,Alleged violation not found,2023-08-14T00:00:00Z,41.9328838647,-87.64627175169,POINT (-87.646271751687 41.932883864695),SCHATZ BUILDING,610 N FAIRBANKS CT,60611,RETAIL STORE,,233.3,41.933474,-87.645599
601440760,Noise Complaint,4652 N SHERIDAN RD,4652,,N,SHERIDAN,RD,417325,2023-09-25T00:00:00Z,,DEPT. OF PUBLIC HEALTH,Alleged violation not found,2023-09-26T00:00:00Z,41.96703976288,-87.65494521476,POINT (-87.65494521476 41.967039762881),ASPIRE,2111 S WABASH,60616,MULTIFAMILY HOUSING,68.0,1518.6,41.966756,-87.654648
601440760,Noise Complaint,4652 N SHERIDAN RD,4652,,N,SHERIDAN,RD,417325,2023-09-25T00:00:00Z,,DEPT. OF PUBLIC HEALTH,Alleged violation not found,2023-09-26T00:00:00Z,41.96703976288,-87.65494521476,POINT (-87.65494521476 41.967039762881),BVM HALL/SES-ID#175895,6364 N SHERIDAN RD,60660,OFFICE,83.0,570.1,41.967376,-87.654882
601440760,Noise Complaint,4652 N SHERIDAN RD,4652,,N,SHERIDAN,RD,417325,2023-09-25T00:00:00Z,,DEPT. OF PUBLIC HEALTH,Alleged violation not found,2023-09-26T00:00:00Z,41.96703976288,-87.65494521476,POINT (-87.65494521476 41.967039762881),(IL392) - TRIBUNE TOWER (435 N MICHIGAN AVENUE),435 N MICHIGAN AVENUE,60611,MULTIFAMILY HOUSING,74.0,4084.6,41.966667,-87.654942
601403863,Noise Complaint,111 E CHESTNUT ST,111,,E,CHESTNUT,ST,417325,2023-07-26T00:00:00Z,I am the executive director of a senior living community (The Clare). 111 East Chestnut garage area has noise levels in their chiller and air cooling system that appear to be illegal. Sounds at night impacting our seniors living at The clare sleep quality,DEPT. OF PUBLIC HEALTH,Resolved,2023-07-27T00:00:00Z,41.89826161909,-87.62516469194,POINT (-87.62516469194 41.898261619089),HAUGAN,4540 N HAMLIN AVE,60625,K-12 SCHOOL,47.0,778.5,41.898489,-87.624553
601342136,Air Pollution Work Order,2715 N CICERO AVE,2715,,N,CICERO,AVE,417337,2023-04-24T00:00:00Z,,DEPT. OF PUBLIC HEALTH,Alleged violation not found,2023-04-25T00:00:00Z,41.93012656883,-87.74638853895,POINT (-87.746388538949 41.930126568826),ACME HOTEL COMPANY,15 E OHIO ST,60611,HOTEL,82.0,544.8,41.930127,-87.746389
601457022,Construction and Demolition,901 N HALSTED ST,901,,N,HALSTED,ST,379542,2023-10-19T00:00:00Z,CALLER IS REPORTING THE DUMPING OF MATERIALS FROM BURIED STORAGE TANK INTOTHE WATER AT A CONSTRUCTION SITE.,DEPT. OF PUBLIC HEALTH,Resolved,2023-10-20T00:00:00Z,41.89905843749,-87.64773049523,POINT (-87.647730495233 41.899058437491),CORNERSTONE APARTMENTS,747 EAST 47TH ST,60615,MULTIFAMILY HOUSING,57.0,391.6,41.898965,-87.64809
601418814,Noise Complaint,1521 S WABASH AVE,1521,,S,WABASH,AVE,129151,2023-08-21T00:00:00Z,,DEPT. OF PUBLIC HEALTH,Resolved,2023-08-21T00:00:00Z,41.86132451284,-87.62554225943,POINT (-87.625542259426 41.86132451284),ROSCOE SOUARE/ 90034,3330 N WESTERN AVE,60618,STRIP MALL,,2059.5,41.861425,-87.625838
601374570,Noise Complaint,4747 S DR MARTIN LUTHER KING JR DR,4747,,S,DR MARTIN LUTHER KING JR,DR,417325,2023-06-10T00:00:00Z,ON THE EAST SIDE OF THE BUILDING&nbsp;,DEPT. OF PUBLIC HEALTH,Complaint Valid,2023-06-16T00:00:00Z,41.80799556913,-87.61640486518,POINT (-87.616404865179 41.80799556913),21 EAST CHESTNUT CONDOMINIUM ASSOCIATION,21 EAST CHESTNUT STREET,60611,MULTIFAMILY HOUSING,26.0,947.2,41.807996,-87.616405
601485705,Noise Complaint,209 E OHIO ST,209,,E,OHIO,ST,437489,2023-12-29T00:00:00Z,This noise is a high pitched screeching sound that has been going NONSTOP since the weather started getting colder. It is becoming unbearable.&nbsp;209 E. Ohio condominiums,DEPT. OF PUBLIC HEALTH,Resolved,2024-01-02T00:00:00Z,41.89245644738,-87.62226362587,POINT (-87.622263625866 41.89245644738),REGENSTEIN LIBRARY,1100 EAST 57TH STREET,60637,LIBRARY,,7933.8,41.891659,-87.622204
601308298,Air Pollution Work Order,6300 N CALIFORNIA AVE,6300,,N,CALIFORNIA,AVE,3308,2023-02-21T00:00:00Z,THE CALLER STATED THAT A CONSTRUCTION SITE&nbsp; IS RELEASING UNKNOWN&nbsp;&nbsp;MATERIALS AND CHEMICALS INTO THE ATMOSPHERE THE AMOUNT OF MATERIAL THAT IS RELEASING IS CURRENTLY UNKNOWN TO THE CALLER.,DEPT. OF PUBLIC HEALTH,Complaint Valid,2023-02-21T00:00:00Z,41.99585587536,-87.69972746242,POINT (-87.699727462423 41.995855875363),MCPHERSON,4728 N WOLCOTT AVE,60640,K-12 SCHOOL,21.0,1148.3,41.995856,-87.699727
601409135,Air Pollution Work Order,212 E CULLERTON ST,212,,E,CULLERTON,ST,84397,2023-08-03T00:00:00Z,DUST COMING FROM GARAGE,DEPT. OF PUBLIC HEALTH,Resolved,2023-08-04T00:00:00Z,41.85562995961,-87.62173466114,POINT (-87.621734661138 41.855629959606),199 EAST LAKE SHORE DRIVE,199 EAST LAKE SHORE DRIVE,60611,MULTIFAMILY HOUSING,,502.1,41.85563,-87.621735
601446585,Air Pollution Work Order,2140 N LINCOLN PARK WEST,2140,,N,LINCOLN PARK WEST,,379542,2023-10-02T00:00:00Z,"I already submitted a complaint SR23-01677456, and was told that the inspector went out there. However I am requesting a full citation/fine since the pollution is still terrible per my video.",DEPT. OF PUBLIC HEALTH,Resolved,2023-10-13T00:00:00Z,41.92139231391,-87.6365862363,POINT (-87.636586236299 41.92139231391),JAMIESON,5650 N MOZART ST,60659,K-12 SCHOOL,50.0,575.5,41.920829,-87.636569
601446585,Air Pollution Work Order,2140 N LINCOLN PARK WEST,2140,,N,LINCOLN PARK WEST,,379542,2023-10-02T00:00:00Z,"I already submitted a complaint SR23-01677456, and was told that the inspector went out there. However I am requesting a full citation/fine since the pollution is still terrible per my video.",DEPT. OF PUBLIC HEALTH,Resolved,2023-10-13T00:00:00Z,41.92139231391,-87.6365862363,POINT (-87.636586236299 41.92139231391),53100507--CHICAGO,5353 N ELSTON,60630,SUPERMARKET/GROCERY STORE,67.0,1562.5,41.921392,-87.636586
601446585,Air Pollution Work Order,2140 N LINCOLN PARK WEST,2140,,N,LINCOLN PARK WEST,,379542,2023-10-02T00:00:00Z,"I already submitted a complaint SR23-01677456, and was told that the inspector went out there. However I am requesting a full citation/fine since the pollution is still terrible per my video.",DEPT. OF PUBLIC HEALTH,Resolved,2023-10-13T00:00:00Z,41.92139231391,-87.6365862363,POINT (-87.636586236299 41.92139231391),LAKEVIEW EAST COOPERATIVE,707 W WAVELAND AVE,60613,MULTIFAMILY HOUSING,26.0,1516.7,41.921111,-87.636578
601435274,Noise Complaint,5838 N SHERIDAN RD,5838,,N,SHERIDAN,RD,417325,2023-09-15T00:00:00Z,"I believe this loud noise is coming from some kind of fan at Sheridan Shores. It seems to come on periodically for a few minutes at all hours and it is very, very loud.&nbsp;",DEPT. OF PUBLIC HEALTH,Alleged violation not found,2023-09-15T00:00:00Z,41.98846809034,-87.6554850125,POINT (-87.655485012499 41.988468090343),KENWOOD HS,5015 S BLACKSTONE AVE,60615,K-12 SCHOOL,23.0,2187.5,41.987828,-87.655171
601483961,Construction and Demolition,2140 N LINCOLN PARK WEST,2140,,N,LINCOLN PARK WEST,,379542,2023-12-19T00:00:00Z,"Hi, I'm reaching out on behalf of my building across the alley from 2140 N Lincoln Park West. They have been engaging in extremely unsafe construction practices for some time now. First, weeks of no dust mitigation and control resulting in a fine being issued. Then unsafe scaffolding, and use of heavy machinery and cranes with no spotters. Now use of a debris chute with no supervision, throwing heavy debris across the alley, including pieces of concrete up to 5"" in diameter (see photo of chunk under a car's tire on our side of the alley). There are kids that walk in that alley in addition to all the other traffic and the debris could have caused serious harm had someone been walking by at the wrong time.&nbsp;",DEPT. OF PUBLIC HEALTH,Resolved,2023-12-20T00:00:00Z,41.92139231391,-87.6365862363,POINT (-87.636586236299 41.92139231391),JAMIESON,5650 N MOZART ST,60659,K-12 SCHOOL,50.0,575.5,41.920829,-87.636569
601483961,Construction and Demolition,2140 N LINCOLN PARK WEST,2140,,N,LINCOLN PARK WEST,,379542,2023-12-19T00:00:00Z,"Hi, I'm reaching out on behalf of my building across the alley from 2140 N Lincoln Park West. They have been engaging in extremely unsafe construction practices for some time now. First, weeks of no dust mitigation and control resulting in a fine being issued. Then unsafe scaffolding, and use of heavy machinery and cranes with no spotters. Now use of a debris chute with no supervision, throwing heavy debris across the alley, including pieces of concrete up to 5"" in diameter (see photo of chunk under a car's tire on our side of the alley). There are kids that walk in that alley in addition to all the other traffic and the debris could have caused serious harm had someone been walking by at the wrong time.&nbsp;",DEPT. OF PUBLIC HEALTH,Resolved,2023-12-20T00:00:00Z,41.92139231391,-87.6365862363,POINT (-87.636586236299 41.92139231391),53100507--CHICAGO,5353 N ELSTON,60630,SUPERMARKET/GROCERY STORE,67.0,1562.5,41.921392,-87.636586
601483961,Construction and Demolition,2140 N LINCOLN PARK WEST,2140,,N,LINCOLN PARK WEST,,379542,2023-12-19T00:00:00Z,"Hi, I'm reaching out on behalf of my building across the alley from 2140 N Lincoln Park West. They have been engaging in extremely unsafe construction practices for some time now. First, weeks of no dust mitigation and control resulting in a fine being issued. Then unsafe scaffolding, and use of heavy machinery and cranes with no spotters. Now use of a debris chute with no supervision, throwing heavy debris across the alley, including pieces of concrete up to 5"" in diameter (see photo of chunk under a car's tire on our side of the alley). There are kids that walk in that alley in addition to all the other traffic and the debris could have caused serious harm had someone been walking by at the wrong time.&nbsp;",DEPT. OF PUBLIC HEALTH,Resolved,2023-12-20T00:00:00Z,41.92139231391,-87.6365862363,POINT (-87.636586236299 41.92139231391),LAKEVIEW EAST COOPERATIVE,707 W WAVELAND AVE,60613,MULTIFAMILY HOUSING,26.0,1516.7,41.921111,-87.636578
601374557,Vehicle Idling Work Order,1636 N WELLS ST,1636,,N,WELLS,ST,3308,2023-06-09T00:00:00Z,,DEPT. OF PUBLIC HEALTH,Alleged violation not found,2023-06-12T00:00:00Z,41.91225443136,-87.63489113535,POINT (-87.634891135355 41.912254431363),ZELDA ORMES APARTMENTS,116 W ELM ST,60610,MULTIFAMILY HOUSING,80.0,922.4,41.912254,-87.634891
601334581,Noise Complaint,1600 S INDIANA AVE,1600,,S,INDIANA,AVE,129151,2023-04-11T00:00:00Z,I have complained last year and the year before and the noise is getting worse and worse. It is interfering with my daughter's mental health and sleepLakeside Tower / Enlan Management,DEPT. OF PUBLIC HEALTH,Refer to other Depts,2023-04-12T00:00:00Z,41.86022699585,-87.62253032593,POINT (-87.622530325931 41.860226995847),1700 EAST 56TH STREET,1700 E 56TH ST,60637,MULTIFAMILY HOUSING,86.0,2184.3,41.860227,-87.62253
601476620,Air Pollution Work Order,6720 S CORNELL AVE,6720,,S,CORNELL,AVE,10937,2023-11-29T00:00:00Z,Sewer smell coming from wall in senior building,DEPT. OF PUBLIC HEALTH,Complaint Valid,2023-11-30T00:00:00Z,41.77268330071,-87.58520828734,POINT (-87.585208287342 41.772683300707),MARKETPLACE AT SIX CORNERS,4660 & 4640 W IRVING PARK,60641,STRIP MALL,,1776.5,41.772683,-87.585208
601317083,Noise Complaint,100 N WACKER DR,100,,N,WACKER,DR,417325,2023-03-12T00:00:00Z,,DEPT. OF PUBLIC HEALTH,Alleged violation not found,2023-03-14T00:00:00Z,41.883261677,-87.63719466429,POINT (-87.637194664288 41.883261676997),ASHBURN,8300 S ST LOUIS AVE,60652,K-12 SCHOOL,54.0,306.0,41.883234,-87.636649
601398668,Noise Complaint,3740 N PANAMA AVE,3740,,N,PANAMA,AVE,417325,2023-07-19T00:00:00Z,,DEPT. OF PUBLIC HEALTH,Alleged violation not found,2023-07-20T00:00:00Z,41.94799244643,-87.82933189758,POINT (-87.82933189758 41.947992446428),311 CITY SERVICES,2111 W LEXINGTON,60612,OFFICE,14.0,911.2,41.947992,-87.829332
601406041,Noise Complaint,200 E OHIO ST,200,,E,OHIO,ST,417325,2023-07-30T00:00:00Z,Reoccurring issue with noisy HVAC RTO.&nbsp;,DEPT. OF PUBLIC HEALTH,Alleged violation not found,2023-07-31T00:00:00Z,41.89267129069,-87.62257220248,POINT (-87.622572202481 41.892671290686),AINSLIE PARK CONDOMINIUM ASSOCIATION,840-846 W AINSLIE ST,60640,MULTIFAMILY HOUSING,76.0,308.6,41.893251,-87.622792
601406041,Noise Complaint,200 E OHIO ST,200,,E,OHIO,ST,417325,2023-07-30T00:00:00Z,Reoccurring issue with noisy HVAC RTO.&nbsp;,DEPT. OF PUBLIC HEALTH,Alleged violation not found,2023-07-31T00:00:00Z,41.89267129069,-87.62257220248,POINT (-87.622572202481 41.892671290686),"WASHINGTON FRANKLIN, LLC",309 W WASHINGTON ST,60606,OFFICE,71.0,687.8,41.893469,-87.622894
601406041,Noise Complaint,200 E OHIO ST,200,,E,OHIO,ST,417325,2023-07-30T00:00:00Z,Reoccurring issue with noisy HVAC RTO.&nbsp;,DEPT. OF PUBLIC HEALTH,Alleged violation not found,2023-07-31T00:00:00Z,41.89267129069,-87.62257220248,POINT (-87.622572202481 41.892671290686),3300 LAKE SHORE DRIVE CONDOMINIUM ASSOCIATION,3300 N LAKE SHORE DRIVE,60657,MULTIFAMILY HOUSING,62.0,776.9,41.892514,-87.622835
601379775,Noise Complaint,2211 N MILWAUKEE AVE,2211,,N,MILWAUKEE,AVE,129151,2023-06-19T00:00:00Z,Please inspect 2211 N Milwaukee premises for equipment noise issues,DEPT. OF PUBLIC HEALTH,Refer to Building Dept,2023-06-20T00:00:00Z,41.92107615756,-87.69413785909,POINT (-87.694137859093 41.921076157561),VIRIDIAN ON SHERIDAN (VR033),734 W SHERIDAN RD,60613,MULTIFAMILY HOUSING,67.0,592.9,41.921076,-87.694138
601365527,Air Pollution Work Order,3308 N CLIFTON AVE,3308,,N,CLIFTON,AVE,417337,2023-05-28T00:00:00Z,,DEPT. OF PUBLIC HEALTH,Alleged violation not found,2023-05-30T00:00:00Z,41.94200177805,-87.65795827075,POINT (-87.657958270749 41.942001778046),COURTYARD CHICAGO DOWNTOWN MAG MILE,165 E ONTARIO ST,60611,HOTEL,81.0,2122.5,41.94229,-87.657673
601422858,Air Pollution Work Order,642 W DEMING PL,642,,W,DEMING,PL,417337,2023-08-26T00:00:00Z,3 giant tour buses idling deisel engines for hours&nbsp;,DEPT. OF PUBLIC HEALTH,Alleged violation not found,2023-08-28T00:00:00Z,41.92798378426,-87.64586660093,POINT (-87.645866600928 41.927983784257),VENETIAN CONDOMINIUM ASSOCIATION,222-232 W DIVISION ST,60610,MULTIFAMILY HOUSING,53.0,1178.2,41.927984,-87.645867
601386999,Vehicle Idling Work Order,850 W IRVING PARK RD,850,,W,IRVING PARK,RD,8386,2023-06-28T00:00:00Z,"CTA BUSES CONSTANTLY LEFT IDLING, FUMES FILLING UP PATIENT'S ROOM OF THOREK HOSPITAL (REFER TO SR23-00677894), STILL UNADDRESSED&nbsp;",DEPT. OF PUBLIC HEALTH,Alleged violation not found,2023-06-29T00:00:00Z,41.95464082537,-87.65156901235,POINT (-87.651569012354 41.954640825372),ALGONOUIN #2,1606 E 50TH STREET,60615,MULTIFAMILY HOUSING,12.0,511.3,41.954641,-87.651569
601442164,Air Pollution Work Order,2140 N LINCOLN PARK WEST,2140,,N,LINCOLN PARK WEST,,379542,2023-09-25T00:00:00Z,"Foreman / contractor has been approached, they acknowledge they should be spraying down containers full of dust, using vacuums for masonry, and spraying down concrete cutting, they are not doing any of this consistently&nbsp;",DEPT. OF PUBLIC HEALTH,Resolved,2023-09-28T00:00:00Z,41.92139231391,-87.6365862363,POINT (-87.636586236299 41.92139231391),JAMIESON,5650 N MOZART ST,60659,K-12 SCHOOL,50.0,575.5,41.920829,-87.636569
601442164,Air Pollution Work Order,2140 N LINCOLN PARK WEST,2140,,N,LINCOLN PARK WEST,,379542,2023-09-25T00:00:00Z,"Foreman / contractor has been approached, they acknowledge they should be spraying down containers full of dust, using vacuums for masonry, and spraying down concrete cutting, they are not doing any of this consistently&nbsp;",DEPT. OF PUBLIC HEALTH,Resolved,2023-09-28T00:00:00Z,41.92139231391,-87.6365862363,POINT (-87.636586236299 41.92139231391),53100507--CHICAGO,5353 N ELSTON,60630,SUPERMARKET/GROCERY STORE,67.0,1562.5,41.921392,-87.636586
601442164,Air Pollution Work Order,2140 N LINCOLN PARK WEST,2140,,N,LINCOLN PARK WEST,,379542,2023-09-25T00:00:00Z,"Foreman / contractor has been approached, they acknowledge they should be spraying down containers full of dust, using vacuums for masonry, and spraying down concrete cutting, they are not doing any of this consistently&nbsp;",DEPT. OF PUBLIC HEALTH,Resolved,2023-09-28T00:00:00Z,41.92139231391,-87.6365862363,POINT (-87.636586236299 41.92139231391),LAKEVIEW EAST COOPERATIVE,707 W WAVELAND AVE,60613,MULTIFAMILY HOUSING,26.0,1516.7,41.921111,-87.636578
601405000,Noise Complaint,203 N WABASH AVE,203,,N,WABASH,AVE,417325,2023-07-27T00:00:00Z,,DEPT. OF PUBLIC HEALTH,Alleged violation not found,2023-08-03T00:00:00Z,41.8858282928,-87.62613826249,POINT (-87.626138262488 41.885828292802),508 WEST DIVERSEY PARKWAY,508 WEST DIVERSEY PARKWAY,60614,MULTIFAMILY HOUSING,93.0,388.5,41.886424,-87.626168
601410265,Noise Complaint,3740 N PANAMA AVE,3740,,N,PANAMA,AVE,129151,2023-08-06T00:00:00Z,&nbsp;If the school wants to run the AC unit 24/7 then they should put the noise barriers in the roof of the gym AC unit just as they did on the new addition and just like St Francis Borgia has in Addison. Or shut it off at night and on weekends,DEPT. OF PUBLIC HEALTH,Resolved,2023-08-07T00:00:00Z,41.94799244643,-87.82933189758,POINT (-87.82933189758 41.947992446428),311 CITY SERVICES,2111 W LEXINGTON,60612,OFFICE,14.0,911.2,41.947992,-87.829332
601409089,Noise Complaint,670 W DIVERSEY PKWY,670,,W,DIVERSEY,PKWY,3308,2023-08-04T00:00:00Z,Truck has been idling for over 30 min. It is currently 73 degrees outside. Driver is no where near the vehicle. I have video of the occurrence.,DEPT. OF PUBLIC HEALTH,Alleged violation not found,2023-08-04T00:00:00Z,41.9328838647,-87.64627175169,POINT (-87.646271751687 41.932883864695),SCHATZ BUILDING,610 N FAIRBANKS CT,60611,RETAIL STORE,,233.3,41.933474,-87.645599
601391870,Air Pollution Work Order,10 W WACKER DR,10,,W,WACKER,DR,249349,2023-07-10T00:00:00Z,NE corner - concrete cutting. dust everywhere,DEPT. OF PUBLIC HEALTH,Alleged violation not found,2023-07-10T00:00:00Z,41.88704176358,-87.62835505651,POINT (-87.628355056509 41.887041763582),URBAN PREP - ENGLEWOOD HS,6201 S STEWART AVENUE,60621,K-12 SCHOOL,6.0,2034.6,41.886708,-87.627883
601355452,Noise Complaint,416 W ONTARIO ST,416,,W,ONTARIO,ST,417325,2023-05-15T00:00:00Z,The HVAC unit when it is turned on at 410-416 W Ontario makes a lot of noise.,DEPT. OF PUBLIC HEALTH,Alleged violation not found,2023-05-15T00:00:00Z,41.89322898385,-87.63930512981,POINT (-87.639305129811 41.893228983853),GRANVILLE COURTS CONDO ASSOCIATION,2025 W GRANVILLE AVE,60659,MULTIFAMILY HOUSING,29.0,1735.7,41.893235,-87.638776
601355452,Noise Complaint,416 W ONTARIO ST,416,,W,ONTARIO,ST,417325,2023-05-15T00:00:00Z,The HVAC unit when it is turned on at 410-416 W Ontario makes a lot of noise.,DEPT. OF PUBLIC HEALTH,Alleged violation not found,2023-05-15T00:00:00Z,41.89322898385,-87.63930512981,POINT (-87.639305129811 41.893228983853),ANDERSON POINT APARTMENTS,5700 NORTH ASHLAND AVE,60660,MULTIFAMILY HOUSING,89.0,745.7,41.893016,-87.638772
601351371,Air Pollution Work Order,2632 W WASHINGTON BLVD,2632,,W,WASHINGTON,BLVD,3308,2023-05-06T00:00:00Z,Dust is collecting and blowing all over the neighborhood,DEPT. OF PUBLIC HEALTH,Complaint Valid,2023-05-08T00:00:00Z,41.88304941576,-87.69232107681,POINT (-87.692321076815 41.883049415762),NORTH & KOSTNER,4501 W NORTH AVENUE,60639,RETAIL STORE,87.0,1191.2,41.883057,-87.691907
601353270,Noise Complaint,819 S STATE ST,819,,S,STATE,ST,417325,2023-05-09T00:00:00Z,,DEPT. OF PUBLIC HEALTH,Alleged violation not found,2023-05-10T00:00:00Z,41.87153497463,-87.62737081569,POINT (-87.627370815686 41.871534974632),"THE SHOPS ON WABASH, LLC",17-23 N WABASH,60602,OFFICE,,609.8,41.871698,-87.627484
601353270,Noise Complaint,819 S STATE ST,819,,S,STATE,ST,417325,2023-05-09T00:00:00Z,,DEPT. OF PUBLIC HEALTH,Alleged violation not found,2023-05-10T00:00:00Z,41.87153497463,-87.62737081569,POINT (-87.627370815686 41.871534974632),HAMPTON INN & SUITES CHICAGO - DOWNTOWN,33 W ILLINOIS,60654,HOTEL,42.0,1542.7,41.871917,-87.627493
601382246,Noise Complaint,1252 N WELLS ST,1252,,N,WELLS,ST,129151,2023-06-21T00:00:00Z,&nbsp;A constituent called in saying that Uproar's HVAC unit on their rooftop is noisy and rattles,DEPT. OF PUBLIC HEALTH,Resolved,2023-06-22T00:00:00Z,41.90543300791,-87.63468085706,POINT (-87.634680857065 41.905433007909),PARAMOUNT LOFTS CONDOMINIUM ASSOCIATION,1645 W OGDEN,60612,MULTIFAMILY HOUSING,38.0,1834.5,41.904831,-87.635028
601289985,Noise Complaint,516 W ARLINGTON PL,516,,W,ARLINGTON,PL,417325,2023-01-01T00:00:00Z,,DEPT. OF PUBLIC HEALTH,Alleged violation not found,2023-01-03T00:00:00Z,41.92689901067,-87.64204784585,POINT (-87.64204784585 41.926899010672),ORR HS / KIPP-ONE,730 N PULASKI RD,60624,K-12 SCHOOL,6.0,3291.5,41.926861,-87.642494
