Data Year,ID,Property Name,Reporting Status,Address,ZIP Code,Chicago Energy Rating,Exempt From Chicago Energy Rating,Community Area,Primary Property Type,Gross Floor Area - Buildings (sq ft),Year Built,# of Buildings,Water Use (kGal),ENERGY STAR Score,Electricity Use (kBtu),Natural Gas Use (kBtu),District Steam Use (kBtu),District Chilled Water Use (kBtu),All Other Fuel Use (kBtu),Site EUI (kBtu/sq ft),Source EUI (kBtu/sq ft),Weather Normalized Site EUI (kBtu/sq ft),Weather Normalized Source EUI (kBtu/sq ft),Total GHG Emissions (Metric Tons CO2e),GHG Intensity (kg CO2e/sq ft),Latitude,Longitude,Location,Row_ID
2023,101710,AlgonOuin #1,Submitted,1605 E. 50th Street,60615,1.0,,Kenwood,Multifamily Housing,59310,1950,1,,11,2949709.8,2256520,,,,87.8,179.2,87.8,179.2,532.6,9,41.910944,-87.626393,POINT (-87.626393 41.910944),2023-101710
2023,160211,633 N St. Clair,Submitted,633 N St. Clair,60611,4.0,,Near North Side,Office,632163,1991,1,,89,22004849.6,14385.6,,,,34.8,97.5,35.6,99.6,3079.7,4.9,41.74715,-87.628002,POINT (-87.628002 41.74715),2023-160211
2023,239016,Avenue East Condominiums,Submitted,160 East Illinois Street,60611,2.5,,Near North Side,Multifamily Housing,258647,2007,1,,59,7058395.8,7884286.8,,,,57.8,108.4,61.9,113.7,1406.4,5.4,41.7909,-87.671932,POINT (-87.671932 41.7909),2023-239016
2023,252049,Bond Chapel,Submitted,1025 East 58th Street,60637,4.0,,Hyde Park,Worship Facility,5252,1926,1,,3,107051.5,,707421.1,,,155.1,219.1,185.9,256.2,62,11.8,41.924508,-87.638223,POINT (-87.638223 41.924508),2023-252049
2023,250120,Sinai Schwab Rehabilitation Hospital,Submitted,1401 S California Ave,60608,2.0,,North Lawndale,Outpatient Rehabilitation/Physical Therapy,177380,1948,6,,,9671173.4,5193899.9,,,,83.8,183.4,88,188.1,1629.1,9.2,41.927891,-87.736002,POINT (-87.736002 41.927891),2023-250120
2023,250016,Loyola Park,Not Submitted,1230 W Greenleaf Ave,60626,0.0,,Rogers Park,Other - Recreation,,,,,,,,,,,,,,,,,41.78429,-87.688512,POINT (-87.688512 41.78429),2023-250016
2023,232458,Harper SOuare Housing Co-Op,Submitted,4800 S. Lake Park Ave.,60615,2.5,,Kenwood,Multifamily Housing,627680,1974,1,,37,13675052,37696682.7,,,,81.8,124.1,89.4,132.3,3915.7,6.2,41.980116,-87.655237,POINT (-87.655237 41.980116),2023-232458
2023,251456,Carnegie,Submitted,1414 E 61st Pl,60637,1.0,,Woodlawn,K-12 School,63979,1957,3,,25,1561576.9,4308160,,,,91.7,139,104.3,152.2,447.3,7,41.965013,-87.677281,POINT (-87.677281 41.965013),2023-251456
2023,251322,990 West Fullerton Building,Submitted,990 West Fullerton Ave,60614,4.0,,Lincoln Park,College/University,91963,1980,1,,,2983825.5,2064716,,,,54.9,114.4,55,114.7,527.2,5.7,41.778723,-87.682128,POINT (-87.682128 41.778723),2023-251322
2023,251467,Holmes Elementary -CPS,Not Covered 2024,955 W Garfield Blvd,60621,,true,Englewood,K-12 School,,,,,,,,,,,,,,,,,41.793339,-87.64971,POINT (-87.64971 41.793339),2023-251467
2023,172584,ASPIRA Early College High School,Not Submitted,3986 W Barry Ave,60618,0.0,,Avondale,Commercial,,,,,,,,,,,,,,,,,41.752251,-87.655245,POINT (-87.655245 41.752251),2023-172584
2023,173655,ACME Hotel Company,Submitted,15 E Ohio St,60611,4.0,,Near North Side,Hotel,80000,1927,1,3785,82,3186192,1863184.5,,,,63.1,136,65.1,140.5,544.8,6.8,41.930127,-87.746389,POINT (-87.746389 41.930127),2023-173655
2023,174135,Times SOuare Apartments,Submitted,869 Buena,60613,2.0,,Uptown,Multifamily Housing,142000,1923,1,,46,2987718.2,9821487.7,,,,90.2,131.5,98.1,140.8,939.7,6.6,41.781977,-87.61477,POINT (-87.61477 41.781977),2023-174135
2023,176010,420 N Wabash Ave,Submitted,420 N. Wabash Ave.,60611,1.0,,Near North Side,Office,102450,1906,1,,23,8165581.2,5107400.6,,,,129.6,275.5,132.8,283.1,1413.8,13.8,41.765712,-87.566626,POINT (-87.566626 41.765712),2023-176010
2023,251368,Washington HS,Submitted,3535 E 114th St,60617,3.0,,East Side,K-12 School,219291,1957,1,,38,4612101.8,14829340.1,,,,88.7,129.9,101.2,143.1,1433,6.5,41.845481,-87.621986,POINT (-87.621986 41.845481),2023-251368
2023,224416,400 East Ohio Condominium Association,Submitted,400 E Ohio Street,60611,1.0,,Near North Side,Multifamily Housing,285156,1981,1,,28,13397365.2,5589237.5,,,,66.6,152.1,72.2,164.5,2171.4,7.6,41.881906,-87.628097,POINT (-87.628097 41.881906),2023-224416
2023,256955,"Fletcher Lofts, LLC",Submitted,3141 N Sheffield Ave.,60657,1.0,,Lake View,Multifamily Housing,72570,2000,1,,30,2270439,2688428,,,,68.3,126.5,72.9,133.3,460.5,6.3,41.997463,-87.655466,POINT (-87.655466 41.997463),2023-256955
2023,158394,Michigan - 180 Property LLC,Submitted,180 N Michigan,60601,2.0,,Loop,Office,231521,1927,1,,,8824280.8,7780096.4,,,,71.7,142,76.7,147.9,1647.9,7.1,41.933931,-87.686598,POINT (-87.686598 41.933931),2023-158394
2023,251784,Parish_OuigleyCenter,Submitted,835 N Rush Street,60611,2.0,,Near North Side,Office,84100,1917,1,,46,3487618.4,4366700,,,,93.4,170.6,101.4,179,719.9,8.6,41.994817,-87.714343,POINT (-87.714343 41.994817),2023-251784
2023,105989,C5501WAS (25112),Submitted,5501 W Washington Blvd,60644,2.5,,Austin,Multifamily Housing,118890,1929,1,8888,59,1982320.8,9126553.5,,,,93.4,127.3,102.6,136.9,762.1,6.4,41.90695,-87.630225,POINT (-87.630225 41.90695),2023-105989
2023,114866,"Barclay Condominium Home Owners' Association, Inc",Submitted,4940 S. East End Ave.,60615,3.5,,Kenwood,Multifamily Housing,146840,1928,1,,76,1458561.1,9638038.5,,,,75.6,96.7,84,106,716,4.9,41.741374,-87.662357,POINT (-87.662357 41.741374),2023-114866
2023,100431,1100 N Clark St,Not Submitted,1100 N Clark St,60610,0.0,,Near North Side,Automobile Dealership,,,,,,,,,,,,,,,,,41.912718,-87.68491,POINT (-87.68491 41.912718),2023-100431
2023,254262,Sunnycourt Condominiums,Submitted,906-934 W Sunnyside,60640,1.5,,Uptown,Multifamily Housing,75600,1926,1,,39,699585.5,6237309.2,,,,91.8,112.5,101,122.1,429.2,5.7,41.893519,-87.633972,POINT (-87.633972 41.893519),2023-254262
2023,243108,(IIL733) - 3600 Condominium (3600 N. Lake Shore Drive),Submitted,3600 N. Lake Shore Drive,60613,1.0,,Lake View,Multifamily Housing,841880,1960,2,,26,14087922.6,65455827.2,,,,94.5,128.5,103.1,137.3,5447.8,6.5,41.86356,-87.721586,POINT (-87.721586 41.86356),2023-243108
2023,112110,Hyatt House Chicago,Not Submitted,1835 W Harrison St,60612,0.0,,Near West Side,Lodging,,,,,,,,,,,,,,,,,41.945349,-87.650424,POINT (-87.650424 41.945349),2023-112110
2023,251744,Disney II HS,Submitted,3900 N Lawndale Ave,60618,3.5,,Irving Park,K-12 School,156960,1924,3,,80,1791467.2,7898179.7,,,,61.7,84.8,74.3,98,670.2,4.3,41.884632,-87.622248,POINT (-87.622248 41.884632),2023-251744
2023,172177,Third Baptist Church of Chicago,Not Covered 2024,1551 W 95th St,60643,,true,Washington Heights,Commercial,,,,,,,,,,,,,,,,,41.893436,-87.629553,POINT (-87.629553 41.893436),2023-172177
2023,240752,200 N. Dearborn CA,Submitted,200 N. Dearborn Street,60601,2.0,,Loop,Multifamily Housing,359953,1989,1,,44,8500636.5,20033149.6,,,,79.3,124.6,86.4,132,2253.5,6.3,41.897304,-87.634804,POINT (-87.634804 41.897304),2023-240752
2023,250055,Von Steuben HS,Submitted,5039 N Kimball Ave,60625,4.0,,North Park,K-12 School,248453,1930,1,,89,3164855.4,8605740,,,,47.4,72,56,81.1,899.9,3.6,42.011484,-87.66405,POINT (-87.66405 42.011484),2023-250055
2023,159000,Harlan Comm Academy -CPS,Not Covered 2024,9652 S Michigan Ave,60628,,true,Roseland,K-12 School,,,,,,,,,,,,,,,,,41.93053,-87.680107,POINT (-87.680107 41.93053),2023-159000
2023,238355,Museum Park Tower 1 Condominium Association,Submitted,1322 S. Prairie Ave,60605,1.5,,Near South Side,Multifamily Housing,279381,2001,1,,35,8716080.1,16115600.3,,,,88.9,147.9,95.9,154.2,2075.5,7.4,41.903424,-87.669405,POINT (-87.669405 41.903424),2023-238355
2023,251755,Rogers,Submitted,7345 N Washtenaw Ave,60645,1.5,,West Ridge,K-12 School,89910,1937,6,,35,1963377.4,4955189.9,,,,76.9,119,93.4,136.2,537.9,6,41.848155,-87.699127,POINT (-87.699127 41.848155),2023-251755
2023,101739,One South Dearborn,Submitted,1 South Dearborn,60603,4.0,,Loop,Office,942732,2005,1,6059,81,39542224.4,,,,,41.9,117.4,43.8,122.6,5532.7,5.9,41.880032,-87.659376,POINT (-87.659376 41.880032),2023-101739
2023,250150,Reid Murdoch Center,Submitted,315-331 N. Lasalle,60654,1.5,,Near North Side,Office,335281,1912,1,,38,17329813.9,19033100.9,,,,108.5,204.3,116,212,3435.7,10.2,41.869768,-87.624266,POINT (-87.624266 41.869768),2023-250150
2023,175818,Chicago IL HL,Submitted,1816 North Clark St,60614,1.5,,Lincoln Park,Hotel,96642,1980,1,644,40,5573489.4,4199079.7,,,,101.1,207.1,104,210.1,1002.9,10.4,41.881782,-87.62791,POINT (-87.62791 41.881782),2023-175818
2023,257083,Park Boulevard,Not Covered 2024,42 W 37th St,60609,,true,Douglas,Residential,,,,,,,,,,,,,,,,,41.8275,-87.628177,POINT (-87.628177 41.8275),2023-257083
2023,101904,,Not Submitted,2115  W Farwell Ave,60645,0.0,,West Ridge,Residential,,,,,,,,,,,,,,,,,42.009003,-87.666539,POINT (-87.666539 42.009003),2023-101904
2023,113474,City-Towne Condominium Association,Submitted,517-523 N. Halsted St.,60622,3.5,,West Town,Multifamily Housing,88776,1935,1,,73,1681731,4240663.2,,,,66.7,103.2,74.6,111.3,460.5,5.2,41.94646,-87.646874,POINT (-87.646874 41.94646),2023-113474
2023,100533,Urban Prep - Englewood HS,Submitted,6201 S Stewart Avenue,60621,1.0,,Englewood,K-12 School,188800,1979,1,,6,9446149.2,13421709.8,,,,121.1,214.7,130.4,223.5,2034.6,10.8,41.886708,-87.627883,POINT (-87.627883 41.886708),2023-100533
2023,256634,The Burnham at Woodlawn Park,Submitted,6134 S. Cottage Grove Avenue,60637,4.0,,Woodlawn,Multifamily Housing,73673,2015,1,4092,96,1489939.6,858648.7,,,,31.9,68.9,33,70.1,254.4,3.5,42.001695,-87.656651,POINT (-87.656651 42.001695),2023-256634
2023,251561,New Field,Submitted,1707 W Morse Ave,60626,1.0,,Rogers Park,K-12 School,85500,2003,1,,3,4222793.3,6253850,,,,122.5,215.1,138.8,232.2,923,10.8,41.919383,-87.689074,POINT (-87.689074 41.919383),2023-251561
2023,134421,Market Place at Six Corners 10361,Not Submitted,4612 - 4730 W Irving Park Rd,60641,0.0,,Portage Park,Other - Mall,,,,,,,,,,,,,,,,,41.93645,-87.650552,POINT (-87.650552 41.93645),2023-134421
2023,119689,"A&M 303 WEST ERIE, LLC",Submitted,303 West Erie,60654,,true,Near North Side,Office,62849,1900,1,,,3892694,,,,,61.9,173.4,66.6,186.4,544.7,8.7,42.01185,-87.70464,POINT (-87.70464 42.01185),2023-119689
2023,132117,1914 - DAN RYAN,Submitted,200-232 W 87th St,60620,2.5,,Chatham,Retail Store,103580,1997,1,3108,57,3887349.4,6849499.9,,,,103.7,174.5,113.9,185.2,907.7,8.8,41.779077,-87.688582,POINT (-87.688582 41.779077),2023-132117
2023,161150,1104 S Wabash,Submitted,1104 S Wabash,60605,4.0,,Loop,College/University,166094,1913,1,902,,6221519.7,4033262,,,,61.7,130.4,65.5,134.3,1084.7,6.5,41.945101,-87.641602,POINT (-87.641602 41.945101),2023-161150
2023,132551,"Aunt Martha's Youth Service Center, Inc.",Submitted,5001-5013 S. Michigan Avenue,60615,1.0,,Grand Boulevard,Other - Services,60150,1975,1,,,1706429.9,4858800.2,,,,109.1,164.3,124.8,180.3,496.8,8.3,41.933699,-87.642915,POINT (-87.642915 41.933699),2023-132551
2023,236822,21 W. Chestnut Condominium Association,Submitted,21 W Chestnut St,60610,1.5,,Near North Side,Multifamily Housing,169377,1999,1,,32,4699413.6,9697824.1,,,,85,137.8,92.8,147.1,1172.6,6.9,41.886488,-87.661813,POINT (-87.661813 41.886488),2023-236822
2023,251876,Sizemore - Shabazz Charter,Not Covered 2024,1540 W 84th St,60620,,true,Auburn Gresham,K-12 School,,,,,,,,,,,,,,,,,41.74158,-87.66223,POINT (-87.66223 41.74158),2023-251876
2023,251621,Hughes L,Submitted,240 W 104th St,60628,1.0,,Roseland,K-12 School,100000,2008,1,,11,5084449.9,2545559.9,,,,76.3,169.1,81.6,173.8,846.6,8.5,41.861573,-87.620664,POINT (-87.620664 41.861573),2023-251621
2023,127877,Howard & Western Shopping Center,Submitted,7510-7578 North Western Avenue,60645,3.0,,West Ridge,Strip Mall,69338,1957,1,,,3247229.1,1008045,,,,61.4,146.4,61.1,145.7,507.9,7.3,41.884586,-87.63101,POINT (-87.63101 41.884586),2023-127877
2023,256778,,Not Submitted,3939 W Devon Ave,60659,0.0,,Forest Glen,,,,,,,,,,,,,,,,,,41.693067,-87.680131,POINT (-87.680131 41.693067),2023-256778
2023,103312,199 East Lake Shore Drive,Submitted,199 East Lake Shore Drive,60611,1.0,,Near North Side,Multifamily Housing,62000,1913,1,,,1962753.1,4282000,,,,100.7,161.2,110.9,171.9,502.1,8.1,41.85563,-87.621735,POINT (-87.621735 41.85563),2023-103312
2023,250146,Brooks Building LLC,Submitted,223 Jackson Blvd.,60606,2.0,,Loop,Office,167574,1909,1,,43,10089620,4124520.1,,,,84.8,194.4,90.3,203.9,1630.8,9.7,41.888878,-87.632662,POINT (-87.632662 41.888878),2023-250146
2023,251678,Hernandez,Submitted,3510 W 55th St,60632,4.0,,Gage Park,K-12 School,127162,2009,1,,65,3573408.1,1660730,,,,41.2,92.4,44.8,96.1,588.2,4.6,41.896378,-87.647891,POINT (-87.647891 41.896378),2023-251678
2023,172131,1765 N Elston Ave,Submitted,1765 N. Elston,60642,4.0,,West Town,Office,128600,2013,1,,85,4913642,3315006,,,,64,134.1,69.8,139.1,863.6,6.7,41.890569,-87.719984,POINT (-87.719984 41.890569),2023-172131
2023,243916,2930 Sheridan Tower Condominium Association,Submitted,2930 N. Sheridan Rd.,60657,3.0,,Lake View,Multifamily Housing,242000,1956,1,,65,5150703.8,12744561.6,,,,73.9,114.9,81.1,122.1,1397.6,5.8,41.971606,-87.724641,POINT (-87.724641 41.971606),2023-243916
2023,256879,2755 N Milwaukee Avenue,Submitted,2755 N Milwaukee Avenue,60647,4.0,,Logan Square,Multifamily Housing,72000,2021,1,,91,1205262.4,2703715.2,,,,54.3,86.3,54,85.6,312.2,4.3,42.00803,-87.665355,POINT (-87.665355 42.00803),2023-256879
2023,175053,5330 N Damen,Submitted,5330 N Damen Ave,60625,1.0,,Lincoln Square,Multifamily Housing,50000,1974,1,,12,435343.4,5652644.7,,,,121.8,143.1,121.3,141.8,361.2,7.2,41.956791,-87.77705,POINT (-87.77705 41.956791),2023-175053
2023,256772,,Not Covered 2024,128 S Laflin St,60607,,true,Near West Side,,,,,,,,,,,,,,,,,,41.884624,-87.620476,POINT (-87.620476 41.884624),2023-256772
2023,146965,,Not Submitted,1610 1620 W Fullerton Ave,60614,0.0,,Lincoln Park,Residential,,,,,,,,,,,,,,,,,41.919226,-87.636776,POINT (-87.636776 41.919226),2023-146965
2023,136487,(IL0214) - 800 E 55th Building (800 E 55th St ),Submitted,800 E 55th St,60615,2.0,,Hyde Park,Medical Office,73327,1964,1,,24,3047707,8641146.4,,,,159.4,240.1,163.5,242.8,885.4,12.1,41.767017,-87.638547,POINT (-87.638547 41.767017),2023-136487
2023,251417,Chalmers-CPS,Not Covered 2024,2745 W Roosevelt Rd,60608,,true,North Lawndale,K-12 School,,,,,,,,,,,,,,,,,41.799598,-87.593761,POINT (-87.593761 41.799598),2023-251417
2023,118695,260-Senior Suites of Bridgeport,Submitted,2825 S. Halsted,60608,3.5,,Bridgeport,Senior Living Community,69455,2005,1,3643,75,1609921.5,3767799.9,,,,77.4,121.9,83.9,129.6,425.4,6.1,41.928849,-87.706817,POINT (-87.706817 41.928849),2023-118695
2023,254536,Optima Signature,Submitted,220 E Illinois St,60611,2.5,,Near North Side,Multifamily Housing,872200,2017,1,,52,27431428.3,14444117.6,,,,48,105.5,50.7,110.5,4605.4,5.3,41.813941,-87.60681,POINT (-87.60681 41.813941),2023-254536
2023,101748,One South Wacker,Submitted,1 S. Wacker,60606,4.0,,Loop,Office,1387952,1982,1,,82,53987356.2,,,,,38.9,108.9,41.1,114.9,7553.9,5.4,41.89034,-87.763241,POINT (-87.763241 41.89034),2023-101748
2023,251579,"Henderson Elementary, CPS",Not Covered 2024,5640 S Wolcott Ave,60636,,true,West Englewood,K-12 School,,,,,,,,,,,,,,,,,42.017095,-87.677799,POINT (-87.677799 42.017095),2023-251579
2023,148481,1154 W LUNT,Submitted,7001-7013 N Sheridan,60626,4.0,,Rogers Park,Multifamily Housing,51959,1920,1,,78,81011.1,3959700.2,,,,77.8,84.4,91.8,99.1,221.7,4.3,41.958548,-87.786919,POINT (-87.786919 41.958548),2023-148481
2023,251236,1120 N Lake Shore Drive,Submitted,1120 N. Lake Shore Drive,60611,4.0,,Near North Side,Multifamily Housing,137739,1924,1,,81,1524935.1,8613783,,,,73.6,96.7,81.2,104.4,670.9,4.9,41.885392,-87.656901,POINT (-87.656901 41.885392),2023-251236
2023,120347,1033 W Van Buren,Submitted,1033 W Van Buren,60607,4.0,,Near West Side,Office,86401,1904,1,450,81,2461471.7,2861719.3,,,,61.6,114.5,73.3,136.3,496.4,5.7,41.89672,-87.617568,POINT (-87.617568 41.89672),2023-120347
2023,241892,CityView Condominium Association (241892),Submitted,440 North Mcclurg Court,60611,4.0,,Near North Side,Multifamily Housing,506955,1991,1,,95,6742639.1,20036768.3,,,,52.8,78.7,58.6,84.5,2007.7,4,41.88063,-87.654523,POINT (-87.654523 41.88063),2023-241892
2023,158099,61480 - Galewood 14,Submitted,5530 W Homer St,60639,1.0,,Austin,Movie Theater,57976,2007,1,1056,,5244075.4,1869210.1,,,,122.7,287.1,130.3,293.8,833,14.4,41.878836,-87.678205,POINT (-87.678205 41.878836),2023-158099
2023,256797,,Not Submitted,1135 W Sheridan Rd,60660,0.0,,Edgewater,,,,,,,,,,,,,,,,,,41.883286,-87.670728,POINT (-87.670728 41.883286),2023-256797
2023,251925,Peter V. Byrne Hall,Submitted,2219 N. Kenmore,60614,4.0,,Lincoln Park,College/University,77485,1968,1,,,1669879.2,6905430.7,,,,110.7,153.9,125.3,169.3,600.4,7.7,41.895524,-87.631293,POINT (-87.631293 41.895524),2023-251925
2023,256489,640 North Wells,Submitted,640 North Wells St.,60642,4.0,,Near North Side,Multifamily Housing,273509,2017,1,11710,61,8334923.9,6063967.7,,,,52.6,108.6,57.3,115.1,1488.3,5.4,41.800186,-87.588918,POINT (-87.588918 41.800186),2023-256489
2023,173948,8598 - LINCOLN & MCCORMICK,Submitted,6211 N Lincoln Ave,60659,3.5,,North Park,Retail Store,114727,2004,1,1088,74,4642835,3937000.1,,,,74.8,149.3,82.1,155.6,858.7,7.5,41.793087,-87.602504,POINT (-87.602504 41.793087),2023-173948
2023,229826,Waldorf Astoria Hotel,Not Submitted,11 E Walton St,60611,0.0,,Near North Side,Hotel,,,,,,,,,,,,,,,,,41.824964,-87.61124,POINT (-87.61124 41.824964),2023-229826
2023,235970,5100 Marine Drive Condominium Association,Submitted,5100 N Marine Dr,60640,3.0,,Uptown,Multifamily Housing,276176,1969,1,,62,10016309.3,5954288.4,,,,57.8,124.2,63.7,137.2,1717.7,6.2,41.882118,-87.627674,POINT (-87.627674 41.882118),2023-235970
2023,251569,"Hay Community Academy, John -CPS",Not Covered 2024,1016 N Laramie Ave,60651,,true,Austin,K-12 School,,,,,,,,,,,,,,,,,41.89903,-87.755707,POINT (-87.755707 41.89903),2023-251569
2023,134735,Searle Chemistry Laboratory,Submitted,5715-35 S Ellis Ave,60637,1.0,,Hyde Park,Laboratory,85570,2009,1,2512,,13843787.6,101076,21818546.9,15404328.7,,598,924.8,624.6,961.4,4202.9,49.1,41.890729,-87.629386,POINT (-87.629386 41.890729),2023-134735
2023,172541,Tandem Lofts Condo Association,Submitted,1631 S. Michigan Ave.,60616,3.5,,Near South Side,Multifamily Housing,85800,2000,1,,78,1319790.6,4193262.1,,,,64.3,94.4,68.3,98.3,407.4,4.7,41.897438,-87.62602,POINT (-87.62602 41.897438),2023-172541
2023,102331,Disney,Submitted,4140 N Marine Dr,60613,1.0,,Uptown,K-12 School,260140,1973,2,,19,10535587.3,8990679.8,,,,75.1,149.7,81.3,159,1951.7,7.5,41.894991,-87.627829,POINT (-87.627829 41.894991),2023-102331
2023,158842,Flanner Hall-ID# 158842,Submitted,1068 W Sheridan Rd,60626,1.0,,Rogers Park,Mixed Use Property,64407,1976,1,893,,7680782.4,200,,,,119.3,333.9,118.5,331.8,1074.7,16.7,41.889859,-87.635118,POINT (-87.635118 41.889859),2023-158842
2023,101883,Omni Hotel,Submitted,676 N Michigan Ave,60611,2.0,,Near North Side,Hotel,440281,1990,1,16496,25,36695070.9,7389259.6,,,,100.1,251,105.1,265,5526.8,12.6,41.715446,-87.533007,POINT (-87.533007 41.715446),2023-101883
2023,251992,United Airlines Reservation Center,Submitted,11555 W Touhy Ave,60666,3.0,,Ohare,Office,122360,1989,1,,42,10693061.6,7358200,,,,147.5,307.8,154.8,315.4,1887,15.4,41.900826,-87.620706,POINT (-87.620706 41.900826),2023-251992
2023,256709,Rosenwald Hall,Submitted,1101-11 East 58th Street,60637,3.5,,Hyde Park,Office,64380,1915,1,,77,1251985.6,,2117367.7,1132360.8,,69.9,110,72.2,112.9,375.4,5.8,41.854411,-87.629992,POINT (-87.629992 41.854411),2023-256709
2023,105484,Kenwin Venture LLLP,Submitted,5220-5224 N Kenmore,60640,2.5,,Edgewater,Multifamily Housing,51008,1929,1,,59,1721423.3,879949.6,,,,51,112.6,55.6,124.5,287.6,5.6,41.794355,-87.770527,POINT (-87.770527 41.794355),2023-105484
2023,106103,4180 Polo Tower CA,Submitted,4180 N. Marine Drive,60613,3.0,,Uptown,Multifamily Housing,109301,1951,1,,48,2800564.6,9003707.1,,,,108,158.2,117.8,168.6,870.1,8,41.954595,-87.730792,POINT (-87.730792 41.954595),2023-106103
2023,113668,Michigan Building Corporation,Submitted,229 E Lake Shore Drive,60611,4.0,,Near North Side,Multifamily Housing,93360,1920,1,,87,1466363.7,4211114.7,,,,60.8,91.3,65.9,97.1,428.8,4.6,41.854449,-87.619807,POINT (-87.619807 41.854449),2023-113668
2023,100867,Rush University Medical Center,Submitted,1653 W Congress Pkwy,60612,1.5,,Near West Side,Hospital (General Medical & Surgical),4232186,1982,19,,36,452705206.7,342969449.8,237668083,,,244.2,452.2,250.2,457.8,97339.9,23,41.942187,-87.688396,POINT (-87.688396 41.942187),2023-100867
2023,257067,Ogden Commons,Not Covered 2024,1325 S Washtenaw Ave,60608,,true,North Lawndale,,,,,,,,,,,,,,,,,,41.864072,-87.692979,POINT (-87.692979 41.864072),2023-257067
2023,137212,Trevi SOuare Condominium Association,Submitted,1439 S Michigan,60605,4.0,,Near South Side,Multifamily Housing,103020,1920,1,,96,1524470,3817848.6,,,,51.9,80.3,59.5,88.4,416.1,4,41.903876,-87.625965,POINT (-87.625965 41.903876),2023-137212
2023,119552,"03344AS - Chicago, IL",Submitted,1220 S Ashland Ave,60608,4.0,,Near West Side,Supermarket/Grocery Store,63407,2002,1,3329,67,7633206.7,5340899.9,,,,204.6,425.5,213.8,434.2,1351.7,21.3,41.988903,-87.655203,POINT (-87.655203 41.988903),2023-119552
2023,219559,(IL631) - Jefferson Tower Condominium Association (200 N. Jefferson ),Submitted,200 N. Jefferson,60661,3.5,,Near West Side,Multifamily Housing,227255,2005,1,,71,5173614.8,9967579.6,,,,66.6,109.8,71.8,114.8,1253.3,5.5,41.81573,-87.604653,POINT (-87.604653 41.81573),2023-219559
2023,173598,The Chicago Theatre,Submitted,175 North State Street,60601,4.0,,Loop,Performing Arts,700000,1921,1,,,2654814.4,2707398,,,,7.7,14.7,9,16.2,515.3,0.7,41.881722,-87.637164,POINT (-87.637164 41.881722),2023-173598
2023,115316,The Shore Manor,Submitted,5858 N Sheridan Rd.,60660,3.5,,Edgewater,Multifamily Housing,66418,1955,1,,73,1289928.9,4109129.9,,,,81.3,119.3,93.8,131.6,398.7,6,41.885084,-87.639667,POINT (-87.639667 41.885084),2023-115316
2023,256566,Twelve01West,Submitted,176 N. Racine,60607,1.0,,Near West Side,Office,148560,2019,1,702,24,11253119.9,245679.7,,,,77.4,213.8,77.8,214.3,1587.6,10.7,41.931407,-87.678687,POINT (-87.678687 41.931407),2023-256566
2023,252020,1420 North Lake Shore Drive,Submitted,1420 North Lake Shore Drive,60611,4.0,,Near North Side,Multifamily Housing,162540,1928,1,,88,3022149,7900600.6,,,,67.2,103.1,73.4,108.9,842.5,5.2,41.874532,-87.63817,POINT (-87.63817 41.874532),2023-252020
2023,254353,Kingsbury Center,Submitted,1415-1435 N Kingsbury,60642,4.0,,Near North Side,Strip Mall,53910,2012,1,,,285817.8,4121300.3,,,,81.7,95.1,82.6,97.4,258.9,4.8,41.994228,-87.813808,POINT (-87.813808 41.994228),2023-254353
2023,252315,6151 N Winthrop,Submitted,6151 N Winthrop Ave,60660,4.0,,Edgewater,Multifamily Housing,86520,1925,1,,87,1097573.9,5223399.4,,,,73.1,98.9,82.8,109.1,431,5,41.89787,-87.630381,POINT (-87.630381 41.89787),2023-252315
2023,102337,Buena Shores,Submitted,833 W.Buena Avenue,60613,1.5,,Uptown,Multifamily Housing,185358,1970,1,,40,3850977.7,16155399.8,,,,107.9,149.7,116.7,158.5,1373,7.4,41.963142,-87.836841,POINT (-87.836841 41.963142),2023-102337
2023,253957,Silver Coast Citadel Condominium Association,Submitted,7201-09 S Yates Blvd.,60649,1.0,,South Shore,Multifamily Housing,101200,1926,1,,15,995900.4,9135196.6,,,,100.1,122.3,111.5,134.7,624.6,6.2,41.886352,-87.632614,POINT (-87.632614 41.886352),2023-253957
2023,159905,The Townhouse Apartments,Submitted,7022 S South Shore Drive,60649,1.5,,South Shore,Multifamily Housing,130590,1950,1,,40,2974036.3,11593471.5,,,,111.6,157,122.5,170.1,1031.9,7.9,41.877486,-87.668521,POINT (-87.668521 41.877486),2023-159905
2023,251754,Murray,Submitted,5335 S Kenwood Ave,60615,1.0,,Hyde Park,K-12 School,73984,1954,3,,16,2655877,4014390.1,,,,90.2,157.5,102,169.9,584.8,7.9,41.745263,-87.659812,POINT (-87.659812 41.745263),2023-251754
2023,175888,(IL590) - Beacon Lofts (203 S. Sangamon),Submitted,203 S. Sangamon,60607,4.0,,Near West Side,Multifamily Housing,78124,1997,1,,89,911157.7,2549814.8,,,,44.3,66.9,49.5,72.1,262.9,3.4,41.925602,-87.646382,POINT (-87.646382 41.925602),2023-175888
2023,101090,Spring Grove Apartments,Submitted,4554 S Drexel Blvd,60653,3.0,,Kenwood,Multifamily Housing,89084,1966,1,,61,1938274.3,6160086.9,,,,90.9,133.5,99.6,144.3,598.4,6.7,41.896918,-87.656686,POINT (-87.656686 41.896918),2023-101090
2023,251431,Kanoon,Submitted,2233 S Kedzie Ave,60623,1.0,,South Lawndale,K-12 School,67900,1980,1,,4,4873557.3,,,,,71.8,201,77.6,217.3,681.9,10,41.881678,-87.646721,POINT (-87.646721 41.881678),2023-251431
2023,251577,Stevenson ES,Submitted,8010 S Kostner Ave,60652,1.0,,Ashburn,K-12 School,103329,1953,4,,28,3350512.4,4278629.9,,,,73.8,134.3,81.5,144.2,696.1,6.7,41.78924,-87.599625,POINT (-87.599625 41.78924),2023-251577
2023,160323,One Place Condominium Association,Submitted,1 East 8th Street,60605,2.0,,Loop,Multifamily Housing,312000,2008,1,,24,6970188.2,15527391.6,,,,72.1,114.8,77,120.7,1800,5.8,41.916055,-87.721779,POINT (-87.721779 41.916055),2023-160323
2023,175546,,Not Submitted,2236 2296 N Lincoln Park West Ave,60614,0.0,,Lincoln Park,Residential,,,,,,,,,,,,,,,,,41.721769,-87.628728,POINT (-87.628728 41.721769),2023-175546
2023,157919,North Park Village Apartments,Submitted,"5801 N. Pulaski Rd., Bldg. H",60646,4.0,,North Park,Residential Care Facility,275000,1913,1,,,10986277,7294867.5,,,,66.5,139.7,66.5,139.7,1924.7,7,41.864623,-87.624233,POINT (-87.624233 41.864623),2023-157919
2023,254349,CA Condos on Adams,Submitted,1116 S. Adams St.,60607,1.5,,Near West Side,Multifamily Housing,155000,2015,1,,38,4086969.8,2566846.8,,,,42.9,91.2,45.9,95.8,708.2,4.6,41.818006,-87.611821,POINT (-87.611821 41.818006),2023-254349
2023,257033,"8727 W. BRYN MAWR CONDOMINIUM ASSOCIATION, INC.",Submitted,8727 W Bryn Mawr Ave,60631,4.0,,O'Hare,Multifamily Housing,91800,2004,1,,97,1226357.4,4168197,,,,58.8,85.1,64.9,90.8,393,4.3,41.900525,-87.642955,POINT (-87.642955 41.900525),2023-257033
2023,252048,Levi Hall,Submitted,5801 S. Ellis Avenue,60637,3.0,,Hyde Park,Office,90125,1949,1,335,61,2540878.9,8974,5692359.2,2428320.2,,118.4,179.5,124.4,187.2,861.9,9.6,41.99364,-87.655351,POINT (-87.655351 41.99364),2023-252048
2023,254158,5141 N Christiana Ave.,Submitted,5141 N Christiana Ave.,60625,1.0,,North Park,College/University,101000,2014,1,,,5882603.7,5549389.7,,,,113.2,220.8,119.9,225.2,1117.8,11.1,41.924327,-87.653424,POINT (-87.653424 41.924327),2023-254158
2023,101679,Presidents Plaza 1,Submitted,8600 West Bryn Mawr Ave,60631,4.0,,Ohare,Office,417395,1980,1,,93,22165812.3,155708.4,,,,53.5,149.1,53.5,149.1,3109.7,7.5,41.968904,-87.676283,POINT (-87.676283 41.968904),2023-101679
2023,256536,61 E Banks,Submitted,61 E Banks,60610,3.5,,Near North Side,Multifamily Housing,129071,2019,1,,52,4186480.4,3576430.8,,,,60.1,119.9,65.5,129.3,775.7,6,41.890424,-87.623965,POINT (-87.623965 41.890424),2023-256536
2023,173617,105 W Madison,Submitted,105 W Madison Street,60602,3.5,,Loop,Office,140000,1928,1,,60,7318146.4,3239800.1,,,,75.4,170.7,79,174.4,1196,8.5,41.778635,-87.594755,POINT (-87.594755 41.778635),2023-173617
2023,243578,(IL610) - 2400 Lakeview Condo (2400 N. Lakeview),Submitted,2400 N. Lakeview,60614,1.5,,Lincoln Park,Multifamily Housing,270478,1963,1,,38,6590789.3,19244682.9,,,,95.5,142.9,104.2,151.3,1944.4,7.2,41.886615,-87.618965,POINT (-87.618965 41.886615),2023-243578
2023,172795,Best Western Grant Park Hotel,Not Submitted,1100  S Michigan Ave,60605,0.0,,Loop,Residential,,,,,,,,,,,,,,,,,41.878223,-87.634247,POINT (-87.634247 41.878223),2023-172795
2023,244311,3750 N Lake Shore Drive,Submitted,3750 N Lake Shore Drive,60613,4.0,,Lake View,Multifamily Housing,391234,1926,1,,89,4683930.6,20156593.8,,,,63.5,87.6,70.1,94.4,1726,4.4,41.855772,-87.733888,POINT (-87.733888 41.855772),2023-244311
2023,251516,Burnham,Submitted,9928 S Crandon Ave,60617,2.0,,South Deering,K-12 School,82156,1945,4,,41,1103246.3,5700300,,,,82.8,110.5,99.6,128.1,457.1,5.6,41.900355,-87.643729,POINT (-87.643729 41.900355),2023-251516
2023,112699,Sheridan Lakeside Condo Association,Submitted,6259 N. Sheridan,60654,4.0,,Edgewater,Multifamily Housing,70000,1923,1,,92,1499495.8,1006198.2,,,,35.8,75.1,39.1,83.5,263.3,3.8,41.899299,-87.625598,POINT (-87.625598 41.899299),2023-112699
2023,233890,1464 S Michigan Condo Association,Submitted,1464 S. Michigan Avenue,60605,4.0,,Near South Side,Multifamily Housing,263772,2007,1,,68,6499129.8,12555172.2,,,,72.2,119,78,125.5,1576.2,6,41.853301,-87.64993,POINT (-87.64993 41.853301),2023-233890
2023,173835,1900 Lawrence (lw030),Submitted,1900 W Lawrence Ave,60640,2.5,,Lincoln Square,Multifamily Housing,100000,2021,1,1646,56,2781316.9,1596375.4,,,,43.8,94.6,47.2,101.9,474,4.7,41.854721,-87.625688,POINT (-87.625688 41.854721),2023-173835
2023,235008,The Deco (nl005),Submitted,1400 N Lake Shore Dr.,60610,3.0,,Near North Side,Multifamily Housing,327300,1927,3,9612,63,11763828.5,5596441.9,,,,53,118.6,57.3,129.8,1943.2,5.9,41.890705,-87.631611,POINT (-87.631611 41.890705),2023-235008
2023,175872,Piper's Alley,Submitted,230 W. North Avenue,60610,,true,Lincoln Park,Mixed Use Property,219532,1977,1,,,12934932.2,8729618.2,,,,98.7,206.7,105.9,213.5,2273.5,10.4,41.776479,-87.640929,POINT (-87.640929 41.776479),2023-175872
2023,251298,Galter Life Center,Submitted,5157 N Francisco Ave,60625,1.0,,Lincoln Square,Outpatient Rehabilitation/Physical Therapy,71918,1991,1,,,6078251.9,6588570.8,,,,184.8,341.6,193.2,350.4,1288.1,17.9,41.812375,-87.723608,POINT (-87.723608 41.812375),2023-251298
2023,256745,Taft HS - Freshmen Academy,Submitted,4071 N Oak Park Avenue,60634,3.5,,Dunning,K-12 School,135000,2019,1,,72,3395598.4,3351930,,,,50,96.5,54.2,100.5,653.1,4.8,41.868269,-87.625695,POINT (-87.625695 41.868269),2023-256745
2023,101798,Headquarters Q12380,Not Covered 2024,225 W Randolph,60606,,true,Loop,Office,,,,,,,,,,,,,,,,,41.909597,-87.626312,POINT (-87.626312 41.909597),2023-101798
2023,140901,2800 North Orchard Condominium Association,Submitted,2800 N. Orchard St.,60657,2.0,,Lake View,Multifamily Housing,96262,1978,1,,,1804461.5,4593402.2,,,,66.5,102.6,73.1,109.2,496.5,5.2,41.832383,-87.610854,POINT (-87.610854 41.832383),2023-140901
2023,101086,,Not Submitted,1016  W Hollywood Ave,60660,0.0,,Edgewater,Residential,,,,,,,,,,,,,,,,,41.954112,-87.691318,POINT (-87.691318 41.954112),2023-101086
2023,254024,Gateway West Loop (ga142),Submitted,11 S Green St,60607,1.5,,Near West Side,Multifamily Housing,133879,2015,1,3312,33,5445544.2,5236530.1,,,,79.8,155,85.1,159.4,1040.1,7.8,41.935694,-87.640426,POINT (-87.640426 41.935694),2023-254024
2023,160412,Baumhart Hall-ID#160412,Submitted,26 E Pearson,60611,3.5,,Near North Side,Residence Hall/Dormitory,246327,2006,1,7324,74,6567297,8466162.4,,,,61,110.7,65.4,115,1368.6,5.6,41.886835,-87.615332,POINT (-87.615332 41.886835),2023-160412
2023,118351,Courthouse Place,Submitted,46-64 W. Hubbard St.,60654,2.5,,Near North Side,Office,107000,1910,1,,53,6901718.8,458200,,,,68.8,185.1,74.5,199,990,9.3,41.972137,-87.668013,POINT (-87.668013 41.972137),2023-118351
2023,251692,Nightingale,Submitted,5250 S Rockwell St,60632,1.0,,Gage Park,K-12 School,140838,1926,5,,10,5620440.6,8366010.2,,,,99.3,174.1,111.4,187.8,1230.8,8.7,41.848097,-87.680781,POINT (-87.680781 41.848097),2023-251692
2023,171878,Josephinum Academy,Not Submitted,1501 N Oakley Blvd,60622,0.0,,West Town,K-12 School,,,,,,,,,,,,,,,,,41.805163,-87.586648,POINT (-87.586648 41.805163),2023-171878
2023,228537,201 East Chestnut Condominium Association,Submitted,201 E. Chestnut,60611,1.0,,Near North Side,Multifamily Housing,201460,1966,1,,16,8379008.4,4721857.6,,,,65,141.1,73.2,155.9,1371.1,6.8,41.761857,-87.605333,POINT (-87.605333 41.761857),2023-228537
2023,251591,Chopin,Submitted,2450 W Rice St,60622,1.5,,West Town,K-12 School,96895,1917,1,,33,1662725.6,7296239.9,,,,92.5,127.1,109.4,144.9,620.2,6.4,41.899141,-87.621393,POINT (-87.621393 41.899141),2023-251591
2023,236382,Randolph Place Residences Condominium Association,Submitted,165 N Canal Street,60606,4.0,,Near West Side,Multifamily Housing,749100,1922,1,,98,10214430.8,22340484.2,,,,43.5,69.5,48.9,74.9,2615.8,3.5,41.904275,-87.634642,POINT (-87.634642 41.904275),2023-236382
2023,103651,425 South Financial,Submitted,425 South Financial Place (440 South Lasalle),60605,2.5,,Loop,Office,1237300,1984,1,18296,56,76396345.4,109295.8,,,,61.8,173,63.1,176.4,10695.2,8.6,41.902212,-87.748845,POINT (-87.748845 41.902212),2023-103651
2023,102825,,Not Submitted,4510 4518 N Ashland Ave,60640,0.0,,Uptown,Residential,,,,,,,,,,,,,,,,,41.787886,-87.598884,POINT (-87.598884 41.787886),2023-102825
2023,250161,Northwest Armory,Submitted,1551 North Kedzie,60651,3.0,,West Town,Other,204256,1940,1,,,4223628.2,8177879.3,,,,60.7,99.9,67,106.6,1025.3,5,41.896316,-87.640191,POINT (-87.640191 41.896316),2023-250161
2023,158406,65 E Wacker Place,Submitted,65 E Wacker Place,60601,3.5,,Loop,Office,249062,1928,1,1464,79,4315111.4,8019320.2,,4355460,,67,98.2,72.7,104.3,1259.2,5.1,41.969187,-87.655734,POINT (-87.655734 41.969187),2023-158406
2023,108602,C/S Lathrop Limited Partnership,Submitted,2717 N Leavitt St,60647,2.5,,Lincoln Park,Multifamily Housing,70732,1990,1,,55,1349656.6,4765616,,,,86.5,124.2,94.8,132.7,442,6.2,41.882402,-87.761285,POINT (-87.761285 41.882402),2023-108602
2023,241042,100 E Walton St,Submitted,100 E Walton St,60611,3.5,,Near North Side,Mixed Use Property,367703,1971,1,,51,10478877.4,24740753.7,,,,95.8,150.4,103.9,158.4,2780.3,7.6,41.863514,-87.625594,POINT (-87.625594 41.863514),2023-241042
2023,256783,5252,Submitted,5252 S Cornell Ave,60615,4.0,,Hyde Park,Multifamily Housing,337624,2020,1,,,7216939.8,5590499.9,,,,37.9,77.2,41.5,82.8,1306.7,3.9,41.983365,-87.65675,POINT (-87.65675 41.983365),2023-256783
2023,256900,320 N Sangamon,Submitted,320 North Sangamon,60607,4.0,,Near West Side,Office,309985,2021,1,3440,91,6550188.7,6663855.2,,,,42.6,81.7,45.4,85.3,1270.4,4.1,41.881329,-87.66805,POINT (-87.66805 41.881329),2023-256900
2023,250057,ENGLEWOOD HEALTH CENTER,Submitted,641 W. 63rd St.,60621,1.0,,Englewood,Outpatient Rehabilitation/Physical Therapy,54189,1972,1,,,2423304,3275117.2,,,,105.2,188.7,114.2,198.6,513,9.5,41.857352,-87.623774,POINT (-87.623774 41.857352),2023-250057
2023,171956,,Not Covered 2024,465 W Cermak Rd,60616,,true,Armour Square,Commercial,,,,,,,,,,,,,,,,,41.852179,-87.639897,POINT (-87.639897 41.852179),2023-171956
2023,101813,150 North Michigan,Submitted,150 North Michigan Avenue,60601,3.5,,Loop,Office,708981,1984,1,,75,29044493.7,9768.4,,,,41,114.7,44.3,124,4064.4,5.7,41.798029,-87.602463,POINT (-87.602463 41.798029),2023-101813
2023,251515,Calhoun North -CPS,Not Covered 2024,2801 W Adams,60612,,true,East Garfield Park,K-12 School,,,,,,,,,,,,,,,,,41.879115,-87.632137,POINT (-87.632137 41.879115),2023-251515
2023,103664,Northern Trust HeadOuarters,Submitted,50 S. Lasalle,60603,4.0,,Loop,Financial Office,584000,1963,1,3258,74,21253850.4,16626013.8,,,,64.9,131.8,70.1,137.1,3856.9,6.6,41.939776,-87.638654,POINT (-87.638654 41.939776),2023-103664
2023,256424,Stuart Building,Not Submitted,10 W 31st Street,60616,0.0,,Douglas,Commercial,,,,,,,,,,,,,,,,,41.744881,-87.550187,POINT (-87.550187 41.744881),2023-256424
2023,256409,8793,Submitted,310 E Superior St,60611,1.0,,Near North Side,College/University,61179,1955,1,,,3997519.4,8307039.6,,,,201.1,325.5,207.6,332.4,1000.6,16.4,41.905215,-87.63017,POINT (-87.63017 41.905215),2023-256409
2023,257113,,Not Covered 2024,210 N Aberdeen St,60607,,true,Near West Side,Residential,,,,,,,,,,,,,,,,,41.886001,-87.654853,POINT (-87.654853 41.886001),2023-257113
2023,105673,Holiday Inn Downtown Chicago,Submitted,506 W Harrison St.,60607,1.5,,Near West Side,Hotel,74314,1967,1,,40,4001067.9,5419875.8,,,,126.8,227.3,139.1,240.3,847.7,11.4,42.005618,-87.660786,POINT (-87.660786 42.005618),2023-105673
2023,103594,NBC Tower,Submitted,455 North Cityfront Plaza Drive,60611,2.5,,Near North Side,Office,939350,1988,1,10629,58,78614632.1,,,,,83.7,234.3,86.9,243.2,10999.7,11.7,41.838406,-87.627155,POINT (-87.627155 41.838406),2023-103594
2023,250047,Julian HS -CPS,Not Covered 2024,10330 S Elizabeth St,60643,,true,Washington Heights,K-12 School,,,,,,,,,,,,,,,,,41.889284,-87.626549,POINT (-87.626549 41.889284),2023-250047
2023,160130,One11 West Illinois,Submitted,111 W. Illinois St.,60654,2.5,,Near North Side,Office,242035,2008,1,4157,58,14187993.2,680113.9,,,,61.4,167.1,64.1,174.6,2021.3,8.4,41.911706,-87.734873,POINT (-87.734873 41.911706),2023-160130
2023,106101,Wrightwood II LLC,Submitted,443 W Wrightwood Ave,60614,3.5,,Lincoln Park,Multifamily Housing,90140,1928,1,,74,1507973.7,7110282.8,,,,95.6,129.7,104.8,138.9,588.7,6.5,41.920371,-87.648441,POINT (-87.648441 41.920371),2023-106101
2023,251636,Gresham Elementary -CPS,Not Covered 2024,8524 S Green St,60620,,true,Auburn Gresham,K-12 School,,,,,,,,,,,,,,,,,41.738835,-87.645216,POINT (-87.645216 41.738835),2023-251636
2023,174209,Superior at LaSalle,Submitted,150 W Superior St.,60654,1.5,,Near North Side,Multifamily Housing,92450,2006,1,,38,3170758.1,4492146.1,,,,82.9,147.1,100.9,166,682.3,7.4,41.942543,-87.813168,POINT (-87.813168 41.942543),2023-174209
2023,125013,,Not Submitted,122 160 W 79th St,60620,0.0,,Greater Grand Crossing,Commercial,,,,,,,,,,,,,,,,,41.876621,-87.648514,POINT (-87.648514 41.876621),2023-125013
2023,256527,Hilton Garden Inn,Not Submitted,55 E 11th St,60605,0.0,,Loop,,,,,,,,,,,,,,,,,,41.797522,-87.705043,POINT (-87.705043 41.797522),2023-256527
2023,173642,230 East Ohio,Submitted,230 East Ohio Street,60611,2.0,,Near North Side,Office,71298,1917,1,,48,2397136.4,2996228,,,,75.6,138.3,75.6,138.3,494.6,6.9,41.841984,-87.617054,POINT (-87.617054 41.841984),2023-173642
2023,105233,Loyola Beach Apartments,Not Submitted,7064  N Sheridan Rd,60626,0.0,,Rogers Park,Residential,,,,,,,,,,,,,,,,,41.90845,-87.626068,POINT (-87.626068 41.90845),2023-105233
2023,175867,Six Corners Plaza,Not Submitted,3970 - 3982 N Milwaukee Ave,60641,0.0,,Portage Park,Strip Mall,,,,,,,,,,,,,,,,,41.754654,-87.557185,POINT (-87.557185 41.754654),2023-175867
2023,251700,Haugan,Submitted,4540 N Hamlin Ave,60625,2.0,,Albany Park,K-12 School,137971,1911,2,,47,2302117.4,8592220.3,,,,79,112.1,95.4,129.3,778.5,5.6,41.898489,-87.624553,POINT (-87.624553 41.898489),2023-251700
2023,101978,,Not Submitted,42 46 N Waller Ave,60644,0.0,,Austin,Residential,,,,,,,,,,,,,,,,,41.84298,-87.631951,POINT (-87.631951 41.84298),2023-101978
2023,251274,,Not Submitted,320 322 W Oakdale Ave,60657,0.0,,Lake View,Residential,,,,,,,,,,,,,,,,,41.880679,-87.624491,POINT (-87.624491 41.880679),2023-251274
2023,160134,"Charles A Beckett Associates, LP",Not Submitted,400 E 41st St,60653,0.0,,Grand Boulevard,Multifamily Housing,,,,,,,,,,,,,,,,,41.893479,-87.622218,POINT (-87.622218 41.893479),2023-160134
2023,119349,Pete's Pulaski,Submitted,4343 S. Pulaski,60632,1.0,,Archer Heights,Supermarket/Grocery Store,56000,2003,0,,22,10552361.2,8663207,,,,343.1,690.1,357.1,707,1936.6,34.6,41.830838,-87.614625,POINT (-87.614625 41.830838),2023-119349
2023,251222,2229 South Halsted,Submitted,2229 South Halsted Street,60608,3.5,,Lower West Side,Office,85007,1908,1,,59,3911712.4,349.9,,,,46,128.9,47.8,133.8,547.3,6.4,41.879224,-87.653584,POINT (-87.653584 41.879224),2023-251222
2023,254996,Fletcher Jones Chicago Service (Audi),Not Submitted,1521 W North Ave,60642,0.0,,West Town,,,,,,,,,,,,,,,,,,41.850973,-87.627189,POINT (-87.627189 41.850973),2023-254996
2023,100631,Hubbard HS,Submitted,6200 S Hamlin Ave,60629,2.0,,West Lawn,K-12 School,218200,1929,3,,45,3733673.3,16435879.5,,,,92.4,127,106.1,141.4,1395.4,6.4,41.927322,-87.652506,POINT (-87.652506 41.927322),2023-100631
2023,251463,Lincoln,Submitted,615 W Kemper Pl,60614,3.0,,Lincoln Park,K-12 School,115536,1894,3,,66,2089232.4,3722980,,,,50.3,84.5,58.3,92.8,490.1,4.2,41.992473,-87.655312,POINT (-87.655312 41.992473),2023-251463
2023,238367,1300 Lake Shore Drive Condominium Association,Submitted,1300 N Lake Shore Dr,60610,2.0,,Near North Side,Multifamily Housing,365977,1963,1,,42,10099019.8,19334971.5,,,,80.4,132.7,86.5,138.1,2440,6.7,41.941082,-87.640196,POINT (-87.640196 41.941082),2023-238367
2023,112724,6119 6125 N Winchester,Submitted,6119-6125 N Winchester Ave,60660,2.0,,West Ridge,Multifamily Housing,57600,1951,1,,25,1218315.2,5366400,,,,114.3,157,131.2,175.3,455.5,7.9,41.803192,-87.611959,POINT (-87.611959 41.803192),2023-112724
2023,251286,101 Grand,Submitted,101 W. Grand Ave.,60654,1.5,,Near North Side,Office,61971,1872,1,,38,1985534.9,5975299.9,,,,128.5,191,132.6,196.8,595.2,9.6,41.918672,-87.666625,POINT (-87.666625 41.918672),2023-251286
2023,252323,Paul G. Stewart Apartments Phase III,Not Submitted,401 E Bowen Ave,60653,0.0,,Grand Boulevard,Residential,,,,,,,,,,,,,,,,,41.821377,-87.606395,POINT (-87.606395 41.821377),2023-252323
2023,232398,(IL1050) - The Carlyle Apartments Condo (1040 N Lake Shore Dr ),Submitted,1040 N Lake Shore Dr,60611,3.0,,Near North Side,Multifamily Housing,502995,1964,1,,68,16129420.3,6169953.8,,,,44.3,102.7,47.9,111.3,2584.5,5.1,41.890382,-87.634185,POINT (-87.634185 41.890382),2023-232398
2023,101736,71 South Wacker,Submitted,71 S. Wacker Drive,60606,4.0,,Loop,Office,1684534,2005,1,,88,68805585.3,533177.8,,,,41.2,114.7,44.8,125,9655.6,5.7,41.923922,-87.657347,POINT (-87.657347 41.923922),2023-101736
2023,257087,,Not Covered 2024,3431 N Ashland Ave,60657,,true,Lake View,Commercial,,,,,,,,,,,,,,,,,41.944394,-87.668408,POINT (-87.668408 41.944394),2023-257087
2023,114252,607 Wrightwood Condominium Association,Submitted,607 W. Wrightwood Ave.,60614,3.0,,Lincoln Park,Multifamily Housing,72000,1974,1,,63,1612264.6,4865292.1,,,,90,133.7,97.7,141.3,484,6.7,41.888166,-87.639815,POINT (-87.639815 41.888166),2023-114252
2023,160395,Aztec Condominium,Not Submitted,305 W Fullerton Pkwy,60614,0.0,,Lincoln Park,Commercial,,,,,,,,,,,,,,,,,41.909996,-87.627476,POINT (-87.627476 41.909996),2023-160395
2023,256457,Lathrop - S101,Submitted,2737 N Hoyne Avenue,60647,1.0,,Lincoln Park,Multifamily Housing,69874,2019,1,3444,13,3011460.2,2824796,,,,83.5,163.1,88.1,168,571.4,8.2,41.884646,-87.617248,POINT (-87.617248 41.884646),2023-256457
2023,107970,Taylor Park,Submitted,41 W 47th St,60609,4.0,,Grand Boulevard,Other,150000,1964,1,,,943393.9,2712699.9,,,,24.4,36.6,27.5,39.8,276.1,1.8,41.964402,-87.654923,POINT (-87.654923 41.964402),2023-107970
2023,103677,150 North Riverside Plaza,Submitted,150 N. Riverside Plaza,60606,4.0,,Near West Side,Office,1487050,2017,1,,68,63680212.9,1611198.7,,29192878.4,,63.5,138.9,65.5,146.4,10534.2,7.1,41.921225,-87.637998,POINT (-87.637998 41.921225),2023-103677
2023,175521,Harper Center Apartments,Not Submitted,5460 5470 S Harper Ave,60615,0.0,,Hyde Park,Residential,,,,,,,,,,,,,,,,,41.960687,-87.650027,POINT (-87.650027 41.960687),2023-175521
2023,251680,Bond,Submitted,7050 S May St,60621,2.5,,Englewood,K-12 School,104126,1926,2,,51,1722050,5969990.2,,,,73.9,106.5,83.6,116.6,558,5.4,41.879087,-87.648507,POINT (-87.648507 41.879087),2023-251680
2023,250034,Broadway Armory,Not Submitted,5917 N Broadway Ave,60660,0.0,,Edgewater,Other - Recreation,,,,,,,,,,,,,,,,,41.926893,-87.639311,POINT (-87.639311 41.926893),2023-250034
2023,174204,The Morgan at Loyola Station (tg80),Submitted,1209 W Arthur Ave,60626,2.0,,Rogers Park,Multifamily Housing,160008,2009,2,8880,43,4833166.2,5465612.4,,,,64.4,120.4,69.3,125.6,966.6,6,41.909399,-87.653051,POINT (-87.653051 41.909399),2023-174204
2023,103656,"theMART, Chicago",Submitted,222 Merchandise Mart Plaza,60654,,true,Near North Side,Office,4131093,1930,1,18132,,92238712,73046757.1,,35019072.2,,48.5,88.8,51.9,92.5,18631.4,4.5,41.883748,-87.636662,POINT (-87.636662 41.883748),2023-103656
2023,175431,5123-5135 S. University Ave.,Submitted,5123-5135 S. University Ave.,60615,3.5,,Hyde Park,Multifamily Housing,58358,1924,1,,73,371886.9,2957752.6,,,,57.1,71.1,63,77.4,209.1,3.6,41.899255,-87.627835,POINT (-87.627835 41.899255),2023-175431
2023,102408,Mundelein Center- ID#102408,Submitted,1020 W Sheridan Rd,60626,2.0,,Rogers Park,College/University,206160,1930,1,6085,,8232234.6,11854560.1,,,,97.4,172.2,109.6,185,1781.5,8.6,41.754884,-87.732222,POINT (-87.732222 41.754884),2023-102408
2023,229057,Park View Towers Condominium Association,Submitted,2740 N Pine Grove Ave,60614,1.0,,Lincoln Park,Multifamily Housing,86222,1975,1,,12,5530044.5,1684076.2,,,,83.7,200.1,93.8,220.9,863.2,10,41.86604,-87.726724,POINT (-87.726724 41.86604),2023-229057
2023,251244,3520 Lake Shore Drive Condominium Association,Submitted,3520 N. Lake Shore Drive,60657,4.0,,Lake View,Multifamily Housing,267464,1924,1,,90,2702415.2,12905212.7,,,,58.4,79,64.9,85.6,1063.6,4,41.884751,-87.615604,POINT (-87.615604 41.884751),2023-251244
2023,250088,Harry J. Schneider Apartments,Submitted,1750 W. Peterson Ave,60660,2.5,,Edgewater,Multifamily Housing,111293,1977,1,,60,2313512.5,8100800.1,,,,93.6,134.6,104,145.4,754,6.8,41.959691,-87.649999,POINT (-87.649999 41.959691),2023-250088
2023,160448,606 E Woodland Park Avenue,Submitted,606 E Woodland Park Avenue,60612,3.0,,Douglas,Multifamily Housing,101941,1989,1,,67,4188331.3,6185138.5,,,,101.8,178.7,113.2,191.6,888.5,8.7,41.906671,-87.696825,POINT (-87.696825 41.906671),2023-160448
2023,251738,Hirsch Metropolitan HS -CPS,Not Covered 2024,7740 S Ingleside Ave,60619,,true,Greater Grand Crossing,K-12 School,,,,,,,,,,,,,,,,,41.87052,-87.626054,POINT (-87.626054 41.87052),2023-251738
2023,251545,Metcalfe Math And Science -CPS,Not Covered 2024,12339 S Normal Ave,60628,,true,West Pullman,K-12 School,,,,,,,,,,,,,,,,,41.875033,-87.668753,POINT (-87.668753 41.875033),2023-251545
2023,174206,The Ambassador Condominium Homeowners Association,Submitted,1300 N State Parkway,60610,2.5,,Near North Side,Multifamily Housing,148466,2004,1,,54,4056643.4,5812720,,,,66.5,117.6,72.4,124.3,876.3,5.9,41.884016,-87.684725,POINT (-87.684725 41.884016),2023-174206
2023,155614,3447-3457 W Foster Avenue,Submitted,3447-3457 W Foster Avenue,60625,0.0,,North Park,Multifamily Housing,52200,1927,1,,72,557351.2,2903272.4,,,,66.3,88.3,75.9,98,228.7,4.38,41.757815,-87.585569,POINT (-87.585569 41.757815),2023-155614
2023,159100,1111 N. Dearborn Apartments,Submitted,1111 N. Dearborn,60610,3.0,,Near North Side,Multifamily Housing,330974,1986,1,,61,6660976.2,20533131.7,,,,82.2,121.5,88.5,127.4,2022.6,6.1,41.958301,-87.67059,POINT (-87.67059 41.958301),2023-159100
2023,164460,CICS Northtown,Submitted,3900 W. Peterson Ave.,60659,2.5,,North Park,K-12 School,124443,1964,1,,55,1940725.1,7451300.2,,,,75.5,106.5,90,121.7,667.3,5.4,41.866806,-87.661692,POINT (-87.661692 41.866806),2023-164460
2023,250098,Lincoln Perry Apartments,Submitted,3245 S. Prairie Ave,60616,4.0,,Douglas,Multifamily Housing,312210,1973,2,,94,5368183.4,12047400.2,,,,55.8,88.7,61,94.5,1391,4.5,41.924907,-87.638234,POINT (-87.638234 41.924907),2023-250098
2023,105315,468 West Melrose Street,Submitted,468 W Melrose St,60657,4.0,,Lake View,Multifamily Housing,55460,1961,1,,85,729408,3335814,,,,73.3,100,82.3,109.2,279.2,5,41.965273,-87.654636,POINT (-87.654636 41.965273),2023-105315
2023,251242,330 N Clinton Condo Assoc,Submitted,330 N Clinton St,60606,4.0,,Near West Side,Multifamily Housing,63803,2000,1,,91,1201951.4,2437673.4,,,,57,92.9,62.5,98.2,297.7,4.7,41.956676,-87.786749,POINT (-87.786749 41.956676),2023-251242
2023,256247,63029-Sunrise of Lincoln Park,Submitted,2710 North Clark St,60614,3.0,,Lincoln Park,Senior Living Community,50000,2003,1,1940,44,2858409.9,3232400.2,,,,121.8,228,130.8,237.4,571.6,11.4,41.894229,-87.625385,POINT (-87.625385 41.894229),2023-256247
2023,103696,111 South Wacker,Submitted,111 South Wacker,60606,3.5,,Loop,Office,1248730,2004,1,14952,72,70803779.1,,,,,56.7,158.8,56.7,158.8,9906.8,7.9,41.930448,-87.639442,POINT (-87.639442 41.930448),2023-103696
2023,250171,The Heritage at Millennium Park,Submitted,130 North Garland Court,60602,1.5,,Loop,Multifamily Housing,933106,2005,1,,32,43677613.5,13415790.7,,,,61.2,146.2,66.7,158.9,6823.9,7.3,41.89853,-87.621777,POINT (-87.621777 41.89853),2023-250171
2023,257094,,Not Covered 2024,503 E Pershing Rd,60653,,true,Grand Boulevard,,,,,,,,,,,,,,,,,,41.823669,-87.614209,POINT (-87.614209 41.823669),2023-257094
2023,175441,Instituto Health Sciences Career Academy,Not Submitted,2520 S Western Ave,60608,0.0,,Lower West Side,K-12 School,,,,,,,,,,,,,,,,,41.768961,-87.566671,POINT (-87.566671 41.768961),2023-175441
2023,147685,The 30 West Erie CA,Submitted,30 W. Erie Street,60654,3.5,,Near North Side,Multifamily Housing,58442,2006,1,,54,1920031.2,2355008.8,,,,73.2,134.3,83.9,150.8,393.7,6.7,41.883328,-87.62869,POINT (-87.62869 41.883328),2023-147685
2023,251539,Sayre,Submitted,1850 N Newland Ave,60707,2.5,,Austin,K-12 School,79775,1930,1,,60,1320222.2,3931720.1,,,,65.8,98.1,77.1,109.9,393.6,4.9,41.88164,-87.64911,POINT (-87.64911 41.88164),2023-251539
2023,242629,Hollywood Towers Condo Association,Submitted,5701 North Sheridan Rd.,60660,1.0,,Edgewater,Multifamily Housing,562000,1962,1,,28,12293569.1,41534944.2,,,,95.8,138.8,109.2,151.8,3926.2,7,41.804248,-87.586242,POINT (-87.586242 41.804248),2023-242629
2023,252018,5000 Marine Drive Corporation,Submitted,5000 N. Marine Dr.,60640,4.0,,Uptown,Multifamily Housing,152400,1923,1,,87,1239608.3,8429821.2,,,,63.4,80.9,71.1,89,621.2,4.1,41.862273,-87.692703,POINT (-87.692703 41.862273),2023-252018
2023,255943,Wicker Park Connection - 1640 W Division,Submitted,1640 W Division,60622,4.0,,West Town,Multifamily Housing,147696,2018,1,,84,5238245.3,169905.6,,,,36.6,100.5,36.6,100.5,742,5,41.892432,-87.673705,POINT (-87.673705 41.892432),2023-255943
2023,254174,Workshop 4200,Submitted,4200 W Diversey,60639,2.0,,Hermosa,Other,141071,1941,1,394,,3983001.8,6095156.2,,,,71.4,124.4,80.1,133.5,881,6.2,41.979135,-87.65491,POINT (-87.65491 41.979135),2023-254174
2023,175580,7200SSDR,Submitted,7200-10 South Shore Drive,60649,3.5,,South Shore,Multifamily Housing,77607,1915,1,,73,600274.9,4153043.1,,,,61.2,77.8,67.5,84.6,304.6,3.9,41.878234,-87.696336,POINT (-87.696336 41.878234),2023-175580
2023,242901,Alcott and Bryant,Submitted,1455-1460 North Sandburg,60610,3.5,,Near North Side,Multifamily Housing,779012,1962,2,,72,11387464.5,40175374.1,,,,66.2,95.1,73,102.6,3727.2,4.8,41.885213,-87.646996,POINT (-87.646996 41.885213),2023-242901
2023,251488,Esmond,Submitted,1865 W Montvale Ave,60643,2.5,,Morgan Park,K-12 School,53700,1891,3,,38,908254,4162539.7,,,,94.4,128.7,106.4,141.5,348.2,6.5,41.935465,-87.641022,POINT (-87.641022 41.935465),2023-251488
2023,159123,(IL500) - 1516 N State Pkwy Condo (1516 N. State Pkwy.),Submitted,1516 N. State Pkwy.,60610,3.5,,Near North Side,Multifamily Housing,104800,1972,1,,76,2616988.5,4393844.9,,,,66.9,113.9,67.6,115.9,599.5,5.7,41.855499,-87.618953,POINT (-87.618953 41.855499),2023-159123
2023,257186,Uptown Preservation Apartments,Submitted,4431 N. Clifton,60640,3.5,,Uptown,Multifamily Housing,70000,1912,3,5630,79,910529.3,4711594.7,,,,80.3,107.1,87.8,115,377.7,5.4,41.962822,-87.657992,POINT (-87.657992 41.962822),2023-257186
2023,251272,Walmart Supercenter #5781,Not Submitted,8331 S Stewart Ave,60620,0.0,,Chatham,Wholesale Club/Supercenter,,,,,,,,,,,,,,,,,41.868203,-87.717074,POINT (-87.717074 41.868203),2023-251272
2023,102926,5736-52 South Stony Island LLC,Submitted,5736-52 S Stony Island Ave,60637,0.0,,Hyde Park,Multifamily Housing,59558,1920,1,,63,484936.9,3679646.3,,,,96,120.3,,,260.3,6,41.962983,-87.717943,POINT (-87.717943 41.962983),2023-102926
2023,159936,7130 Cyril Court Apartments,Submitted,7130 S. Cyril Ct.,60649,2.0,,South Shore,Multifamily Housing,81140,1929,1,,44,1155139.6,7071820.6,,,,101.4,131.4,111.7,142,537.2,6.6,41.989157,-87.658333,POINT (-87.658333 41.989157),2023-159936
2023,250107,Major Robert H Lawrence Apartments,Submitted,655 W 65th Street,60621,3.0,,Englewood,Multifamily Housing,114449,1967,1,,66,2869294.7,6685600,,,,83.5,131.5,90.2,139.2,756.6,6.6,41.752107,-87.600503,POINT (-87.600503 41.752107),2023-250107
2023,166547,School_HolyAngelsSchoolAnnex,Submitted,750 E. 40th St.,60653,4.0,,Grand Boulevard,K-12 School,105351,1950,1,,96,711043.5,3142100.2,,,,36.6,50.2,44.1,59.2,266.4,2.5,41.891516,-87.631197,POINT (-87.631197 41.891516),2023-166547
2023,134790,The Loftrium,Submitted,819 S Wabash Ave,60605,2.5,,Loop,Office,95800,1912,1,,58,6289049.7,,,,,65.6,183.8,68,190.4,880,9.2,41.900802,-87.624272,POINT (-87.624272 41.900802),2023-134790
2023,105697,Dearborn Plaza,Submitted,1030 N Dearborn St,60610,4.0,,Near North Side,Multifamily Housing,79152,1929,1,,89,1396335.4,6896900.5,,,,104.8,140.9,117,153.3,561.7,7.1,41.903296,-87.628367,POINT (-87.628367 41.903296),2023-105697
2023,250022,Fosco Park,Not Submitted,1312 S Racine Ave,60608,0.0,,Near West Side,Other - Recreation,,,,,,,,,,,,,,,,,41.887585,-87.645654,POINT (-87.645654 41.887585),2023-250022
2023,254046,Ainslie Park Condominium Association,Submitted,840-846 W. Ainslie St.,60640,3.5,,Uptown,Multifamily Housing,52760,1923,1,,76,1725517.4,1263621.6,,,,56.7,116.7,61.6,129.2,308.6,5.8,41.893251,-87.622792,POINT (-87.622792 41.893251),2023-254046
2023,159999,Lake Terrace Condominium Association,Submitted,7337 S. South Shore,60649,2.0,,South Shore,Multifamily Housing,273143,1958,1,,46,5276042.6,23643761,,,,105.9,145,117.2,158.6,1994.1,7.3,41.749348,-87.721097,POINT (-87.721097 41.749348),2023-159999
2023,242148,(IL337) - Museum Park Place South (1841 S Calumet Ave),Submitted,1841 S Calumet Ave,60616,4.0,,Near South Side,Multifamily Housing,301111,2006,1,,66,8474478.7,13834193.9,,,,74.1,127,80.8,137,1920.5,6.4,41.751536,-87.591709,POINT (-87.591709 41.751536),2023-242148
2023,256961,,Not Submitted,1201 N Clark,60610,0.0,,Near North Side,Residential,,,,,,,,,,,,,,,,,41.891983,-87.63274,POINT (-87.63274 41.891983),2023-256961
2023,254166,Crown Center-ID#254166,Submitted,1001-25 W Loyola Ave,60626,3.0,,Rogers Park,College/University,81740,1984,1,640,,3091975.3,2563315.7,,,,69.2,138.8,74.9,142.7,568.8,7,41.860544,-87.622539,POINT (-87.622539 41.860544),2023-254166
2023,254567,Moment,Submitted,545 N. Mcclurg Ct.,60611,2.0,,Near North Side,Multifamily Housing,541280,2017,1,18201,50,22088170.9,11063871,,,,61.2,135.7,65.7,144.5,3678.2,6.8,41.707391,-87.603078,POINT (-87.603078 41.707391),2023-254567
2023,256804,,Not Submitted,810 W Wayman St,60607,0.0,,Near West Side,,,,,,,,,,,,,,,,,,41.894798,-87.615867,POINT (-87.615867 41.894798),2023-256804
2023,173874,The Denifer,Submitted,5400 N. Kenmore,60640,4.0,,Edgewater,Multifamily Housing,81600,1990,1,,82,823817.2,4567599.9,,,,66.1,87,73.5,94.9,357.9,4.4,41.702647,-87.564183,POINT (-87.564183 41.702647),2023-173874
2023,251786,StClement_School,Submitted,2524 N. Orchard St.,60614,3.0,,Lincoln Park,K-12 School,75507,1950,1,,68,1497921.9,2368800.2,,,,51.2,88.5,57.9,95.5,335.4,4.4,41.946553,-87.700536,POINT (-87.700536 41.946553),2023-251786
2023,257173,24 East Washington Street,Submitted,24 East Washington Street,60602,4.0,,Loop,Office,707816,2020,0,872,94,7017333.7,12330899.6,,9992472.4,,41.5,58.9,43.5,61.2,2163.4,3.1,41.883448,-87.626994,POINT (-87.626994 41.883448),2023-257173
2023,101827,Burnham Center,Submitted,111 West Washington,60602,3.5,,Loop,Office,597773,1914,1,,78,19972952.7,24817847.9,,,,74.9,137.1,81.5,143.8,4112.8,6.9,41.884596,-87.628795,POINT (-87.628795 41.884596),2023-101827
2023,251942,Lake Shore Hospitality Inc,Not Submitted,4900 S Lake Shore Dr,60615,0.0,,Kenwood,Residential,,,,,,,,,,,,,,,,,41.926297,-87.785695,POINT (-87.785695 41.926297),2023-251942
2023,256903,,Not Covered 2024,2310 S State St,60616,,true,Near South Side,,,,,,,,,,,,,,,,,,41.86832,-87.62599,POINT (-87.62599 41.86832),2023-256903
2023,102613,,Not Submitted,7914 7932 S Wabash Ave,60619,0.0,,Chatham,Residential,,,,,,,,,,,,,,,,,41.90427,-87.63738,POINT (-87.63738 41.90427),2023-102613
2023,251225,314 West Superior Street,Submitted,314 West Superior Street,60654,4.0,,Near North Side,Office,109032,1910,1,,78,3545564.1,2693551.8,,,,57.2,117,60.7,120,639.2,5.9,41.882248,-87.624517,POINT (-87.624517 41.882248),2023-251225
2023,244591,630 North State Parkway Condo,Submitted,630 North State,60654,1.0,,Near North Side,Multifamily Housing,244750,2001,1,,3,8582812.5,15045684.6,,6027433.9,,121.2,185.1,124.7,189.1,,,41.886876,-87.624685,POINT (-87.624685 41.886876),2023-244591
2023,257075,,Not Covered 2024,626 S Wabash Ave,60605,,true,Loop,Commercial,,,,,,,,,,,,,,,,,41.873776,-87.626301,POINT (-87.626301 41.873776),2023-257075
2023,256812,Woodlawn - University of Chicago,Submitted,1156 E 61st Street,60637,3.5,,Woodlawn,Multifamily Housing,385000,2019,1,13856,78,12980727.8,17842785.8,,,,80.1,143.1,84.6,147.2,2764,7.2,41.885433,-87.654528,POINT (-87.654528 41.885433),2023-256812
2023,144123,Parkville Condominiums,Not Submitted,5726 5744 S Dr Martin Luther King Jr Dr,60637,0.0,,Washington Park,Residential,,,,,,,,,,,,,,,,,41.894183,-87.628286,POINT (-87.628286 41.894183),2023-144123
2023,158414,Old Republic Building,Submitted,301 317 N. Michigan Ave.,60601,3.5,,Loop,Office,219636,1925,1,4206,77,6393611.1,8986060.1,,,,70,124.5,76.1,131.8,1371.9,6.2,41.889384,-87.765039,POINT (-87.765039 41.889384),2023-158414
2023,116966,Universal City,Submitted,9510 S. Constance Ave,60617,4.0,,South Deering,Multifamily Housing,162981,1980,5,8720,88,2946386.2,6551626,,,,58.3,92.8,62.5,97.3,760.2,4.7,41.94107,-87.641354,POINT (-87.641354 41.94107),2023-116966
2023,256775,Pullman Community Center,Not Submitted,10355 S Woodlawn Ave,60628,0.0,,Pullman,Other,,,,,,,,,,,,,,,,,41.773434,-87.569834,POINT (-87.569834 41.773434),2023-256775
2023,254077,3021 S Michigan,Submitted,3001 S Michigan Ave,60616,1.0,,Douglas,Multifamily Housing,67133,1964,1,,12,935430.3,7991309.4,,,,133,164,149.5,181.8,555.3,8.3,41.907047,-87.646055,POINT (-87.646055 41.907047),2023-254077
2023,101503,,Not Submitted,5604 5624 S Wabash Ave,60637,0.0,,Washington Park,Residential,,,,,,,,,,,,,,,,,41.895758,-87.624419,POINT (-87.624419 41.895758),2023-101503
2023,137570,EuroFurniture,Not Covered 2024,2145 W Grand Ave,60612,,true,West Town,Retail Store,,,,,,,,,,,,,,,,,41.887757,-87.625518,POINT (-87.625518 41.887757),2023-137570
2023,115022,Yesteryear Condominium Association,Not Submitted,4211 4221 N Paulina St,60613,0.0,,Lake View,Residential,,,,,,,,,,,,,,,,,41.97461,-87.8088,POINT (-87.8088 41.97461),2023-115022
2023,101887,550 West Adams,Submitted,550 W. Adams,60661,4.0,,Near West Side,Office,519368,2006,1,,87,17218554.3,197053.1,,,,33.5,93.2,35.3,98.1,2419.7,4.7,41.993264,-87.655634,POINT (-87.655634 41.993264),2023-101887
2023,252092,Gateway Center,Not Submitted,10808 - 10830 S Doty Ave W,60628,0.0,,Pullman,Retail Store,,,,,,,,,,,,,,,,,41.955783,-87.648656,POINT (-87.648656 41.955783),2023-252092
2023,175693,Central Park Apartments,Submitted,4501-15 N. Central Park,60625,4.0,,Albany Park,Multifamily Housing,50000,1995,1,3244,92,590300.6,1890500,,,,49.6,72.8,55.8,78.7,183,3.7,41.943187,-87.688302,POINT (-87.688302 41.943187),2023-175693
2023,158748,American Islamic College,Not Submitted,640 W Irving Park Rd,60613,0.0,,Uptown,Commercial,,,,,,,,,,,,,,,,,41.937382,-87.726824,POINT (-87.726824 41.937382),2023-158748
2023,251446,Randolph Elementary -CPS,Not Covered 2024,7316 S Hoyne Ave,60636,,true,West Englewood,K-12 School,,,,,,,,,,,,,,,,,41.685709,-87.622753,POINT (-87.622753 41.685709),2023-251446
2023,119564,Plaza Arms,Not Submitted,501 525 N Central Ave,60644,0.0,,Austin,Residential,,,,,,,,,,,,,,,,,41.781575,-87.647438,POINT (-87.647438 41.781575),2023-119564
2023,113617,1418 North Lake Shore Drive Condominium Association,Submitted,1418 N Lake Shore Drive,60610,1.5,,Near North Side,Multifamily Housing,95475,1983,1,,34,3901207.6,2619138.6,,,,68.3,143.2,74.9,156.3,685,7.2,41.884628,-87.618643,POINT (-87.618643 41.884628),2023-113617
2023,252313,Salvation Army - Divisional HeadOuarters (DHO),Submitted,5040 N. Pulaski Road,60641,1.0,,North Park,Office,75852,1923,1,,,2192526.6,5073299.8,,,,95.8,151.2,108.7,164,576.2,7.6,41.931407,-87.653964,POINT (-87.653964 41.931407),2023-252313
2023,160319,500 Lake Shore Drive,Submitted,500 Lake Shore Drive,60611,3.5,,Near North Side,Multifamily Housing,716899,2013,1,19602,77,17172846.6,16918419,,,,47.6,91.9,50.5,95,3301.4,4.6,41.898335,-87.6514,POINT (-87.6514 41.898335),2023-160319
2023,250137,Club Ouarters East Wacker Drive,Submitted,75 East Wacker Drive,60601,2.0,,Loop,Hotel,178845,1928,1,,49,6611497,13197000.1,,,,110.8,181,117.2,187.4,1626,9.1,41.791088,-87.601149,POINT (-87.601149 41.791088),2023-250137
2023,257098,,Not Covered 2024,2924 W Medill Ave,60647,,true,Logan Square,Residential,,,,,,,,,,,,,,,,,41.923882,-87.700911,POINT (-87.700911 41.923882),2023-257098
2023,159637,Hawthorne House,Submitted,3450 N Lake Shore Drive,60657,2.5,,Lake View,Multifamily Housing,530632,1968,1,14060,52,9521993.6,33638053.9,,,,81.3,116.8,88.4,123.8,3119,5.9,41.940019,-87.724744,POINT (-87.724744 41.940019),2023-159637
2023,251757,Thorp O,Submitted,6024 W Warwick Ave,60634,1.0,,Dunning,K-12 School,93200,1918,1,,15,2019672,8863460.1,,,,116.8,160.5,141.4,186.4,753.4,8.1,41.897254,-87.632868,POINT (-87.632868 41.897254),2023-251757
2023,101731,175 W. Jackson,Submitted,175 W. Jackson,60604,4.0,,Loop,Office,1809140,1928,1,7179,79,42299267.8,37583922,,28019232.2,,59.6,101.4,62.6,104.7,9391.4,5.2,41.922791,-87.653377,POINT (-87.653377 41.922791),2023-101731
2023,251478,Chicago World Language Academy,Submitted,1340 W Harrison St,60607,1.0,,Near West Side,K-12 School,74135,1989,1,,4,3390951.2,5661700.1,,,,122.1,208.3,136.2,223,775.2,10.5,41.882229,-87.757639,POINT (-87.757639 41.882229),2023-251478
2023,257065,,Not Covered 2024,3928 N Lincoln Ave,60613,,true,North Center,,,,,,,,,,,,,,,,,,41.953091,-87.678288,POINT (-87.678288 41.953091),2023-257065
2023,233591,Forty East Cedar Condominium,Submitted,40 E Cedar St,60611,3.5,,Near North Side,Multifamily Housing,96895,1968,1,,80,2247993.6,3353276,,,,57.8,101.3,62.4,105.7,492.6,5.1,41.897974,-87.626338,POINT (-87.626338 41.897974),2023-233591
2023,133879,Medinah Temple,Submitted,600-820 N. Wabash St.,60611,1.0,,Near North Side,Retail Store,130000,1912,1,,3,11652850,2655300,,,,110.1,272.4,110.1,272.4,1771.5,13.6,41.909544,-87.631535,POINT (-87.631535 41.909544),2023-133879
2023,165274,Hayes Manor Senior Apartments,Not Submitted,1211 W Marquette Rd,60636,0.0,,West Englewood,Residential,,,,,,,,,,,,,,,,,41.890844,-87.637895,POINT (-87.637895 41.890844),2023-165274
2023,251648,Spencer Elementary Academy -CPS,Not Covered 2024,214 N Lavergne Ave,60644,,true,Austin,K-12 School,,,,,,,,,,,,,,,,,41.885175,-87.750785,POINT (-87.750785 41.885175),2023-251648
2023,101871,123 N Wacker,Submitted,123 N Wacker,60606,3.5,,Loop,Office,555996,1986,1,3,73,24212053.4,,,,,43.5,121.9,46.3,129.8,3387.7,6.1,41.88779,-87.621279,POINT (-87.621279 41.88779),2023-101871
2023,250038,Brooks HS,Submitted,250 E 111th St,60628,1.0,,Roseland,K-12 School,264710,1914,5,,16,9940493.5,17861021.2,,,,105,176,116,187.6,2339.6,8.8,41.956185,-87.731068,POINT (-87.731068 41.956185),2023-250038
2023,120218,Walmart Supercenter #5402,Submitted,4650 W. North Avenue,60639,1.0,,Austin,Wholesale Club/Supercenter,141676,2010,1,7791,17,10537919.7,6801868,,,,122.4,258.7,129.8,266.2,1835.7,13,41.905651,-87.659799,POINT (-87.659799 41.905651),2023-120218
2023,251676,Clinton,Submitted,6110 N Fairfield Ave,60659,1.0,,West Ridge,K-12 School,136047,1926,3,,19,3872453,9277400,,,,96.7,151.3,110.8,166.2,1034.6,7.6,41.880206,-87.632168,POINT (-87.632168 41.880206),2023-251676
2023,119405,,Not Submitted,226 W Ontario St,60654,0.0,,Near North Side,Commercial,,,,,,,,,,,,,,,,,41.904296,-87.633082,POINT (-87.633082 41.904296),2023-119405
2023,100637,Addison Towers,Submitted,510-534 Addison,60616,3.5,,Lake View,Multifamily Housing,109224,1920,1,,55,855699.5,7165481,,,,73.4,90.8,81.5,99.5,500.3,4.6,41.902467,-87.633022,POINT (-87.633022 41.902467),2023-100637
2023,251627,Edison Park,Submitted,6220 N Olcott Ave,60631,1.5,,Norwood Park,K-12 School,60475,1948,2,,38,1786478.8,2271379.7,,,,67.1,122.2,76.3,131,370.6,6.1,41.729259,-87.554468,POINT (-87.554468 41.729259),2023-251627
2023,101519,239-Senior Suites of MarOuette Village,Submitted,7430 S. Rockwell,60629,4.0,,Chicago Lawn,Senior Living Community,77682,2010,1,4620,86,1892291.8,2831300.3,,,,60.8,106.5,64.7,110.4,415.2,5.3,41.866959,-87.726317,POINT (-87.726317 41.866959),2023-101519
2023,101722,500 West Monroe,Submitted,500 West Monroe,60661,4.0,,Near West Side,Office,1153491,1992,1,5567,87,51474333.9,,,,,44.6,124.9,47.2,132.2,7202.3,6.2,41.926514,-87.639296,POINT (-87.639296 41.926514),2023-101722
2023,101840,8602,Submitted,710 Lake Shore Dr,60611,1.0,,Near North Side,College/University,236060,1939,1,1321,,17537363.3,21943584.6,,,,167.2,305.6,180.8,319.9,3619.3,15.3,41.821634,-87.601944,POINT (-87.601944 41.821634),2023-101840
2023,157587,Loretto Hospital,Not Submitted,645 S Central Ave,60644,0.0,,Austin,Commercial,,,,,,,,,,,,,,,,,41.82269,-87.618374,POINT (-87.618374 41.82269),2023-157587
2023,251420,Carson,Submitted,5516 S Maplewood Ave,60629,1.0,,Gage Park,K-12 School,138015,1917,2,,8,5311238.6,9507810,,,,107.4,180.1,122.1,196,1248.2,9,41.883334,-87.62505,POINT (-87.62505 41.883334),2023-251420
2023,254329,901 S Plymouth,Submitted,901 South Plymouth Court,60605,3.0,,Loop,Multifamily Housing,161700,1979,1,,61,5164990.9,4942857.8,,,,62.5,121.5,68.8,134.1,985.2,6.1,41.862904,-87.701867,POINT (-87.701867 41.862904),2023-254329
2023,244534,One Museum Park East Condominium Association,Submitted,1211 S. Prairie Private,60605,3.5,,Near South Side,Multifamily Housing,952287,2008,1,,78,19108268.8,38626732.4,,,,60.6,98.8,65.1,103.5,4725.3,5,41.7796,-87.647269,POINT (-87.647269 41.7796),2023-244534
2023,240299,(IL1071) - The Pinnacle Condo (21 E. Huron St),Submitted,21 E. Huron St,60611,1.0,,Near North Side,Multifamily Housing,610691,2004,1,,11,30782445.2,7921997.1,,,,63.4,154.8,68.9,170.1,4727.8,7.7,41.838327,-87.617613,POINT (-87.617613 41.838327),2023-240299
2023,256759,Warren Apartments,Not Submitted,1533 W.Warren Blvd,60607,0.0,,Near West Side,Residential,,,,,,,,,,,,,,,,,41.977336,-87.839497,POINT (-87.839497 41.977336),2023-256759
2023,137063,West Point Plaza Venture LLLP,Submitted,300 S Damen,60612,1.0,,Near West Side,Multifamily Housing,172118,1978,1,,15,8943192.6,2270638.7,,,,65.2,159.3,71.4,176.1,1371.9,8,41.956582,-87.654456,POINT (-87.654456 41.956582),2023-137063
2023,131935,Continental Nursing & Rehabilitation Center,Submitted,5336 N. Western Avenue,60625,1.0,,Lincoln Square,Senior Living Community,51000,1976,1,,9,2286099.2,7577060.1,,,,193.4,281.5,212.3,299.6,722.3,14.2,41.903441,-87.668505,POINT (-87.668505 41.903441),2023-131935
2023,256568,Vista Tower,Not Submitted,363 E Wacker Dr,60601,0.0,,Loop,,,,,,,,,,,,,,,,,,41.67812,-87.662639,POINT (-87.662639 41.67812),2023-256568
2023,101799,200 South Wacker Property LLC,Submitted,200 South Wacker Drive,60606,3.0,,Loop,Office,843070,1981,1,,67,43220220.1,,,,,51.3,143.5,55.6,155.7,6047.4,7.2,41.893857,-87.635796,POINT (-87.635796 41.893857),2023-101799
2023,175845,The Park Terrace,Submitted,2451 W Howard St,60645,2.0,,West Ridge,Multifamily Housing,84000,1948,1,,44,1837390.1,5196279.7,,,,83.7,126.2,105.3,147.3,533.1,6.3,41.759231,-87.559598,POINT (-87.559598 41.759231),2023-175845
2023,100489,,Not Submitted,4520 4528 S Drexel Blvd,60653,0.0,,Kenwood,Residential,,,,,,,,,,,,,,,,,41.933726,-87.641519,POINT (-87.641519 41.933726),2023-100489
2023,255925,1955 North Richmond Street,Submitted,1955 North Richmond Street,60622,2.5,,Logan Square,Multifamily Housing,53000,2018,1,,53,965815.1,2608399.7,,,,67.4,102.7,74.5,109.7,273.7,5.2,41.895051,-87.634013,POINT (-87.634013 41.895051),2023-255925
2023,115784,"The Highland Apartments, LLC",Submitted,7455-7469 N. Greenview Ave.,60626,4.0,,Rogers Park,Multifamily Housing,51330,1915,1,,89,669360.9,3576122.9,,,,82.7,109.7,93.7,121.1,283.6,5.5,41.895348,-87.643105,POINT (-87.643105 41.895348),2023-115784
2023,251996,(IL1068) - Prairie Pointe at Central Station Condo (1600 S Prairie Ave ),Submitted,1600 S Prairie Ave,60616,1.5,,Near South Side,Multifamily Housing,269200,2006,1,,36,6888020.6,16575953.6,,,,87.2,136.3,92.4,140.9,1844.2,6.9,41.705567,-87.601074,POINT (-87.601074 41.705567),2023-251996
2023,126126,Pete's Kedgie,Submitted,4700 S. Kedgie,60632,2.0,,Brighton Park,Supermarket/Grocery Store,54000,1990,0,,41,8620073.9,5885497.1,,,,268.6,561.4,279.1,571.6,1518.7,28.1,42.006496,-87.661359,POINT (-87.661359 42.006496),2023-126126
2023,251443,Madison Elementary -CPS,Not Covered 2024,7401 S Dorchester,60619,,true,South Shore,K-12 School,,,,,,,,,,,,,,,,,41.698014,-87.595716,POINT (-87.595716 41.698014),2023-251443
2023,239078,801 S Plymouth Court,Submitted,801 South Plymouth Court,60605,2.0,,Loop,Multifamily Housing,250000,1983,1,,50,7224731.7,6968210.1,,,,56.8,110.2,61.7,119.5,1381,5.5,41.90872,-87.626129,POINT (-87.626129 41.90872),2023-239078
2023,175340,,Not Submitted,4310 4322 N Clarendon Ave,60613,0.0,,Uptown,Residential,,,,,,,,,,,,,,,,,41.880376,-87.763275,POINT (-87.763275 41.880376),2023-175340
2023,160354,Asbury Plaza Venture LLLP,Submitted,750 N. Dearborn,60654,4.0,,Near North Side,Multifamily Housing,356989,1981,1,,67,7368304.9,19066570.9,,,,74,113.9,82.8,123.6,2043.7,5.7,41.967234,-87.663986,POINT (-87.663986 41.967234),2023-160354
2023,119223,1980 - KIMBALL & ADDISON,Submitted,3500 N Kimball Ave,60618,3.0,,Avondale,Retail Store,109634,2003,1,2715,65,3665078,6580599.8,,,,93.5,156.6,105.9,170.1,862.3,7.9,41.76407,-87.602011,POINT (-87.602011 41.76407),2023-119223
2023,101356,DePaul College Prep,Not Covered 2024,3633 N California,60618,,true,Irving Park,K-12 School,,,,,,,,,,,,,,,,,41.883498,-87.6372,POINT (-87.6372 41.883498),2023-101356
2023,114798,The Woodlawn Condominium Association,Submitted,5042-5056 S. Woodlawn Ave.,60616,4.0,,Kenwood,Multifamily Housing,59728,1908,1,,,577117.2,3364562.1,,,,66,86.2,74.1,95.9,259.5,4.3,41.804756,-87.583864,POINT (-87.583864 41.804756),2023-114798
2023,250144,11 East Adams LLC,Submitted,11 East Adams,60603,3.5,,Loop,Office,161166,1961,1,,58,5471756.9,10746221.4,,,,100.6,165.1,117.5,185,1336.4,8.3,41.987526,-87.84508,POINT (-87.84508 41.987526),2023-250144
2023,256885,Westerly - CO (ws320),Submitted,740 N Aberdeen St,60642,4.0,,West Town,Multifamily Housing,220601,2020,1,5304,70,4950510.9,6453121,,,,51.7,93.5,55,97,1035.4,4.7,41.754691,-87.645507,POINT (-87.645507 41.754691),2023-256885
2023,158743,Buena Pointe Condominium,Submitted,4350 N Broadway,60613,1.0,,Uptown,Multifamily Housing,149524,2004,1,,29,3436552.5,8746753,,,,81.5,125.8,88,132.3,945.4,6.3,41.89498,-87.6244,POINT (-87.6244 41.89498),2023-158743
2023,251859,Epic Academy Charter High School,Submitted,8255 S. Houston,60617,3.5,,South Chicago,K-12 School,69921,1902,1,,77,997031.7,2285377.8,,,,46.9,74.2,54.5,82.1,260.9,3.7,41.937577,-87.642531,POINT (-87.642531 41.937577),2023-251859
2023,103712,Water Tower Place,Submitted,835 N. Michigan Avenue,60611,,true,Near North Side,Mixed Use Property,2581145,1976,1,65139,,137543611,63254981.4,,,,77.8,174.9,81.6,181.5,22604.8,8.8,41.953774,-87.648061,POINT (-87.648061 41.953774),2023-103712
2023,251282,1100 N. Dearborn,Submitted,1100 N. Dearborn St.,60610,3.5,,Near North Side,Multifamily Housing,179090,1930,1,6394,51,3088931.6,14207235,,,,96.6,131.6,109.6,144.9,1186.8,6.6,41.741057,-87.631826,POINT (-87.631826 41.741057),2023-251282
2023,160372,AMLI River North,Submitted,71 West Hubbard St,60654,2.5,,Near North Side,Multifamily Housing,452449,2013,1,14546,55,13650046.2,15551798.3,,,,64.5,120.6,67.4,123.6,2735.9,6,41.892711,-87.620131,POINT (-87.620131 41.892711),2023-160372
2023,113593,(IL1039) - 1335 Astor Cooperative (1335 N. Astor St.),Submitted,1335 N. Astor St.,60660,3.0,,Near North Side,Multifamily Housing,110100,1949,1,,62,1695463.4,6897900.6,,,,78.1,108.9,88.5,120,603.6,5.5,41.994487,-87.670298,POINT (-87.670298 41.994487),2023-113593
2023,101874,444 N. Michigan,Submitted,444 N. Michigan Avenue,60611,1.5,,Near North Side,Office,517115,1976,1,8759,36,40658021.4,39649.4,,,,78.7,220.2,85.4,239,5691,11,41.910352,-87.633269,POINT (-87.633269 41.910352),2023-101874
2023,252251,Chinatown,Submitted,300 W 23rd St.,60616,4.0,,Armour Square,Multifamily Housing,114205,1976,1,,81,3366684.6,1858978.6,,,,45.8,99.6,50.5,111.5,569.8,5,41.893691,-87.62692,POINT (-87.62692 41.893691),2023-252251
2023,260123,,Not Submitted,5355 5371 N Delphia Ave,60656,0.0,,Ohare,Residential,,,,,,,,,,,,,,,,,41.889062,-87.633485,POINT (-87.633485 41.889062),2023-260123
2023,254977,10643 - LVW  Lakeview,Submitted,3201 North Ashland Avenue,60657,4.0,,Lake View,Supermarket/Grocery Store,82147,2017,1,4534,64,12279972.7,7831100,,,,244.8,518.7,254.2,528.6,2134.2,26,41.754944,-87.724552,POINT (-87.724552 41.754944),2023-254977
2023,112698,6300 Sheridan Building Condominium Association,Submitted,6300 North Sheridan,60660,3.0,,Edgewater,Multifamily Housing,140841,1978,1,,61,1671477.4,9580800.1,,,,79.9,104.7,91,116.2,742.8,5.3,41.916251,-87.634906,POINT (-87.634906 41.916251),2023-112698
2023,172900,Victory Centre of Galewood,Not Submitted,2370 N Newcastle Ave,60707,0.0,,Montclare,Senior Care Community,,,,,,,,,,,,,,,,,42.019289,-87.675059,POINT (-87.675059 42.019289),2023-172900
2023,175817,BENCHMARK ID #175817,Submitted,1450 N Cicero Ave,60651,4.0,,Austin,Other - Mall,87000,1980,1,150,,1626175,1958120.8,,,,41.2,76,51.5,86.8,331.5,3.8,41.882695,-87.632531,POINT (-87.632531 41.882695),2023-175817
2023,175825,Sutherland,Submitted,4659 S. Drexel,60615,2.0,,Kenwood,Multifamily Housing,145230,1918,1,,48,5028484.5,2688318.6,,,,53.1,116.4,57.1,125.9,846.4,5.8,41.87859,-87.664196,POINT (-87.664196 41.87859),2023-175825
2023,160343,100 W. Chestnut St.,Submitted,100 W. Chestnut St.,60642,4.0,,Near North Side,Multifamily Housing,292445,1983,1,11133,91,5429023.9,9773060.2,,,,52,87.1,56.6,92,1278.7,4.4,41.987469,-87.790161,POINT (-87.790161 41.987469),2023-160343
2023,104100,711 W Gordon Terrace,Submitted,711 W Gordon Terrace,60613,3.0,,Uptown,Multifamily Housing,121026,1979,1,,63,5153150.5,,,,,42.6,119.2,46,128.9,721,6,41.985932,-87.728369,POINT (-87.728369 41.985932),2023-104100
2023,160347,Dwight Lofts (dw26),Submitted,642 S Clark St,60605,1.0,,Loop,Multifamily Housing,196808,2008,1,19087,21,7617072.9,6466996,,,,71.6,142.9,72.9,143.7,1409.3,7.2,41.890798,-87.642252,POINT (-87.642252 41.890798),2023-160347
2023,102323,,Not Submitted,3515 3525 W Franklin Blvd,60624,0.0,,Humboldt Park,Residential,,,,,,,,,,,,,,,,,41.868834,-87.626009,POINT (-87.626009 41.868834),2023-102323
2023,244200,Michigan Avenue Tower Condominium Association,Submitted,1250 S. Michigan Ave.,60605,2.5,,Near South Side,Multifamily Housing,402711,2008,1,,58,11723369.1,9854764.4,,,,53.6,107.2,57.7,114,2163.8,5.4,41.935715,-87.637792,POINT (-87.637792 41.935715),2023-244200
2023,102368,Bradley Business Center II,Submitted,2500 West Bradley Place,60618,,true,North Center,Other,374000,1956,1,,,7375153.2,7512720.6,,,,39.8,76.3,43,80.3,1431,3.8,41.944531,-87.642337,POINT (-87.642337 41.944531),2023-102368
2023,251535,U Of C - Donoghue,Submitted,707 E 37th St,60653,1.0,,Oakland,K-12 School,74828,1963,1,,20,2033091.4,5206240.2,,,,96.7,149.1,111,164.9,561,7.5,41.962505,-87.679153,POINT (-87.679153 41.962505),2023-251535
2023,160397,ABLA/Brooks Homes,Submitted,1324 S. Loomis Street,60608,1.0,,Near West Side,Multifamily Housing,279510,1997,26,,9,8631294.4,26310700.3,,,,125,185.3,135.5,196.8,2605.2,9.3,41.844233,-87.621958,POINT (-87.621958 41.844233),2023-160397
2023,257064,Cassidy on Canal,Not Covered 2024,350 N Canal St,60654,,true,Near West Side,Residential,,,,,,,,,,,,,,,,,41.88842,-87.640179,POINT (-87.640179 41.88842),2023-257064
2023,164980,WTTW 11 - Main Campus,Submitted,5400 N. St. Louis,60625,2.0,,North Park,Office,183047,1964,1,,22,14300432.6,,,,,78.1,218.7,78.1,218.7,2000.9,10.9,41.89461,-87.634001,POINT (-87.634001 41.89461),2023-164980
2023,257105,,Not Covered 2024,1203 N California Ave,60622,,true,West Town,Residential,,,,,,,,,,,,,,,,,41.903216,-87.696464,POINT (-87.696464 41.903216),2023-257105
2023,242162,The Caravel,Submitted,635 North Dearborn Street,60654,3.5,,Near North Side,Multifamily Housing,212000,2003,1,,72,3747486.7,12618689.6,,,,77.2,112,84.3,119.4,1194.6,5.6,41.882411,-87.637175,POINT (-87.637175 41.882411),2023-242162
2023,132435,,Not Submitted,1335 1345 W Lake St,60607,0.0,,Near West Side,Commercial,,,,,,,,,,,,,,,,,41.890042,-87.637869,POINT (-87.637869 41.890042),2023-132435
2023,101742,James R Thompson Center,Not Covered 2024,100 W Randolph St,60601,,true,Loop,Office,,,,,,,,,,,,,,,,,41.683992,-87.725017,POINT (-87.725017 41.683992),2023-101742
2023,244449,30 East Huron Condominium Association,Submitted,30 E Huron,60611,1.0,,Near North Side,Multifamily Housing,555980,1980,1,,13,27220203.9,15508092.9,,,,76.9,166.4,84.6,184.6,4632.3,8.3,41.785989,-87.591182,POINT (-87.591182 41.785989),2023-244449
2023,254978,Cubs Office Building,Submitted,1101 West Waveland Ave,60613,2.0,,Lake View,Office,247887,2017,1,,28,11201066.3,30582044.1,,,,168.6,256.1,175.9,262.7,3191.6,12.9,41.850131,-87.635273,POINT (-87.635273 41.850131),2023-254978
2023,241377,Wells Street Tower Condominium Association,Submitted,701 South Wells Street,60607,1.0,,Loop,Multifamily Housing,267196,2002,1,,26,8850348.7,15333510.9,,,,90.5,153,99.5,164.5,2052.8,7.7,41.954784,-87.668916,POINT (-87.668916 41.954784),2023-241377
2023,129621,Chalet Living and Rehab,Submitted,7350 N. Sheridan Rd.,60626,1.0,,Rogers Park,Senior Living Community,67004,1976,1,,8,3578900.6,10809012.3,,,,214.7,318.9,239.7,344.6,1074.9,16,41.854193,-87.622696,POINT (-87.622696 41.854193),2023-129621
2023,256655,The Oliver on LaSalle - lv048,Submitted,1140 N La Salle St,60610,4.0,,Near North Side,Multifamily Housing,91427,1924,2,5643,96,1793781,5753654.5,,,,82.6,121,90.9,129.5,556.6,6.1,41.93412,-87.656192,POINT (-87.656192 41.93412),2023-256655
2023,102766,Brandon Shores Condo Association,Submitted,6150 N Kenmore,60660,2.5,,Edgewater,Multifamily Housing,73000,1962,1,,58,1319352.1,4662246.4,,,,81.9,117.7,93.3,129.3,432.2,5.9,41.917444,-87.689884,POINT (-87.689884 41.917444),2023-102766
2023,252069,Chicago South Loop Hotel,Not Submitted,11 W 26th St,60616,0.0,,Douglas,Hotel,,,,,,,,,,,,,,,,,41.804568,-87.606312,POINT (-87.606312 41.804568),2023-252069
2023,121059,Center on Halsted,Submitted,3656 N Halsted,60613,1.5,,Lake View,Mixed Use Property,103640,2007,1,,31,12761184.4,9339560.1,,,,213.2,439.4,224.2,450.9,2281.6,22,41.980473,-87.654953,POINT (-87.654953 41.980473),2023-121059
2023,252058,Logan Arts Center,Submitted,915 E 60th St.,60637,2.0,,Woodlawn,Performing Arts,188821,2011,1,4221,,6469500.1,,2258092.8,6117852,,78.6,139.8,77.1,138.6,1377.6,7.3,41.809669,-87.675116,POINT (-87.675116 41.809669),2023-252058
2023,175244,Washtenaw on the Park,Submitted,4755 N Washtenaw Avenue,60625,4.0,,Lincoln Square,Multifamily Housing,51200,2007,1,,96,877890.5,671551.9,,,,30.3,61.8,33.7,65.2,158.5,3.1,41.893321,-87.618967,POINT (-87.618967 41.893321),2023-175244
2023,250141,180 N Wacker Dr,Not Submitted,180 N Wacker Dr,60606,0.0,,Loop,Office,,,,,,,,,,,,,,,,,41.805576,-87.620123,POINT (-87.620123 41.805576),2023-250141
2023,118776,Gleacher Center,Submitted,450 North Cityfront Plaza,60611,2.0,,Near North Side,College/University,214684,1993,1,,,14037022.6,1082280,,,,70.4,188.4,70.4,188.4,2021.5,9.4,41.951299,-87.650112,POINT (-87.650112 41.951299),2023-118776
2023,254534,Prairie District Lofts Condominium Association,Not Submitted,1727 S Indiana Ave,60616,0.0,,Near South Side,Residential,,,,,,,,,,,,,,,,,41.878002,-87.634409,POINT (-87.634409 41.878002),2023-254534
2023,251451,Madero,Submitted,3202 W 28th St,60623,2.5,,South Lawndale,K-12 School,62071,1996,1,,34,1935586.7,2350499.9,,,,69.1,127.1,77.1,135.7,395.7,6.4,41.827202,-87.611569,POINT (-87.611569 41.827202),2023-251451
2023,101878,200 West Jackson Boulevard Building,Submitted,200 West Jackson Blvd.,60606,3.5,,Loop,Office,534330,1971,1,,71,12535612,26381418.5,,7982928.2,,87.8,131.1,94.1,137.9,3575.9,6.7,41.88321,-87.649973,POINT (-87.649973 41.88321),2023-101878
2023,257045,,Not Covered 2024,513 S Damen Ave,60612,,true,Near West Side,Residential,,,,,,,,,,,,,,,,,41.87466,-87.675844,POINT (-87.675844 41.87466),2023-257045
2023,244503,5000 East End Condominium Association,Submitted,5000 East End Ave.,60615,3.0,,Kenwood,Multifamily Housing,234944,1928,1,,70,2335664.9,16883519.6,,,,81.8,103.3,91.2,113.6,1223.6,5.2,41.96548,-87.654642,POINT (-87.654642 41.96548),2023-244503
2023,251250,Lincoln Park Villas CA,Submitted,1920 N. Clark Street,60614,2.5,,Lincoln Park,Multifamily Housing,71733,1974,1,,53,3015863.8,866457,,,,54.1,130.4,59.8,145.6,468,6.5,41.764542,-87.559926,POINT (-87.559926 41.764542),2023-251250
2023,260093,5514 Blackstone Ave,Submitted,5514 S. Blackstone Ave,60615,2.5,,Hyde Park,Multifamily Housing,72940,1913,1,,60,675210.4,5246143.6,,,,81.2,101.4,92.4,113.1,373.1,5.1,41.988575,-87.812978,POINT (-87.812978 41.988575),2023-260093
2023,251930,The Granville Condominum Association,Submitted,1134 West Granville,60660,2.0,,Edgewater,Multifamily Housing,241280,2008,1,,42,8606853.6,14690700.1,,,,96.6,163.8,107.8,176.6,1984.6,8.2,41.769929,-87.690841,POINT (-87.690841 41.769929),2023-251930
2023,256893,(IL494) - Cirrus Condominium (211 N Harbor Dr ),Submitted,211 N Harbor Dr,60601,4.0,,Loop,Multifamily Housing,572929,2021,1,,83,15021433.7,17091251,,,,56.1,104.7,61.2,110.7,3009.6,5.3,41.770939,-87.666559,POINT (-87.666559 41.770939),2023-256893
2023,101363,1101 E Hyde Park,Submitted,1101 E Hyde Park Boulevard,60615,1.5,,Hyde Park,Multifamily Housing,69631,1923,1,,40,486504.5,4587679.7,,,,72.9,88.7,81.3,97.5,311.7,4.5,41.882987,-87.670719,POINT (-87.670719 41.882987),2023-101363
2023,257032,Optima Lakeview,Submitted,3460 N Broadway St,60657,4.0,,Lake View,Multifamily Housing,310960,2022,1,,,2126538.4,10377266.4,,,,40.2,54.2,43.6,57.8,848.7,2.7,41.889647,-87.634169,POINT (-87.634169 41.889647),2023-257032
2023,252294,Reside on Wellington,Submitted,510 West Wellington Avenue,60657,3.0,,Lake View,Multifamily Housing,72000,1949,1,2342,68,1090084,4754203.1,,,,81.2,111.7,89.3,119.8,405,5.6,41.848027,-87.640103,POINT (-87.640103 41.848027),2023-252294
2023,250111,Wicker Park Apartments,Submitted,1414 N Damen Ave,60622,3.5,,West Town,Multifamily Housing,190000,1958,2,,71,2778482.7,11923699.9,,,,77.4,106.8,84.6,114.4,1022.1,5.4,41.863734,-87.676313,POINT (-87.676313 41.863734),2023-250111
2023,252302,Eastwood Garden Apartments,Not Submitted,6531 S. Lowe Ave.,60621,0.0,,Englewood,Residential,,,,,,,,,,,,,,,,,41.885654,-87.774688,POINT (-87.774688 41.885654),2023-252302
2023,115065,700 Bittersweet Condominium Association,Submitted,700 W Bittersweet Pl,60613,3.0,,Uptown,Multifamily Housing,124600,1980,1,,67,1863210,8493227.7,,,,83.1,113.4,90.9,121.8,711.8,5.7,41.881119,-87.68225,POINT (-87.68225 41.881119),2023-115065
2023,164090,The Salvation Army Adult Rehabilitation Center,Submitted,2258 N. Clybourn Avenue,60614,4.0,,Lincoln Park,Other - Lodging/Residential,54216,1955,1,,,288896,3521599.6,,,,70.3,83.1,79.1,92.2,227.5,4.2,41.77965,-87.634897,POINT (-87.634897 41.77965),2023-164090
2023,250002,Arturo Velasquez Institute,Submitted,2800 South Western,60608,0.0,,Lower West Side,College/University,175000,1996,1,452,,6731201.1,5537220.1,,,,70.1,140.9,78.1,150.3,1194.1,6.82,41.782235,-87.586651,POINT (-87.586651 41.782235),2023-250002
2023,260083,Country Club Apartments,Not Submitted,6930 6950 S South Shore Dr,60649,0.0,,South Shore,Residential,,,,,,,,,,,,,,,,,41.828853,-87.624198,POINT (-87.624198 41.828853),2023-260083
2023,256731,Lee,Submitted,6448 S Tripp Ave,60629,1.0,,West Lawn,K-12 School,56882,1956,5,,11,2538395,2117910,,,,81.9,164,91.5,178.8,467.7,8.2,41.867484,-87.61915,POINT (-87.61915 41.867484),2023-256731
2023,101717,55 East Monroe Office,Submitted,55 East Monroe Street,60603,3.0,,Loop,Office,1609901,1972,1,,67,78147999.4,652106.5,,29540806.5,,67.3,153,70.1,162.6,12525.9,7.8,41.867398,-87.622701,POINT (-87.622701 41.867398),2023-101717
2023,101987,20 South Clark,Submitted,20 S Clark St,60602,3.0,,Loop,Office,464592,1970,1,2695,66,22918549.7,,,,,49.3,138.1,53.4,149.4,3206.8,6.9,41.875785,-87.626706,POINT (-87.626706 41.875785),2023-101987
2023,101943,303 West Madison,Submitted,303 West Madison,60606,4.0,,Loop,Office,345450,1987,1,2348112,79,17140527.7,,,,,49.6,138.9,52.9,148.2,2398.3,6.9,41.75422,-87.670965,POINT (-87.670965 41.75422),2023-101943
2023,173868,1055 W Granville,Submitted,1055 W. Granville Ave,60660,2.5,,Edgewater,Multifamily Housing,80600,1929,1,,51,1729684.2,7235656.9,,,,111.2,154.3,124.5,168.3,626.3,7.8,41.81199,-87.743128,POINT (-87.743128 41.81199),2023-173868
2023,250039,Carver Middle -CPS,Not Covered 2024,801 E 133rd Pl,60827,,true,Riverdale,K-12 School,,,,,,,,,,,,,,,,,41.986678,-87.839359,POINT (-87.839359 41.986678),2023-250039
2023,242554,3001 S Michigan,Submitted,3001 S Michigan Ave,60616,3.5,,Douglas,Multifamily Housing,208042,1964,1,,56,3424613.9,15589043.7,,,,91.4,124.8,100.9,135.2,1307.2,6.3,41.760597,-87.676002,POINT (-87.676002 41.760597),2023-242554
2023,173612,Bell Federal Building,Not Submitted,79 W Monroe St,60603,0.0,,Loop,Office,,,,,,,,,,,,,,,,,41.914334,-87.634661,POINT (-87.634661 41.914334),2023-173612
2023,244318,Edge Lofts & Tower Condominium Association,Submitted,210 South Des Plaines Street,60661,2.5,,Near West Side,Multifamily Housing,237826,2004,1,7852,58,5416534.6,15955058.1,,,,89.9,134.2,94.4,137.9,1605.3,6.8,41.874069,-87.63957,POINT (-87.63957 41.874069),2023-244318
2023,106014,Delaware III LLC,Submitted,211 E Delaware Pl,60611,4.0,,Near North Side,Multifamily Housing,57125,1931,1,,89,2063727.3,1450866.6,,,,61.5,127.8,66.1,138.5,365.8,6.4,41.905315,-87.68572,POINT (-87.68572 41.905315),2023-106014
2023,100984,,Not Submitted,1604 1610 W Sherwin Ave,60626,0.0,,Rogers Park,Residential,,,,,,,,,,,,,,,,,41.798194,-87.585631,POINT (-87.585631 41.798194),2023-100984
2023,102745,Harper Place Condominium Association,Submitted,5309-5343 S Harper Place,60615,3.5,,Hyde Park,Multifamily Housing,88384,1920,1,,76,1411441.3,3244140.2,,,,52.7,83.3,58.3,89.2,369.8,4.2,41.802313,-87.591782,POINT (-87.591782 41.802313),2023-102745
2023,101579,"First Praire Shores, LLC",Submitted,2901 S King Drive,60616,1.0,,Douglas,Multifamily Housing,289267,1960,1,,13,4863604.7,33891298.8,,,,134,170.1,148.1,184.7,2450.4,8.5,41.881285,-87.647491,POINT (-87.647491 41.881285),2023-101579
2023,103052,,Not Submitted,825 835 W Cornelia Ave,60657,0.0,,Lake View,Residential,,,,,,,,,,,,,,,,,41.900802,-87.621401,POINT (-87.621401 41.900802),2023-103052
2023,252035,The Bristol Condominium Association,Submitted,57 East Delaware Place,60611,1.0,,Near North Side,Multifamily Housing,490146,1998,1,,17,23959841.9,2564281.7,,,,54.1,142.4,58.7,154.6,3488.7,7.1,41.924797,-87.637937,POINT (-87.637937 41.924797),2023-252035
2023,175421,7239 North Sheridan LLC,Submitted,7219 N Sheridan Rd,60626,1.0,,Rogers Park,Multifamily Housing,52998,1928,1,,27,659502,4856776.1,,,,104.1,131.1,120,147.6,350.2,6.6,41.711198,-87.640377,POINT (-87.640377 41.711198),2023-175421
2023,160266,Parc Huron Apartments (pc15),Submitted,469 West Huron Street,60654,4.0,,Near North Side,Multifamily Housing,355959,2010,1,7799,90,7138333.7,9264260.6,,,,46.1,83.5,49.7,88,1490.9,4.2,41.895736,-87.63174,POINT (-87.63174 41.895736),2023-160266
2023,103782,Warwick Allerton Hotel Chicago,Submitted,701 N. Michigan Ave.,60611,2.5,,Near North Side,Hotel,300000,1924,1,419581,55,11403340.7,20694198.7,,,,107,178.9,113.7,185.9,2694.7,9,41.919732,-87.663,POINT (-87.663 41.919732),2023-103782
2023,251620,Seward,Submitted,4600 S Hermitage Ave,60609,3.0,,New City,K-12 School,75886,1894,3,,62,1065905.4,4027449.9,,,,67.1,95.1,78.2,106.7,363.1,4.8,41.727375,-87.54574,POINT (-87.54574 41.727375),2023-251620
2023,250072,Lake Parc Place,Submitted,3939-3983 S. Lake Park Ave,60653,2.5,,Oakland,Multifamily Housing,291997,1953,2,,58,2575797.7,27638801,,,,103.5,124.1,115,136.1,1828.4,6.3,41.886707,-87.63415,POINT (-87.63415 41.886707),2023-250072
2023,119629,Costco #00380 Lincoln Park,Submitted,2746 N. Clybourn Avenue,60614,3.0,,Lincoln Park,Supermarket/Grocery Store,142374,2001,1,,64,14406211,10620440.3,,,,175.8,361.6,187.2,373.4,2579.8,18.1,41.872781,-87.630772,POINT (-87.630772 41.872781),2023-119629
2023,160151,Clargran,Submitted,501-515 N. Clark St.,60654,1.0,,Near North Side,Hotel,343240,2013,1,,19,18877518.1,26219600.3,,,,131.4,234.2,132.3,233.6,4034,11.8,41.981198,-87.837239,POINT (-87.837239 41.981198),2023-160151
2023,251729,KIPP Bloom College Prep,Not Submitted,5515 South Lowe Ave,60621,0.0,,Englewood,K-12 School,,,,,,,,,,,,,,,,,41.935472,-87.668655,POINT (-87.668655 41.935472),2023-251729
2023,251568,Vaughn HS,Submitted,4355 N Linder Ave,60641,2.0,,Portage Park,K-12 School,50289,1920,1,,42,1328022,2823710.3,,,,82.6,132.9,96.8,147.9,335.8,6.7,41.850385,-87.640693,POINT (-87.640693 41.850385),2023-251568
2023,106618,215 WEST - LPC,Submitted,215 W Washington St,60606,1.0,,Loop,Multifamily Housing,387000,2010,1,,21,16281281.7,14851398,,,,80.4,158.1,87.4,169.6,3066.9,7.9,41.966528,-87.651719,POINT (-87.651719 41.966528),2023-106618
2023,251359,"Kershaw Elementary, Joshua D -CPS",Not Covered 2024,6450 S Lowe Ave,60621,,true,Englewood,K-12 School,,,,,,,,,,,,,,,,,41.795008,-87.59828,POINT (-87.59828 41.795008),2023-251359
2023,160349,AMLI Lofts Clark (ml76),Submitted,850 South Clark Street,60605,4.0,,Loop,Multifamily Housing,202200,2014,1,13967,90,4944413.2,4145859.7,,,,45,90,47.3,92.7,912,4.5,41.802143,-87.625747,POINT (-87.625747 41.802143),2023-160349
2023,119039,Churchview SLF,Submitted,2626 W 63rd Street,60629,3.0,,Chicago Lawn,Senior Living Community,67385,2004,1,,46,2135991,3782046.8,,,,87.8,147.7,95,155.2,499.7,7.4,41.773018,-87.571451,POINT (-87.571451 41.773018),2023-119039
2023,135134,The Boyce Building,Submitted,500-510 N. Dearborn St.,60654,3.0,,Near North Side,Office,149011,1912,1,,61,3336205.7,15894400,,,,129.1,174.7,142.2,188,1311,8.8,41.889118,-87.617755,POINT (-87.617755 41.889118),2023-135134
2023,101737,100 North Riverside Plaza,Submitted,100 N Riverside Plaza,60606,,true,Near West Side,Office,874519,1990,1,4566,,18292661.2,228595.2,,,,21.2,58.9,21.2,58.9,2575.9,2.9,41.903949,-87.635489,POINT (-87.635489 41.903949),2023-101737
2023,132278,605 N Michigan Ave,Submitted,605 N Michigan Ave,60611,3.0,,Near North Side,Office,105000,1922,1,,66,5814219.6,,,,,55.4,155,58.1,162.8,813.5,7.7,41.825753,-87.617517,POINT (-87.617517 41.825753),2023-132278
2023,158403,Illinois Institute of Technology- DTC,Submitted,565 West Adams Street,60661,3.0,,Near West Side,College/University,284000,1992,1,2252,,13407931.5,,,,,47.2,132.2,49.3,138,1876,6.6,41.796128,-87.642628,POINT (-87.642628 41.796128),2023-158403
2023,255021,Legacy Charter School,Not Submitted,3300 W Ogden Ave,60623,0.0,,North Lawndale,,,,,,,,,,,,,,,,,,41.880075,-87.632458,POINT (-87.632458 41.880075),2023-255021
2023,238712,899 South Plymouth Court Condominium Association,Submitted,899 S. Plymouth Court,60605,2.0,,Loop,Multifamily Housing,263800,1980,1,,43,9533042.6,5327187.2,,,,56.3,122.4,62,135.6,1616.8,6.1,41.698996,-87.629543,POINT (-87.629543 41.698996),2023-238712
2023,175728,808-12 Junior Terrace LLC,Submitted,808-812 W. Junior Ter.,60613,1.5,,Uptown,Multifamily Housing,76690,1920,1,,32,3287720.5,1640779.2,,,,64.3,142.5,68.7,154.8,547.2,7.1,41.764345,-87.566339,POINT (-87.566339 41.764345),2023-175728
2023,252053,Kent Chemical Laboratory,Submitted,1020-24 East 58th Street,60637,2.0,,Hyde Park,Laboratory,59841,1894,1,,,2743060.4,2609,8258193.5,4510199.9,,259.3,363,264.7,371.3,1170,19.6,41.889352,-87.628849,POINT (-87.628849 41.889352),2023-252053
2023,158361,311GE-CHIWB-Downtown,Submitted,30 East Hubbard At State Street,60611,1.0,,Near North Side,Hotel,202602,1992,1,5349,28,15279048.8,5125500.1,,,,100.7,237.7,106.3,253.5,2410.1,11.9,41.881241,-87.674283,POINT (-87.674283 41.881241),2023-158361
2023,116418,Lafayette Terrace Apartments benchmarking account,Submitted,6950 South Vincennes Avenue,60621,4.0,,Greater Grand Crossing,Multifamily Housing,50388,1983,1,1875,90,1946997.7,673440.2,,,,52,122.2,52.5,122.7,308.2,6.1,41.780205,-87.776616,POINT (-87.776616 41.780205),2023-116418
2023,250109,Vivian Gordon Harsh Apartments,Submitted,4227 S. Oakenwald Ave,60653,1.5,,Oakland,Multifamily Housing,102424,1963,1,,36,2034536.6,7880900.3,,,,96.8,136.4,106.7,146.8,703.3,6.9,41.766195,-87.562908,POINT (-87.562908 41.766195),2023-250109
2023,100947,C7131YAT (22222),Submitted,7131 S Yates Blvd,60649,1.5,,South Shore,Multifamily Housing,70000,1930,1,3268,34,973307.2,6173236.8,,,,102.1,131.5,113.3,144.4,464.1,6.6,41.965245,-87.660364,POINT (-87.660364 41.965245),2023-100947
2023,256827,Wildwood,Submitted,6950 N Hiawatha Ave,60646,4.0,,Forest Glen,K-12 School,60018,1944,2,,91,324941.8,2264530,,,,43.1,54.8,50.7,62.9,165.7,2.8,41.889458,-87.620368,POINT (-87.620368 41.889458),2023-256827
2023,102690,Gallery 1250 (ga021),Submitted,1250 N La Salle St,60610,3.5,,Near North Side,Multifamily Housing,142300,1985,1,5528,71,3840754.2,6313200.4,,,,71.4,122.2,76.4,126.9,872.7,6.1,41.880463,-87.640804,POINT (-87.640804 41.880463),2023-102690
2023,251694,Grant Campus -CPS,Not Covered 2024,145 S Campbell Ave,60612,,true,Near West Side,K-12 School,,,,,,,,,,,,,,,,,41.938089,-87.639627,POINT (-87.639627 41.938089),2023-251694
2023,103645,203 North LaSalle,Submitted,203 N Lasalle Street,60601,3.5,,Loop,Office,624735,1985,1,4477,76,33719858.9,624066.3,,,,55,152.2,58,160.5,4751.2,7.6,41.932902,-87.636373,POINT (-87.636373 41.932902),2023-103645
2023,173733,2336 N Commonwealth Condominium Association,Submitted,2336 N Commonwealth Ave,60614,3.5,,Lincoln Park,Multifamily Housing,50000,1968,1,,79,632544.5,3051118.7,,,,73.7,99.5,81.3,107.4,250.6,5,41.720502,-87.577595,POINT (-87.577595 41.720502),2023-173733
2023,252105,611 S. Wells Street Condo (The Vetro),Not Submitted,611 S Wells St,60607,0.0,,Loop,Multifamily Housing,,,,,,,,,,,,,,,,,41.898262,-87.625165,POINT (-87.625165 41.898262),2023-252105
2023,172812,4336-44 S Drexel Blvd,Submitted,4336-44 S Drexel Blvd,60653,4.0,,Kenwood,Multifamily Housing,82960,1926,1,,91,729147.8,4426163.9,,,,62.1,80.6,70.3,89.6,337.1,4.1,41.875238,-87.629078,POINT (-87.629078 41.875238),2023-172812
2023,256439,Life Science Research Building,Not Submitted,35 W 34th Street,60616,0.0,,Douglas,Commercial,,,,,,,,,,,,,,,,,41.872877,-87.632725,POINT (-87.632725 41.872877),2023-256439
2023,251327,Clifton-Fullerton Hall,Submitted,2350 N. Clifton Ave.,60614,4.0,,Lincoln Park,College/University,92627,2000,1,,,1121063,4675704.1,,,,62.6,86.9,69.6,95,405.2,4.4,41.886177,-87.6156,POINT (-87.6156 41.886177),2023-251327
2023,131906,Parkshore Estates Nursing & Rehabilitation Center,Submitted,6125 S Kenwood Ave,60637,3.5,,Woodlawn,Senior Living Community,128112,1975,1,,54,3065693.5,8681339.7,,,,91.7,138.2,98.2,144.7,890.1,6.9,41.861438,-87.660459,POINT (-87.660459 41.861438),2023-131906
2023,257048,,Not Covered 2024,166 N Aberdeen St,60607,,true,Near West Side,Residential,,,,,,,,,,,,,,,,,41.884972,-87.654781,POINT (-87.654781 41.884972),2023-257048
2023,253962,Moser Building Condominium Association,Submitted,621 S. Plymouth Ct.,60604,4.0,,Loop,Multifamily Housing,144649,1915,1,,98,1887151.9,3517846,,,,37.4,62.1,41.6,66.3,450.9,3.1,41.955549,-87.683802,POINT (-87.683802 41.955549),2023-253962
2023,243714,The Duplex Tower,Submitted,6166 N. Sheridan Road,60660,2.5,,Edgewater,Multifamily Housing,194910,1965,1,,51,3067307.4,12905541.1,,,,81.9,113.6,93.7,125.5,1114.7,5.7,41.79426,-87.624224,POINT (-87.624224 41.79426),2023-243714
2023,251634,Calmeca,Submitted,3456 W 38th St,60632,1.5,,Brighton Park,K-12 School,108624,2010,1,,33,3575462.1,3697720,,,,67,127.9,72.5,133.2,696.7,6.4,41.913763,-87.675249,POINT (-87.675249 41.913763),2023-251634
2023,226985,"(IL353) - 7321 S. Shore Co-Operative Apts. Inc (7321 S. Shore Dr. Apt., )",Submitted,"7321 S. Shore Dr. Apt.,",60649,4.0,,South Shore,Multifamily Housing,171630,1926,1,,68,1156298.2,13545046.8,,,,85.7,101.7,96,112.6,881.2,5.1,41.945336,-87.648451,POINT (-87.648451 41.945336),2023-226985
2023,159564,,Not Submitted,65 E Scott St,60610,0.0,,Near North Side,Residential,,,,,,,,,,,,,,,,,41.874512,-87.639865,POINT (-87.639865 41.874512),2023-159564
2023,255923,,Not Submitted,1636 W Adams St,60612,0.0,,Near West Side,,,,,,,,,,,,,,,,,,41.952377,-87.649789,POINT (-87.649789 41.952377),2023-255923
2023,257091,Pershing Place,Not Covered 2024,624 E Pershing Rd,60653,,true,Oakland,Residential,,,,,,,,,,,,,,,,,41.8242,-87.611524,POINT (-87.611524 41.8242),2023-257091
2023,112834,Artista 55,Submitted,"5525 N Winthrop Ave, , Il",60640,2.5,,Edgewater,Multifamily Housing,66000,1969,1,,57,1361006.1,4070446,,,,82.3,122.5,82,126.2,406.6,6.2,41.877147,-87.629121,POINT (-87.629121 41.877147),2023-112834
2023,149732,,Not Submitted,1601  S State St,60616,0.0,,Near South Side,Residential,,,,,,,,,,,,,,,,,41.769766,-87.571359,POINT (-87.571359 41.769766),2023-149732
2023,253994,(IL046) - Map Factory Lofts (5235 N. Ravenswood),Submitted,5235 N. Ravenswood,60640,4.0,,Edgewater,Multifamily Housing,53903,1890,1,,98,625386.1,968133.6,,,,29.6,51.3,32.6,54.2,138.9,2.6,41.904992,-87.672273,POINT (-87.672273 41.904992),2023-253994
2023,240284,2700 N. Hampden Court Condominium Association,Submitted,2700 N. Hampden Ct.,60614,1.5,,Lincoln Park,Multifamily Housing,112000,1964,1,,33,5673008.4,,,,,50.7,141.8,56.1,157,793.8,7.1,41.872294,-87.631442,POINT (-87.631442 41.872294),2023-240284
2023,251341,The Legacy at Millennium Park,Submitted,60 East Monroe St,60603,1.5,,Loop,Multifamily Housing,815605,2009,1,,32,25696725,21687474.8,,19651993.2,,82.2,138.1,85.4,145.8,,,41.835976,-87.611541,POINT (-87.611541 41.835976),2023-251341
2023,161225,Langford Elementary -CPS,Not Covered 2024,6010 S Throop St,60636,,true,West Englewood,K-12 School,,,,,,,,,,,,,,,,,41.891797,-87.665389,POINT (-87.665389 41.891797),2023-161225
2023,257058,The Saint Grand,Not Covered 2024,218 E Grand Ave,60611,,true,Near North Side,Residential,,,,,,,,,,,,,,,,,41.892049,-87.622439,POINT (-87.622439 41.892049),2023-257058
2023,133858,Cassidy Tire,Not Covered 2024,344 N Canal St,60606,,true,Near West Side,"Repair Services (Vehicle, Shoe, Locksmith, etc.)",,,,,,,,,,,,,,,,,41.906848,-87.627373,POINT (-87.627373 41.906848),2023-133858
2023,173671,133 N Jefferson,Submitted,133 N Jefferson,60661,3.5,,Near West Side,Office,83000,1920,1,,73,1866608.8,2506107.4,,,,52.7,94.7,56.6,99.8,394.3,4.8,41.981547,-87.654983,POINT (-87.654983 41.981547),2023-173671
2023,254987,,Not Submitted,1325 N Wells St,60610,0.0,,Near North Side,,,,,,,,,,,,,,,,,,41.905737,-87.626186,POINT (-87.626186 41.905737),2023-254987
2023,159524,North Harbor Tower (nr021),Submitted,175 N Harbor Dr,60601,2.5,,Loop,Multifamily Housing,767892,1989,1,26641,31,36444966.1,9304213,,,,59.6,145.6,64.7,159.7,5593.6,7.3,41.884616,-87.636682,POINT (-87.636682 41.884616),2023-159524
2023,159416,AMLI 900,Submitted,900 S Clark St,60605,2.0,,Loop,Multifamily Housing,460702,2008,1,19593,49,18754534.8,6158055.8,,,,54.1,128,58,138.4,2951.2,6.4,41.989733,-87.656951,POINT (-87.656951 41.989733),2023-159416
2023,171972,Little Village Plaza,Not Covered 2024,3045 3101 W 26th St,60623,,true,South Lawndale,Commercial,,,,,,,,,,,,,,,,,41.954647,-87.651171,POINT (-87.651171 41.954647),2023-171972
2023,251647,Gregory Elementary -CPS,Not Covered 2024,3707 W Polk St,60624,,true,East Garfield Park,K-12 School,,,,,,,,,,,,,,,,,41.750593,-87.654727,POINT (-87.654727 41.750593),2023-251647
2023,121761,1903 - BRICKYARD,Submitted,2555 Normandy Ave,60707,4.0,,Montclare,Retail Store,138082,1995,1,1833,62,4874370.2,7967900.2,,,,93,159.4,103.7,168.9,1105.2,8,41.983419,-87.655032,POINT (-87.655032 41.983419),2023-121761
2023,255970,The Hayden,Submitted,1109 W Washington Blvd,60607,1.0,,Near West Side,Multifamily Housing,110435,2020,1,,4,4084579.2,6505003.8,,,,95.9,165.4,103.4,172.8,917,8.3,41.892304,-87.632269,POINT (-87.632269 41.892304),2023-255970
2023,253952,Catherine Courts Condominium Association of Chicago,Not Submitted,8439-8503 W Catherine Ave,60656,0.0,,Ohare,Residential,,,,,,,,,,,,,,,,,41.75376,-87.707309,POINT (-87.707309 41.75376),2023-253952
2023,251216,Chicago Residential Inc,Submitted,2440 North Lakeview Avenue,60614,4.0,,Lincoln Park,Multifamily Housing,285120,1927,1,,97,2968650.6,12341343.3,,,,53.7,74.6,59.9,81.9,1070.9,3.8,41.931689,-87.743017,POINT (-87.743017 41.931689),2023-251216
2023,136695,,Not Submitted,3636 3646 S Iron St,60609,0.0,,Mckinley Park,Commercial,,,,,,,,,,,,,,,,,41.936676,-87.641138,POINT (-87.641138 41.936676),2023-136695
2023,241767,340 on the Park,Submitted,340 East Randolph Street,60601,1.0,,Loop,Multifamily Housing,801566,2007,1,,25,37989914,8694999.8,,,,58.2,144.1,63.5,157.8,5777.4,7.2,41.932992,-87.640792,POINT (-87.640792 41.932992),2023-241767
2023,102055,,Not Submitted,740 750 W Addison St,60613,0.0,,Lake View,Residential,,,,,,,,,,,,,,,,,41.975079,-87.679521,POINT (-87.679521 41.975079),2023-102055
2023,256782,110 North Wacker Drive - Bank of America Tower,Submitted,110 N. Wacker Drive,60606,3.0,,Loop,Office,1731460,2020,1,10015,66,69500192.2,,,41038429.5,,63.8,134,65,139.4,11887.2,6.9,41.850821,-87.635133,POINT (-87.635133 41.850821),2023-256782
2023,252270,Delaware II LLC,Submitted,25 E Delaware Pl,60611,3.0,,Near North Side,Multifamily Housing,106015,1928,1,,65,3615072.7,2837607.9,,,,60.9,123.6,66.2,135.2,656.5,6.2,41.899114,-87.637122,POINT (-87.637122 41.899114),2023-252270
2023,114874,,Not Submitted,4900 4918 S Drexel Blvd,60615,0.0,,Kenwood,Residential,,,,,,,,,,,,,,,,,41.914743,-87.664978,POINT (-87.664978 41.914743),2023-114874
2023,172627,,Not Submitted,3800 N California Ave,60618,0.0,,Irving Park,Commercial,,,,,,,,,,,,,,,,,41.779661,-87.644638,POINT (-87.644638 41.779661),2023-172627
2023,251763,Parkside Nine I,Submitted,545 W Division,60610,4.0,,Near North Side,Multifamily Housing,139105,2009,1,,81,2869906.4,5718246.7,,,,61.7,100.9,66.7,106.5,705.3,5.1,41.870473,-87.630706,POINT (-87.630706 41.870473),2023-251763
2023,251547,Gallistel,Submitted,10347 S Ewing Ave,60617,2.5,,East Side,K-12 School,94577,1897,4,,55,1734804.1,5120490,,,,72.5,108.2,83.2,119.5,514.7,5.4,41.897361,-87.63141,POINT (-87.63141 41.897361),2023-251547
2023,156693,West Side Realty Corporation,Submitted,1645 W. Jackson Blvd.,60612,2.0,,Near West Side,Medical Office,127100,1991,1,,42,9342989.7,1147888.8,,,,82.5,215.3,88.3,231.6,1368.2,10.8,41.810296,-87.668808,POINT (-87.668808 41.810296),2023-156693
2023,241168,3900 Lake Shore Drive Condominium Association,Submitted,3900 N Lake Shore Drive,60613,3.5,,Lake View,Multifamily Housing,261137,1959,1,,72,4136678,14813293.9,,,,72.6,103.9,80.4,112.2,1365.6,5.2,41.922875,-87.666367,POINT (-87.666367 41.922875),2023-241168
2023,175296,,Not Submitted,5623  W Washington Blvd,60644,0.0,,Austin,Residential,,,,,,,,,,,,,,,,,41.864482,-87.625614,POINT (-87.625614 41.864482),2023-175296
2023,172064,,Not Covered 2024,4300  W Ford City Dr,60652,,true,West Lawn,Residential,,,,,,,,,,,,,,,,,41.893257,-87.62235,POINT (-87.62235 41.893257),2023-172064
2023,251326,Centennial Hall,Submitted,2345 N. Sheffield,60614,4.0,,Lincoln Park,College/University,88635,1998,1,,,4913420.3,3420836.8,,,,94,195.7,100,200.7,869.2,9.8,41.804564,-87.624484,POINT (-87.624484 41.804564),2023-251326
2023,101816,The Shops at North Bridge,Not Submitted,43 E Ohio St,60611,0.0,,Near North Side,Enclosed Mall,,,,,,,,,,,,,,,,,41.989563,-87.660107,POINT (-87.660107 41.989563),2023-101816
2023,245071,(IL397) - 1440 N Lake Shore Drive (1440 N. Lake Shore Drive),Submitted,1440 N. Lake Shore Drive,60610,4.0,,Near North Side,Multifamily Housing,305305,1962,1,,91,390412,23916262.4,,,,79.6,85.8,89.5,96.1,1324.9,4.3,41.892069,-87.628224,POINT (-87.628224 41.892069),2023-245071
2023,127778,Ridge Place Apartments,Submitted,7115-7129 N Ridge Blvd,60645,3.0,,Rogers Park,Multifamily Housing,51524,1960,1,,,502771.9,3264499.9,,,,73.1,93.8,84.9,105.7,243.7,4.7,41.793255,-87.687836,POINT (-87.687836 41.793255),2023-127778
2023,147855,Printers Corner Condominium Association,Submitted,170 W Polk Street,60607,1.0,,Loop,Multifamily Housing,109500,2007,1,,26,3464196.9,6461512.2,,,,90.6,150.5,98.3,159.4,827.9,7.6,41.916299,-87.686827,POINT (-87.686827 41.916299),2023-147855
2023,101329,Pioneer Village,Not Submitted,340  E 38th St,60653,0.0,,Douglas,Residential,,,,,,,,,,,,,,,,,41.969896,-87.708665,POINT (-87.708665 41.969896),2023-101329
2023,172145,Mount Carmel High School,Submitted,6410-28 South Dante Avenue,60637,4.0,,Woodlawn,K-12 School,150110,1924,4,1,96,3383444,870606.4,,,,28.3,69.2,29.1,70.8,519.7,3.5,41.880013,-87.636572,POINT (-87.636572 41.880013),2023-172145
2023,251275,Conrad Hotel/MWRD McMillan Pavilion,Not Submitted,101 E Erie,60611,0.0,,Near North Side,Commercial,,,,,,,,,,,,,,,,,41.962967,-87.684695,POINT (-87.684695 41.962967),2023-251275
2023,172103,21 East Chestnut Condominium Association,Submitted,21 East Chestnut Street,60611,2.0,,Near North Side,Multifamily Housing,122400,1962,1,,26,3043886.2,9814800.3,,,,105.1,153.8,117.2,169.8,947.2,7.7,41.807996,-87.616405,POINT (-87.616405 41.807996),2023-172103
2023,253989,820 N Orleans Street,Submitted,820 N Orleans Street,60654,1.0,,Near North Side,Office,118000,1950,1,,10,14129754.4,,,,,119.7,335.3,132.6,371.2,1977,16.8,41.888252,-87.755501,POINT (-87.755501 41.888252),2023-253989
2023,114455,Astor Banks Condominium Association,Submitted,1325 N Astor St,60610,2.0,,Near North Side,Multifamily Housing,54849,1926,1,,,1110788.3,3587203.8,,,,85.7,125.4,86.1,126.7,346,6.3,41.862567,-87.660112,POINT (-87.660112 41.862567),2023-114455
2023,156874,Warren Barr Gold Coast,Submitted,66 W. Oak Street,60610,2.0,,Near North Side,Senior Living Community,134640,1974,1,,23,7172008.6,14991300.3,,,,164.6,266.1,177.7,278.9,1799.8,13.4,41.896791,-87.624381,POINT (-87.624381 41.896791),2023-156874
2023,175553,229-Senior Suites-Austin,Submitted,335 N. Menard Avenue,60644,1.0,,Austin,Senior Living Community,60000,1996,1,4629,4,1560621.5,4481999.6,,,,100.7,151.3,109.8,162.1,456.4,7.6,41.884356,-87.634637,POINT (-87.634637 41.884356),2023-175553
2023,255015,Parker at Fulton Market,Submitted,730 W Couch Pl,60661,3.5,,Near West Side,Multifamily Housing,252504,2016,1,,57,8606002.1,6530387.6,,,,59.9,122.6,64.8,129.2,1551,6.1,41.895663,-87.637221,POINT (-87.637221 41.895663),2023-255015
2023,103621,SpringHill Suites - Residence Inn,Submitted,400-410 N. Dearborn St.,60654,2.0,,Near North Side,Hotel,353000,2008,1,,49,14929704.1,22493799.7,,,,106,185.3,109.9,188.6,3283.7,9.3,41.885534,-87.636676,POINT (-87.636676 41.885534),2023-103621
2023,106118,3410 Lakeshore Drive Condominium Association,Submitted,3410 N. Lake Shore Dr,60657,4.0,,Lake View,Multifamily Housing,192241,1952,1,,87,2696281.1,10384090,,,,68,96,76,104.3,928.8,4.8,41.970484,-87.657806,POINT (-87.657806 41.970484),2023-106118
2023,101920,The Wrigley Building,Submitted,400-410 N Michigan Avenue,60611,3.5,,Near North Side,Office,661275,1921,1,6955,76,21632679.2,20675149,,,,64,124.4,68.1,128.4,4125,6.2,41.707014,-87.644103,POINT (-87.644103 41.707014),2023-101920
2023,173760,Commodore Green Brier Landmark Condominium Association,Not Submitted,559 561 W Surf St,60657,0.0,,Lake View,Residential,,,,,,,,,,,,,,,,,41.885444,-87.632582,POINT (-87.632582 41.885444),2023-173760
2023,172129,73 East Elm Street Condominium Association,Submitted,73 E Elm St,60611,2.5,,Near North Side,Multifamily Housing,97403,1930,1,,56,1205248.3,5873337.2,,,,72.7,98,80.9,106.7,480.6,4.9,41.892349,-87.614557,POINT (-87.614557 41.892349),2023-172129
2023,101923,311 West Monroe,Submitted,311 West Monroe,60606,3.5,,Loop,Office,425816,1969,1,,80,15317257,2253152,,,,41.3,106.3,42.6,107.7,2262.9,5.3,41.888887,-87.631199,POINT (-87.631199 41.888887),2023-101923
2023,256796,,Not Submitted,1555 N Ashland Ave,60622,0.0,,West Town,,,,,,,,,,,,,,,,,,41.897338,-87.637345,POINT (-87.637345 41.897338),2023-256796
2023,159323,Minnie Riperton Apartments,Submitted,4250 S. Princeton Ave,60609,3.0,,Fuller Park,Multifamily Housing,211036,1970,1,,62,4316076,14768200.1,,,,90.4,130.7,99.3,140.1,1388.3,6.6,41.971666,-87.655033,POINT (-87.655033 41.971666),2023-159323
2023,162224,Catholic Theological Union - Academic and Conference Center,Submitted,5416 S. Cornell Ave.,60615,2.0,,Hyde Park,College/University,101302,2006,1,,,7157602.4,,,,,70.7,197.9,70.7,197.9,1002,9.9,41.910542,-87.666169,POINT (-87.666169 41.910542),2023-162224
2023,100019,411 S Wells,Submitted,411 S Wells Street,60607,3.5,,Loop,Office,58200,1908,1,295,80,1528219.4,1977690,,,,60.2,109.2,66,115.3,318.9,5.5,41.903587,-87.644332,POINT (-87.644332 41.903587),2023-100019
2023,156782,Chicago Medical Society,Submitted,515 N Dearborn,60654,3.5,,Near North Side,Office,52284,1925,1,1,77,1141226.1,2062916.6,,,,61.3,102.5,70.8,111.7,269.3,5.1,41.910939,-87.631812,POINT (-87.631812 41.910939),2023-156782
2023,114638,56th & Kimbark Condo Association,Submitted,5543-59 S Kimbark Ave,60637,1.5,,Hyde Park,Multifamily Housing,61800,1928,1,,40,528498.4,4714255.7,,,,84.8,104,94.5,114,324.3,5.2,41.823983,-87.616854,POINT (-87.616854 41.823983),2023-114638
2023,252033,Erie,Submitted,1405 N Washtenaw Ave,60622,2.5,,West Town,K-12 School,54860,2014,1,,55,1541121.9,1614948.6,,,,57.5,109.6,64.4,116.8,291.8,5.3,41.879247,-87.652086,POINT (-87.652086 41.879247),2023-252033
2023,254371,Park Boulevard IIB,Submitted,3720 S. Dearborn Street,60609,4.0,,Douglas,Multifamily Housing,86000,2015,4,,98,911058.7,3369661.3,,,,49.8,70.8,55,76.7,306.5,3.6,41.931688,-87.743094,POINT (-87.743094 41.931688),2023-254371
2023,254045,Archer Place Condominium Association,Submitted,2272 S Archer Ave,60616,4.0,,Armour Square,Multifamily Housing,69770,2007,1,,98,1582798.2,1541359.9,,,,44.8,86.7,50.3,93.4,303.3,4.3,41.980802,-87.659844,POINT (-87.659844 41.980802),2023-254045
2023,256842,,Not Submitted,2017 Mendell St,60614,0.0,,Logan Square,Commercial,,,,,,,,,,,,,,,,,41.955179,-87.787904,POINT (-87.787904 41.955179),2023-256842
2023,106067,,Not Submitted,4653 4661 S Lake Park Ave,60653,0.0,,Kenwood,Residential,,,,,,,,,,,,,,,,,41.952208,-87.649489,POINT (-87.649489 41.952208),2023-106067
2023,158387,Courtyard Chicago Downtown Mag Mile,Submitted,165 E Ontario St,60611,4.0,,Near North Side,Hotel,286929,2003,1,8561,81,7177192.2,21053561.6,,,,98.4,147.1,103.6,151.9,2122.5,7.4,41.94229,-87.657673,POINT (-87.657673 41.94229),2023-158387
2023,250104,Mary Hartwell Catherwood Apartments,Submitted,3920-40 N Clark St,60613,3.0,,Lake View,Multifamily Housing,240781,1970,3,,66,4569846.8,16032899.6,,,,85.6,123.1,93.6,132,1491,6.2,41.85987,-87.703116,POINT (-87.703116 41.85987),2023-250104
2023,101834,One North Franklin (PNC Center),Submitted,1 N. Franklin,60606,3.0,,Loop,Office,716245,1991,1,3452,70,31455982.2,,,,,43.9,123,47,131.7,4401.3,6.1,41.865398,-87.671162,POINT (-87.671162 41.865398),2023-101834
2023,256774,,Not Submitted,1957 N Fairfield Ave,60647,0.0,,Logan Square,,,,,,,,,,,,,,,,,,41.885699,-87.648789,POINT (-87.648789 41.885699),2023-256774
2023,173702,Ambassador Hotel,Submitted,1301 N State Parkway,60610,2.5,,Near North Side,Hotel,188600,1928,1,,53,8987958.1,8478840.7,,,,92.6,180.6,98.7,191.6,1707.9,9.1,41.889354,-87.624102,POINT (-87.624102 41.889354),2023-173702
2023,101788,333 West Wacker,Submitted,333 West Wacker Drive,60606,4.0,,Loop,Office,1012961,1982,1,8618,77,48269182.4,,,,,47.7,133.5,50,139.9,6756.8,6.7,41.911468,-87.633007,POINT (-87.633007 41.911468),2023-101788
2023,254109,2901 S Michigan,Submitted,3001 S Michigan Ave,60616,2.0,,Douglas,Multifamily Housing,182246,1964,1,,46,2919157,14775938.6,,,,97.1,130,107.6,141,1193.3,6.5,41.958353,-87.651806,POINT (-87.651806 41.958353),2023-254109
2023,100623,Mayan Lagoon Apartments,Not Submitted,1345 1359 W Estes Ave,60626,0.0,,Rogers Park,Residential,,,,,,,,,,,,,,,,,41.817335,-87.597665,POINT (-87.597665 41.817335),2023-100623
2023,251316,"03538AS - Chicago, IL",Submitted,1763 W Howard St,60626,3.0,,Rogers Park,Supermarket/Grocery Store,70262,2013,1,1574,50,9710207.5,5652199.9,,,,218.6,471.4,233.3,485.1,1658.9,23.6,41.913174,-87.678107,POINT (-87.678107 41.913174),2023-251316
2023,257088,,Not Covered 2024,4942 W 44th St,60638,,true,Garfield Ridge,Residential,,,,,,,,,,,,,,,,,41.813422,-87.747997,POINT (-87.747997 41.813422),2023-257088
2023,102283,Ascension St Joseph Hospital - Chicago,Submitted,2900 N Lake Shore Drive,60657,4.0,,Lake View,Hospital (General Medical & Surgical),680295,1960,2,27715,88,44301540.8,86709672.2,,,,192.6,316.2,200.5,322.9,10804.2,15.9,41.840062,-87.725508,POINT (-87.725508 41.840062),2023-102283
2023,119885,250-Senior Suites of Auburn Gresham,Submitted,1050 W. 79th,60620,1.5,,Auburn Gresham,Senior Living Community,60500,2005,1,4700,39,2085902.3,3058599.5,,,,85,149.6,94.8,161.4,454.3,7.5,41.759729,-87.556513,POINT (-87.556513 41.759729),2023-119885
2023,251578,"Bright, Orville T -CPS",Not Covered 2024,10740 S Calhoun Ave,60617,,true,South Deering,K-12 School,,,,,,,,,,,,,,,,,41.933267,-87.647832,POINT (-87.647832 41.933267),2023-251578
2023,251500,Skinner,Submitted,1260 W Adams St,60607,3.0,,Near West Side,K-12 School,138055,2009,3,,48,4432307.2,2605720.2,,,,51,109.7,55.9,115.4,758.6,5.5,41.868168,-87.62839,POINT (-87.62839 41.868168),2023-251500
2023,254072,Green Street Lofts,Submitted,400 S Green Street,60607,4.0,,Near West Side,Multifamily Housing,120000,1890,1,,87,2526673.3,3124991,,,,47.1,86.3,51.7,90.8,519.5,4.3,41.802305,-87.592361,POINT (-87.592361 41.802305),2023-254072
2023,105749,The Chatelaine,Submitted,215 E. Chestnut Street,60611,2.0,,Near North Side,Multifamily Housing,94261,1955,1,,42,3035730.5,3081900.1,,,,64.9,124.5,68.6,130.7,569.6,6,41.897917,-87.643133,POINT (-87.643133 41.897917),2023-105749
2023,157011,Little Village Multiplex,Submitted,3120 S Kostner Ave,60623,2.0,,South Lawndale,K-12 School,290134,2005,1,,24,12814615.2,9921289.8,,,,78.4,159.6,85.2,166.7,2320,8,41.845796,-87.620403,POINT (-87.620403 41.845796),2023-157011
2023,257089,,Not Covered 2024,6311 S Maryland Ave,60637,,true,Woodlawn,Residential,,,,,,,,,,,,,,,,,41.77997,-87.60445,POINT (-87.60445 41.77997),2023-257089
2023,250117,MT SINAI HOSPITAL,Submitted,1501 S California Ave,60608,4.0,,North Lawndale,Hospital (General Medical & Surgical),850000,1912,4,,96,57343851.7,82301704,,,,164.3,290.6,172,297.4,12395,14.6,41.894936,-87.631721,POINT (-87.631721 41.894936),2023-250117
2023,105768,Clarendon Shores,Submitted,4750 N. Clarendon Avenue,60640,1.0,,Uptown,Multifamily Housing,50898,1959,1,,16,1159512.1,5527900.3,,,,131.4,177.8,143.9,190.6,448.6,8.8,41.980838,-87.846233,POINT (-87.846233 41.980838),2023-105768
2023,156999,Lenart,Submitted,8101 S Lasalle St,60620,4.0,,Chatham,K-12 School,60474,1961,1,,79,626153.1,2762809.9,,,,56,77,66.9,88.4,234.4,3.9,41.909697,-87.661361,POINT (-87.661361 41.909697),2023-156999
2023,250093,Judge Frederick W. Slater Apartments,Submitted,740 E. 43rd Street,60653,3.0,,Grand Boulevard,Multifamily Housing,248472,1967,2,,67,5143617.2,16787499.7,,,,88.3,128.9,96.1,137.1,1611.4,6.5,41.884965,-87.624624,POINT (-87.624624 41.884965),2023-250093
2023,100418,Morgan Park HS,Submitted,1744 W Pryor Ave,60643,2.5,,Morgan Park,K-12 School,269480,1914,2,,56,6653781.7,11348069.7,,,,66.8,113.4,72.4,119.8,1533.7,5.7,41.86644,-87.621499,POINT (-87.621499 41.86644),2023-100418
2023,103271,1344 N. Dearborn Condo Association (nd112),Submitted,1344 N Dearborn St,60610,3.0,,Near North Side,Multifamily Housing,83841,1963,2,2627,61,1528483.7,5305207,,,,81.5,117.5,89.1,125.3,495.6,5.9,41.920265,-87.636553,POINT (-87.636553 41.920265),2023-103271
2023,117948,Symphony of Chicago West,Not Submitted,5130  W Jackson Blvd,60644,0.0,,Austin,Residential,,,,,,,,,,,,,,,,,41.721701,-87.633558,POINT (-87.633558 41.721701),2023-117948
2023,251254,720 Gordon Terrace Condominium Association,Submitted,720 W Gordon Terrace,60613,3.0,,Uptown,Multifamily Housing,288000,1966,1,,66,5810391.7,14322857.1,,,,69.9,108.7,75.3,113.9,1573.7,5.5,41.859442,-87.622507,POINT (-87.622507 41.859442),2023-251254
2023,160164,Schulze Bakery (vacant),Not Covered 2024,40 E Garfield Blvd,60615,,true,Washington Park,Commercial,,,,,,,,,,,,,,,,,41.785523,-87.620758,POINT (-87.620758 41.785523),2023-160164
2023,251310,"0901AS - Chicago, IL",Submitted,3400 N. Western Avenue,60618,3.0,,North Center,Supermarket/Grocery Store,55600,2002,1,1101,65,7623387.2,6205000.3,,,,248.7,501.1,258.8,510.2,1396.2,25.1,41.954716,-87.647089,POINT (-87.647089 41.954716),2023-251310
2023,175878,Tailor Lofts: 315 South Peoria Street,Submitted,315 South Peoria Street,60607,1.0,,Near West Side,Multifamily Housing,188100,2010,1,,7,12719008,5439156.9,,,,96.5,219.7,101.6,233.9,2068.5,11,41.865323,-87.65347,POINT (-87.65347 41.865323),2023-175878
2023,250080,Albany Terrace Apartments,Submitted,3030 W. 21st Place,60623,4.0,,South Lawndale,Multifamily Housing,262612,1974,1,,90,4043477.3,12389099.6,,,,62.6,92.6,68.5,98.9,1223.8,4.7,41.975673,-87.841399,POINT (-87.841399 41.975673),2023-250080
2023,251439,Bennett,Submitted,10115 S Prairie Ave,60628,3.0,,Roseland,K-12 School,67595,1928,1,,66,925433.4,3378579.9,,,,63.7,90.8,76.7,104.4,308.9,4.6,41.965534,-87.650167,POINT (-87.650167 41.965534),2023-251439
2023,256559,Kleo,Submitted,5504 S. Michigan Ave.,60637,3.5,,Washington Heights,Multifamily Housing,85572,2020,1,,74,1453854.2,2065543.2,,,,41.1,72.9,43.1,75,313.1,3.7,41.878339,-87.657181,POINT (-87.657181 41.878339),2023-256559
2023,175733,,Not Covered 2024,540 N Lasalle St,60654,,true,Near North Side,Commercial,,,,,,,,,,,,,,,,,41.992946,-87.655623,POINT (-87.655623 41.992946),2023-175733
2023,253964,7150 Cyril Court Apartments,Submitted,7150 S. Cyril Court,60649,2.0,,South Shore,Multifamily Housing,73354,1929,1,,50,1042767.7,6571440.1,,,,103.8,133.9,115.4,146.2,494.9,6.7,41.887764,-87.642977,POINT (-87.642977 41.887764),2023-253964
2023,251309,Aperion Care International,Submitted,4815 S. Western Blvd.,60609,1.5,,New City,Senior Living Community,91280,1997,1,,33,5291394.7,7175800.3,,,,136.6,244.9,146,254.9,1121.5,12.3,41.882271,-87.66668,POINT (-87.66668 41.882271),2023-251309
2023,254068,Union Lofts Condominium Association,Submitted,3500 South Sauganash,60609,1.0,,Bridgeport,Multifamily Housing,80000,1926,1,,19,2596173.5,4963980.1,,,,94.5,156,104.4,165.6,626.9,7.8,41.793854,-87.644083,POINT (-87.644083 41.793854),2023-254068
2023,251723,Shields Middle,Submitted,2611 W 48th St,60632,3.5,,Brighton Park,K-12 School,95265,2012,1,,52,2720240.9,2285520,,,,52.5,105.1,57.6,110.4,502,5.3,41.821879,-87.700229,POINT (-87.700229 41.821879),2023-251723
2023,256830,,Not Covered 2024,717 S. Wells,60607,,true,Loop,Commercial,,,,,,,,,,,,,,,,,41.669456,-87.634269,POINT (-87.634269 41.669456),2023-256830
2023,158224,The Shoreham at Lakeshore East (sh324),Submitted,400 E South Water St,60601,4.0,,Loop,Multifamily Housing,573940,2005,1,21900,64,12548461.9,25657899.6,,,,66.6,108.2,71.5,112.9,3118.6,5.4,41.883251,-87.627723,POINT (-87.627723 41.883251),2023-158224
2023,101766,181 West Madison,Submitted,181 W Madison Street,60602,3.5,,Loop,Office,1082248,1990,1,8126,76,58608276,,,,,54.2,151.7,56.6,158.3,8205.6,7.6,41.878659,-87.688939,POINT (-87.688939 41.878659),2023-101766
2023,111000,Armitage Francis,Submitted,2740 W Armitage Ave,60647,4.0,,Logan Square,Multifamily Housing,60000,2006,1,,68,1239440.6,2205079,,,,57.4,96.4,62.7,102.7,290.5,4.8,41.722263,-87.582918,POINT (-87.582918 41.722263),2023-111000
2023,257150,,Not Covered 2024,321 E 43rd St,60653,,true,Grand Boulevard,Residential,,,,,,,,,,,,,,,,,41.816487,-87.618704,POINT (-87.618704 41.816487),2023-257150
2023,251346,650 W Lake,Submitted,650 W Lake,60661,2.0,,Near West Side,Office,60137,1970,1,,58,2597228.2,1892559.6,,,,74.7,154,82,160.6,447.8,7.4,41.950808,-87.664958,POINT (-87.664958 41.950808),2023-251346
2023,134914,,Not Submitted,401 E Ontario St,60654,0.0,,Near North Side,Commercial,,,,,,,,,,,,,,,,,41.893012,-87.639102,POINT (-87.639102 41.893012),2023-134914
2023,254994,N. Jefferson Chicago West Loop Hotel,Submitted,118 N Jefferson St,60661,4.0,,Near West Side,Hotel,332424,2016,1,7111,97,9597247.3,5343256.8,,,,44.9,97.7,47.6,102.1,1626.6,4.9,41.885778,-87.627794,POINT (-87.627794 41.885778),2023-254994
2023,260051,3710 N PINE GROVE LLC,Submitted,3710 N Pine Grove Ave,60613,4.0,,Lake View,Multifamily Housing,60300,1971,1,,85,1048221,3346093.8,,,,72.9,106.9,76.6,110.5,324.4,5.4,41.903048,-87.633039,POINT (-87.633039 41.903048),2023-260051
2023,254226,Oakdale Terrace,Submitted,525 W. Oakdale Ave.,60657,2.5,,Lake View,Multifamily Housing,60567,1973,1,,58,1313063.8,5327800.2,,,,109.6,153.1,119,162.3,466.7,7.7,41.963758,-87.651578,POINT (-87.651578 41.963758),2023-254226
2023,256771,,Not Submitted,2942 W North Ave,60647,0.0,,West Town,,,,,,,,,,,,,,,,,,41.883698,-87.708903,POINT (-87.708903 41.883698),2023-256771
2023,256550,NEMA Chicago,Submitted,1200 South Indiana Ave,60605,2.0,,Near South Side,Multifamily Housing,1110278,2019,1,,43,34485705.4,40147868.7,,,,67.2,124.9,71.6,129.8,6957.7,6.3,41.982743,-87.65531,POINT (-87.65531 41.982743),2023-256550
2023,138605,"Kennedy Plaza BK, L.L.C.",Not Submitted,3300 W Belmont Ave,60618,0.0,,Avondale,Strip Mall,,,,,,,,,,,,,,,,,41.852773,-87.629281,POINT (-87.629281 41.852773),2023-138605
2023,166787,St. Peter's Church,Not Submitted,110 W Madison St,60602,0.0,,Loop,Worship Facility,,,,,,,,,,,,,,,,,41.886687,-87.647651,POINT (-87.647651 41.886687),2023-166787
2023,251753,Shoop Acad Of Math/Science/Tech -CPS,Not Covered 2024,1460 W 112th St,60643,,true,Morgan Park,K-12 School,,,,,,,,,,,,,,,,,41.830782,-87.62679,POINT (-87.62679 41.830782),2023-251753
2023,158668,Edith Spurlock Sampson Apts,Submitted,2720 N. Sheffield Ave,60614,3.5,,Lincoln Park,Multifamily Housing,156471,1968,2,,56,4629346.6,14175200.1,,,,120.2,178,130.9,189.2,1400.6,9,41.960741,-87.670959,POINT (-87.670959 41.960741),2023-158668
2023,171924,207,Submitted,4640 S. Halsted Street,60609,4.0,,New City,Supermarket/Grocery Store,146189,1955,1,,83,9908006.5,6608979,,,,113,237.2,120.3,244.8,1737.4,11.9,41.881995,-87.627647,POINT (-87.627647 41.881995),2023-171924
2023,255016,Montclare Senior Residences SLF of Lawndale LLC,Submitted,4339 W. 18th Place,60623,4.0,,North Lawndale,Senior Living Community,83851,2017,1,,97,2419970.6,2769813.8,,,,61.9,115.5,64.9,118.5,485.7,5.8,41.874243,-87.633477,POINT (-87.633477 41.874243),2023-255016
2023,101969,Chicago Temple Building,Submitted,77 W. Washington,60602,3.0,,Loop,Office,238531,1924,1,151504,65,7339592.2,10126939.7,,,,73.2,130.7,80,137.9,1564.8,6.6,41.698715,-87.533013,POINT (-87.533013 41.698715),2023-101969
2023,175986,Condos at Monroe Place,Submitted,1228 W Monroe Street,60607,4.0,,Near West Side,Multifamily Housing,51670,2006,1,,98,740257.7,1801656,,,,49.2,76.7,55.4,84.7,199.3,3.9,41.830985,-87.619484,POINT (-87.619484 41.830985),2023-175986
2023,175981,860 West Evergreen,Submitted,860 West Evergreen,60642,4.0,,Near North Side,Office,105000,1918,1,,,1160752.7,2314931.8,,,,33.1,54.1,40.5,62,285.4,2.7,41.855415,-87.621417,POINT (-87.621417 41.855415),2023-175981
2023,123202,Park View Apartments,Submitted,1936 N Clark St,60614,3.0,,Lincoln Park,Multifamily Housing,176144,1932,1,,61,3956076.7,9079458.9,,,,74,117,80.6,123.5,1035.8,5.9,41.829664,-87.671456,POINT (-87.671456 41.829664),2023-123202
2023,251603,Morrill,Submitted,6011 S Rockwell St,60629,1.5,,Chicago Lawn,K-12 School,99200,1926,3,,38,2030180.9,6080049.7,,,,81.8,121.7,91.2,131.4,607,6.1,41.977619,-87.662531,POINT (-87.662531 41.977619),2023-251603
2023,251909,Garvy,Submitted,5225 N Oak Park Ave,60656,1.0,,Norwood Park,K-12 School,79665,1936,3,,13,3384700.4,3639220.2,,,,88.2,166.9,95.3,171,666.9,8.4,41.753761,-87.601765,POINT (-87.601765 41.753761),2023-251909
2023,129303,"03441AS - Chicago, IL",Submitted,2940 North Ashland,60657,3.0,,Lake View,Supermarket/Grocery Store,74182,1982,1,2481,70,9769951.4,5605600,,,,207.3,448.1,218.7,459.3,1664.7,22.4,41.882493,-87.627996,POINT (-87.627996 41.882493),2023-129303
2023,251927,Plaza On Dewitt Condominium Association,Submitted,260 E Chestnut St.,60611,2.0,,Near North Side,Multifamily Housing,428547,1965,1,,48,10031382.9,23655417.5,,,,78.6,123.5,85.3,130,2660,6.2,41.895513,-87.652759,POINT (-87.652759 41.895513),2023-251927
2023,251546,Reinberg,Submitted,3425 N Major Ave,60634,1.0,,Portage Park,K-12 School,78120,1928,4,,25,1648903.6,6087709.9,,,,99,140.9,115,157.7,554.1,7.1,41.841967,-87.62315,POINT (-87.62315 41.841967),2023-251546
2023,103655,Stein Place,Submitted,5825 S. Dorchester,60637,4.0,,Hyde Park,Multifamily Housing,81561,1966,1,2318,97,768061.9,2559,3930886.6,,,57.6,84.4,67.4,96.7,368.6,4.5,41.91753,-87.636605,POINT (-87.636605 41.91753),2023-103655
2023,156536,"Sunshine Enterprise, LLC Series V (228 S Wabash)",Submitted,228 South Wabash,60604,3.0,,Loop,Office,64630,1930,1,171,69,3050738.8,,,,,47.2,132.2,47.2,132.2,426.9,6.6,41.948684,-87.64365,POINT (-87.64365 41.948684),2023-156536
2023,260008,2731-2739 N Milwaukee Ave,Submitted,2731-2739 N Milwaukee Ave,60647,4.0,,Logan Square,Multifamily Housing,70000,1920,1,,,829187.3,1885069.7,,,,38.8,61.4,41.6,64.1,216.1,3.1,41.927345,-87.667164,POINT (-87.667164 41.927345),2023-260008
2023,158287,The Westin Chicago River North,Submitted,320 N Dearborn St.,60654,4.0,,Near North Side,Hotel,550000,1987,1,15341,82,24126576,6574899.9,,,,55.8,135.4,57.9,141.2,3725,6.8,41.998318,-87.65874,POINT (-87.65874 41.998318),2023-158287
2023,255092,Schiff Residence,Submitted,1244 N Clybourn,60610,3.5,,Near North Side,Multifamily Housing,64000,2007,1,12458,79,1631161,2447937.1,,,,63.7,111.5,67.4,115,358.3,5.6,41.98741,-87.844389,POINT (-87.844389 41.98741),2023-255092
2023,105078,6825 Sheridan Rd Building Partnership,Submitted,6825 N Sheridan Rd,60626,4.0,,Rogers Park,Multifamily Housing,101560,1966,1,,85,700729.2,4675499.7,,,,52.9,67.7,58.8,73.2,346.4,3.4,41.876879,-87.625411,POINT (-87.625411 41.876879),2023-105078
2023,101901,1123 - The Allegro Royal Sonesta - 171 W Randolph - SVC,Submitted,171 W Randolph St,60601,2.5,,Loop,Hotel,383168,1926,1,18353,40,9598948.6,36266891.4,,19559809.1,,170.7,216,176.2,222,4300.2,11.2,41.994437,-87.661046,POINT (-87.661046 41.994437),2023-101901
2023,144572,Yusho/Commercial Bldg.,Submitted,5301-23 S. Kimbark Ave.,60615,3.5,,Hyde Park,Multifamily Housing,59904,1960,1,,51,134747.6,5125760,,,,87.8,96.1,99.4,108.3,291.1,4.9,41.7483,-87.574853,POINT (-87.574853 41.7483),2023-144572
2023,173625,600 West Jackson Boulevard,Submitted,600 West Jackson Boulevard,60661,3.5,,Near West Side,Office,116879,1906,1,,79,3605496.2,4457456.7,,,,69,126.4,79.9,137.8,741.2,6.3,41.845729,-87.624941,POINT (-87.624941 41.845729),2023-173625
2023,103639,121 West Wacker Drive AKA 221 N La Salle Street,Submitted,121 West Wacker Drive,60601,4.0,,Loop,Office,417599,1930,1,,72,12840953.2,19036005.7,,,,76.3,134,83.3,141.3,2807.8,6.7,41.796755,-87.723409,POINT (-87.723409 41.796755),2023-103639
2023,240956,Harbor Point,Submitted,155 Harbor Drive,60601,2.5,,Loop,Multifamily Housing,1192576,1974,1,,51,33773143,37405679.4,,,,59.7,112.2,65.6,122.4,6712.3,5.6,41.894029,-87.639837,POINT (-87.639837 41.894029),2023-240956
2023,173630,,Not Submitted,111  W Huron St,60654,0.0,,Near North Side,Residential,,,,,,,,,,,,,,,,,41.895549,-87.661241,POINT (-87.661241 41.895549),2023-173630
2023,173687,"(IL554M) - Kinzie Station Condo, Mid (324 N. Jefferson Court)",Submitted,324 N. Jefferson Court,60661,4.0,,Near West Side,Multifamily Housing,37818,2001,1,,88,658731.7,1283115.6,,,,51.3,84.4,57.2,90.9,160.3,4.2,41.973389,-87.651169,POINT (-87.651169 41.973389),2023-173687
2023,251502,Jamieson,Submitted,5650 N Mozart St,60659,2.0,,West Ridge,K-12 School,111599,1937,4,,50,1981583.9,5614160,,,,68.1,102.5,81.3,116.4,575.5,5.2,41.920829,-87.636569,POINT (-87.636569 41.920829),2023-251502
2023,113587,(IL584) - 1240 Lake Shore Drive (1240 N. Lake Shore Drive),Submitted,1240 N. Lake Shore Drive,60610,1.0,,Near North Side,Multifamily Housing,151528,1970,1,,10,5573562.4,5832092,,,,75.3,143.4,82.5,157.2,1089.6,7.2,41.865716,-87.621359,POINT (-87.621359 41.865716),2023-113587
2023,173718,Shore Crest Apartments,Submitted,420 W. Wrightwood Ave.,60614,3.0,,Lincoln Park,Multifamily Housing,77287,1921,1,,66,824574.4,7200100.4,,,,103.8,127.7,115.2,139.5,497.8,6.4,41.790428,-87.780372,POINT (-87.780372 41.790428),2023-173718
2023,159735,Sheridan Plaza,Submitted,4607 N. Sheridan Rd.,60640,4.0,,Uptown,Multifamily Housing,154230,1920,1,,77,4141968.3,4668355,,,,57.1,107,63.2,116.4,827.5,5.4,41.767382,-87.581405,POINT (-87.581405 41.767382),2023-159735
2023,257170,,Not Covered 2024,5440 N Sheridan,60640,,true,Edgewater,Residential,,,,,,,,,,,,,,,,,41.981425,-87.655342,POINT (-87.655342 41.981425),2023-257170
2023,253954,Crilly Court Condominium Association,Submitted,1717 N. Crilly Ct.,60614,4.0,,Lincoln Park,Multifamily Housing,65211,1891,1,,92,937876.3,3053478.5,,,,61.2,89.4,69.8,99.6,293.4,4.5,41.791521,-87.599501,POINT (-87.599501 41.791521),2023-253954
2023,160046,River Point,Submitted,444 W Lake St,60606,4.0,,Near West Side,Office,1239203,2016,1,13384,86,49959683.7,4051468.6,,,,43.6,116.3,45.9,122.7,7205.5,5.8,41.757335,-87.6327,POINT (-87.6327 41.757335),2023-160046
2023,174002,,Not Submitted,1111 1135 E 87th St,60619,0.0,,Burnside,Commercial,,,,,,,,,,,,,,,,,41.811036,-87.601585,POINT (-87.601585 41.811036),2023-174002
2023,251525,Tilton-CPS,Not Covered 2024,223 N Keeler Ave,60624,,true,West Garfield Park,K-12 School,,,,,,,,,,,,,,,,,41.880048,-87.651832,POINT (-87.651832 41.880048),2023-251525
2023,160284,1251/1255 S. Michigan,Submitted,1251/1255 S. Michigan Avenue,60605,4.0,,Near South Side,Multifamily Housing,618708,2006,2,21270,86,9284023.6,24956651.2,,,,55.3,84.4,59.1,88.3,2624.6,4.2,41.961359,-87.698544,POINT (-87.698544 41.961359),2023-160284
2023,257119,,Not Covered 2024,4600 N Marine Dr,60640,,true,Uptown,Residential,,,,,,,,,,,,,,,,,41.965961,-87.649254,POINT (-87.649254 41.965961),2023-257119
2023,103596,550 W Jackson Boulevard,Submitted,550 W Jackson Boulevard,60661,3.0,,Near West Side,Office,442613,1959,1,,65,25734038.9,,,,,58.1,162.8,60.9,170.5,3440.8,7.8,41.949151,-87.798707,POINT (-87.798707 41.949151),2023-103596
2023,251365,Alcott ES,Submitted,2625 N Orchard St,60614,4.0,,Lincoln Park,K-12 School,70993,1937,4,,82,1298006.7,1476340.1,,,,39.1,73,42,76.1,260,3.7,41.894161,-87.616202,POINT (-87.616202 41.894161),2023-251365
2023,232062,Prairie District Homes Tower Residences Condominium Association,Submitted,1717 S. Prairie,60616,1.0,,Near South Side,Multifamily Housing,291068,2003,1,,29,8553001.8,14399345.3,,,,78.9,134.2,85.3,141,1961.6,6.7,41.981924,-87.658956,POINT (-87.658956 41.981924),2023-232062
2023,250020,Gage Park,Not Submitted,2411 W 55th St,60632,0.0,,Gage Park,Other - Recreation,,,,,,,,,,,,,,,,,41.80253,-87.591936,POINT (-87.591936 41.80253),2023-250020
2023,254168,Ouinlan Life Sciences Education and Research Center-ID# 254168,Submitted,1050 W Sheridan Rd,60660,,true,Rogers Park,Other - Education,139554,2004,1,1198932,,14092682.6,11929684.4,,,,186.5,372.5,194.5,379.6,2605.5,18.7,41.770988,-87.693039,POINT (-87.693039 41.770988),2023-254168
2023,255149,Lincoln Village 2,Not Submitted,6135-6199 North Lincoln,60659,0.0,,North Park,Commercial,,,,,,,,,,,,,,,,,41.8837,-87.631065,POINT (-87.631065 41.8837),2023-255149
2023,175294,540 Surf Building,Submitted,540 West Surf Street,60657,3.5,,Lake View,Multifamily Housing,64619,1931,1,,73,465586.2,3646907.1,,,,63.6,79.4,71.5,87.5,258.8,4,41.842137,-87.617058,POINT (-87.617058 41.842137),2023-175294
2023,160286,Rosenwald Courts,Submitted,4648 South Michigan Avenue,60653,1.0,,Grand Boulevard,Multifamily Housing,218239,1936,1,17874,9,12401781.8,4023590.1,,,,75.3,178.5,79.9,187,1949,8.9,41.807473,-87.6733,POINT (-87.6733 41.807473),2023-160286
2023,101038,FBI Chicago Field Office,Submitted,2111 W. Roosevelt Rd.,60608,4.0,,Near West Side,Office,458947,2006,1,5712,90,21908697.3,13492111.4,,,,77.2,164.6,83.2,171.9,3783.5,8.2,41.942372,-87.642055,POINT (-87.642055 41.942372),2023-101038
2023,233920,SoNo Condominium Association,Submitted,860 W. Blackhawk Street,60642,1.0,,Near North Side,Multifamily Housing,300689,2008,1,,27,7458167.6,19586192.9,,,,89.9,137.8,98,145.9,2083.9,6.9,41.909268,-87.632071,POINT (-87.632071 41.909268),2023-233920
2023,251785,StAlphonsus_School,Submitted,1439 W. Wellington,60657,3.5,,Lake View,K-12 School,54638,1903,1,,73,643021.2,2614600.3,,,,59.6,83.2,70.7,94.9,228.8,4.2,41.90147,-87.699172,POINT (-87.699172 41.90147),2023-251785
2023,113591,1200 Condominium Association,Submitted,1200 North Lake Shore Drive,60610,1.0,,Near North Side,Multifamily Housing,96384,1925,1,,9,1667213.6,8783745.9,,,,108.4,144.1,123.5,160,699.8,7.3,41.879842,-87.657232,POINT (-87.657232 41.879842),2023-113591
2023,257153,Roosevelt Collection (rs314),Submitted,1135 S Delano Ct E,60605,4.0,,Loop,Mixed Use Property,1095338,2010,1,,90,27645652.9,19341434.2,,,,42.9,89.2,47.2,97.2,4895.5,4.5,41.868184,-87.632204,POINT (-87.632204 41.868184),2023-257153
2023,165722,"The Drake, IL-SV",Submitted,140 East Walton Place,60611,1.5,,Near North Side,Hotel,644940,1920,1,44858,38,23600464.3,62643474,,,,133.7,204.4,141.2,211.6,6629.5,10.3,41.88527,-87.656936,POINT (-87.656936 41.88527),2023-165722
2023,251704,Armstrong G,Submitted,2110 W Greenleaf Ave,60645,1.0,,West Ridge,K-12 School,147016,1911,4,,22,5640295.4,5521909.6,,,,75.9,146.9,85.1,156.5,1082.5,7.4,41.965562,-87.653263,POINT (-87.653263 41.965562),2023-251704
2023,254056,The Montrevelle Condominium Association,Submitted,520 N. Halsted St.,60642,2.5,,West Town,Multifamily Housing,109925,2003,1,,36,3244263.2,5089370.1,,,,75.8,131.3,82.5,139.3,724.3,6.6,41.790773,-87.632281,POINT (-87.632281 41.790773),2023-254056
2023,256679,Hawthorne Point,Submitted,1511-1525 W Cullom Ave,60613,4.0,,Lake View,Multifamily Housing,50820,1975,1,,91,491430.7,1771850.7,,,,44.5,63.7,44.4,63.3,162.9,3.2,41.968753,-87.654963,POINT (-87.654963 41.968753),2023-256679
2023,159298,YUSUF INDIANA,Not Submitted,1911 S Indiana Ave,60616,0.0,,Near South Side,Office,,,,,,,,,,,,,,,,,41.937615,-87.639317,POINT (-87.639317 41.937615),2023-159298
2023,147625,828 W Grace,Submitted,828 W Grace,60613,4.0,,Lake View,Multifamily Housing,221335,2007,1,,95,4147709.1,6489450.1,,,,48.1,83.3,52.5,89.2,925,4.2,41.903306,-87.627858,POINT (-87.627858 41.903306),2023-147625
2023,251745,Amundsen HS,Submitted,5110 N Damen Ave,60625,2.0,,Lincoln Square,K-12 School,218950,1930,1,,48,4543115.1,13942612.9,,,,84.4,125,98.7,140.7,1376.2,6.3,41.93644,-87.63696,POINT (-87.63696 41.93644),2023-251745
2023,236480,Thorndale Beach South Condominium Association,Submitted,5855 N. Sheridan,60660,1.0,,Edgewater,Multifamily Housing,287849,1967,1,,21,16276735.4,,,,,56.5,158.3,63.3,177.2,2277.4,7.9,41.837076,-87.623561,POINT (-87.623561 41.837076),2023-236480
2023,175590,Hampton Inn Chicago Downtown/N Loop/Michigan Ave,Not Submitted,68  E Wacker Pl,60601,0.0,,Loop,Residential,,,,,,,,,,,,,,,,,41.872799,-87.624338,POINT (-87.624338 41.872799),2023-175590
2023,256784,450 W Belmont (wb008),Submitted,450 W Belmont,60657,4.0,,Lake View,Multifamily Housing,171882,2019,1,2062,94,3343468.3,2025934.1,,,,31.2,66.8,34,71.6,575.4,3.3,41.967848,-87.676325,POINT (-87.676325 41.967848),2023-256784
2023,253967,20 N State,Submitted,20 North State Street,60602,2.0,,Loop,Multifamily Housing,211608,1930,1,,43,7889090.7,9626537.4,,,,82.8,152.2,89.5,159.9,1615.1,7.6,41.75051,-87.645565,POINT (-87.645565 41.75051),2023-253967
2023,173858,Sullivan Center-ID# 173858,Submitted,6339 N Sheridan Rd,60626,,true,Edgewater,Mixed Use Property,130027,1967,1,837,,6767821.3,,,,,52,145.7,53.6,150.2,947,7.3,41.85963,-87.630125,POINT (-87.630125 41.85963),2023-173858
2023,251683,Cooper Dual Language Academy -CPS,Not Covered 2024,1624 W 19th St,60608,,true,Lower West Side,K-12 School,,,,,,,,,,,,,,,,,41.888918,-87.644478,POINT (-87.644478 41.888918),2023-251683
2023,257116,,Not Covered 2024,360 N Green St,60607,,true,Near West Side,Residential,,,,,,,,,,,,,,,,,41.888637,-87.648824,POINT (-87.648824 41.888637),2023-257116
2023,172610,Riverpoint Center - 16281101,Submitted,1730 W Fullerton Ave,60614,2.0,,Lincoln Park,Strip Mall,211025,1998,1,,,15497843.1,5153570.4,,,,97.9,231.3,101,234.1,2442.2,11.6,41.760458,-87.5907,POINT (-87.5907 41.760458),2023-172610
2023,166134,John G Shedd AOuarium,Submitted,1200 South Lake Shore Drive,60605,1.0,,Near South Side,Other,452756,1929,1,27272,,52036820.3,29796183.4,,,,180.7,390.9,185.9,396.3,8863.6,19.6,41.70262,-87.606456,POINT (-87.606456 41.70262),2023-166134
2023,159739,Ella Flagg Young Apartments,Submitted,4645 N. Sherdian Road,60640,3.0,,Uptown,Multifamily Housing,171600,1975,1,,70,2290202.3,12601500,,,,86.8,114.5,94.6,122.7,989.8,5.8,41.881659,-87.6245,POINT (-87.6245 41.881659),2023-159739
2023,173812,Coronado Condominium Association,Submitted,3900 N. Pine Grove,60613,4.0,,Lake View,Multifamily Housing,99637,1973,1,,96,1982435.6,2523806.5,,,,45.2,82.3,48.4,85.9,411.4,4.1,41.898916,-87.640132,POINT (-87.640132 41.898916),2023-173812
2023,116408,226-Senior Suites-Gage Park,Submitted,3244 W. 59th Street,60629,3.5,,Gage Park,Senior Living Community,60000,2005,1,4832,57,1417788.4,3211700.1,,,,77.2,122.4,84.1,131.1,369,6.1,41.797871,-87.606155,POINT (-87.606155 41.797871),2023-116408
2023,159423,Lake Park Manor,Not Submitted,3601 3645 S Lakepark Ave,60653,0.0,,Oakland,Residential,,,,,,,,,,,,,,,,,41.927092,-87.680208,POINT (-87.680208 41.927092),2023-159423
2023,256456,,Not Submitted,2815-27 N. Leavitt Street,60618,0.0,,North Center,Residential,,,,,,,,,,,,,,,,,41.803755,-87.621217,POINT (-87.621217 41.803755),2023-256456
2023,160370,Granville Courts Condo Association,Submitted,2025 W Granville Ave,60659,2.0,,West Ridge,Multifamily Housing,230000,1960,4,,29,3832406.7,22581952.4,,,,114.8,149.7,128.5,163.4,1735.7,7.5,41.893235,-87.638776,POINT (-87.638776 41.893235),2023-160370
2023,256835,Trailhead,Submitted,1744 N Western Ave,60647,4.0,,West Town,Multifamily Housing,138347,2018,1,,,1596096,3152800.2,,,,34.3,56.2,36.1,58.4,390.8,2.8,41.905574,-87.628587,POINT (-87.628587 41.905574),2023-256835
2023,251638,Hearst Elementary -CPS,Not Covered 2024,4640 S Lamon Ave,60638,,true,Garfield Ridge,K-12 School,,,,,,,,,,,,,,,,,41.892371,-87.627416,POINT (-87.627416 41.892371),2023-251638
2023,173657,Chicago,Submitted,1 West Washington St,60602,1.0,,Loop,Hotel,85000,1895,1,4469,7,6331343.9,2597806,,3259740,,143.4,275.6,147.8,291,1195.7,14.1,41.869063,-87.626016,POINT (-87.626016 41.869063),2023-173657
2023,255948,Spoke Chicago (ks59),Submitted,728-738 North Morgan Street,60642,1.0,,West Town,Multifamily Housing,347449,2017,2,11909,24,16954115.3,8535572.2,,,,73.4,162.4,75.4,164.5,2825.6,8.1,41.813052,-87.699403,POINT (-87.699403 41.813052),2023-255948
2023,116715,The Studios,Submitted,1801 South Wabash Avenue,60616,4.0,,Near South Side,Multifamily Housing,59094,1995,1,5085,66,2596810.4,3281900.1,,,,99.5,181.4,107.3,191,537.7,9.1,41.890486,-87.626824,POINT (-87.626824 41.890486),2023-116715
2023,116876,Armitage Commons,Submitted,3720 W Armitage Ave,60647,1.0,,Logan Square,Multifamily Housing,85742,2006,2,8627,10,4824315.3,2406900,,,,84.9,187.6,92.5,204.7,802.9,9.4,41.79235,-87.594715,POINT (-87.594715 41.79235),2023-116876
2023,244931,(IL1049) - Metropolitan Place Condo (130 S Canal St ),Submitted,130 S Canal St,60062,4.0,,Near West Side,Multifamily Housing,328723,1949,1,,97,3904730.6,14589001.9,,,,56.3,79.9,65.7,89.8,1297,3.9,41.936706,-87.638374,POINT (-87.638374 41.936706),2023-244931
2023,251906,Sabin,Submitted,2216 W Hirsch St,60622,1.0,,West Town,K-12 School,95219,1915,1,,30,2375038.6,5641050.3,,,,84.2,132,95.3,143.7,631.9,6.6,41.881969,-87.723993,POINT (-87.723993 41.881969),2023-251906
2023,251297,Presence St Elizabeth Professional Office Building,Not Submitted,1431 N Western Ave,60622,0.0,,West Town,Medical Office,,,,,,,,,,,,,,,,,41.771052,-87.739923,POINT (-87.739923 41.771052),2023-251297
2023,255740,The Van Buren _CO (th202),Submitted,808 W Van Buren St,60661,1.0,,Near West Side,Multifamily Housing,117574,2018,1,5723,9,4692003.5,8611402.9,,,,113.1,188.6,123.8,200.4,1113.9,9.5,41.694949,-87.642313,POINT (-87.642313 41.694949),2023-255740
2023,175978,Autumn Green at Midway Village,Submitted,6700 S. Keating,60629,3.5,,West Lawn,Senior Living Community,120000,2017,1,,76,3971950.5,4058999.9,,,,66.9,128.2,70.8,132.3,771.3,6.4,41.693423,-87.671692,POINT (-87.671692 41.693423),2023-175978
2023,254049,"Farcroft Park, LLC",Submitted,1337 West Fargo,60626,4.0,,Rogers Park,Multifamily Housing,115362,1928,1,,78,2537803.5,3543998.8,,,,52.7,93.9,56.6,98,527.6,4.6,41.690494,-87.659272,POINT (-87.659272 41.690494),2023-254049
2023,251649,Ryder,Submitted,8716 S Wallace St,60620,3.0,,Auburn Gresham,K-12 School,73326,1912,2,,49,1322788,4040669.9,,,,73.1,108.4,84.5,120.3,399.7,5.5,41.805384,-87.603662,POINT (-87.603662 41.805384),2023-251649
2023,173862,,Not Submitted,5123  N Sheridan Rd,60640,0.0,,Uptown,Residential,,,,,,,,,,,,,,,,,41.954854,-87.679076,POINT (-87.679076 41.954854),2023-173862
2023,159002,U.S. Bank -- Pullman Branch,Not Submitted,1000 E 111th St,60628,0.0,,Pullman,Bank Branch,,,,,,,,,,,,,,,,,41.934439,-87.640217,POINT (-87.640217 41.934439),2023-159002
2023,250062,R. J. OUINN ACADEMY (FIRE),Submitted,558 W. De Koven St.,60607,1.0,,Near West Side,Adult Education,66285,1961,1,,,2508067.9,3294823.5,,,,87.5,158.1,98.9,170,525.9,7.9,41.684308,-87.680775,POINT (-87.680775 41.684308),2023-250062
2023,256530,Solstice on the Park,Submitted,1616 E 56th St,60637,4.0,,Hyde Park,Multifamily Housing,335496,2018,1,,91,7883855.2,8169689.1,,,,47.9,91.4,51.1,95.4,1537,4.6,41.997129,-87.72897,POINT (-87.72897 41.997129),2023-256530
2023,242732,The Residences at Hudson & Huron Condominium Association,Submitted,451 W. Huron St.,60654,4.0,,Near North Side,Multifamily Housing,218635,2007,1,,91,3377981.8,6225460.2,,,,43.9,73.2,48.2,77.4,803.3,3.7,41.86709,-87.657673,POINT (-87.657673 41.86709),2023-242732
2023,158392,55 West Wacker Drive,Submitted,55 West Wacker Drive,60601,3.0,,Loop,Office,278671,1967,1,1235,68,7552116.2,14361548.9,,,,78.6,130,85.3,137,1819.5,6.5,41.966849,-87.667695,POINT (-87.667695 41.966849),2023-158392
2023,256766,,Not Submitted,1802 S State St,60616,0.0,,Near South Side,,,,,,,,,,,,,,,,,,41.894724,-87.631126,POINT (-87.631126 41.894724),2023-256766
2023,114198,1415 North Dearborn Condominium Association,Submitted,1415 N Dearborn St,60610,2.5,,Near North Side,Multifamily Housing,128700,1973,1,,59,5091507.2,1680690.6,,,,52.6,124.5,56.6,135.7,801.7,6.2,41.959958,-87.654846,POINT (-87.654846 41.959958),2023-114198
2023,135080,537 S. Dearborn St.,Submitted,537 S. Dearborn St.,60605,3.5,,Loop,Multifamily Housing,78000,1892,1,,59,2426179.6,1258902,,,,47.2,104,48.7,105.6,406.3,5.2,41.940209,-87.640697,POINT (-87.640697 41.940209),2023-135080
2023,256805,Northtown Apartments,Submitted,2410 W Pratt,60645,1.0,,West Ridge,Multifamily Housing,62770,2019,1,,10,2416870.1,1900052.6,,,,68.8,139.6,75.9,150.4,439.1,7,41.89789,-87.629149,POINT (-87.629149 41.89789),2023-256805
2023,251899,Shields Main-CPS,Not Covered 2024,4250 S Rockwell St,60632,,true,Brighton Park,K-12 School,,,,,,,,,,,,,,,,,41.873435,-87.666434,POINT (-87.666434 41.873435),2023-251899
2023,243199,Montgomery on Superior Condominium Association,Submitted,500 W. Superior,60654,1.0,,Near North Side,Multifamily Housing,403260,2005,1,,3,17292802.7,33899620.7,,,,126.9,208.3,136.5,218.4,4220.2,10.5,41.873128,-87.629013,POINT (-87.629013 41.873128),2023-243199
2023,250113,William Castleman Apartments,Submitted,4945 N Sheridan Rd,60640,1.5,,Uptown,Multifamily Housing,149600,1967,1,,39,2382164.6,13646299.7,,,,107.1,140.4,116.9,150.9,1058.1,7.1,41.785995,-87.590397,POINT (-87.590397 41.785995),2023-250113
2023,173861,5411 N Winthrop-CLK,Submitted,5411 N Winthrop,60640,3.0,,Edgewater,Multifamily Housing,50477,1973,1,2926,50,2306471,1839900.2,,,,82.1,166.2,89.9,183.5,420.4,8.3,41.828424,-87.626647,POINT (-87.626647 41.828424),2023-173861
2023,106042,LaSalle Towers,Not Submitted,1211 1217 N Lasalle Dr,60610,0.0,,Near North Side,Residential,,,,,,,,,,,,,,,,,41.941667,-87.651546,POINT (-87.651546 41.941667),2023-106042
2023,103781,625 N Michigan Avenue,Submitted,625 N Michigan Avenue,60611,4.0,,Near North Side,Office,359409,1969,1,,86,9726758.3,9895867.5,,,,54.6,104.7,61.6,112.9,1886.6,5.2,41.801795,-87.616291,POINT (-87.616291 41.801795),2023-103781
2023,103595,141 West Jackson Boulevard (Chicago Board of Trade Building),Submitted,141 West Jackson Boulevard,60604,4.0,,Loop,Office,1567753,1930,1,,81,77845256.1,,,47872899.6,,80.2,166.8,81.2,172,13415,8.6,41.808765,-87.66117,POINT (-87.66117 41.808765),2023-103595
2023,105472,,Not Submitted,5816  N Sheridan Rd,60660,0.0,,Edgewater,Residential,,,,,,,,,,,,,,,,,41.928128,-87.639355,POINT (-87.639355 41.928128),2023-105472
2023,116215,Bloomingdale Apartments,Submitted,1745 North Keystone,60639,1.0,,Humboldt Park,Multifamily Housing,102457,1983,1,6886,27,4266811.6,3069221,,,,71.6,148.1,78.1,161.9,760,7.4,41.743874,-87.605176,POINT (-87.605176 41.743874),2023-116215
2023,162325,Sweeting Center 860 N. LaSalle,Submitted,820 N. Lasalle,60610,4.0,,Near North Side,College/University,119629,1991,1,,,2147188.7,2851200,,,,41.8,75.3,47.1,80.8,451.9,3.8,41.993818,-87.658184,POINT (-87.658184 41.993818),2023-162325
2023,254164,Cudahy Library-ID#254164,Submitted,6515 N Kenmore Ave,60626,3.0,,Rogers Park,Library,124285,1930,1,1519,,4533230.5,3266932.7,,,,62.8,129.7,67.7,131.3,807.8,6.5,42.005615,-87.709172,POINT (-87.709172 42.005615),2023-254164
2023,260032,AlgonOuin #3,Submitted,1616 E. 50th Street,60615,1.0,,Kenwood,Multifamily Housing,59310,1950,1,,12,2550555.2,2904310.2,,,,92,171.8,97.4,187.1,511.1,8.6,41.856276,-87.627021,POINT (-87.627021 41.856276),2023-260032
2023,160326,1010 W 35Th St,Submitted,1010 W 35th St,60609,4.0,,Bridgeport,Office,224000,1970,1,,90,2466145.9,13671937.4,,,,72,94.9,72.1,95.2,1071.2,4.8,41.92483,-87.657082,POINT (-87.657082 41.92483),2023-160326
2023,256441,,Not Covered 2024,3300 S Federal St,60616,,true,Douglas,,,,,,,,,,,,,,,,,,41.980149,-87.655848,POINT (-87.655848 41.980149),2023-256441
2023,160285,Michigan Avenue Associates LLC,Submitted,2001 S Michigan,60616,3.0,,Near South Side,Multifamily Housing,490215,1969,1,,61,8109661.1,36645747.2,,,,91.3,124.8,99.8,134.5,3081.1,6.3,41.704609,-87.620713,POINT (-87.620713 41.704609),2023-160285
2023,250164,Cumberland Centre - Building 1,Not Covered 2024,5440 N Cumberland Ave,60656,,true,Ohare,Office,,,,,,,,,,,,,,,,,41.995985,-87.787637,POINT (-87.787637 41.995985),2023-250164
2023,160070,(IL461) - 777 Condominium (777 N Michigan Ave ),Submitted,777 N Michigan Ave,60611,4.0,,Near North Side,Multifamily Housing,387210,1977,1,,88,6584024.2,15161951.4,,,,56.2,88.7,56,88.2,1726.6,4.5,41.809657,-87.603752,POINT (-87.603752 41.809657),2023-160070
2023,114282,Wave Lakeview,Submitted,420 West Belmont Avenue,60657,1.0,,Lake View,Multifamily Housing,217406,1973,1,,19,4399851.6,19936998.4,,,,111.9,153,123.3,165.2,1674.6,7.7,41.877178,-87.659581,POINT (-87.659581 41.877178),2023-114282
2023,103409,,Not Submitted,7733  S South Shore Dr,60649,0.0,,South Shore,Residential,,,,,,,,,,,,,,,,,41.909833,-87.706854,POINT (-87.706854 41.909833),2023-103409
2023,255942,Viridian on Sheridan (vr033),Submitted,734 W Sheridan Rd,60613,4.0,,Lake View,Multifamily Housing,103665,2018,1,3063,67,2905161.9,3510500.1,,,,61.9,114,66.7,120.6,592.9,5.7,41.921076,-87.694138,POINT (-87.694138 41.921076),2023-255942
2023,221086,1500 Lakeshore Drive Building Corp.,Submitted,1500 Lakeshore Drive,60610,3.0,,Near North Side,Multifamily Housing,287158,1928,1,,64,5526049.9,16762582.2,,,,77.6,115.2,85.2,123.2,1663.5,5.8,41.894134,-87.618179,POINT (-87.618179 41.894134),2023-221086
2023,105288,"Mireles Academy, Arnold -CPS",Not Covered 2024,9000 S Exchange Ave,60617,,true,South Chicago,K-12 School,,,,,,,,,,,,,,,,,41.842245,-87.706336,POINT (-87.706336 41.842245),2023-105288
2023,252127,Circa 922,Submitted,922 West Washington Blvd,60607,1.5,,Near West Side,Multifamily Housing,157229,2015,1,,39,4664731.9,8058253.3,,,,80.9,136.9,88.2,145.4,1080.7,6.9,41.883109,-87.627949,POINT (-87.627949 41.883109),2023-252127
2023,165245,SmithVillage,Submitted,2320 W 113th Place,60643,4.0,,Morgan Park,Senior Living Community,374331,2006,4,302,,11283633.7,,,,,30.1,84.4,30,84,1578.8,4.2,41.687913,-87.679764,POINT (-87.679764 41.687913),2023-165245
2023,173819,American Asia,Submitted,4851-4887 N. Broadway,60640,2.0,,Uptown,Strip Mall,61375,1995,1,,,5289805.2,3508714.8,,,,143.4,301.4,152.4,310.4,926.5,15.1,41.984338,-87.656781,POINT (-87.656781 41.984338),2023-173819
2023,159156,"AG One East Delaware Owner, LLC",Submitted,1 East Delaware,60611,4.0,,Near North Side,Multifamily Housing,506500,1989,1,,73,10707617,14486999.6,,,,49.7,89.2,55.2,94.6,2201.1,4.3,41.894716,-87.631716,POINT (-87.631716 41.894716),2023-159156
2023,172221,Midway SOuare,Submitted,5109 - 5151 S. Pulaski Road,60632,3.0,,West Elsdon,Strip Mall,55574,1988,2,,,2543087,3421504.9,,,,107.3,192.8,106.8,191.2,537.6,9.7,41.855403,-87.698708,POINT (-87.698708 41.855403),2023-172221
2023,105600,The Audley,Not Submitted,2740 2750 N Hampden Ct,60614,0.0,,Lincoln Park,Residential,,,,,,,,,,,,,,,,,41.834843,-87.61339,POINT (-87.61339 41.834843),2023-105600
2023,256435,Incubator Building,Not Submitted,55 W 34th Street,60616,0.0,,Douglas,Commercial,,,,,,,,,,,,,,,,,41.852774,-87.622759,POINT (-87.622759 41.852774),2023-256435
2023,251590,Tarkington,Submitted,3330 W 71st St,60629,2.5,,Chicago Lawn,K-12 School,136289,2005,1,,32,4820340.6,3836159.6,,,,63.5,128.6,69.4,133.7,878.2,6.4,41.88814,-87.624696,POINT (-87.624696 41.88814),2023-251590
2023,255011,Hampton Inn Chicago North-Loyola Station,Not Submitted,1209 W Albion Ave,60626,0.0,,Rogers Park,,,,,,,,,,,,,,,,,,41.886555,-87.615608,POINT (-87.615608 41.886555),2023-255011
2023,252061,Chapin Hall,Submitted,1313 East 60th Street,60637,1.0,,Woodlawn,College/University,65745,1938,1,519,,2625834.3,,8136656.3,,,163.7,260.7,177.1,276,907.7,13.8,41.938669,-87.767776,POINT (-87.767776 41.938669),2023-252061
2023,251332,Ray Meyer Fitness and Recreation Center,Submitted,2235 N. Sheffield,60615,2.0,,Lincoln Park,College/University,117435,1999,1,,,5718628.2,5866291.2,,,,98.6,188.8,102.2,191.4,1111.7,9.5,41.794849,-87.619857,POINT (-87.619857 41.794849),2023-251332
2023,114515,6901 Oglesby Avenue Apartment Building Corporation,Submitted,6901-6915 S. Oglesby Ave.,60649,4.0,,South Shore,Multifamily Housing,108400,1928,1,,85,786524.1,7847668.4,,,,79.7,96.3,91,108.5,526.9,4.9,41.87812,-87.626737,POINT (-87.626737 41.87812),2023-114515
2023,175523,222 West Hubbard Street,Submitted,222 West Hubbard Street,60654,4.0,,Near North Side,Office,66095,1905,1,,71,2432889.6,1458340,,,,58.9,126.2,63.5,131.7,417.9,6.3,41.760915,-87.55732,POINT (-87.55732 41.760915),2023-175523
2023,103317,(IL504) - 33E. Condo Association (33 E. Cedar St.),Submitted,33 E. Cedar St.,60611,4.0,,Near North Side,Multifamily Housing,162398,1958,1,,91,2007282.8,6730970.8,,,,53.8,78.1,59.2,83.6,638.4,3.9,41.926202,-87.641021,POINT (-87.641021 41.926202),2023-103317
2023,256894,Old Town Park - Phase 3,Submitted,228 W Hill Sr,60610,3.5,,Near North Side,Multifamily Housing,635240,2021,1,13065,79,15806595.8,16740590.6,,,,51.2,97.3,55.4,103,3100.8,4.9,41.900585,-87.632986,POINT (-87.632986 41.900585),2023-256894
2023,254054,2 South Leavitt Condominium Association,Submitted,2 S. Leavitt St.,60612,3.0,,Near West Side,Multifamily Housing,55000,2008,1,,62,954179.8,1727373.5,,,,48.8,81.6,52.7,86.6,225.3,4.1,41.883779,-87.648732,POINT (-87.648732 41.883779),2023-254054
2023,251428,"Henson Elementary, Matthew A -CPS",Not Covered 2024,1326 S Avers Ave,60623,,true,North Lawndale,K-12 School,,,,,,,,,,,,,,,,,41.910469,-87.667541,POINT (-87.667541 41.910469),2023-251428
2023,250148,8 S. Michigan LLC,Submitted,8 S. Michigan Ave,60603,3.5,,Loop,Office,180547,1929,1,,78,5827211.6,8541655.3,,,,79.6,140,91,152.2,1269,7,41.886695,-87.645034,POINT (-87.645034 41.886695),2023-250148
2023,111837,The Marlborough,Submitted,400 W. Deming Place And 2600-2608 Lakeview,60614,3.5,,Lincoln Park,Multifamily Housing,196000,1912,3,,75,2004206.4,11612986.2,,,,69.5,90.8,77.3,98.8,897.2,4.6,41.89327,-87.621567,POINT (-87.621567 41.89327),2023-111837
2023,159980,"73rd St Apts., LLC",Submitted,7345 S. South Shore Drive,60649,3.5,,South Shore,Multifamily Housing,106000,1967,1,,58,1660879.2,7352726.2,,,,85,116.7,95.1,128.9,622.9,5.9,41.852662,-87.712507,POINT (-87.712507 41.852662),2023-159980
2023,222552,Venetian Condominium Association,Submitted,222-232 W. Division St.,60610,2.5,,Near North Side,Multifamily Housing,222808,2002,1,,53,3789925.3,12198523.4,,,,71.8,105.1,82.4,117,1178.2,5.3,41.927984,-87.645867,POINT (-87.645867 41.927984),2023-222552
2023,251381,Irving,Submitted,749 S Oakley Blvd,60612,1.0,,Near West Side,K-12 School,55148,1988,1,,19,1637688.3,3546130,,,,94,150.7,106.7,164,417.5,7.6,41.836468,-87.665567,POINT (-87.665567 41.836468),2023-251381
2023,256528,,Not Submitted,710 W 14th St,60607,0.0,,Near West Side,,,,,,,,,,,,,,,,,,41.895456,-87.636191,POINT (-87.636191 41.895456),2023-256528
2023,256728,Alta Grand Central (lt027),Submitted,221 W Harrison St,60607,1.0,,Loop,Multifamily Housing,237020,2020,1,,20,9603177.2,13700266.4,,,,98.3,174.1,106,183.3,2071.4,8.7,41.925345,-87.662169,POINT (-87.662169 41.925345),2023-256728
2023,172053,HighSchool_LeoHS,Submitted,7901 S Sangamon St,60620,4.0,,Auburn Gresham,K-12 School,111882,1926,1,,94,805690.2,5232600,,,,54,69.3,63.3,78.9,390.7,3.5,41.889465,-87.626509,POINT (-87.626509 41.889465),2023-172053
2023,254351,Reside on Jackson,Submitted,1241 &Amp; 1245 W. Jackson,60607,4.0,,Near West Side,Multifamily Housing,115615,2000,1,3589,85,2662449.7,1722131.2,,,,37.9,80.1,41.3,84.4,464,4,41.8767,-87.629111,POINT (-87.629111 41.8767),2023-254351
2023,158295,congress plaza hotel,Submitted,520 S. Michigan Ave.,60605,3.5,,Loop,Hotel,600700,1873,1,,76,14053708.1,46366016.4,,,,100.6,146.6,110.1,155.8,4429.1,7.4,41.89666,-87.621755,POINT (-87.621755 41.89666),2023-158295
2023,251892,The Montessori School of Englewood,Not Submitted,6936 S Hermitage Ave,60636,0.0,,West Englewood,K-12 School,,,,,,,,,,,,,,,,,41.959671,-87.668189,POINT (-87.668189 41.959671),2023-251892
2023,172608,Fullerton Plaza,Submitted,1737-1829 W. Fullerton Avenue,60614,2.0,,Lincoln Park,Retail Store,70475,1997,1,,,2224187.1,4817890.6,,,,99.9,160.1,130.9,192.1,567.1,8,41.884608,-87.625474,POINT (-87.625474 41.884608),2023-172608
2023,254008,Hyde Park Courtway,Submitted,4816-4828 S. Dorchester,60615,4.0,,Kenwood,Multifamily Housing,69540,1920,1,,90,435369.1,3552833,,,,57.4,71.2,64.2,78.6,249.6,3.6,41.735274,-87.703511,POINT (-87.703511 41.735274),2023-254008
2023,175785,The Brickyard,Submitted,2532 - 2554 Narragansett,60639,4.0,,Belmont Cragin,Strip Mall,68650,2005,1,,,1770239.9,1358700,,,,45.6,93,50.7,98.7,319.9,4.7,41.926784,-87.639306,POINT (-87.639306 41.926784),2023-175785
2023,251871,South Shore Intl HS,Submitted,1955 E 75th St,60649,2.5,,South Shore,K-12 School,213710,2011,1,,53,6792456.2,5813380.1,,,,59,117.6,64.4,124.9,1259.2,5.9,41.893372,-87.624361,POINT (-87.624361 41.893372),2023-251871
2023,251397,Marsh,Submitted,9822 S Exchange Ave,60617,2.0,,South Deering,K-12 School,140770,1910,2,,43,3487865.7,5374160.1,,,,63,109.5,71.3,118.2,773.5,5.5,41.874343,-87.626142,POINT (-87.626142 41.874343),2023-251397
2023,171995,7000-7010 S. Pulaski Road,Submitted,7000-7010 S. Pulaski Road,60629,3.0,,West Lawn,Strip Mall,64215,1985,1,,,3242393,3810694.2,,,,109.8,203.7,116.9,211.6,656.1,10.2,41.785821,-87.600939,POINT (-87.600939 41.785821),2023-171995
2023,251613,Southside HS,Submitted,7342 S Hoyne Ave,60636,2.0,,West Englewood,K-12 School,54740,1988,1,,45,2093381.4,1068600,,,,57.8,127.6,61.5,131.5,349.7,6.4,41.975353,-87.684122,POINT (-87.684122 41.975353),2023-251613
2023,102380,4600 N. Cumberland Condominium Association,Submitted,4600 N. Cumberland Ave.,60656,3.5,,Ohare,Multifamily Housing,59706,1974,1,,77,1079778,3557197,,,,77.7,113.2,85.7,120.6,340,5.7,41.880334,-87.63658,POINT (-87.63658 41.880334),2023-102380
2023,251391,Sheridan,Submitted,533 W 27th St,60616,4.0,,Bridgeport,K-12 School,77706,1881,2,,70,1026797,3547630.1,,,,58.9,84.9,68.5,95.1,332.1,4.3,41.904071,-87.627498,POINT (-87.627498 41.904071),2023-251391
2023,172157,,Not Submitted,437  E 60th St,60637,0.0,,Woodlawn,Residential,,,,,,,,,,,,,,,,,41.884819,-87.632577,POINT (-87.632577 41.884819),2023-172157
2023,256574,Dore,Submitted,7134 W 65th St,60638,3.0,,Clearing,K-12 School,113000,2019,1,,62,2967706.5,2362830.2,,,,47.2,95.5,50.7,99.5,540.7,4.8,41.792667,-87.624181,POINT (-87.624181 41.792667),2023-256574
2023,251873,Back of the Yards HS,Submitted,2111 W 47th St,60609,1.0,,New City,K-12 School,212285,2013,1,,11,10761273.8,10086300.3,,,,98.2,191.8,104.9,197.8,2041.4,9.6,41.940945,-87.668841,POINT (-87.668841 41.940945),2023-251873
2023,251426,Haley,Submitted,11411 S Eggleston Ave,60628,1.0,,Roseland,K-12 School,101294,1925,2,,25,3585882.5,3955250.3,,,,74.4,140.1,84.6,156.1,711.8,7,41.859381,-87.62382,POINT (-87.62382 41.859381),2023-251426
2023,122005,"3170AS - Chicago, IL",Submitted,5320 S Pulaski,60632,3.5,,West Elsdon,Supermarket/Grocery Store,71923,1973,1,1992,78,8257227.3,5981899.9,,,,198,408.8,213.6,424.2,1473.1,20.5,41.886339,-87.620836,POINT (-87.620836 41.886339),2023-122005
2023,161147,72 E 11th St,Submitted,72 E 11th St,60605,4.0,,Loop,College/University,66796,1927,1,3253,,2659098.7,3411251.6,,,,90.9,165.1,99,173.6,553.2,8.3,41.899822,-87.628699,POINT (-87.628699 41.899822),2023-161147
2023,254015,Senate Apartments,Submitted,"5801 N. Pulaski Rd., Bldg. G",60646,3.0,,North Park,Residential Care Facility,191550,1981,1,,,7665330,8363233.8,,,,83.7,157.9,90.9,165.5,1516.7,7.9,41.89669,-87.624102,POINT (-87.624102 41.89669),2023-254015
2023,120614,Gateway to West Loop,Submitted,16-40 S. Halsted,60661,1.0,,Near West Side,Strip Mall,95862,2012,1,3,,13277415.2,5982195.6,,,,200.9,453.3,214.5,473.1,2175.5,22.7,41.903236,-87.632206,POINT (-87.632206 41.903236),2023-120614
2023,100148,,Not Submitted,7144 7148 S Jeffery Blvd,60649,0.0,,South Shore,Residential,,,,,,,,,,,,,,,,,41.945098,-87.681079,POINT (-87.681079 41.945098),2023-100148
2023,173821,Reside on Clarendon,Submitted,4157 North Clarendon Avenue,60613,4.0,,Uptown,Multifamily Housing,62388,1925,1,1745,91,1303426.1,2842800.3,,,,66.5,106.3,71.5,112.1,333.4,5.3,41.887543,-87.624407,POINT (-87.624407 41.887543),2023-173821
2023,131633,Fulton-Loomis-Carroll Condominium Association,Submitted,1400 W. Fulton St.,60607,4.0,,Near West Side,Office,62555,1907,1,,92,766242.4,1944639.3,,,,43.3,66.9,51.7,76.5,210.5,3.4,41.872087,-87.630969,POINT (-87.630969 41.872087),2023-131633
2023,105852,,Not Submitted,7100  S South Shore Dr,60649,0.0,,South Shore,Residential,,,,,,,,,,,,,,,,,41.976533,-87.841689,POINT (-87.841689 41.976533),2023-105852
2023,100507,,Not Submitted,4950 4952 S Prairie Ave,60615,0.0,,Grand Boulevard,Residential,,,,,,,,,,,,,,,,,41.904022,-87.62516,POINT (-87.62516 41.904022),2023-100507
2023,104838,421-31 Barry,Submitted,421-31 W Barry Ave.,60657,4.0,,Lake View,Multifamily Housing,60472,1969,1,,73,1245427.6,4414220.8,,,,93.6,134.3,102.2,142.7,408.7,6.8,41.889817,-87.617777,POINT (-87.617777 41.889817),2023-104838
2023,254023,Olympia Lofts Condominium Association,Submitted,831-43 W. Adams St.,60607,4.0,,Near West Side,Multifamily Housing,104076,1899,1,,82,1614957.4,4182283.8,,,,55.7,85.6,63.4,93.2,448.1,4.3,41.928981,-87.683381,POINT (-87.683381 41.928981),2023-254023
2023,252078,Acero Schools - Soto - Soccer Academy High School,Submitted,5025 S. St. Louis,60632,1.0,,Gage Park,K-12 School,77088,2013,1,,11,4285822.3,4397170.1,,,,112.6,215.6,119,221.2,833.2,10.8,41.869536,-87.695839,POINT (-87.695839 41.869536),2023-252078
2023,175473,Ashland Devon Chicago EOuities: 6748 North Ashland Avenue,Submitted,6748 North Ashland Avenue,60626,4.0,,Rogers Park,Multifamily Housing,59535,2015,1,,73,769403,4239842.4,,,,84.1,111,96.3,123.5,332.9,5.6,41.882481,-87.626077,POINT (-87.626077 41.882481),2023-175473
2023,251654,Cook Elementary -CPS,Not Covered 2024,8150 S Bishop St,60620,,true,Auburn Gresham,K-12 School,,,,,,,,,,,,,,,,,41.74519,-87.66017,POINT (-87.66017 41.74519),2023-251654
2023,175492,,Not Submitted,3158 3184 N Clark St,60657,0.0,,Lake View,Residential,,,,,,,,,,,,,,,,,41.889875,-87.62426,POINT (-87.62426 41.889875),2023-175492
2023,116462,228-Senior Suites of South Shore,Submitted,2355 East 67th Street,60649,2.0,,South Shore,Senior Living Community,71586,1998,1,8907,23,1549099.2,4031900.2,,,,78,119.7,84.9,127,430.9,6,41.980116,-87.656665,POINT (-87.656665 41.980116),2023-116462
2023,161053,Santa Clara Hall-ID# 161053,Submitted,1000-08 W Loyola Ave,60626,3.5,,Rogers Park,Residence Hall/Dormitory,61053,1924,1,1874,75,1701636.5,2652821.3,,,,71.3,123.7,79.6,132.3,379,6.2,41.896455,-87.625645,POINT (-87.625645 41.896455),2023-161053
2023,251623,Brunson,Submitted,932 N Central Ave,60651,1.0,,Austin,K-12 School,102700,2000,1,,11,5129423.2,2906649.7,,,,78.2,169.6,83.5,173.8,872.1,8.5,41.981063,-87.845674,POINT (-87.845674 41.981063),2023-251623
2023,251233,Clybourn,Submitted,2601 N. Clybourn Street,60614,4.0,,Lincoln Park,Retail Store,144180,1996,1,,83,5598620.2,656990,,,,43.4,113.5,44.9,114.6,818.3,5.7,41.881473,-87.659054,POINT (-87.659054 41.881473),2023-251233
2023,173715,2738 N. Pine Grove,Submitted,2738 N. Pine Grove Ave.,60614,4.0,,Lincoln Park,Multifamily Housing,103203,1927,1,,90,1318402.8,6871649.7,,,,79.4,105.7,86.8,113.3,549.5,5.3,41.836922,-87.628789,POINT (-87.628789 41.836922),2023-173715
2023,103580,Good Shepherd Land & Housing Dev. Corp.,Submitted,6720 S Cornell Ave,60649,1.0,,South Shore,Multifamily Housing,95062,1979,1,,24,2599871.5,7819714.4,,,,109.6,162.9,118.4,171.7,779.1,8.2,41.974543,-87.811347,POINT (-87.811347 41.974543),2023-103580
2023,103605,515 North State,Submitted,515 N. State Street,60654,4.0,,Near North Side,Office,757990,1990,1,4497,83,29230753.1,,,,,38.6,108,42.1,117.9,4090,5.4,41.881937,-87.629253,POINT (-87.629253 41.881937),2023-103605
2023,250105,Mary Jane Richardson-Jones Apartments,Submitted,4930 S. Langley Ave,60615,4.0,,Grand Boulevard,Multifamily Housing,149900,1968,1,,85,2417714.9,6570000.2,,,,60,91.2,65,97.1,687.2,4.6,41.890714,-87.62427,POINT (-87.62427 41.890714),2023-250105
2023,257108,,Not Covered 2024,753 W 79th St,60620,,true,Auburn Gresham,,,,,,,,,,,,,,,,,,41.750639,-87.643833,POINT (-87.643833 41.750639),2023-257108
2023,116166,"451 W Melrose, LLC",Submitted,447-55 W Melrose St,60657,4.0,,Lake View,Multifamily Housing,52872,1923,1,,81,603481.4,3334294.7,,,,74.5,98.2,81.9,105.7,261.5,4.9,41.79514,-87.581823,POINT (-87.581823 41.79514),2023-116166
2023,113598,(IL1019) - 1300 Astor Tower (1300-1306 N. Astor St.),Submitted,1300-1306 N. Astor St.,60610,3.5,,Near North Side,Multifamily Housing,100547,1963,1,,74,3037554.2,2640665.5,,,,56.5,112.2,56,110.9,565.3,5.6,41.892517,-87.62795,POINT (-87.62795 41.892517),2023-113598
2023,251863,Zapata,Submitted,2728 S Kostner Ave,60623,3.0,,South Lawndale,K-12 School,108845,1996,2,,49,2518127.6,4021829.8,,,,60.1,103.6,66,109.9,566,5.2,41.863962,-87.625399,POINT (-87.625399 41.863962),2023-251863
2023,164537,The Salvation Army Evangeline Booth Lodge,Not Submitted,800 W Lawrence Ave,60640,0.0,,Uptown,Multifamily Housing,,,,,,,,,,,,,,,,,41.881807,-87.629543,POINT (-87.629543 41.881807),2023-164537
2023,256680,Old Town Village East,Submitted,1205-1255 N Orleans Court,60610,4.0,,Near North Side,Multifamily Housing,64444,2006,6,,95,946142,2008241.1,,,,45.8,73.8,49.2,77,239.1,3.7,41.895034,-87.625404,POINT (-87.625404 41.895034),2023-256680
2023,251491,Frazier International Magnet -CPS,Not Covered 2024,4027 W Grenshaw St,60624,,true,North Lawndale,K-12 School,,,,,,,,,,,,,,,,,41.810477,-87.593179,POINT (-87.593179 41.810477),2023-251491
2023,117189,Benchmark Sherway Tower LP,Submitted,4225 North Sheridan,60613,1.0,,Uptown,Multifamily Housing,158600,1979,1,9,23,3640430.4,12699194.6,,,,103,148.3,112,157.8,1183.9,7.5,41.948976,-87.651537,POINT (-87.651537 41.948976),2023-117189
2023,173724,Arthur J. Schmitt Academic Center,Submitted,2320 N. Kenmore,60614,2.0,,Lincoln Park,College/University,164408,1967,1,,,4370353,14527050.9,,,,114.9,167.2,129.3,182.3,1383.1,8.4,41.938606,-87.642516,POINT (-87.642516 41.938606),2023-173724
2023,101865,100/150 S. Wacker,Submitted,150 South Wacker,60606,4.0,,Loop,Office,1281114,1971,1,6,78,39573297.6,38151461.2,,,,60.7,117.8,65.1,122.4,7563.5,5.9,41.902462,-87.624661,POINT (-87.624661 41.902462),2023-101865
2023,208356,Cameron,Submitted,1234 N Monticello Ave,60651,3.0,,Humboldt Park,K-12 School,137334,1897,2,,69,2125566.9,5855649.8,,,,58.1,88.1,67.9,98.4,608.4,4.4,41.78899,-87.593294,POINT (-87.593294 41.78899),2023-208356
2023,252258,Roosevelt SOuare - Parent,Submitted,1222 W Roosevelt So Rd,60608,4.0,,Near West Side,Multifamily Housing,333765,2007,18,26388,81,7425576.2,11592738.3,,,,57,98.8,62.6,107,1654.7,5,41.747111,-87.731702,POINT (-87.731702 41.747111),2023-252258
2023,157964,HAROLD WASHINGTON LIBRARY,Submitted,400 S. State St.,60605,1.0,,Loop,Library,756640,1991,1,,,59888198.7,,,,,79.2,221.6,79.2,221.6,8379.5,11.1,41.900173,-87.620816,POINT (-87.620816 41.900173),2023-157964
2023,102452,Regenstein Library,Submitted,1100 East 57th Street,60637,1.0,,Hyde Park,Library,604950,1971,1,7546,,22055437.3,577945,47269051,31850121.2,,168.2,245,167.9,245.1,7933.8,13.1,41.891659,-87.622204,POINT (-87.622204 41.891659),2023-102452
2023,162351,Resurrection College Prep High School,Submitted,7500 W Talcott,60631,1.0,,Norwood Park,K-12 School,169870,1962,1,,30,4682734.4,12682989.6,,,,102.2,155.6,117.8,171,1328.9,7.8,41.930187,-87.711056,POINT (-87.711056 41.930187),2023-162351
2023,254059,Safer Foundation,Not Covered 2024,3210 W Arthington St,60624,,true,East Garfield Park,Residential,,,,,,,,,,,,,,,,,41.870881,-87.63946,POINT (-87.63946 41.870881),2023-254059
2023,158651,1350-60 N LSD,Submitted,1350 N Lake Shore Dr.,60610,3.0,,Near North Side,Multifamily Housing,726800,1951,2,31101,47,15196630.5,45592997.6,,,,83.6,124.4,89.8,130.4,4548,6.3,41.849931,-87.633786,POINT (-87.633786 41.849931),2023-158651
2023,236816,401 East Ontario Condominiums,Submitted,401 East Ontario,60611,4.0,,Near North Side,Multifamily Housing,450000,1988,1,11842,92,5219856.7,20748291.1,,,,57.7,80.9,57.8,81.2,1832.4,4.1,41.829365,-87.66778,POINT (-87.66778 41.829365),2023-236816
2023,251220,The John Marshall Law School,Not Submitted,304 S State St,60604,0.0,,Loop,College/University,,,,,,,,,,,,,,,,,41.99904,-87.660512,POINT (-87.660512 41.99904),2023-251220
2023,251387,Woodson South -CPS,Not Covered 2024,4414 S Evans Ave,60653,,true,Grand Boulevard,K-12 School,,,,,,,,,,,,,,,,,41.745937,-87.652255,POINT (-87.652255 41.745937),2023-251387
2023,172296,,Not Submitted,412  S Wells St,60607,0.0,,Loop,Residential,,,,,,,,,,,,,,,,,41.88539,-87.618987,POINT (-87.618987 41.88539),2023-172296
2023,117509,Hyde Park Shopping Center,Submitted,1500-1554 E 55th St,60615,4.0,,Hyde Park,Supermarket/Grocery Store,71125,1991,1,,98,2073706.5,7937546.3,,,,140.8,198.8,140.8,198.8,711.8,10,41.954101,-87.71996,POINT (-87.71996 41.954101),2023-117509
2023,251960,Latin School of Chicago Middle School,Not Submitted,45 W North Blvd,60610,0.0,,Near North Side,K-12 School,,,,,,,,,,,,,,,,,42.012127,-87.6722,POINT (-87.6722 42.012127),2023-251960
2023,234838,Michigan Avenue Tower II Condominium Association,Submitted,1400 South Michigan Avenue,60605,2.5,,Near South Side,Multifamily Housing,344016,2008,1,,59,9645160.8,13131056.2,,,,66.2,118.6,71.3,125.7,2047,6,41.938842,-87.641471,POINT (-87.641471 41.938842),2023-234838
2023,158780,4001 N. Ravenswood  LLC,Submitted,4001 N Ravenswood,60613,3.0,,Lake View,Other,76800,2008,1,,,1325459,1155173.4,,,,32.3,64.1,36.6,68.7,246.8,3.2,41.891372,-87.630972,POINT (-87.630972 41.891372),2023-158780
2023,160455,Infinite Chicago (nf04),Submitted,28 E Jackson Blvd,60604,4.0,,Loop,Multifamily Housing,216656,1911,2,8996,95,4884786.6,7216431.2,,,,55.9,98.1,60.8,104.7,1066.8,4.9,41.895674,-87.636372,POINT (-87.636372 41.895674),2023-160455
2023,251379,IBEW Local 134,Submitted,2722 S. Martin Luther King Drive,60616,2.0,,Douglas,Office,69350,1962,1,,47,2908398.4,2213992,,,,75,152.1,80.6,159.2,535.7,7.7,41.748096,-87.687871,POINT (-87.687871 41.748096),2023-251379
2023,256781,754 S Wabash,Submitted,754 S Wabash,60605,4.0,,Loop,College/University,122256,2019,1,40877,,3878532.3,2150186.9,,,,49.3,107.3,52.5,110.6,656.9,5.4,41.893793,-87.702298,POINT (-87.702298 41.893793),2023-256781
2023,244809,Malibu Condominium,Submitted,6007 N. Sheridan Rd.,60660,4.0,,Edgewater,Multifamily Housing,510600,1969,1,,85,18117067.6,,,,,35.5,99.3,39.1,109.6,2534.9,5,41.889932,-87.708951,POINT (-87.708951 41.889932),2023-244809
2023,101787,111 N Canal,Submitted,111 N. Canal St.,60606,4.0,,Near West Side,Office,983470,1918,1,3814,90,57085491.9,18882005.6,,,,77.2,182.7,80.7,186.8,8990.3,9.1,41.893576,-87.659367,POINT (-87.659367 41.893576),2023-101787
2023,257081,RIU Plaza Hotel,Not Covered 2024,150 E Ontario St,60611,,true,Near North Side,,,,,,,,,,,,,,,,,,41.893563,-87.623511,POINT (-87.623511 41.893563),2023-257081
2023,234823,525 Hawthorne Place Condominium Association,Submitted,525 W Hawthorne Place,60657,4.0,,Lake View,Multifamily Housing,275772,1969,1,,84,5169943.5,13075967.3,,,,66.2,102.3,72.1,108.1,1417.9,5.1,41.852178,-87.623933,POINT (-87.623933 41.852178),2023-234823
2023,175454,Signature Residences Condominium Association,Submitted,207 East 31st Street,60616,4.0,,Douglas,Multifamily Housing,51375,2008,1,,90,805191.8,1707571.8,,,,48.9,78.8,54,84.5,203.4,4,41.860168,-87.622356,POINT (-87.622356 41.860168),2023-175454
2023,102239,Lake Park Crescent - Midrise,Submitted,1061 E 41st Pl,60653,2.5,,Oakland,Multifamily Housing,108147,2004,1,3776,35,2579200.3,6399209.1,,,,83,128.9,89.2,135,700.8,6.5,41.935809,-87.639553,POINT (-87.639553 41.935809),2023-102239
2023,254344,Alden Estate of Northmoor,Submitted,5831 N Northwest Hwy,60631,1.0,,Norwood Park,Senior Living Community,83872,1994,1,,14,5721893.9,9677831.7,,,,183.6,312.2,195.9,322.5,1314.6,15.7,41.880739,-87.733911,POINT (-87.733911 41.880739),2023-254344
2023,251238,560 W Fulton Condo Assoc.,Submitted,560 W Fulton,60661,4.0,,Near West Side,Multifamily Housing,63803,2000,1,,96,1084599.4,2218899.7,,,,51.8,84.1,58.1,91.1,269.6,4.2,41.87647,-87.653321,POINT (-87.653321 41.87647),2023-251238
2023,256248,The Sinclair (nl97) (sz63),Submitted,1201 North Lasalle Street,60610,2.0,,Near North Side,Multifamily Housing,595002,2017,1,15156,47,12679897.4,28130004.5,,,,68.6,109.3,74.1,115.6,3268.3,5.5,42.002438,-87.661191,POINT (-87.661191 42.002438),2023-256248
2023,251529,Lovett,Submitted,6333 W Bloomingdale Ave,60639,2.0,,Austin,K-12 School,85200,1927,2,,50,1390881.3,4994570.1,,,,74.9,107.3,84.9,118.5,459.9,5.4,41.946343,-87.644746,POINT (-87.644746 41.946343),2023-251529
2023,244613,Lofts and Fairbanks at CityFront Plaza,Submitted,240 E. Illinois St.,60611,3.5,,Near North Side,Multifamily Housing,591989,2006,1,,73,17186133.5,39115533.3,,,,95.1,150.7,102.2,160,4482.3,7.6,41.928824,-87.673042,POINT (-87.673042 41.928824),2023-244613
2023,103614,Ann & Robert H. Lurie Children's Hospital of Chicago,Submitted,225 E Chicago Ave,60611,4.0,,Near North Side,Hospital (General Medical & Surgical),1287909,2012,1,,76,114429684.1,157733355.4,,,,213,379,220,385.7,24545.5,19.1,42.009034,-87.664768,POINT (-87.664768 42.009034),2023-103614
2023,244099,Trump,Submitted,401 N. Wabash,60611,2.0,,Near North Side,Mixed Use Property,2125888,2008,1,,43,102703049.3,19891431.4,,,,57.7,145.1,60.4,152.5,15426.7,7.3,41.841335,-87.734348,POINT (-87.734348 41.841335),2023-244099
2023,244102,River City,Submitted,800 S. Wells Street,60607,,true,Loop,Mixed Use Property,993312,1986,1,,,31911838.4,21768121.8,,,,54,113,57.9,117,5621.3,5.7,41.929269,-87.640811,POINT (-87.640811 41.929269),2023-244102
2023,172307,,Not Submitted,1828  S Wentworth Ave,60616,0.0,,Armour Square,Residential,,,,,,,,,,,,,,,,,41.872967,-87.633448,POINT (-87.633448 41.872967),2023-172307
2023,129459,2430 N Halsted,Submitted,2430 N Halsted Street,60614,3.0,,Lincoln Park,Laboratory,125110,1993,1,2669,,11191327.5,16362492.5,,,,220.2,387.8,238.9,407.7,2435,19.5,42.006593,-87.678117,POINT (-87.678117 42.006593),2023-129459
2023,175232,Ivy at Carlson,Submitted,1401 E Hyde Park,60615,4.0,,Hyde Park,Multifamily Housing,55932,1926,1,,82,483477.3,3607005.7,,,,73.1,91.9,80.2,99.2,259.2,4.6,41.869922,-87.708334,POINT (-87.708334 41.869922),2023-175232
2023,173934,5316 S Dorchester,Submitted,"5316 S Dorchester Ave,",60615,2.0,,Hyde Park,Multifamily Housing,61422,1990,1,,47,831685.6,4659360.3,,,,89.4,117.6,99.4,128.4,363.9,5.9,41.979418,-87.716216,POINT (-87.716216 41.979418),2023-173934
2023,254327,3125 W Fullerton,Submitted,3125 W Fullerton Avenue,60610,4.0,,Logan Square,Multifamily Housing,155000,2007,1,,96,2475333.6,3915883,,,,41.2,71.2,45.1,75.8,554.3,3.6,41.838055,-87.6538,POINT (-87.6538 41.838055),2023-254327
2023,102487,Pine Grove Apartments,Submitted,3639 N. Pine Grove,60613,3.0,,Lake View,Multifamily Housing,100338,1968,1,7,62,1740393,8433617.2,,,,101.4,136.8,109.1,145,691.5,6.9,41.872086,-87.76443,POINT (-87.76443 41.872086),2023-102487
2023,175954,Walmart Supercenter #5617,Submitted,4626 W. Diversey Ave.,60639,1.5,,Hermosa,Wholesale Club/Supercenter,116720,2013,1,,39,8623418.6,4758545.5,,,,114.7,249.7,120.2,254.5,1459.3,12.5,41.969366,-87.667705,POINT (-87.667705 41.969366),2023-175954
2023,251684,Marine Leadership at Ames HS,Submitted,1920 N Hamlin Ave,60647,4.0,,Logan Square,K-12 School,126540,1997,1,,65,3320186.3,3567569.9,,,,54.4,103.1,60.4,109.3,654,5.2,42.014041,-87.663971,POINT (-87.663971 42.014041),2023-251684
2023,175603,Gateway Centre 175603 Building A (Marshalls),Submitted,1701-1741 W. Howard,60626,2.0,,Rogers Park,Strip Mall,66676,1980,1,,,2714736.1,6850294,,,,143.5,221.9,168.8,245.5,743.7,11.2,41.810566,-87.675322,POINT (-87.675322 41.810566),2023-175603
2023,250149,216 W Jackson Blvd,Not Covered 2024,216 W Jackson Blvd,60606,,true,Loop,Office,,,,,,,,,,,,,,,,,41.880769,-87.633875,POINT (-87.633875 41.880769),2023-250149
2023,254010,824 West Superior Condominium Association,Submitted,824 W. Superior St.,60642,2.5,,West Town,Multifamily Housing,66000,2004,1,,57,1767619.9,3268938.8,,,,76.3,127,86.6,138.6,421,6.4,42.00562,-87.662824,POINT (-87.662824 42.00562),2023-254010
2023,251447,Foster Park Elementary -CPS,Not Covered 2024,8500 S Wood St,60620,,true,Auburn Gresham,K-12 School,,,,,,,,,,,,,,,,,41.73895,-87.668261,POINT (-87.668261 41.73895),2023-251447
2023,256856,The Maynard at Elaine Place,Not Submitted,3444 N Elaine Pl,60657,0.0,,Lake View,Residential,,,,,,,,,,,,,,,,,41.87025,-87.624278,POINT (-87.624278 41.87025),2023-256856
2023,112762,Royalton Condominium Association,Submitted,6800 N California Ave,60645,3.5,,West Ridge,Multifamily Housing,125600,1963,1,,72,1665680.4,6017700.1,,,,61.2,87.4,68.1,93.8,552.7,4.4,41.892716,-87.624044,POINT (-87.624044 41.892716),2023-112762
2023,111038,(IL635) - 600 N. Lake Shore Drive Condominium Association (600 N. Lake Shore Dr),Submitted,600 N. Lake Shore Drive,60611,2.0,,Near North Side,Multifamily Housing,808695,2007,1,,48,18352715.5,52733837.5,,,,87.9,132,93.8,137.8,5368.9,6.6,41.861837,-87.62714,POINT (-87.62714 41.861837),2023-111038
2023,118737,CHICAGO PETERSON AVE (2079),Submitted,2112 W Peterson Ave,60659,3.5,,West Ridge,Retail Store,160177,2006,1,1181,72,7857437.3,5797500.2,,,,85.2,175.4,91.3,180.4,1407.3,8.8,41.925407,-87.658062,POINT (-87.658062 41.925407),2023-118737
2023,253946,"Lakeview Pointe Condominium Association, Inc.",Submitted,7736-7772 N. Sheridan Rd.,60626,4.0,,Rogers Park,Multifamily Housing,80000,2003,1,,98,1635992.3,787352.4,,,,30.3,67.6,31.4,67.6,270.7,3.4,41.900761,-87.622618,POINT (-87.622618 41.900761),2023-253946
2023,238554,336 Wellington Association,Submitted,336 W Wellington,60657,4.0,,Lake View,Multifamily Housing,135081,1967,1,,81,2327771.9,9780871.1,,,,89.6,124.3,99.5,135,845.2,6.3,41.933001,-87.640338,POINT (-87.640338 41.933001),2023-238554
2023,106221,534 West Stratford,Submitted,532 - 536 West Stratford Place,60657,4.0,,Lake View,Multifamily Housing,158002,1926,1,,96,1188539.5,7685971.3,,,,56.2,72.1,62.7,78.7,574.5,3.6,41.876216,-87.631602,POINT (-87.631602 41.876216),2023-106221
2023,251505,Hawthorne,Submitted,3319 N Clifton Ave,60657,3.5,,Lake View,K-12 School,71199,1930,3,,58,1361360.7,3075710,,,,62.3,98.9,72,109.1,353.8,5,42.003676,-87.66826,POINT (-87.66826 42.003676),2023-251505
2023,175734,617-Downtown Chicago,Not Covered 2024,620 N Lasalle St,60654,,true,Near North Side,Retail Store,,,,,,,,,,,,,,,,,41.769213,-87.57,POINT (-87.57 41.769213),2023-175734
2023,105530,6900 S Crandon,Submitted,6900 S Crandon,60649,1.0,,South Shore,Multifamily Housing,105140,1930,1,,24,1870822.7,11182264.7,,,,124.1,161.5,138,176.1,855.7,8.1,42.012128,-87.692202,POINT (-87.692202 42.012128),2023-105530
2023,172347,River West Lofts,Submitted,925 W Huron,60642,4.0,,West Town,Multifamily Housing,177000,1910,1,,68,3478115.3,9401932.6,,,,72.8,110.8,82.5,120.5,986,5.6,41.884883,-87.750482,POINT (-87.750482 41.884883),2023-172347
2023,254568,Madison Aberdeen,Not Submitted,20 22 N Aberdeen St,60607,0.0,,Near West Side,Residential,,,,,,,,,,,,,,,,,41.89549,-87.633832,POINT (-87.633832 41.89549),2023-254568
2023,251566,Beidler Elementary -CPS,Not Covered 2024,3151 W Walnut St,60612,,true,East Garfield Park,K-12 School,,,,,,,,,,,,,,,,,41.928161,-87.643127,POINT (-87.643127 41.928161),2023-251566
2023,240019,(IL298) - 1555 Astor Condo (1555 N. Astor Street),Submitted,1555 N. Astor Street,60610,1.0,,Near North Side,Multifamily Housing,309676,1974,1,,12,16768238,11055971.1,,,,89.8,189.1,98.8,209.7,2933.4,9.5,41.899149,-87.620766,POINT (-87.620766 41.899149),2023-240019
2023,175813,The Mark Condominium Association,Submitted,4260 N Broadway St,60613,4.0,,Uptown,Multifamily Housing,52779,2007,1,,88,1040452.7,1720601.9,,,,52.3,89.4,53.6,93.1,237,4.5,41.720251,-87.657525,POINT (-87.657525 41.720251),2023-175813
2023,257180,905 Fulton Market,Submitted,905 W Fulton Street,60607,3.5,,Near West Side,Office,100644,2020,1,3255,73,3776021.9,2008352.5,,,,57.5,126,61.3,130,635,6.3,41.886576,-87.650276,POINT (-87.650276 41.886576),2023-257180
2023,160341,247 East Chestnut Condominium Association,Submitted,247 East Chestnut,60611,3.5,,Near North Side,Multifamily Housing,128464,1955,1,,71,2656289.2,6653558.3,,,,72.5,112.3,79,118.8,725.1,5.6,41.840441,-87.694115,POINT (-87.694115 41.840441),2023-160341
2023,112188,Dunbar Vocational Acad HS -CPS,Not Covered 2024,3000 S King Dr,60616,,true,Douglas,K-12 School,,,,,,,,,,,,,,,,,41.893825,-87.638453,POINT (-87.638453 41.893825),2023-112188
2023,254993,400 West Huron Condominium Association,Submitted,400 W Huron St,60654,1.0,,Near North Side,Multifamily Housing,78253,2017,1,,3,3298572.8,6253562.2,,,,122.1,201.9,134.8,217.2,793.7,10.1,41.873971,-87.674056,POINT (-87.674056 41.873971),2023-254993
2023,256419,Crown Hall,Not Submitted,3360 S State Street,60616,0.0,,Douglas,Commercial,,,,,,,,,,,,,,,,,41.796198,-87.723392,POINT (-87.723392 41.796198),2023-256419
2023,252316,Sylvia Center,Not Submitted,4615 N Clifton Ave,60640,0.0,,Uptown,Residential,,,,,,,,,,,,,,,,,41.936367,-87.639573,POINT (-87.639573 41.936367),2023-252316
2023,101790,The Jewelers Building,Submitted,35 East Wacker Drive,60601,4.0,,Loop,Office,621390,1927,1,,72,20444359.6,20849366,,,,66.5,127.4,71.6,132.7,3968,6.4,41.880845,-87.628591,POINT (-87.628591 41.880845),2023-101790
2023,101839,120 South Riverside Plaza,Submitted,120 South Riverside Plaza,60606,4.0,,Near West Side,Office,787045,1966,1,,95,13388602.9,16910099.8,,,,38.5,70.2,43.2,75.1,2771.5,3.5,41.874325,-87.665142,POINT (-87.665142 41.874325),2023-101839
2023,250069,Altgeld Gardens,Submitted,925 E. 130th Street,60627,1.0,,Riverdale,Multifamily Housing,1182400,1945,236,,12,44384043.3,96830596.7,,,,119.4,191.1,129.1,202.9,10199.7,8.6,41.930745,-87.64084,POINT (-87.64084 41.930745),2023-250069
2023,257155,,Not Covered 2024,1229 W Concord Pl,60642,,true,West Town,Commercial,,,,,,,,,,,,,,,,,41.913207,-87.658868,POINT (-87.658868 41.913207),2023-257155
2023,134982,616 Fulton Lofts Condominium Association,Submitted,616 W. Fulton St.,60661,4.0,,Near West Side,Multifamily Housing,161167,1997,1,,97,2789297.8,4940401.6,,,,48,80.6,53.7,86.1,652.7,4,41.785857,-87.597379,POINT (-87.597379 41.785857),2023-134982
2023,251597,OKeeffe,Submitted,6940 S Merrill Ave,60649,1.5,,South Shore,K-12 School,95310,1925,3,,34,2208249.8,5639609.9,,,,82.3,127,97,145.7,608.5,6.4,41.939784,-87.639693,POINT (-87.639693 41.939784),2023-251597
2023,255920,The Western,Submitted,"1912, 1914, & 1920 N Milwaukee Ave",60647,2.0,,Logan Square,Multifamily Housing,61393,1907,3,,42,2910783.7,1462306.5,,,,71.2,157.8,71.2,157.8,484.9,7.9,41.905899,-87.630193,POINT (-87.630193 41.905899),2023-255920
2023,252247,222 E. Chestnut Condominium Association,Submitted,222 E. Chestnut St.,60611,3.5,,Near North Side,Multifamily Housing,121000,1929,1,,78,1273840.4,6873789.8,,,,67.3,89.1,74.6,97.1,543.3,4.5,41.90501,-87.625992,POINT (-87.625992 41.90501),2023-252247
2023,251595,Nixon,Submitted,2121 N Keeler Ave,60639,1.5,,Hermosa,K-12 School,130113,1896,2,,40,3541529.7,5339160,,,,68.3,119.3,74.7,126.1,779.1,6,41.835955,-87.61335,POINT (-87.61335 41.835955),2023-251595
2023,101043,Manley Career Academy HS -CPS,Not Covered 2024,2935 W Polk St,60612,,true,East Garfield Park,K-12 School,,,,,,,,,,,,,,,,,41.945746,-87.641955,POINT (-87.641955 41.945746),2023-101043
2023,251926,Mondial River West,Not Submitted,910 W Huron St,60642,0.0,,West Town,Multifamily Housing,,,,,,,,,,,,,,,,,41.876775,-87.647613,POINT (-87.647613 41.876775),2023-251926
2023,134775,116 S. Michigan Ave.,Submitted,116 S. Michigan Ave.,60603,4.0,,Loop,College/University,114507,1906,1,,,729634.1,250600,,,,8.6,20.1,8.8,20.7,115.4,1,41.773826,-87.799742,POINT (-87.799742 41.773826),2023-134775
2023,240122,(IL578) - Six N. Michigan (6 N. Michigan),Submitted,6 N. Michigan,60602,1.0,,Loop,Multifamily Housing,230203,1898,1,,22,6362937.9,12906977,,,,83.7,136.3,83.3,135.2,1575.9,6.8,41.905897,-87.627181,POINT (-87.627181 41.905897),2023-240122
2023,158841,Sullivan HS,Submitted,6631 N Bosworth Ave,60626,3.5,,Rogers Park,K-12 School,218067,1926,1,,56,3459147,14712160,,,,83.3,115.3,101.4,134.3,1265.4,5.8,41.778866,-87.596518,POINT (-87.596518 41.778866),2023-158841
2023,173875,"6161-6165 N. Winthrop, L.L.C.",Submitted,6165 N. Winthrop Avenue,60660,4.0,,Edgewater,Multifamily Housing,50901,1925,1,,68,1419096.3,3032342.8,,,,87.5,140.6,97.2,150.1,359.6,7.1,41.869017,-87.62841,POINT (-87.62841 41.869017),2023-173875
2023,251513,Dawes,Submitted,3810 W 81st Pl,60652,1.5,,Ashburn,K-12 School,90061,1954,3,,37,2395633.5,4052449.8,,,,71.6,121.7,81.5,132.1,550.4,6.1,41.900581,-87.750406,POINT (-87.750406 41.900581),2023-251513
2023,113487,1340 N Dearborn Condominium Association,Submitted,1340 N Dearborn,60610,4.0,,Near North Side,Multifamily Housing,106950,1967,1,,89,2515741.5,1712291.4,,,,39.5,82.7,42.6,89.7,442.9,4.1,41.886136,-87.649677,POINT (-87.649677 41.886136),2023-113487
2023,254374,G&A Senior Residence at Kedzie,Submitted,4054 N Kedzie,60618,4.0,,Irving Park,Multifamily Housing,50181,2015,1,2,45,657860.7,3380928,,,,80.5,107.5,88.8,116.1,271.6,5.4,41.981181,-87.839168,POINT (-87.839168 41.981181),2023-254374
2023,175567,Ivy Hotel Chicago,Not Submitted,233  E Ontario St,60611,0.0,,Near North Side,Residential,,,,,,,,,,,,,,,,,41.886907,-87.647458,POINT (-87.647458 41.886907),2023-175567
2023,254989,Holtschneider Performance Center,Submitted,2330 N. Halstead St.,60614,2.0,,Lincoln Park,Performing Arts,185000,2018,1,,,6209474,14577336.1,,,,112.4,176.7,118.8,183.5,1643.1,8.9,41.756363,-87.634504,POINT (-87.634504 41.756363),2023-254989
2023,101907,225 West Washington,Submitted,225 West Washington,60606,4.0,,Loop,Office,528730,1987,1,2795,76,25096467,,,,,47.5,132.9,50.9,142.5,3511.5,6.6,41.869931,-87.707564,POINT (-87.707564 41.869931),2023-101907
2023,251395,Miñoso,Submitted,3527 S Wallace St,60609,4.0,,Bridgeport,K-12 School,58108,1881,1,,63,809575.5,3062979.8,,,,66.6,94.4,77.4,106.5,276,4.7,41.819304,-87.626634,POINT (-87.626634 41.819304),2023-251395
2023,111633,(IL676) - 2130 N. Lincoln Park West (2130 N. Lincoln Park West),Submitted,2130 N. Lincoln Park West,60614,4.0,,Lincoln Park,Multifamily Housing,139707,1927,1,,85,2224473.2,6525154.7,,,,62.6,93.6,69.9,102,657.8,4.7,41.996883,-87.658571,POINT (-87.658571 41.996883),2023-111633
2023,173863,Pomeroy,Submitted,5650 N Kenmore Ave,60660,3.5,,Edgewater,Multifamily Housing,150000,2011,1,,76,2761403.6,4648600.8,,,,49.4,84.1,54.4,89.4,633.3,4.2,41.852673,-87.663769,POINT (-87.663769 41.852673),2023-173863
2023,254095,Atelier (5556 N. Sheridan Rd.),Submitted,5556 N. Sheridan Rd.,60640,4.0,,Edgewater,Multifamily Housing,110000,2000,1,,96,1149503.6,3845550.7,,,,45.4,66,50.5,71.3,365.1,3.3,41.924895,-87.653448,POINT (-87.653448 41.924895),2023-254095
2023,257117,,Not Covered 2024,225 N Elizabeth St,60607,,true,Near West Side,Commercial,,,,,,,,,,,,,,,,,41.886169,-87.658603,POINT (-87.658603 41.886169),2023-257117
2023,256535,Artis of Lakeview (Senior Living),Not Submitted,3535 N Ashland Ave,60657,0.0,,Lake View,,,,,,,,,,,,,,,,,,41.831329,-87.626788,POINT (-87.626788 41.831329),2023-256535
2023,255919,412 N Wells,Submitted,412 N Wells St.,60654,1.5,,Near North Side,Office,51190,2017,1,,32,2707919,1783827.1,,,,87.7,184.7,90.5,187.6,473.6,9.3,41.853892,-87.625374,POINT (-87.625374 41.853892),2023-255919
2023,158158,Travelodge by Wyndham Downtown Chicago,Not Submitted,61 67 E Harrison St,60605,0.0,,Loop,Residential,,,,,,,,,,,,,,,,,41.79531,-87.58917,POINT (-87.58917 41.79531),2023-158158
2023,102091,Superior West Private Residences,Submitted,101 W. Superior St.,60614,4.0,,Near North Side,Multifamily Housing,111004,2001,1,,90,1986671,2854332.1,,,,43.6,77.1,49.4,82.8,429.6,3.9,41.884525,-87.637216,POINT (-87.637216 41.884525),2023-102091
2023,117750,10568 - EWR Edgewater,Submitted,6009 N. Broadway,60660,1.0,,Edgewater,Supermarket/Grocery Store,55883,2015,1,2976,,9473093.6,7027800,,,,295.3,606.7,311.9,618.1,1698.8,30.4,41.913421,-87.670356,POINT (-87.670356 41.913421),2023-117750
2023,251685,Johnson College Prep,Submitted,6350 S Stewart St,60621,2.5,,Englewood,K-12 School,63816,1963,1,,37,1791654.6,5120410.1,,,,108.3,162.9,120.7,175.9,511.5,8,41.877975,-87.638422,POINT (-87.638422 41.877975),2023-251685
2023,254075,JeffJack,Submitted,601 West Jackson,60661,3.0,,Near West Side,Multifamily Housing,195769,2015,1,,61,6672707.2,7116530.1,,,,70.4,133.6,74.8,138.2,1311.6,6.7,41.891682,-87.632731,POINT (-87.632731 41.891682),2023-254075
2023,103778,Weiss Memorial Hospital,Not Submitted,4646 N Marine Dr,60640,0.0,,Uptown,Hospital (General Medical & Surgical),,,,,,,,,,,,,,,,,41.891419,-87.638221,POINT (-87.638221 41.891419),2023-103778
2023,174221,025110 - Stony Island Plaza,Not Submitted,1617 - 1754 E 95th St,60617,0.0,,South Deering,Strip Mall,,,,,,,,,,,,,,,,,41.808656,-87.614003,POINT (-87.614003 41.808656),2023-174221
2023,173935,6920 S Crandon,Submitted,6920 S Crandon,60649,1.0,,South Shore,Multifamily Housing,66994,1964,1,,26,1572082.4,5396438.5,,,,104,150.3,114.1,162.2,506.6,7.6,41.819454,-87.616092,POINT (-87.616092 41.819454),2023-173935
2023,257118,,Not Covered 2024,1101 W Van Buren St,60607,,true,Near West Side,,,,,,,,,,,,,,,,,,41.876338,-87.654702,POINT (-87.654702 41.876338),2023-257118
2023,234885,3033 Sheridan Tower Condominium Association,Not Submitted,3033 N Sheridan Rd,60657,0.0,,Lake View,Multifamily Housing,,,,,,,,,,,,,,,,,41.953021,-87.786956,POINT (-87.786956 41.953021),2023-234885
2023,252279,Lunt Lake Cooperative Apartments,Submitted,1122-40 W Lunt Ave,60626,4.0,,Rogers Park,Multifamily Housing,110760,1949,3,,94,1237360.9,5413689,,,,60,82.6,66.7,89.8,460.7,4.2,41.886704,-87.625496,POINT (-87.625496 41.886704),2023-252279
2023,244550,2650 N Lakeview Avenue,Submitted,2650 N Lakeview Avenue,60614,1.5,,Lincoln Park,Multifamily Housing,473000,1972,1,,36,12185382.8,29285016.4,,,,87.7,137.1,95.6,144.8,3260.4,6.9,41.948781,-87.757153,POINT (-87.757153 41.948781),2023-244550
2023,102456,Sunny Gym,Submitted,5823 South Kenwood Avenue,60637,2.5,,Hyde Park,Fitness Center/Health Club/Gym,63929,1929,1,893,,2095899,,6810217.4,,,139.3,220,153,236.3,745.4,11.7,41.891696,-87.634146,POINT (-87.634146 41.891696),2023-102456
2023,244758,Americana Towers Condominium,Submitted,1636 N. Wells,60614,2.0,,Lincoln Park,Multifamily Housing,355628,1972,1,,47,9445744.5,20378426.8,,,,83.9,134.5,90.3,140.9,2404,6.8,41.875247,-87.627767,POINT (-87.627767 41.875247),2023-244758
2023,251587,Charles W Earle Elementary -CPS,Not Covered 2024,6121 S Hermitage Ave,60636,,true,West Englewood,K-12 School,,,,,,,,,,,,,,,,,41.980941,-87.65526,POINT (-87.65526 41.980941),2023-251587
2023,173831,YMCA of Metro Chicago,Not Submitted,3333 N Marshfield Ave,60657,0.0,,Lake View,Residential,,,,,,,,,,,,,,,,,41.953314,-87.776932,POINT (-87.776932 41.953314),2023-173831
2023,159954,AlgonOuin #6,Submitted,1606 E. Hyde Park Boulevard,60615,1.0,,Kenwood,Multifamily Housing,59310,1950,1,,17,2685656.9,2070130,,,,80.2,163.4,83.4,166.9,485.7,8.2,41.802826,-87.585565,POINT (-87.585565 41.802826),2023-159954
2023,116534,,Not Submitted,410  E Bowen Ave,60653,0.0,,Grand Boulevard,Residential,,,,,,,,,,,,,,,,,41.816909,-87.607528,POINT (-87.607528 41.816909),2023-116534
2023,257189,Hazel Winthrop,Submitted,852-854 W. Sunnyside,60640,4.0,,Uptown,Multifamily Housing,62800,1899,4,4038,88,557160.4,3494259.8,,,,64.5,83.3,72.2,91.8,263.6,4.2,41.963772,-87.652249,POINT (-87.652249 41.963772),2023-257189
2023,257072,,Not Covered 2024,21 N May St,60607,,true,Near West Side,Residential,,,,,,,,,,,,,,,,,41.882389,-87.655225,POINT (-87.655225 41.882389),2023-257072
2023,250019,Calumet Park,Not Submitted,9801 S Avenue G,60617,0.0,,East Side,Other - Recreation,,,,,,,,,,,,,,,,,41.930424,-87.648787,POINT (-87.648787 41.930424),2023-250019
2023,229016,Fulton House Condominium Association,Submitted,345 N. Canal St.,60606,2.5,,Near West Side,Multifamily Housing,175456,1900,1,,55,7544568.2,,,,,43,120.4,47.9,134.2,1055.6,6,41.880528,-87.624209,POINT (-87.624209 41.880528),2023-229016
2023,254115,Archer Building Lofts Condominium Association,Submitted,2310 S. Canal Street,60616,4.0,,Armour Square,Multifamily Housing,99000,2000,1,,95,1621009.9,3158233,,,,48.3,79.3,54.1,86.1,394.6,4,42.011713,-87.682719,POINT (-87.682719 42.011713),2023-254115
2023,106125,5631-35 N Kenmore,Submitted,5631-35 N. Kenmore,60660,4.0,,Edgewater,Multifamily Housing,56439,1932,1,,93,590925.6,3286268.3,,,,68.7,90.5,78.9,101.1,257.2,4.6,41.893389,-87.627702,POINT (-87.627702 41.893389),2023-106125
2023,252072,641 W Lake,Submitted,641 W Lake Street,60661,4.0,,Near West Side,Office,96235,1903,1,,,779240.9,1967606.2,,,,28.5,44.1,33.1,48.9,213.5,2.2,41.89816,-87.628387,POINT (-87.628387 41.89816),2023-252072
2023,102552,Palmer Kedzie Condominium Association,Submitted,3127-45 W Palmer,60647,3.5,,Logan Square,Multifamily Housing,60000,2005,1,,51,985900.4,3641274.1,,,,77.1,109.7,89.3,123,331.4,5.5,41.782043,-87.671699,POINT (-87.671699 41.782043),2023-102552
2023,160244,No. 10 Urban Court Lofts,Submitted,1040 W. Adams St.,60607,4.0,,Near West Side,Multifamily Housing,387336,2005,1,,96,6498069,11732041.1,,,,47.1,78.8,50.5,81.8,1532.4,4,41.878041,-87.630493,POINT (-87.630493 41.878041),2023-160244
2023,175357,Schatz Building,Submitted,610 N Fairbanks Ct,60611,3.0,,Near North Side,Retail Store,72000,1917,1,,,490021.2,3101570,,,,49.9,64.3,56.3,71.1,233.3,3.2,41.933474,-87.645599,POINT (-87.645599 41.933474),2023-175357
2023,173763,425 Roscoe,Submitted,425-27 West Roscoe Street,60657,4.0,,Lake View,Multifamily Housing,50500,1925,1,,90,1219078.9,970354.4,,,,43.4,87.8,47,97,222.1,4.4,41.860121,-87.627115,POINT (-87.627115 41.860121),2023-173763
2023,175263,1725 West North Avenue Condominium,Submitted,1725 W North Ave,60622,3.5,,West Town,Multifamily Housing,47509,1916,1,,79,918175.7,830034,,,,36.8,72.5,40.3,77.9,172.6,3.6,41.974795,-87.677704,POINT (-87.677704 41.974795),2023-175263
2023,171880,Noble Street Lofts Condominium,Submitted,515 N. Noble St.,60642,4.0,,West Town,Multifamily Housing,66000,1989,1,,71,1305487.8,2447420.5,,,,56.9,94.3,62.3,99.7,312.7,4.7,41.77857,-87.634865,POINT (-87.634865 41.77857),2023-171880
2023,103804,190 N. State Street,Submitted,190 N. State Street,60601,4.0,,Loop,Office,230000,1917,1,,85,9091363,,,,,39.5,110.7,39.5,110.7,1272.1,5.5,41.87146,-87.629727,POINT (-87.629727 41.87146),2023-103804
2023,256553,Lincoln Common A2,Submitted,2335 N Lincoln,60614,4.0,,Lincoln Park,Multifamily Housing,284297,2019,1,,85,9201066.6,,,,,32.4,90.6,32.7,91.6,1287.4,4.5,41.856799,-87.618987,POINT (-87.618987 41.856799),2023-256553
2023,117702,Ace Technical Charter HS -CPS,Not Covered 2024,5400 S State St,60609,,true,Washington Park,K-12 School,,,,,,,,,,,,,,,,,41.882139,-87.62607,POINT (-87.62607 41.882139),2023-117702
2023,115775,,Not Submitted,6715 6723 S Paxton Ave,60649,0.0,,South Shore,Residential,,,,,,,,,,,,,,,,,41.86984,-87.627332,POINT (-87.627332 41.86984),2023-115775
2023,101971,Corboy Law Center-ID# 101971,Submitted,25 E. Pearson St.,60611,2.0,,Near North Side,College/University,306560,2004,1,3005,,17039737.4,7981671.8,,,,81.6,183,87.6,190.3,2808.1,9.2,41.8121,-87.603803,POINT (-87.603803 41.8121),2023-101971
2023,173929,Parkland Condominiums,Not Submitted,6701 S Crandon Ave,60649,0.0,,South Shore,Residential,,,,,,,,,,,,,,,,,41.879183,-87.647426,POINT (-87.647426 41.879183),2023-173929
2023,253980,"Bank Note Place, LLC",Submitted,120 E Cullerton,60616,4.0,,Near South Side,Multifamily Housing,161000,1902,1,,81,2585651,8448084.2,,,,68.5,100.1,75.3,106.9,810.5,5,41.99882,-87.657901,POINT (-87.657901 41.99882),2023-253980
2023,119808,McGowan South,Submitted,1110 W. Belden,60614,1.0,,Lincoln Park,College/University,127900,2008,1,,,8992902.4,13000564.3,,,,172,303.6,184.1,315,1948.8,15.2,41.86181,-87.629695,POINT (-87.629695 41.86181),2023-119808
2023,251720,Chiarts HS,Submitted,2714 W Augusta Blvd,60622,4.0,,West Town,K-12 School,171400,1892,3,,84,2634029.7,6222220,,,,51.7,81.1,60.8,90.7,699,4.1,41.911085,-87.630632,POINT (-87.630632 41.911085),2023-251720
2023,175747,Windy City South LLC,Submitted,2036 S Michigan Ave,60616,3.0,,Near South Side,Multifamily Housing,139900,1920,1,,67,2179210.3,6655600,,,,63.2,93.6,69.8,100.6,658.4,4.7,41.775112,-87.669126,POINT (-87.669126 41.775112),2023-175747
2023,251263,Gold Coast Galleria,Submitted,111 West Maple Street,60610,,true,Near North Side,Mixed Use Property,462140,1991,1,,,18591011.5,11866510.8,,,,65.9,139.6,70.6,148,3231.5,7,41.83825,-87.623588,POINT (-87.623588 41.83825),2023-251263
2023,122919,"1241AS - Chicago, IL",Submitted,1341 N Paulina,60622,4.0,,West Town,Supermarket/Grocery Store,52422,1984,1,2451,67,7881303.3,4667899.9,,,,239.4,514.5,245.1,518.1,1350.7,25.8,41.908857,-87.637704,POINT (-87.637704 41.908857),2023-122919
2023,175292,Tree Studios,Submitted,601-623 N. State St.,60654,2.0,,Near North Side,Retail Store,55500,1912,1,,,1441709.9,3039299.9,,,,80.7,130.2,90.9,141.1,363.2,6.5,41.79503,-87.791508,POINT (-87.791508 41.79503),2023-175292
2023,251889,Smyser,Submitted,4310 N Melvina Ave,60634,3.5,,Portage Park,K-12 School,78111,1932,3,,59,1283976.5,3929840.3,,,,66.7,98.9,79.6,112.3,388.4,5,41.928107,-87.643345,POINT (-87.643345 41.928107),2023-251889
2023,255953,311 W. Illinois,Submitted,311 W. Illinois Street,60654,4.0,,Near North Side,Multifamily Housing,291091,2017,1,,73,7349334.1,6652979.8,,,,48.1,94.7,50.3,97.2,1381.7,4.7,41.889393,-87.626515,POINT (-87.626515 41.889393),2023-255953
2023,100730,Congress Center,Submitted,525 W. Van Buren,60607,3.5,,Near West Side,Office,527238,2000,1,2083,80,19450287.6,,,,,36.9,103.3,39.6,110.9,2721.5,5.2,41.803312,-87.585484,POINT (-87.585484 41.803312),2023-100730
2023,159575,Webster House Apartments,Not Submitted,2150 N Lincoln Park,60614,0.0,,Lincoln Park,Residential,,,,,,,,,,,,,,,,,41.973451,-87.652954,POINT (-87.652954 41.973451),2023-159575
2023,102987,,Not Submitted,4048  S Lake Park Ave,60653,0.0,,Oakland,Residential,,,,,,,,,,,,,,,,,41.807155,-87.666001,POINT (-87.666001 41.807155),2023-102987
2023,256426,Galvin Library,Not Submitted,35 W 33rd Street,60616,0.0,,Douglas,Commercial,,,,,,,,,,,,,,,,,41.898106,-87.618097,POINT (-87.618097 41.898106),2023-256426
2023,145926,"MAM 7301 Sheridan, LLC",Submitted,7301 N. Sheridan Rd.,60626,4.0,,Rogers Park,Multifamily Housing,74884,1922,1,,87,1442251.3,3925681.3,,,,71.7,109,81.5,119,410.3,5.5,41.879543,-87.633608,POINT (-87.633608 41.879543),2023-145926
2023,129245,The Millworks Condo Association,Submitted,2011 W. Belmont Ave.,60618,0.0,,North Center,Multifamily Housing,61176,1947,1,,91,928231,1627954.4,,,,41.8,70.4,54,83,210.6,3.4,41.950682,-87.674216,POINT (-87.674216 41.950682),2023-129245
2023,251712,Penn ES / Kipp Ascend,Submitted,1616 S Avers Ave,60623,1.5,,North Lawndale,K-12 School,158325,1907,1,,37,3275069.5,9746580.1,,,,82.2,122.6,96.1,137.7,975.9,6.2,41.721505,-87.648595,POINT (-87.648595 41.721505),2023-251712
2023,175579,Lakeside Terrace,Submitted,7645 N Sheridan Rd,60626,4.0,,Rogers Park,Multifamily Housing,67662,1920,1,,97,1601478.5,781299,,,,35.2,78.4,38.7,87.5,265.6,3.9,41.921332,-87.648472,POINT (-87.648472 41.921332),2023-175579
2023,260073,Friendly Towers,Submitted,920 W. Wilson,60640,4.0,,Uptown,Multifamily Housing,124768,1923,1,,95,2714725.3,6865889.6,,,,76.8,118.7,84.1,126.9,744.5,6,42.015034,-87.670538,POINT (-87.670538 42.015034),2023-260073
2023,254225,Ray and Joan Kroc Corps Community Center,Submitted,1250 W. 119th St.,60643,1.0,,West Pullman,Fitness Center/Health Club/Gym,158483,2012,1,,,7595329.9,13123300.4,,,,130.7,221.1,139,229.6,1759.8,11.1,41.758361,-87.555093,POINT (-87.555093 41.758361),2023-254225
2023,251423,Ortiz De Dominguez,Submitted,3000 S Lawndale Ave,60623,1.0,,South Lawndale,K-12 School,63900,1996,1,,8,2803681.2,3489889.7,,,,98.5,180.2,110.3,192.6,577.7,9,41.879194,-87.655346,POINT (-87.655346 41.879194),2023-251423
2023,158380,Monroe Building,Submitted,104 S Michigan Avenue,60603,4.0,,Loop,Office,243166,1912,1,1200,79,7328129.3,7645900,,,,61.6,117.4,66.1,121.7,1431.5,5.9,41.883423,-87.628022,POINT (-87.628022 41.883423),2023-158380
2023,118998,Pershing Apartments,Submitted,3845 S State St,60609,3.5,,Douglas,Multifamily Housing,91234,2003,1,,73,2186632.9,3469111.2,,,,62,107,69.5,117.6,476.6,5.2,41.87745,-87.625922,POINT (-87.625922 41.87745),2023-118998
2023,175157,,Not Submitted,829 S Wabash Ave,60605,0.0,,Loop,Residential,,,,,,,,,,,,,,,,,41.914124,-87.798757,POINT (-87.798757 41.914124),2023-175157
2023,174289,770 N. Halsted St.,Submitted,770 N. Halsted St.,60642,3.0,,West Town,Office,151252,1905,1,,64,9455200.4,,,,,62.5,175,66.3,185.6,1323,8.7,41.937565,-87.643211,POINT (-87.643211 41.937565),2023-174289
2023,113688,Cedar Street Corporation,Submitted,70 E Cedar Street,60611,4.0,,Near North Side,Multifamily Housing,75600,1929,1,,85,1185782.7,4465357.5,,,,74.8,105.9,82.8,115.1,403.1,5.3,41.938815,-87.643207,POINT (-87.643207 41.938815),2023-113688
2023,254373,North & Pulaski,Submitted,3949 W North Ave,60647,2.5,,Humboldt Park,Multifamily Housing,75000,2014,1,2581,39,2052756.4,3441000,,,,73.3,124.8,83,141,470,6.3,41.864521,-87.639304,POINT (-87.639304 41.864521),2023-254373
2023,101343,The Resurrection Project - Casa Morelos,Submitted,2015 S Morgan St,60608,4.0,,Lower West Side,Multifamily Housing,54404,2009,1,,92,970608.3,1904472.8,,,,52.8,86.7,56.3,89.9,237,4.4,41.88454,-87.624309,POINT (-87.624309 41.88454),2023-101343
2023,103653,350 North Orleans (Rivion LLC),Submitted,350 North Orleans Street,60654,3.0,,Near North Side,Office,1883966,1975,1,23126,61,99953142,5430389.3,,24954108.4,,69.2,163.6,71.6,171.4,15588.9,8.3,41.899264,-87.62738,POINT (-87.62738 41.899264),2023-103653
2023,115341,,Not Submitted,4880  N Marine Dr,60640,0.0,,Uptown,Residential,,,,,,,,,,,,,,,,,41.88845,-87.717524,POINT (-87.717524 41.88845),2023-115341
2023,101789,200 West Madison (Brightly),Submitted,200 West Madison Street,60606,3.0,,Loop,Office,1001833,1982,1,7646,68,46760788.9,,,,,46.7,130.7,50.8,142.1,6542.8,6.5,41.74375,-87.551898,POINT (-87.551898 41.74375),2023-101789
2023,158365,Chicago DT River North IL ES,Submitted,600 N State St,60654,4.0,,Near North Side,Hotel,285516,1980,1,19665,70,10918858.5,12384066.1,,,,81.6,152.6,85.3,156.5,2185.5,7.7,41.873908,-87.625838,POINT (-87.625838 41.873908),2023-158365
2023,173632,The Chicago Building,Submitted,7 West Madison Street,60603,3.0,,Loop,Residence Hall/Dormitory,104965,1904,1,,64,2159199.5,5975399.6,,1644984,,93.2,131.6,100.4,139.4,741,7.1,41.849727,-87.627161,POINT (-87.627161 41.849727),2023-173632
2023,156406,"The Shops on Wabash, LLC",Submitted,17-23 N. Wabash,60602,4.0,,Loop,Office,70680,1900,1,,,3653155.2,1856649.7,,,,78,172.3,78.2,173.1,609.8,8.6,41.871698,-87.627484,POINT (-87.627484 41.871698),2023-156406
2023,158647,Ambassador House Condominium Association,Submitted,1325 N State Parkway,60610,1.0,,Near North Side,Multifamily Housing,191825,1966,1,,19,4796877.2,13715802.9,,,,96.5,145.1,105.6,153.9,1399.7,7.3,41.829903,-87.685169,POINT (-87.685169 41.829903),2023-158647
2023,175789,,Not Submitted,7540 7554 S Stony Island,60649,0.0,,South Shore,Commercial,,,,,,,,,,,,,,,,,41.892265,-87.635178,POINT (-87.635178 41.892265),2023-175789
2023,101784,Auditorium Building,Submitted,430 S. Michigan Ave,60605,4.0,,Loop,College/University,598474,1889,1,13545,,13051015.1,9782600.1,,,,38.2,78.2,41.7,82.5,2345.7,3.9,41.860089,-87.628636,POINT (-87.628636 41.860089),2023-101784
2023,251601,Edwards,Submitted,4815 S Karlov Ave,60632,4.0,,Archer Heights,K-12 School,159369,1923,4,,72,2318385.8,6672960.2,,,,56.4,84.7,65.5,94.3,678.8,4.3,42.002687,-87.669155,POINT (-87.669155 42.002687),2023-251601
2023,174323,Letterman Chicago,Submitted,410 S Morgan St,60607,3.5,,Near West Side,Multifamily Housing,225000,2006,1,,80,7337078.1,6866503.9,,,,63.1,123.3,65.9,126.2,1391.3,6.2,41.984614,-87.700565,POINT (-87.700565 41.984614),2023-174323
2023,251337,The Theatre School,Submitted,2350 N. Racine,60614,4.0,,Lincoln Park,College/University,163000,2013,1,,,2810928,7055554.1,,,,60.5,93.7,65,98.5,768.1,4.7,41.938603,-87.649753,POINT (-87.649753 41.938603),2023-251337
2023,252060,Woodlawn Social Services Center,Submitted,950 East 61st Street,60637,2.0,,Woodlawn,Office,66084,1970,1,410,48,2634511,,3928283.7,,,99.3,183.1,106,190.3,629.5,9.5,41.870804,-87.632639,POINT (-87.632639 41.870804),2023-252060
2023,137292,Central Plaza Residential Home,Submitted,321 North Central Avenue,60644,3.0,,Austin,Residential Care Facility,70683,1935,1,,,2269846.6,7693099.7,,,,141,204.2,154.4,217.7,726.2,10.3,41.869086,-87.721405,POINT (-87.721405 41.869086),2023-137292
2023,156414,De Diego Community Academy -CPS,Not Covered 2024,1313 N Claremont Ave,60622,,true,West Town,K-12 School,,,,,,,,,,,,,,,,,41.893142,-87.629531,POINT (-87.629531 41.893142),2023-156414
2023,172124,"1165 Property Owner, LLC",Submitted,1165 N Clark Street,60610,2.0,,Near North Side,Office,102535,1980,1,,48,7644048.3,,,,,74.6,208.7,79.6,222.8,1069.6,10.4,41.906294,-87.62646,POINT (-87.62646 41.906294),2023-172124
2023,111083,,Not Submitted,3506  S State St,60609,0.0,,Douglas,Residential,,,,,,,,,,,,,,,,,41.924729,-87.643732,POINT (-87.643732 41.924729),2023-111083
2023,256421,Robert A. Pritzker Science Center,Not Submitted,3105 S Dearborn St,60616,0.0,,Douglas,Commercial,,,,,,,,,,,,,,,,,41.881322,-87.664561,POINT (-87.664561 41.881322),2023-256421
2023,105006,"5527-5541 N. Kenmore, LLC",Submitted,5527 5539 N. Kenmore Ave.,60640,4.0,,Edgewater,Multifamily Housing,79000,1915,1,,88,937226.9,2691300.6,,,,45.9,69,51.8,75.9,274.1,3.5,41.796793,-87.616178,POINT (-87.616178 41.796793),2023-105006
2023,159310,Arrive Lex,Submitted,2138 South Indiana Avenue,60616,1.0,,Near South Side,Multifamily Housing,387186,2009,2,11482,9,17181029.2,16521267.8,,,,87,169.1,92,174.3,3281.5,8.5,41.894184,-87.628072,POINT (-87.628072 41.894184),2023-159310
2023,256877,167 N. Green,Submitted,167 N. Green St.,60607,4.0,,Near West Side,Office,677417,2020,1,13789,79,25195166.9,6111731.8,,,,46.2,113.6,47.8,115.3,3849.9,5.7,41.879676,-87.629502,POINT (-87.629502 41.879676),2023-256877
2023,172787,Lake Meadows Building 3,Submitted,3240 S. Cottage Grove Ave,60616,2.5,,Douglas,Multifamily Housing,105742,1954,0,,35,993594.7,11756840.1,,,,120.6,143.1,134.7,157.9,763.5,7.2,41.947418,-87.648786,POINT (-87.648786 41.947418),2023-172787
2023,128292,Dunning SOuare,Submitted,6408-6500 West Irving Park Road,60634,2.0,,Dunning,Strip Mall,128429,1963,1,,,14793576.7,765498.6,,,,121.1,328.8,123.4,331.2,2110.6,16.4,41.891529,-87.630253,POINT (-87.630253 41.891529),2023-128292
2023,129963,,Not Covered 2024,2290 S Grove Street,60616,,true,Armour Square,Commercial,,,,,,,,,,,,,,,,,41.849435,-87.642605,POINT (-87.642605 41.849435),2023-129963
2023,102545,Chicago Vocational Career Academy -CPS,Not Covered 2024,2106 E 87th St,60617,,true,Avalon Park,K-12 School,,,,,,,,,,,,,,,,,41.737103,-87.572986,POINT (-87.572986 41.737103),2023-102545
2023,132161,,Not Covered 2024,4000 4006 W North Ave,60639,,true,Humboldt Park,Commercial,,,,,,,,,,,,,,,,,41.752783,-87.643024,POINT (-87.643024 41.752783),2023-132161
2023,256844,1308 N Elston Avenue,Submitted,1308 N Elston,60642,,true,West Town,Mixed Use Property,77159,1914,2,,,4042300.8,,,,,52.4,146.7,56.6,158.4,565.6,7.3,41.776835,-87.589183,POINT (-87.589183 41.776835),2023-256844
2023,251902,Uplift Community HS -CPS,Not Covered 2024,900 W Wilson Ave,60640,,true,Uptown,K-12 School,,,,,,,,,,,,,,,,,41.887473,-87.618228,POINT (-87.618228 41.887473),2023-251902
2023,173888,Bellarmine Hall-ID#173888,Submitted,6610-28 N Sheridan Rd,60626,4.0,,Rogers Park,Residence Hall/Dormitory,85129,1971,1,4557,83,1882455.2,3187575.4,,,,59.6,101.2,65.4,106.5,432.7,5.1,41.954336,-87.700548,POINT (-87.700548 41.954336),2023-173888
2023,251512,Christopher,Submitted,5042 S Artesian Ave,60632,1.0,,Gage Park,K-12 School,76800,1927,3,,18,2902707.8,3367769.7,,,,81.6,151.9,93.4,170.3,585,7.6,41.913392,-87.635624,POINT (-87.635624 41.913392),2023-251512
2023,105938,Harper Court,Submitted,5235 S Harper Court,60615,1.5,,Hyde Park,Office,231240,2013,1,,38,16623050.2,5957810.2,,,,97.7,228.3,103.5,236.7,2642.3,11.4,41.793121,-87.599655,POINT (-87.599655 41.793121),2023-105938
2023,252031,1259 - Sonesta ES Suites Chicago Downtown 201 East Walton Place - SVC,Submitted,201 East Walton Place,60611,3.0,,Near North Side,Hotel,177137,1987,1,7292,64,5875097.4,12667986.5,,,,104.7,168,110.7,173.9,1494.9,8.4,41.881734,-87.656715,POINT (-87.656715 41.881734),2023-252031
2023,251469,Mahalia Jackson Elementary -CPS,Not Covered 2024,917 W 88th St,60620,,true,Auburn Gresham,K-12 School,,,,,,,,,,,,,,,,,41.73386,-87.64687,POINT (-87.64687 41.73386),2023-251469
2023,257183,Greenwood Park Apartments,Submitted,1023 East 47th St,60619,1.0,,Kenwood,Multifamily Housing,95691,1973,15,4327,22,1985560.3,9278865.6,,,,117.7,159.9,128.1,170.8,770.7,8.1,41.80917,-87.601042,POINT (-87.601042 41.80917),2023-257183
2023,251724,Mather HS,Submitted,5835 N Lincoln Ave,60659,1.5,,West Ridge,K-12 School,185689,1959,2,,38,6128603.6,8125760.1,,,,76.8,138.4,87.4,149.6,1289.1,6.9,41.905886,-87.625451,POINT (-87.625451 41.905886),2023-251724
2023,254346,Morgan Park Sports Center,Not Submitted,11505 S Western Ave,60643,0.0,,Morgan Park,,,,,,,,,,,,,,,,,,41.882072,-87.662143,POINT (-87.662143 41.882072),2023-254346
2023,252252,Grace St.,Submitted,635 W. Grace St.,60613,4.0,,Lake View,Multifamily Housing,125820,1974,1,,87,2354584.6,7255871.8,,,,76.4,113,82.6,119.2,714.8,5.7,41.801699,-87.632974,POINT (-87.632974 41.801699),2023-252252
2023,251375,Ashe,Submitted,8505 S Ingleside Ave,60619,1.0,,Chatham,K-12 School,55335,1963,1,,23,1027370.3,4834050.2,,,,105.9,143.7,125.9,164.7,400.5,7.2,41.881255,-87.769941,POINT (-87.769941 41.881255),2023-251375
2023,100395,Richard J. Daley College &  Manufacturing Technology and Engineering Center,Submitted,7500 South Pulaski Ave,60652,0.0,,West Lawn,College/University,501591,1970,10,122550,,16156301.3,9074460,,,,50.3,109.2,54.5,113.9,2642.2,5.27,41.956807,-87.646118,POINT (-87.646118 41.956807),2023-100395
2023,172069,,Not Submitted,2940  W 87th St,60652,0.0,,Ashburn,Residential,,,,,,,,,,,,,,,,,41.895396,-87.616251,POINT (-87.616251 41.895396),2023-172069
2023,256776,SABLE AT NAVY PIER CURIO COLLECTION,Submitted,900 E Grand Ave,60611,3.0,,Near North Side,Hotel,201124,2020,0,3427,67,5329746.6,7428855.9,,,,63.4,113,65.1,115.6,1140.3,5.7,41.861195,-87.709324,POINT (-87.709324 41.861195),2023-256776
2023,243345,(IL0545) - Shoreline Towers (6301 N. Sheridan Rd.),Submitted,6301 N. Sheridan Rd.,60660,3.5,,Edgewater,Multifamily Housing,440822,1965,1,,58,8966345.9,25366616.2,,,,77.9,117.4,88.7,128.4,2601.9,5.9,41.961667,-87.649761,POINT (-87.649761 41.961667),2023-243345
2023,238480,5455 Edgewater Plaza Condominium Association,Submitted,5455 N Sheridan Rd,60640,2.0,,Edgewater,Multifamily Housing,534230,1967,1,,48,9749805,35194465.7,,,,84.1,120.3,92.2,128.4,3233.5,6.1,41.890884,-87.634974,POINT (-87.634974 41.890884),2023-238480
2023,102125,Lavin Family Pavilion (Outpatient Care Pavilion),Submitted,259 East Erie,60611,3.0,,Near North Side,Medical Office,691862,2014,1,27436,68,49724201.8,42343298.1,,,,133.1,265.5,136.6,268.7,9206.4,13.3,41.739416,-87.580769,POINT (-87.580769 41.739416),2023-102125
2023,256760,Illinois Masonic Medical Office Center,Not Submitted,3000 North Halsted Street,60657,0.0,,Lake View,Commercial,,,,,,,,,,,,,,,,,41.931334,-87.666092,POINT (-87.666092 41.931334),2023-256760
2023,173925,Hinds Laboratory,Submitted,5734 South Ellis Avenue,60637,1.0,,Hyde Park,Laboratory,131381,1969,1,1718,,17821026.4,,23519495.4,8590878.9,,380.1,654.7,383,658.6,4507.9,34.3,41.784266,-87.597315,POINT (-87.597315 41.784266),2023-173925
2023,104239,517-25 W. Brompton Ave.,Submitted,517-25 W. Brompton Ave.,60657,4.0,,Lake View,Multifamily Housing,52304,1924,1,,83,461277.1,2979606.6,,,,65.8,84.5,70.7,90.8,222.8,4.3,41.768177,-87.567504,POINT (-87.567504 41.768177),2023-104239
2023,158412,AC Hotel Chicago Downtown,Not Submitted,630 N Rush St,60611,0.0,,Near North Side,Commercial,,,,,,,,,,,,,,,,,41.751947,-87.61803,POINT (-87.61803 41.751947),2023-158412
2023,160184,29 East Madison LLC,Submitted,29 E. Madison,60602,2.5,,Loop,Office,240076,1904,1,,60,11050612.2,14699399.4,,,,107.3,193.2,116.7,203.3,2327,9.7,41.654843,-87.544576,POINT (-87.544576 41.654843),2023-160184
2023,103698,22 West Washington,Submitted,22 West Washington Street,60602,4.0,,Loop,Office,471436,2008,1,7806,82,40398925,,,,,85.7,239.9,86.9,243.2,5652.6,12,41.890378,-87.767632,POINT (-87.767632 41.890378),2023-103698
2023,175272,401-417 East Oakwood Boulevard,Submitted,401-417 East Oakwood Boulevard,60653,1.0,,Grand Boulevard,Multifamily Housing,57240,1916,1,,13,1245731.1,3647122.2,,,,85.5,127.8,91.9,135.1,368,6.4,41.874271,-87.641643,POINT (-87.641643 41.874271),2023-175272
2023,251766,1062 West Bryn Mawr Avenue,Submitted,1062 West Bryn Mawr Avenue,60660,3.0,,Edgewater,Multifamily Housing,78224,1929,1,,44,1465972.3,7497187.1,,,,114.6,153.1,132.7,172.1,603.3,7.7,41.890861,-87.636504,POINT (-87.636504 41.890861),2023-251766
2023,101935,500 N Michigan,Submitted,500 N Michigan,60611,,true,Near North Side,Office,390965,1968,1,2066,,19789955.2,,,,,50.6,141.7,56.3,157.7,2769,7.1,41.926349,-87.703196,POINT (-87.703196 41.926349),2023-101935
2023,102332,Truman College,Submitted,1145 West Wilson Ave,60640,0.0,,Uptown,College/University,954142,1976,3,30392,,26222565.5,32615149.9,,,,61.7,112.8,67.1,118.7,5238.4,5.49,41.989788,-87.748374,POINT (-87.748374 41.989788),2023-102332
2023,175885,Lawndale Terrace,Not Submitted,3158  W Roosevelt Rd,60612,0.0,,North Lawndale,Residential,,,,,,,,,,,,,,,,,41.969624,-87.726708,POINT (-87.726708 41.969624),2023-175885
2023,243703,The Newport CA,Submitted,4800 S. Chicago Beach Drive,60615,4.0,,Kenwood,Multifamily Housing,770012,1963,2,,71,7669494.5,59699042.8,,,,87.5,109.3,97.5,119.8,4244,5.5,41.899352,-87.621987,POINT (-87.621987 41.899352),2023-243703
2023,101910,154-60 N LASALLE,Submitted,160 N. Lasalle St.,60601,3.5,,Loop,Office,464498,1920,1,,73,15223144.1,11978690.3,,,,58.6,118.8,64.7,125.3,2766.3,6,42.008058,-87.66356,POINT (-87.66356 42.008058),2023-101910
2023,168174,Kelly HS,Submitted,4136 S California Ave,60632,3.0,,Brighton Park,K-12 School,298432,1928,2,,62,6883819.2,12042550.1,,,,63.4,107,69.1,113,1602.8,5.4,41.877542,-87.649713,POINT (-87.649713 41.877542),2023-168174
2023,103731,900 W Fullerton,Submitted,900 W Fullerton,60614,3.0,,Lincoln Park,Multifamily Housing,52500,2000,1,,61,783161.2,3051016.1,,,,73,102.8,78.9,108.6,271.6,5.2,41.874124,-87.631533,POINT (-87.631533 41.874124),2023-103731
2023,251312,1961 - ELSTON/LEAVITT,Submitted,2570 N Elston Ave,60647,4.0,,Logan Square,Retail Store,119178,2002,1,633,85,3398396.1,4153399.9,,,,63.4,116.4,68.9,121.8,696.1,5.8,41.89324,-87.638422,POINT (-87.638422 41.89324),2023-251312
2023,103767,57F47-CHIRL-Residence Inn Chicago DTLoop,Submitted,11 S. La Salle St.,60603,4.0,,Loop,Hotel,350682,2015,1,7741,93,9451958.7,11931129,,5761023.8,,77.4,126.1,80.6,130.2,,,41.906011,-87.634406,POINT (-87.634406 41.906011),2023-103767
2023,251958,6725 - Trinity Hospital Physicians Office Building,Submitted,2301 2315 East 93rd Street,60617,1.0,,Calumet Heights,Medical Office,51497,1971,1,493,13,3314245.1,3613917.1,,,,134.5,253.9,145.7,265.6,655.7,12.7,41.934179,-87.777137,POINT (-87.777137 41.934179),2023-251958
2023,164283,,Not Covered 2024,929 E 103rd St,60628,,true,Pullman,Commercial,,,,,,,,,,,,,,,,,41.87173,-87.625975,POINT (-87.625975 41.87173),2023-164283
2023,237384,Maple Tower Condo Association,Submitted,1035 N Dearborn St,60610,3.5,,Near North Side,Multifamily Housing,108161,2005,1,,71,3822545.5,754520.3,,,,42.3,106.3,46.6,117.4,574.9,5.3,41.781333,-87.654693,POINT (-87.654693 41.781333),2023-237384
2023,173635,Best Western River North Hotel,Submitted,125 W. Ohio St.,60654,4.0,,Near North Side,Hotel,86000,1965,1,840,95,2074079.7,4714120.9,,,,78.9,125.1,78.6,124.1,540.6,6.3,41.797584,-87.582342,POINT (-87.582342 41.797584),2023-173635
2023,172394,26 North Halsted,Submitted,26 North Halsted,60661,3.5,,Near West Side,Office,61770,1984,1,,55,9303318.1,2776561.2,,,,195.6,468.9,197.7,469.7,1449.2,23.5,41.868094,-87.666274,POINT (-87.666274 41.868094),2023-172394
2023,251384,Cather -CPS,Not Covered 2024,2910 W Washington Blvd,60612,,true,East Garfield Park,K-12 School,,,,,,,,,,,,,,,,,41.928891,-87.663592,POINT (-87.663592 41.928891),2023-251384
2023,256529,Sophy Hotel,Submitted,1411 E 53rd Street,60615,3.0,,Hyde Park,Hotel,74005,2018,1,,66,3588377.5,3949082.7,,,,101.9,191.8,103.3,195.8,711.8,9.6,41.78499,-87.601315,POINT (-87.601315 41.78499),2023-256529
2023,175059,436-446 W. Diversey Pkwy.,Submitted,430 W. Diversey,60642,2.0,,Lake View,Multifamily Housing,68271,1908,1,,44,1671855.5,2936207,,,,67.5,113.7,72.5,119.6,389.9,5.7,41.895716,-87.633212,POINT (-87.633212 41.895716),2023-175059
2023,250092,Judge Harry M. Fisher Apartments,Submitted,5821 N. Broadway Street,60660,3.5,,Edgewater,Multifamily Housing,173733,1964,1,,73,3475248.3,7993399.8,,,,66,104.3,73.8,113.5,910.8,5.2,41.757956,-87.579646,POINT (-87.579646 41.757956),2023-250092
2023,251416,Von Linne,Submitted,3221 N Sacramento Ave,60618,2.0,,Avondale,K-12 School,105920,1895,3,,45,2767916.8,4084439.8,,,,64.7,113.7,75.1,124.6,604.2,5.7,41.873894,-87.754974,POINT (-87.754974 41.873894),2023-251416
2023,243745,K SOuare Apartments (ks073),Submitted,1749 N Wells St,60614,2.5,,Lincoln Park,Multifamily Housing,326596,1972,1,10486,57,6599792.7,16338299.7,,,,70.2,109.1,70.2,109.1,1791.2,5.5,41.991086,-87.655563,POINT (-87.655563 41.991086),2023-243745
2023,251315,"0202AS - Chicago, IL",Submitted,2550 N Clybourn Ave,60614,4.0,,Lincoln Park,Supermarket/Grocery Store,85209,2013,1,2060,64,9787297.6,7080800.6,,,,198,408.9,209.1,419.7,1745.5,20.5,41.763375,-87.63762,POINT (-87.63762 41.763375),2023-251315
2023,244747,Lancaster Condo Association,Submitted,201 N. Westshore Drive,60601,2.0,,Loop,Multifamily Housing,323000,2004,1,,43,8698734.4,17474831.8,,,,81,132.2,87.6,139.9,2145.3,6.6,41.771854,-87.698158,POINT (-87.698158 41.771854),2023-244747
2023,255504,601 West Polk,Submitted,601 W Polk St,60607,4.0,,Near West Side,Data Center,104000,1918,1,57,88,52447370,,,,,504.3,1412,504.3,1412,7338.4,70.6,41.882457,-87.6277,POINT (-87.6277 41.882457),2023-255504
2023,255946,Aberdeen,Submitted,171 N. Aberdeen St,60607,3.0,,Near West Side,Mixed Use Property,155000,2018,1,,70,4890560,5408332.8,,,,66.4,125,71.2,129.9,971.5,6.3,41.910361,-87.69362,POINT (-87.69362 41.910361),2023-255946
2023,252250,Argyle Place Apartments,Submitted,850 W. Argyle St.,60302,2.5,,Uptown,Multifamily Housing,59000,1951,1,,55,892494.8,5147852.1,,,,102.4,134,112.8,144.9,398.3,6.8,41.941301,-87.640347,POINT (-87.640347 41.941301),2023-252250
2023,159283,401 South Clinton,Submitted,401 S Clinton St,60607,2.0,,Near West Side,Office,163900,1996,1,,48,11615240.2,,,,,70.9,198.4,70.9,198.4,1625.2,9.9,41.783834,-87.623654,POINT (-87.623654 41.783834),2023-159283
2023,251714,Lloyd,Submitted,2103 N Lamon Ave,60639,1.5,,Belmont Cragin,K-12 School,150436,1907,5,,39,4069734.7,6420359.6,,,,69.7,120.6,82.1,135,910.5,6.1,41.877009,-87.631631,POINT (-87.631631 41.877009),2023-251714
2023,173658,212 West Superior Street,Submitted,212 West Superior Street,60654,4.0,,Near North Side,Office,92454,1920,1,,88,1847526,2373079.6,,,,45.7,82.9,49.8,87.2,384.6,4.2,41.963116,-87.666424,POINT (-87.666424 41.963116),2023-173658
2023,117067,525 Deming,Submitted,525 W. Deming Place,60614,0.0,,Lincoln Park,Multifamily Housing,93247,1970,1,,94,1075453,4484162.8,,,,59.6,82.8,64.9,88,382,4.1,41.861018,-87.627417,POINT (-87.627417 41.861018),2023-117067
2023,175475,Chicago and Midwest Regional Joint Board,Submitted,333 S. Ashland Ave,60607,3.0,,Near West Side,Office,68150,1930,1,854,62,1125987.7,4597147,,,,84,117.1,94,127.2,401.7,5.9,41.994568,-87.668523,POINT (-87.668523 41.994568),2023-175475
2023,251737,Suder,Submitted,2022 W Washington Blvd,60612,3.5,,Near West Side,K-12 School,71500,1959,1,,51,1475901.6,3342260.4,,,,67.4,106.9,76.3,116.2,384,5.4,41.879986,-87.774098,POINT (-87.774098 41.879986),2023-251737
2023,251666,Sutherland,Submitted,10015 S Leavitt St,60643,3.5,,Beverly,K-12 School,80219,1926,2,,71,1060661.1,3710399.9,,,,59.5,85.6,66.5,92.8,345.5,4.3,41.858657,-87.620638,POINT (-87.620638 41.858657),2023-251666
2023,103634,Lewis & O'Malley,Submitted,25 E. Jackson Blvd.,60604,4.0,,Loop,College/University,380371,1928,1,,,12769860.6,14076462,,,,70.6,132.9,76.2,138.4,2534.4,6.7,41.943729,-87.640859,POINT (-87.640859 41.943729),2023-103634
2023,104250,544 W. Melrose St.,Submitted,544 W. Melrose St.,60657,1.5,,Lake View,Multifamily Housing,50589,1967,1,,40,900814.6,3303309.8,,,,83.1,118.4,89.8,125,301.5,6,41.748266,-87.591618,POINT (-87.591618 41.748266),2023-104250
2023,256667,Oakwood Court,Submitted,6547-69 N Harlem Avenue,60631,4.0,,Norwood Park,Multifamily Housing,114153,1970,1,,96,789735.7,3920140.8,,,,41.3,55.4,46.1,60,318.7,2.8,41.911061,-87.630056,POINT (-87.630056 41.911061),2023-256667
2023,251521,McCormick,Submitted,2712 S Sawyer Ave,60623,1.0,,South Lawndale,K-12 School,100260,1905,3,,25,3311612.4,4456720,,,,77.5,139.2,91.4,153.8,700.1,7,41.990363,-87.674547,POINT (-87.674547 41.990363),2023-251521
2023,119757,CHICAGO SOUTH PULASKI (1879),Submitted,4433 S Pulaski Rd,60632,3.0,,Archer Heights,Retail Store,120964,2004,1,1063,66,6193476.1,3711000.2,,,,81.9,175.6,87,179.9,1063.7,8.8,41.879504,-87.63297,POINT (-87.63297 41.879504),2023-119757
2023,251794,MissionofOurLadyoftheAngels_School,Submitted,3814 W Iowa Street,60651,4.0,,Humboldt Park,K-12 School,55455,1950,1,,82,711043.5,1233000,,,,35.1,59.2,38.7,63,165,3,41.87856,-87.636524,POINT (-87.636524 41.87856),2023-251794
2023,254569,Aurelién (au111),Submitted,833 N Clark St.,60610,2.0,,Near North Side,Multifamily Housing,386150,2017,1,,48,11352712.5,13640473.9,,,,64.7,119.4,69.5,125.7,2313,6,41.944828,-87.645893,POINT (-87.645893 41.944828),2023-254569
2023,103699,George W Dunne Cook County Office Building,Submitted,69 W. Washington Street,60602,4.0,,Loop,Office,821861,1965,1,5161,91,19217574.6,23203400.4,,,,51.6,95.1,58.4,103.6,3921.4,4.8,41.827733,-87.659468,POINT (-87.659468 41.827733),2023-103699
2023,252059,Ida Noyes Hall,Submitted,1212 East 59th Street,60637,2.0,,Hyde Park,Other - Entertainment/Public Assembly,91970,1916,1,1442,,2851394.9,235740,6198698.5,,,101,170.6,108.4,180.2,823.1,8.9,41.841398,-87.623136,POINT (-87.623136 41.841398),2023-252059
2023,141524,Madison,Submitted,939-949  W Madison Street,60607,4.0,,Near West Side,Multifamily Housing,130608,2001,1,,98,2493092,2472352.1,,,,38,73.3,41.2,76.1,480.2,3.7,41.881846,-87.64976,POINT (-87.64976 41.881846),2023-141524
2023,250033,South Shore Cultural Center,Not Submitted,7059 S South Shore Dr,60649,0.0,,South Shore,Other - Recreation,,,,,,,,,,,,,,,,,41.95287,-87.64934,POINT (-87.64934 41.95287),2023-250033
2023,104549,Heiwa Terrace,Submitted,920 W Lawrence Ave # 1,60640,2.5,,Uptown,Multifamily Housing,148138,1980,1,,51,4108787.4,7508030,,,,78.4,130.9,85,137.7,973.7,6.6,41.953478,-87.654083,POINT (-87.654083 41.953478),2023-104549
2023,159418,"Third Prairie Shores, LLC",Submitted,3001 South King Dr,60616,2.5,,Douglas,Multifamily Housing,289267,1960,1,,31,4879057.9,26782901.8,,,,109.5,144.4,121.6,157,2074.9,7.2,41.898636,-87.630399,POINT (-87.630399 41.898636),2023-159418
2023,251249,Jackson Shore Coop Apartments Corp,Submitted,5490 S. Shore Drive,60615,4.0,,Hyde Park,Multifamily Housing,99693,1918,1,,98,1220766.9,6760006.5,,,,80.1,105.5,89,114.9,529.9,5.3,41.89345,-87.623854,POINT (-87.623854 41.89345),2023-251249
2023,251419,Bronzeville Classical,Submitted,8 W Root St,60609,4.0,,Grand Boulevard,K-12 School,63929,1960,1,,61,1377762.2,2169399.8,,,,55.5,96,62.6,104.2,308,4.8,41.896877,-87.621934,POINT (-87.621934 41.896877),2023-251419
2023,105695,Dearborn I LLC,Submitted,1036 N Dearborn St,60610,3.0,,Near North Side,Multifamily Housing,72115,1929,1,,61,3098471.7,1280550.5,,,,60.7,138.9,65,150.2,501.6,7,41.89584,-87.624988,POINT (-87.624988 41.89584),2023-105695
2023,252264,"1263 Pratt, LLC",Submitted,1263 W. Pratt Blvd.,60626,4.0,,Rogers Park,Multifamily Housing,103635,1919,1,,87,1140279.9,5549531.5,,,,64.6,87,73.1,95.3,454.3,4.4,41.915739,-87.671635,POINT (-87.671635 41.915739),2023-252264
2023,250079,Ada S. Dennison-McKinley Apartments,Submitted,661 E. 69th Street,60637,2.5,,Woodlawn,Multifamily Housing,83063,1968,1,,57,1594132.4,6086799.9,,,,92.5,130.7,100.7,139.4,546.3,6.6,41.736145,-87.626918,POINT (-87.626918 41.736145),2023-250079
2023,252248,79th St. Limited Partnership dba Wrightwood Service Center,Submitted,2815 W. 79th St,60652,4.0,,Ashburn,Senior Living Community,74000,2010,1,,90,1480400.2,2008189.8,,,,47.1,84.5,51.1,88.7,313.8,4.2,41.880448,-87.641839,POINT (-87.641839 41.880448),2023-252248
2023,109891,5460 S Woodlawn Ave,Submitted,5460 S Woodlawn Ave,60615,4.0,,Hyde Park,Multifamily Housing,52272,1905,1,,95,331073.3,2369136.6,,,,51.7,65.3,57.7,71.7,172.2,3.3,41.909571,-87.628687,POINT (-87.628687 41.909571),2023-109891
2023,251279,WMS-2727 Roscoe,Not Submitted,2727 W Roscoe St,60618,0.0,,Avondale,Office,,,,,,,,,,,,,,,,,41.877199,-87.648535,POINT (-87.648535 41.877199),2023-251279
2023,111976,The Brewster CA,Submitted,2800 N Pine Grove Avenue,60657,4.0,,Lake View,Multifamily Housing,83764,1893,1,,88,2642134,170726.4,,,,33.6,90.5,35.9,96.2,378.8,4.5,41.911251,-87.636713,POINT (-87.636713 41.911251),2023-111976
2023,174189,,Not Submitted,16  N Morgan St,60607,0.0,,Near West Side,Residential,,,,,,,,,,,,,,,,,41.993216,-87.678723,POINT (-87.678723 41.993216),2023-174189
2023,257121,,Not Covered 2024,5354 N Sheridan Rd,60640,,true,Edgewater,Residential,,,,,,,,,,,,,,,,,41.979892,-87.655087,POINT (-87.655087 41.979892),2023-257121
2023,257128,,Not Covered 2024,160 N Morgan St,60607,,true,Near West Side,Residential,,,,,,,,,,,,,,,,,41.884974,-87.652396,POINT (-87.652396 41.884974),2023-257128
2023,175725,7707 W Irving Park Road,Submitted,7707 W Irving Park Road,60634,4.0,,Dunning,Multifamily Housing,55444,1984,1,,94,725701.3,2136850.4,,,,51.6,77.1,59.1,84.1,215,3.9,42.019255,-87.669561,POINT (-87.669561 42.019255),2023-175725
2023,159534,420 East Ohio - CO (hs62),Submitted,420 East Ohio,60611,4.0,,Near North Side,Multifamily Housing,330285,1990,1,10102,89,7043539.8,8583357.8,,,,47.3,87,51.9,91.4,1441.4,4.4,41.8903,-87.624255,POINT (-87.624255 41.8903),2023-159534
2023,255956,465 N. Park (Brightly),Submitted,465 N. Park Drive,60611,4.0,,Near North Side,Multifamily Housing,538241,2018,1,13382,73,15562895.7,9726898.4,,,,47,99.9,50.7,106,2694.2,5,41.790052,-87.601127,POINT (-87.601127 41.790052),2023-255956
2023,251210,Roseland Centre 10450 S Michigan,Not Submitted,10450 S Michigan Ave,60628,0.0,,Roseland,Senior Care Community,,,,,,,,,,,,,,,,,41.867122,-87.641408,POINT (-87.641408 41.867122),2023-251210
2023,172759,Market SOuare Lofts Condominium Association,Submitted,161 W Harrison,60605,3.5,,Loop,Multifamily Housing,168000,1995,1,,80,3704816.9,5608321,,,,55.4,96.8,61.4,104.3,816.3,4.9,41.722241,-87.58438,POINT (-87.58438 41.722241),2023-172759
2023,242950,Park Place Chicago Condominium Association,Submitted,600 N. Kingsbury Street,60654,1.0,,Near North Side,Multifamily Housing,240302,2002,1,,13,6185216.5,14312725.4,,7239743.8,,115.4,162,124.5,171.8,,,41.866408,-87.695261,POINT (-87.695261 41.866408),2023-242950
2023,254101,,Not Submitted,3400 N Lake Shore Dr,60657,0.0,,Lake View,Residential,,,,,,,,,,,,,,,,,41.906933,-87.62993,POINT (-87.62993 41.906933),2023-254101
2023,117599,Keller Center,Submitted,1307 E. 60th Street,60637,4.0,,Woodlawn,College/University,121453,1963,2,443,,2402044.5,,529598.7,3435336.1,,52.4,86.4,51.4,86.2,552.3,4.5,41.972379,-87.757528,POINT (-87.757528 41.972379),2023-117599
2023,112395,,Not Submitted,3600 3608 N Pine Grove Ave,60613,0.0,,Lake View,Residential,,,,,,,,,,,,,,,,,41.982781,-87.739478,POINT (-87.739478 41.982781),2023-112395
2023,243626,The Silver Tower Chicago Condominium Association,Submitted,303 West Ohio Street,60654,2.0,,Near North Side,Multifamily Housing,285627,2009,1,,44,9736973.2,14030057.5,,,,83.2,147,93.6,160.1,2107.6,7.4,41.809757,-87.672145,POINT (-87.672145 41.809757),2023-243626
2023,160330,Pullman Wheelworks,Submitted,901 East 104th Street,60628,3.5,,Pullman,Multifamily Housing,294300,1920,6,,72,6893985.9,4810945.9,,,,39.8,82.8,43,90.7,1220.1,4.1,41.903118,-87.625875,POINT (-87.625875 41.903118),2023-160330
2023,242635,(IL0519) - R+D 659 Condominium (659 W Randolph St ),Submitted,659 W Randolph St,60062,4.0,,Near West Side,Multifamily Housing,335000,2008,1,,62,6587178.7,15312208.1,,,,65.4,103.1,72.4,109.7,1735,5.2,41.983419,-87.655326,POINT (-87.655326 41.983419),2023-242635
2023,252029,"La Plaza Hubbard 1812, LLC",Submitted,1812-1840 Hubbard Street,60622,,true,West Town,Mixed Use Property,121398,1914,1,,,975221.7,3576020.3,,,,37.5,53.4,44.5,60.6,326.4,2.7,41.982966,-87.725167,POINT (-87.725167 41.982966),2023-252029
2023,251460,Admin Offices @ Dodge-Garfield Park,Submitted,2651 W Washington Blvd,60612,3.0,,East Garfield Park,Office,72340,1961,1,,68,2456012.2,2927749.9,,,,74.4,137.6,82.9,146.4,499.2,6.9,41.922828,-87.692936,POINT (-87.692936 41.922828),2023-251460
2023,112607,6118 Sheridan Road Condominium Homeowners Association,Submitted,6118 N Sheridan Rd,60660,1.0,,Edgewater,Multifamily Housing,102000,1960,1,,14,2076300.1,11569073.5,,,,133.8,176.1,151.5,194.1,905,8.9,41.898772,-87.629686,POINT (-87.629686 41.898772),2023-112607
2023,118892,Parc Chestnut Condominium Association,Submitted,849 N Franklin St,60610,2.0,,Near North Side,Multifamily Housing,379568,2006,1,,50,10933227.6,15953506,,,,70.8,124.8,74.6,127.9,2377.1,6.3,41.788311,-87.60477,POINT (-87.60477 41.788311),2023-118892
2023,159655,3000 North Sheridan,Submitted,3000 North Sheridan,60657,4.0,,Lake View,Multifamily Housing,223574,1931,1,,97,691208,13526066.1,,,,63.6,72.2,71.6,80.5,815.1,3.6,41.893197,-87.625914,POINT (-87.625914 41.893197),2023-159655
2023,175506,112th Street Building,Submitted,11203 S Ellis St,60628,1.0,,Pullman,Office,61357,1974,1,,,2687515.5,2483525.5,,,,84.3,165.1,93.4,175,507.9,8.3,41.811334,-87.5985,POINT (-87.5985 41.811334),2023-175506
2023,158630,(IL0466) - Erie Centre Condo (Campus) (375-435 W Erie),Submitted,375-435 W Erie,60654,4.0,,Near North Side,Multifamily Housing,401629,1999,2,,,9947429.9,1514375.9,,,,28.5,73.3,29.3,74.2,1472.3,3.7,41.837092,-87.718705,POINT (-87.718705 41.837092),2023-158630
2023,252013,900 Franklin,Not Submitted,900 N Franklin St,60610,0.0,,Near North Side,Office,,,,,,,,,,,,,,,,,41.75466,-87.741385,POINT (-87.741385 41.75466),2023-252013
2023,251473,Onahan,Submitted,6634 W Raven St,60631,3.5,,Norwood Park,K-12 School,90969,1928,3,,54,1938313.8,3896990.2,,,,64.1,104.6,74.1,114.2,478.2,5.3,41.827326,-87.619939,POINT (-87.619939 41.827326),2023-251473
2023,119676,1974 - ARMITAGE / CICERO,Submitted,1919 N Cicero Ave,60639,2.0,,Belmont Cragin,Retail Store,118221,2003,1,1031,48,4590470.6,7389400,,,,101.3,174.4,112.1,185.5,1034.8,8.8,41.756162,-87.655114,POINT (-87.655114 41.756162),2023-119676
2023,250043,Fenger Achievement Academy -CPS,Not Covered 2024,11220 S Wallace St,60628,,true,Roseland,K-12 School,,,,,,,,,,,,,,,,,41.881967,-87.635165,POINT (-87.635165 41.881967),2023-250043
2023,250115,City Hall,Submitted,121 N. La Salle St.,60602,1.5,,Loop,Office,411500,1911,1,,33,23639459.8,31246521.7,,,,133.4,240.6,143.7,250.9,4967.3,12.1,41.925702,-87.639266,POINT (-87.639266 41.925702),2023-250115
2023,256678,Hale Lofts,Not Submitted,14 N Peoria Street,60607,0.0,,Near West Side,Residential,,,,,,,,,,,,,,,,,41.880653,-87.70626,POINT (-87.70626 41.880653),2023-256678
2023,166543,North & Kostner,Submitted,4501 W. North Avenue,60639,4.0,,Humboldt Park,Retail Store,235761,2009,1,,87,7446702.9,2809999.8,,,,43.5,101,46.7,104.3,1191.2,5.1,41.883057,-87.691907,POINT (-87.691907 41.883057),2023-166543
2023,100334,860 N Dewitt Pl Apartments,Not Submitted,860  N Dewitt Pl,60611,0.0,,Near North Side,Residential,,,,,,,,,,,,,,,,,41.768666,-87.648703,POINT (-87.648703 41.768666),2023-100334
2023,256845,Ambassador Nursing & Rehabilitation Center,Submitted,4900 North Bernard St,60625,1.5,,Albany Park,Senior Living Community,57420,1975,1,,32,2442679.8,6362480.2,,,,153.3,235.5,167.9,249,679.7,11.8,41.931485,-87.68702,POINT (-87.68702 41.931485),2023-256845
2023,256888,318 N. Carpenter,Submitted,318 N. Carpenter,60607,4.0,,Near West Side,Office,104849,2019,1,,98,1593267.5,1600000,,,,30.5,58.6,33.2,61.5,307.9,2.9,41.648457,-87.540123,POINT (-87.540123 41.648457),2023-256888
2023,172448,,Not Submitted,100 118 N Pulaski Rd,60624,0.0,,West Garfield Park,Residential,,,,,,,,,,,,,,,,,41.873583,-87.749312,POINT (-87.749312 41.873583),2023-172448
2023,251584,Deneen,Submitted,7240 S Wabash Ave,60619,1.5,,Greater Grand Crossing,K-12 School,87736,1955,4,,38,2603325.2,3166969.8,,,,65.8,121,73.2,128.5,532.5,6.1,41.864027,-87.62262,POINT (-87.62262 41.864027),2023-251584
2023,254165,Campion Hall-ID# 254165,Submitted,6551 N Sheridan Rd,60626,2.0,,Rogers Park,Residence Hall/Dormitory,80742,1970,1,2257,50,2161749.4,6837706.5,,,,111.5,163.9,127.1,180.3,665.7,8.2,41.769348,-87.608316,POINT (-87.608316 41.769348),2023-254165
2023,141122,,Not Submitted,6801 6813 N Sheridan Rd,60626,0.0,,Rogers Park,Residential,,,,,,,,,,,,,,,,,41.879923,-87.638803,POINT (-87.638803 41.879923),2023-141122
2023,242510,The Residences at the Joffrey Tower Condo Association,Submitted,8 E Randolph,60601,1.0,,Loop,Multifamily Housing,410425,2008,1,,23,10789799.9,19114755.8,,11234724.2,,100.2,147.4,103.5,151,3117.1,7.6,41.892754,-87.61756,POINT (-87.61756 41.892754),2023-242510
2023,127047,669 North Michigan,Submitted,663-735 N. Michigan Ave.,60611,1.0,,Near North Side,Retail Store,148755,1991,1,990,13,6002916.9,2930419.9,,,,60.1,133.7,66.7,142.6,995.6,6.7,41.80245,-87.585355,POINT (-87.585355 41.80245),2023-127047
2023,101657,,Not Submitted,1329 1337 W Touhy Ave,60626,0.0,,Rogers Park,Residential,,,,,,,,,,,,,,,,,41.875888,-87.631885,POINT (-87.631885 41.875888),2023-101657
2023,100470,Lawson Partners,Not Covered 2024,30 W Chicago,60654,,true,Near North Side,Multifamily Housing,,,,,,,,,,,,,,,,,41.784209,-87.602383,POINT (-87.602383 41.784209),2023-100470
2023,173769,541 Oakdale Assoc LLC,Submitted,541 W Oakdale Ave,60657,4.0,,Lake View,Multifamily Housing,98750,1966,1,,89,922621.9,3956500.2,,,,49.4,68.2,53.6,72.3,339.2,3.4,41.940019,-87.702598,POINT (-87.702598 41.940019),2023-173769
2023,243776,1150 Condominium Association,Submitted,1150 N. Lake Shore Dr,60611,2.5,,Near North Side,Multifamily Housing,241500,1957,1,,53,4826490.8,16158987,,,,86.9,126.2,95,134.3,1533.6,6.4,41.938579,-87.637903,POINT (-87.637903 41.938579),2023-243776
2023,252085,,Not Submitted,6850 S Crandon Ave,60649,0.0,,South Shore,Residential,,,,,,,,,,,,,,,,,41.798,-87.583871,POINT (-87.583871 41.798),2023-252085
2023,260060,2300 N Commonwealth,Submitted,2300 N Commonwealth Ave,60614,4.0,,Lincoln Park,Multifamily Housing,56074,1991,1,,86,1394475.7,2130335.1,,,,62.9,109.5,68.6,115.1,308.3,5.5,41.896783,-87.765522,POINT (-87.765522 41.896783),2023-260060
2023,109276,,Not Submitted,5337 5353 N Delphia Ave,60656,0.0,,Ohare,Residential,,,,,,,,,,,,,,,,,41.823908,-87.619788,POINT (-87.619788 41.823908),2023-109276
2023,254975,Sedgwick at Locust,Submitted,367 W. Locust St.,60610,3.0,,Near North Side,Multifamily Housing,91500,2017,1,,66,1542915.4,3847397.6,,,,58.9,91.4,64.2,96.7,420.2,4.6,41.897733,-87.621367,POINT (-87.621367 41.897733),2023-254975
2023,135660,Webster Square,Not Submitted,558 W Webster Ave,60614,0.0,,Lincoln Park,Residential,,,,,,,,,,,,,,,,,41.921946,-87.757459,POINT (-87.757459 41.921946),2023-135660
2023,251335,Student Center,Submitted,2250 N. Sheffield,60614,1.0,,Lincoln Park,College/University,149381,2001,1,,,9965720.5,11507141.3,,,,143.7,267.7,154.2,278.7,2005.6,13.4,41.769733,-87.637116,POINT (-87.637116 41.769733),2023-251335
2023,257057,,Not Covered 2024,234 West Polk St,60607,,true,Loop,Residential,,,,,,,,,,,,,,,,,32.949589,-96.734051,POINT (-96.734051 32.949589),2023-257057
2023,135812,Bricktown SOuare (Farmer's Best Bldg),Submitted,6420 W Fullerton,60707,2.0,,Belmont Cragin,Strip Mall,137310,1987,1,,,11002065.4,8453420.4,,,,141.7,289,140,284.3,1988.4,14.5,41.881451,-87.768315,POINT (-87.768315 41.881451),2023-135812
2023,256564,La Casa Norte,Submitted,3527-3533 W North Ave,60647,,true,Humboldt Park,Multifamily Housing,51238,2019,1,,,1952837.6,2449061.8,,,,85.9,156.9,90.6,161.2,403.3,7.9,41.881394,-87.648374,POINT (-87.648374 41.881394),2023-256564
2023,172256,Fountainview Apartments,Submitted,1333-39 S Independence Blvd,60623,4.0,,North Lawndale,Multifamily Housing,86544,1920,1,,90,826915.2,4260465,,,,58.8,78.4,63.5,83.6,342,4,41.880088,-87.649499,POINT (-87.649499 41.880088),2023-172256
2023,159533,Alta at K Station,Submitted,555 West Kinzie,60654,3.0,,Near West Side,Multifamily Housing,926104,2010,2,,70,21264129,36886836.5,,,,62.8,106.1,66.4,109.3,4934.5,5.3,41.83109,-87.613641,POINT (-87.613641 41.83109),2023-159533
2023,100572,Auburn Gresham Health and Wellness Center,Not Covered 2024,8131 S May St,60620,,true,Auburn Gresham,Health Care,,,,,,,,,,,,,,,,,41.74646,-87.65156,POINT (-87.65156 41.74646),2023-100572
2023,251528,Oglesby,Submitted,7646 S Green St,60620,3.0,,Auburn Gresham,K-12 School,77140,1907,1,,61,1292247.2,3635940.1,,,,63.9,96.4,73.3,107,373.9,4.8,41.998218,-87.660695,POINT (-87.660695 41.998218),2023-251528
2023,114543,(IL509) - Parkshore Cooperative (1755-1765 E. 55th St.),Submitted,1755-1765 E. 55th St.,60615,4.0,,Hyde Park,Multifamily Housing,186095,1926,1,,84,1491626.1,12334859.4,,,,74.3,92,83.3,101.7,863.9,4.6,41.876513,-87.633832,POINT (-87.633832 41.876513),2023-114543
2023,251462,Graham Elementary -CPS,Not Covered 2024,4436 S Union Ave,60609,,true,New City,K-12 School,,,,,,,,,,,,,,,,,41.8327,-87.628722,POINT (-87.628722 41.8327),2023-251462
2023,174200,1313 RANDOLPH STREET LOFTS,Submitted,1313 W Randolph St,60607,2.0,,Near West Side,Multifamily Housing,89972,2012,2,3086,48,2431586.9,3228856.1,,,,62.9,113.4,65.5,115.4,511.7,5.7,41.96002,-87.646906,POINT (-87.646906 41.96002),2023-174200
2023,147816,6101 North Clark,Submitted,6101 North Clark Street,60660,4.0,,Edgewater,Multifamily Housing,53000,1928,1,,,666316,2348309,,,,56.9,81.7,63.6,88.4,218,4.1,41.873256,-87.633454,POINT (-87.633454 41.873256),2023-147816
2023,175891,Lakefront Place Condo,Submitted,6730 S South Shore Dr,60649,1.0,,South Shore,Multifamily Housing,100000,1962,1,,30,1739706.3,9451306.9,,,,111.9,148,126.2,163,745.4,7.5,41.74597,-87.651195,POINT (-87.651195 41.74597),2023-175891
2023,174693,,Not Submitted,809  E 40th St,60653,0.0,,Oakland,Residential,,,,,,,,,,,,,,,,,41.857704,-87.62734,POINT (-87.62734 41.857704),2023-174693
2023,243071,1620 S. Michigan Ave Condo Association,Submitted,1620 S. Michigan Ave,60616,2.5,,Near South Side,Multifamily Housing,251677,2006,1,,54,6519630.4,15043000.3,,,,85.7,135.3,94.1,145.9,1711.2,6.8,41.706124,-87.713694,POINT (-87.713694 41.706124),2023-243071
2023,117313,Jefferson Courte Condominium Association,Submitted,4848 N Central Ave,60630,4.0,,Jefferson Park,Multifamily Housing,60840,1992,1,,98,612806.2,2841712.2,,,,56.8,77.2,64.5,85.3,236.7,3.9,41.898445,-87.632904,POINT (-87.632904 41.898445),2023-117313
2023,112078,CUMBERLAND CROSSING CONDOMINIUM,Submitted,5555 North Cumberland,60656,4.0,,Norwood Park,Multifamily Housing,131929,2000,1,,95,1723316.9,6450607.4,,,,62,87.9,69.4,94.9,573,4.3,41.894595,-87.64903,POINT (-87.64903 41.894595),2023-112078
2023,244340,Winston Towers V Condominium Association,Submitted,7141 N Kedzie,60645,3.0,,West Ridge,Multifamily Housing,288000,1972,1,,63,5647521.8,19437056.8,,,,87.1,125.8,98.6,136.4,1822.6,6.3,41.884543,-87.642331,POINT (-87.642331 41.884543),2023-244340
2023,128243,,Not Submitted,4909 W Division St,60651,0.0,,Austin,Commercial,,,,,,,,,,,,,,,,,41.929961,-87.719212,POINT (-87.719212 41.929961),2023-128243
2023,251565,Dixon,Submitted,8306 S Saint Lawrence Ave,60619,4.0,,Chatham,K-12 School,101627,1929,1,,89,670635.4,4408630.4,,,,50,64,59,73.7,328,3.2,41.85091,-87.640876,POINT (-87.640876 41.85091),2023-251565
2023,257071,,Not Covered 2024,801 W Belmont Ave,60657,,true,Lake View,Commercial,,,,,,,,,,,,,,,,,41.939998,-87.649281,POINT (-87.649281 41.939998),2023-257071
2023,101862,101 North Wacker,Submitted,101 North Wacker Drive,60606,4.0,,Loop,Office,667476,1980,1,3301,73,36489610.2,1185997.9,,,,56.4,154.9,60.3,165.5,5168.6,7.7,42.015561,-87.665081,POINT (-87.665081 42.015561),2023-101862
2023,175890,(IL396) - 5400-5420 N Sheridan Rd Condo (5400-5420 N Sheridan Rd ),Submitted,5400-5420 N Sheridan Rd,60062,4.0,,Edgewater,Multifamily Housing,115967,2000,1,,87,1423573.4,6958434.2,,,,72.3,97.4,78.9,103.6,568.8,4.9,41.892525,-87.618134,POINT (-87.618134 41.892525),2023-175890
2023,251317,Hotel Monaco Chicago,Submitted,225 N. Wabash Avenue,60601,1.0,,Loop,Hotel,122666,1998,1,5059,25,4279235.8,14519339.9,,4169820.2,,187.2,252.9,194.2,260.4,1589.7,13,41.95378,-87.674347,POINT (-87.674347 41.95378),2023-251317
2023,250004,Kennedy-King College,Submitted,6301 South Halsted,60621,0.0,,Englewood,College/University,496817,2007,6,43754,,30027171.6,67744546.4,,,,196.8,312.4,210.5,326.8,7613,15.32,41.681007,-87.64703,POINT (-87.64703 41.681007),2023-250004
2023,256546,New Life Covenent Church-SE,Not Submitted,7621 S Greenwood Ave,60619,0.0,,Greater Grand Crossing,,,,,,,,,,,,,,,,,,41.917197,-87.635489,POINT (-87.635489 41.917197),2023-256546
2023,101841,122 Property LLC,Submitted,122 S. Michigan Ave.,60604,3.0,,Loop,Office,512369,1910,1,,66,17056179.8,27170536.4,,4017191.9,,94.2,156,105.8,169.5,4041.4,7.9,41.891418,-87.627915,POINT (-87.627915 41.891418),2023-101841
2023,251398,Overton Community Hub,Not Covered 2024,221 E 49th St,60615,,true,Grand Boulevard,Residential,,,,,,,,,,,,,,,,,41.795402,-87.58958,POINT (-87.58958 41.795402),2023-251398
2023,165353,"04500AS - Chicago, IL",Submitted,1340 S Canal St,60607,4.0,,Near West Side,Supermarket/Grocery Store,71373,2013,1,3052,73,9142055.1,8090799.6,,,,241.4,477.7,255.1,492.1,1708.9,23.9,41.791521,-87.599501,POINT (-87.599501 41.791521),2023-165353
2023,257059,The Leo,Not Covered 2024,741 N Wells St,60654,,true,Near North Side,Residential,,,,,,,,,,,,,,,,,41.89603,-87.633811,POINT (-87.633811 41.89603),2023-257059
2023,252322,Lavergne Court Apts.,Submitted,4938 W. Ouincy Street,60644,4.0,,Austin,Multifamily Housing,144765,1930,6,7218,67,1936429.2,9584464.5,,,,79.6,107,87.6,116.4,780,5.4,41.88478,-87.630801,POINT (-87.630801 41.88478),2023-252322
2023,173767,Reside at Belmont Harbor,Submitted,426 West Belmont Avenue,60657,4.0,,Lake View,Multifamily Housing,59150,1933,1,2000,88,597168.6,4395658.9,,,,84.4,106.3,94.7,117.1,317,5.4,41.929,-87.687024,POINT (-87.687024 41.929),2023-173767
2023,175265,,Not Submitted,3201 3219 W North Ave,60647,0.0,,Humboldt Park,Commercial,,,,,,,,,,,,,,,,,41.758154,-87.688106,POINT (-87.688106 41.758154),2023-175265
2023,251905,Funston,Submitted,2010 N Central Park Ave,60647,1.0,,Logan Square,K-12 School,107729,1896,3,,30,3167424.2,5151200.2,,,,77.2,132.5,88.8,145.1,716.8,6.7,41.947966,-87.657299,POINT (-87.657299 41.947966),2023-251905
2023,159311,Park Michigan,Submitted,1212 S. Michigan Ave.,60605,1.0,,Near South Side,Multifamily Housing,238677,1981,1,,7,16576790.9,4291245,,,,87.4,213.3,96.1,235.9,2547.3,10.7,41.831097,-87.60837,POINT (-87.60837 41.831097),2023-159311
2023,251389,"Hendricks C A, Thomas A -CPS",Not Covered 2024,4320 S Princeton Ave,60609,,true,Fuller Park,K-12 School,,,,,,,,,,,,,,,,,41.769066,-87.643018,POINT (-87.643018 41.769066),2023-251389
2023,254065,1345 S. Wabash Condominium Association,Submitted,1345 S. Wabash Ave.,60605,4.0,,Near South Side,Multifamily Housing,175500,2015,1,,81,3198795.7,6591229,,,,55.8,90.5,61.7,97.7,797.7,4.5,41.93643,-87.642729,POINT (-87.642729 41.93643),2023-254065
2023,101263,,Not Submitted,900  W Argyle St,60640,0.0,,Uptown,Residential,,,,,,,,,,,,,,,,,41.970287,-87.714786,POINT (-87.714786 41.970287),2023-101263
2023,251427,Banneker Elementary -CPS,Not Covered 2024,6646 S Normal,60621,,true,Englewood,K-12 School,,,,,,,,,,,,,,,,,41.933463,-87.746792,POINT (-87.746792 41.933463),2023-251427
2023,103475,Jeffery Place Apartments,Not Submitted,7235 7245 S Jeffery Blvd,60649,0.0,,South Shore,Residential,,,,,,,,,,,,,,,,,41.899128,-87.755849,POINT (-87.755849 41.899128),2023-103475
2023,254114,Town Hall,Not Submitted,3600 N Halsted St,60613,0.0,,Lake View,Residential,,,,,,,,,,,,,,,,,41.856299,-87.622149,POINT (-87.622149 41.856299),2023-254114
2023,112013,,Not Submitted,6455  W Belle Plaine Ave,60634,0.0,,Dunning,Residential,,,,,,,,,,,,,,,,,41.899835,-87.627799,POINT (-87.627799 41.899835),2023-112013
2023,254069,Lincoln Point Condominiums,Not Submitted,5924 N Lincoln Ave,60659,0.0,,West Ridge,Residential,,,,,,,,,,,,,,,,,41.954468,-87.648815,POINT (-87.648815 41.954468),2023-254069
2023,173592,Fulton Court Townhome Association,Submitted,640 W Fulton,60661,4.0,,Near West Side,Multifamily Housing,139000,2000,1,,97,1723081,4380506.8,,,,43.9,67.8,50.7,75.2,473.8,3.4,41.881714,-87.657761,POINT (-87.657761 41.881714),2023-173592
2023,160293,33 West Ontario Street,Submitted,33 W Ontario St.,60654,4.0,,Near North Side,Multifamily Housing,1043204,2003,1,,86,21170822.4,26618098.9,,,,45.8,83.6,49.8,88.9,4376,4.2,41.892257,-87.635754,POINT (-87.635754 41.892257),2023-160293
2023,101899,6830 N SHERIDAN RD,Submitted,6830 N Sheridan,60626,3.5,,Rogers Park,Multifamily Housing,64264,1967,1,,78,1077066.1,4425240.5,,,,85.6,119.2,93.3,126.4,385.7,6,41.931069,-87.639463,POINT (-87.639463 41.931069),2023-101899
2023,251455,Richards Career Academy HS -CPS,Not Covered 2024,5009 S Laflin St,60609,,true,New City,K-12 School,,,,,,,,,,,,,,,,,41.814223,-87.606817,POINT (-87.606817 41.814223),2023-251455
2023,251534,Smith,Submitted,744 E 103rd St,60628,1.0,,Pullman,K-12 School,76920,1973,1,,16,2842520,3910810.3,,,,87.8,156.9,98.8,168.4,605.4,7.9,41.935358,-87.639243,POINT (-87.639243 41.935358),2023-251534
2023,156840,One Superior Place - CO (np52),Submitted,1 W Superior St.,60654,2.0,,Near North Side,Multifamily Housing,657140,1999,1,36798,44,18935264.8,44566228.2,,,,96.6,151.9,96.6,151.9,5016.5,7.6,41.815343,-87.603874,POINT (-87.603874 41.815343),2023-156840
2023,175760,"7300 Venture, LLC",Submitted,7300 S. South Shore Drive,60649,3.0,,South Shore,Multifamily Housing,102570,1968,1,,49,1451632,8217234.1,,,,94.3,123.7,103.2,133.4,639.6,6.2,41.927872,-87.673259,POINT (-87.673259 41.927872),2023-175760
2023,116171,The Bronzeville Vincennes LLC,Submitted,4724 S Vincennes,60615,3.0,,Grand Boulevard,Multifamily Housing,86300,1908,1,,64,2622252,1163556.1,,,,43.9,99.2,49.1,112.7,428.7,5,41.807254,-87.586674,POINT (-87.586674 41.807254),2023-116171
2023,243057,El Lago Condominium Association,Submitted,6157 N. Sheridan Rd,60660,1.0,,Edgewater,Multifamily Housing,295050,1959,1,,27,5324414.2,24799377.2,,,,102.1,138.8,117.3,154.3,2062.2,7,41.82035,-87.616514,POINT (-87.616514 41.82035),2023-243057
2023,174182,Lewis Towers-ID# 174182,Submitted,820 N Michigan Ave,60611,3.5,,Near North Side,Office,216081,1927,1,1864,77,6511005,9241302.9,,,,72.9,129.3,80.2,138.3,1401.9,6.5,41.974271,-87.651495,POINT (-87.651495 41.974271),2023-174182
2023,105653,601 Condominium Association,Submitted,601 E 32nd Street,60616,1.0,,Douglas,Multifamily Housing,190893,1958,1,,15,4248429.2,15403840.7,,,,102.9,147,113.7,159.3,1412.6,7.4,41.778437,-87.589802,POINT (-87.589802 41.778437),2023-105653
2023,251641,Depriest,Submitted,139 S Parkside Ave,60644,1.0,,Austin,K-12 School,106650,2004,1,,26,3835886.6,3769480,,,,71.3,137.8,78.4,145.1,736.9,6.9,41.891897,-87.624016,POINT (-87.624016 41.891897),2023-251641
2023,119799,N002304-CHICAGO (79TH & CICERO) IL,Submitted,7971 South Cicero,60652,4.0,,Ashburn,Wholesale Club/Supercenter,135816,2009,1,1551,94,3811856.1,2355499.8,,,,45.4,96.8,49.9,101.3,658.5,4.8,41.940187,-87.642385,POINT (-87.642385 41.940187),2023-119799
2023,119450,CHICAGO NEAR NORTH (0942),Submitted,2656 N Elston Ave,60647,3.5,,Logan Square,Retail Store,184994,1994,1,2398,75,9371833,7403300.3,,,,90.7,183.9,96.7,189.4,1704.5,9.2,41.792352,-87.711024,POINT (-87.711024 41.792352),2023-119450
2023,101873,24 W. Randolph,Submitted,24 W. Randolph,60601,1.0,,Loop,Performing Arts,83411,1926,0,,,8769906.5,397559.3,,2858243.9,,144.2,330.6,147,341.2,,,41.887713,-87.641505,POINT (-87.641505 41.887713),2023-101873
2023,256769,The Hampdens,Submitted,2773 N Hampden Ct,60614,4.0,,Lincoln Park,Multifamily Housing,100500,2018,1,,73,2372937.2,2592394,,,,49.4,93.2,52.8,96.8,469.7,4.7,41.985613,-87.656903,POINT (-87.656903 41.985613),2023-256769
2023,106236,Twain,Submitted,5134 S Lotus Ave,60638,2.5,,Garfield Ridge,K-12 School,140166,1927,2,,52,3429974.2,4989680,,,,60.1,105.9,65.9,112.5,744.9,5.3,41.894948,-87.630866,POINT (-87.630866 41.894948),2023-106236
2023,113706,Streeterville Center,Submitted,233 E. Erie,60611,2.5,,Near North Side,Multifamily Housing,240000,1968,0,5823,51,5326821.2,10572693.7,,,,66.2,108.4,71.8,114.3,1306.9,5.4,41.8637,-87.645291,POINT (-87.645291 41.8637),2023-113706
2023,251945,916 S Wabash,Submitted,916 S Wabash,60605,2.0,,Loop,College/University,66358,1930,1,594,,4132949.6,436342.3,,,,68.9,181.3,73,189,601.5,9.1,41.888301,-87.629407,POINT (-87.629407 41.888301),2023-251945
2023,117179,,Not Submitted,3318  N Lake Shore Dr,60657,0.0,,Lake View,Residential,,,,,,,,,,,,,,,,,41.917936,-87.657457,POINT (-87.657457 41.917936),2023-117179
2023,251758,Perspectives/IIT Math & Science Academy,Not Covered 2024,3663 S Wabash Ave,60653,,true,Douglas,Commercial,,,,,,,,,,,,,,,,,41.79186,-87.689016,POINT (-87.689016 41.79186),2023-251758
2023,251218,Museum Tower Residences (251218),Submitted,1335 South Prairie Avenue,60605,3.5,,Near South Side,Multifamily Housing,362406,2003,1,,71,7808710.8,19425696.1,,,,75.1,116.6,81.3,122.5,2124.4,5.9,41.89764,-87.62755,POINT (-87.62755 41.89764),2023-251218
2023,151285,4651 N Greenview (ng55),Submitted,4651 N Greenview Ave,60640,4.0,,Uptown,Multifamily Housing,68781,2008,1,3074,73,1364357.4,2393555.5,,,,54.6,92.1,55.7,94.9,318,4.6,41.877889,-87.642609,POINT (-87.642609 41.877889),2023-151285
2023,107939,Kenmore,Submitted,5040 N Kenmore Ave,60640,1.0,,Uptown,Multifamily Housing,90528,2010,1,,18,2959847.6,5064999.6,,,,88.6,150.3,94.5,156,683.2,7.5,41.883053,-87.644689,POINT (-87.644689 41.883053),2023-107939
2023,251751,Juarez HS,Submitted,1450 W Cermak Rd,60608,1.5,,Lower West Side,K-12 School,256400,1975,3,,32,8736900.6,12019809.8,,,,81,144.6,89.8,154.1,1860.9,7.3,41.901566,-87.706896,POINT (-87.706896 41.901566),2023-251751
2023,252034,Center Home For Hispanic Elderly,Submitted,1401 N. California Ave,60622,3.0,,West Town,Senior Living Community,75000,1925,1,,66,1818262.7,8082800,,,,132,181,144.3,193.5,683.7,9.1,41.879385,-87.627281,POINT (-87.627281 41.879385),2023-252034
2023,244447,One River Place Condominium Association,Submitted,758 N. Larrabee,60654,4.0,,Near North Side,Multifamily Housing,365722,1929,1,,92,7322779.2,12094282.8,,,,53.1,90.8,60.9,100.2,1667,4.6,41.880715,-87.627876,POINT (-87.627876 41.880715),2023-244447
2023,254513,Xavier,Submitted,625 W. Division St.,60610,3.5,,Near North Side,Multifamily Housing,232582,2015,1,,59,7762138.4,6020055.1,,,,59.3,120.6,59.3,120.6,1405.8,6,41.899005,-87.66752,POINT (-87.66752 41.899005),2023-254513
2023,166264,University Center Chicago,Submitted,525 S. State Street,60605,3.0,,Loop,Other - Lodging/Residential,702000,2004,1,36150,,24690632.9,26648562.8,,,,73.1,138.3,77.5,142.4,4870.1,6.9,41.947386,-87.643515,POINT (-87.643515 41.947386),2023-166264
2023,104261,500 W. Belmont Apartments,Submitted,500 W. Belmont Ave.,60642,2.0,,Lake View,Multifamily Housing,54927,1965,1,,46,903972.4,3579303.4,,,,81.6,114.5,88.8,121.8,316.6,5.8,41.889626,-87.618973,POINT (-87.618973 41.889626),2023-104261
2023,251526,Barry,Submitted,2828 N Kilbourn Ave,60641,3.0,,Hermosa,K-12 School,78700,1927,2,,45,1035862.8,5765670,,,,86.4,113.8,106,134.4,451.2,5.7,41.787926,-87.719222,POINT (-87.719222 41.787926),2023-251526
2023,102286,3000 N Halsted Street,Submitted,3000 N Halsted Street,60657,4.0,,Lake View,Medical Office,142955,1993,1,,88,8198250.7,,2827511.6,,,77.1,184.4,80.3,188.9,1334.8,9.3,41.73638,-87.627509,POINT (-87.627509 41.73638),2023-102286
2023,251543,Harvard,Submitted,7525 S Harvard Ave,60620,2.5,,Greater Grand Crossing,K-12 School,80584,1905,2,,54,1670075,3493170.1,,,,64.1,103.5,71.9,111.8,419.2,5.2,41.880589,-87.63071,POINT (-87.63071 41.880589),2023-251543
2023,173837,Black Ensemble Theater,Not Submitted,4450 N Clark St,60640,0.0,,Uptown,Performing Arts,,,,,,,,,,,,,,,,,41.939457,-87.67885,POINT (-87.67885 41.939457),2023-173837
2023,175462,,Not Submitted,741  E 79th St,60619,0.0,,Chatham,Residential,,,,,,,,,,,,,,,,,41.944707,-87.641384,POINT (-87.641384 41.944707),2023-175462
2023,119215,919 S California Ave.,Submitted,919 S California Avenue,60612,1.0,,East Garfield Park,Other,85000,2002,1,0,,4955755.2,4405719.8,,,,110.1,217.7,120.3,229.3,927.4,10.9,41.832066,-87.626818,POINT (-87.626818 41.832066),2023-119215
2023,158420,Millennium on LaSalle (ml033),Submitted,29 S La Salle St,60603,3.5,,Loop,Multifamily Housing,187875,2020,3,4693,80,4994816.2,4463385.3,,,,50.3,99.4,53.1,102.3,935.9,5,41.888087,-87.630888,POINT (-87.630888 41.888087),2023-158420
2023,256790,(IL388) - 1550 North Clark Condo (1550 N Clark St ),Submitted,1550 N Clark St,60610,3.0,,Near North Side,Multifamily Housing,116485,2020,1,,69,3121504.4,4859033.3,,,,68.5,118.8,74.5,127.9,694.8,6,41.809553,-87.594956,POINT (-87.594956 41.809553),2023-256790
2023,252090,The Talbott Hotel,Submitted,20 E. Delaware Pl,60611,2.5,,Near North Side,Hotel,106734,1927,1,3676,55,4611209.6,6510109.6,,,,104.2,185,108.7,189,991,9.3,41.892593,-87.624334,POINT (-87.624334 41.892593),2023-252090
2023,251370,West Ridge,Submitted,6700 N Whipple St,60645,1.5,,West Ridge,K-12 School,100107,2010,1,,33,3758556.9,2253990.1,,,,60.1,128.8,64.3,133.3,645.6,6.4,41.907633,-87.630246,POINT (-87.630246 41.907633),2023-251370
2023,100372,Holy Cross Hospital,Submitted,"2701 W 68th St,",60629,4.0,,Chicago Lawn,Hospital (General Medical & Surgical),409910,1963,4,,63,29662065.4,104059401.4,-10366308,,,300.9,438.7,300.9,438.7,8989.1,21.9,42.005247,-87.671768,POINT (-87.671768 42.005247),2023-100372
2023,251965,Lake Meadows Shopping Center - (LA Fitness - Building 2),Submitted,3455 S King Dr,60616,2.0,,Douglas,Fitness Center/Health Club/Gym,60303,2008,1,,,3397507.5,3469727,,,,113.9,218.2,121.2,226.3,659.7,10.9,41.982687,-87.656443,POINT (-87.656443 41.982687),2023-251965
2023,131155,217 N. Jefferson,Submitted,217 N. Jefferson,60661,2.5,,Near West Side,Office,58044,1938,1,,33,4104607.3,670491,,,,82.3,210.1,87.6,221.8,609.9,10.5,41.742445,-87.65367,POINT (-87.65367 41.742445),2023-131155
2023,102363,Lane Tech HS,Submitted,2501 W Addison St,60618,3.5,,North Center,K-12 School,713935,1934,2,,73,12114801.2,31127350.6,,,,60.6,93.3,70.3,103.5,3348.4,4.7,41.892141,-87.624313,POINT (-87.624313 41.892141),2023-102363
2023,254157,5114 N Christiana Ave.,Submitted,5114 N Christiana Ave.,60625,4.0,,North Park,College/University,73000,2000,1,,,2410951.5,1824830.2,,,,58,118.7,64.8,125.9,434.3,5.9,41.97735,-87.838288,POINT (-87.838288 41.97735),2023-254157
2023,117311,Chicago-Lakeshore,Submitted,6130 North Sheridan Rd,60660,3.0,,Edgewater,Other - Specialty Hospital,80684,2000,1,1619,,5710317.3,9444062.6,,,,187.8,321.1,208.9,341.5,1300.6,16.1,41.929849,-87.684644,POINT (-87.684644 41.929849),2023-117311
2023,104278,431 Roscoe,Submitted,429-31 W. Roscoe,60657,2.0,,Lake View,Multifamily Housing,55296,1931,1,,41,645283.1,4787730,,,,98.3,123.6,108.9,134.5,344.6,6.2,41.87671,-87.640878,POINT (-87.640878 41.87671),2023-104278
2023,130553,,Not Submitted,4700 N Marine Dr,60640,0.0,,Uptown,Commercial,,,,,,,,,,,,,,,,,41.76893,-87.632083,POINT (-87.632083 41.76893),2023-130553
2023,156854,(IL272) - Delaware Place Private Res (33 West Delaware Place ),Submitted,33 West Delaware Place,60610,3.0,,Near North Side,Multifamily Housing,180629,1985,1,,48,7705117.1,3292844.6,,,,60.9,138.6,63.1,144.9,1253,6.9,41.869146,-87.627319,POINT (-87.627319 41.869146),2023-156854
2023,256736,Addams,Submitted,10810 S Ave H,60617,1.0,,East Side,K-12 School,63822,1948,6,,28,1719654.8,3126920.1,,,,75.9,126.9,85.8,137.2,406.7,6.4,41.916759,-87.694871,POINT (-87.694871 41.916759),2023-256736
2023,134533,645 North Michigan,Submitted,645 North Michigan Avenue,60611,3.5,,Near North Side,Office,215871,1962,1,,51,10972423.9,9177405.6,,,,93.3,187,102.7,200.2,2022.7,9.4,41.923102,-87.636639,POINT (-87.636639 41.923102),2023-134533
2023,175915,Steeple Center,Submitted,4916-4938 S Kedzie Ave,60632,3.0,,Brighton Park,Strip Mall,86000,1980,1,,,4160658.7,3124001.5,,,,84.7,173.6,93.8,183.8,748.1,8.7,41.865076,-87.625925,POINT (-87.625925 41.865076),2023-175915
2023,251501,Mayer,Submitted,2250 N Clifton Ave,60614,1.5,,Lincoln Park,K-12 School,73514,1959,1,,36,2027611.7,3298580,,,,72.5,124.3,83.1,137.3,458.9,6.2,41.773027,-87.637003,POINT (-87.637003 41.773027),2023-251501
2023,251509,Daley,Submitted,5024 S Wolcott Ave,60609,3.5,,New City,K-12 School,73350,1996,1,,55,2255042,1096140,,,,45.7,101.8,45.7,101.8,373.7,5.1,41.906937,-87.663602,POINT (-87.663602 41.906937),2023-251509
2023,173880,The Morse Wolcott,Submitted,6942-60 N Wolcott,60626,3.5,,Rogers Park,Multifamily Housing,61000,1926,1,,80,635599.7,3652663,,,,70.3,92,82.2,104.8,282.9,4.6,41.975112,-87.712183,POINT (-87.712183 41.975112),2023-173880
2023,146019,,Not Submitted,4730  N Kimball Ave,60625,0.0,,Albany Park,Residential,,,,,,,,,,,,,,,,,41.758927,-87.649253,POINT (-87.649253 41.758927),2023-146019
2023,257074,,Not Covered 2024,4713 N Western Ave,60625,,true,Lincoln Square,,,,,,,,,,,,,,,,,,41.967131,-87.688544,POINT (-87.688544 41.967131),2023-257074
2023,254999,2950 North Sheridan,Submitted,2950 North Sheridan,60657,2.0,,Lake View,Multifamily Housing,135460,2017,1,,48,5175495.7,4752637,,,,73.3,143.8,79.7,153.2,976.6,7.2,41.769813,-87.566692,POINT (-87.566692 41.769813),2023-254999
2023,160305,550 St. Clair Condominium,Submitted,550 N St. Clair St,60611,1.0,,Near North Side,Multifamily Housing,193000,2008,1,,26,7052244.6,9520938.6,,,,85.9,154.1,91.4,158.8,1492.5,7.7,41.877413,-87.676691,POINT (-87.676691 41.877413),2023-160305
2023,242048,3550 N Lake Shore Drive,Submitted,3550 N Lake Shore Dr.,60657,3.5,,Lake View,Multifamily Housing,683035,1962,1,,77,11295509.4,37838301.3,,,,71.9,104.5,78.4,110.9,3590.2,5.3,41.795075,-87.606097,POINT (-87.606097 41.795075),2023-242048
2023,251255,Tower Park Residences: 1235 South Prairie Avenue,Submitted,1235 South Prairie Avenue,60605,3.5,,Near South Side,Multifamily Housing,605856,2006,1,,78,9714019.2,22515800.5,,,,53.2,83.9,57.9,88.5,2555.1,4.2,41.887984,-87.636532,POINT (-87.636532 41.887984),2023-251255
2023,101913,Chicago Transit Authority - 567 W Lake Street,Submitted,567 W. Lake Street,60661,3.5,,Near West Side,Office,434052,2004,1,,74,17603273,8168188.2,,,,59.4,133.3,62.8,136.9,2896.9,6.7,41.823914,-87.692041,POINT (-87.692041 41.823914),2023-101913
2023,111978,Commonwealth Towers Condominium Association,Submitted,2920 N. Commonwealth Ave.,60657,3.0,,Lake View,Multifamily Housing,78400,1929,1,,47,911641.1,5857126.1,,,,86.3,111,95.5,120.6,438.7,5.6,41.79142,-87.580148,POINT (-87.580148 41.79142),2023-111978
2023,251626,Albany Park Multicultural Academy -CPS,Not Covered 2024,4929 N Sawyer Ave,60625,,true,Albany Park,K-12 School,,,,,,,,,,,,,,,,,41.97108,-87.709407,POINT (-87.709407 41.97108),2023-251626
2023,103643,180 North LaSalle,Submitted,180 North Lasalle Street,60601,4.0,,Loop,Office,859786,1972,1,2205,81,21351333.3,20540316,,14644031.9,,65.8,110.1,69.6,114.7,4850.2,5.6,41.854615,-87.651322,POINT (-87.651322 41.854615),2023-103643
2023,256438,Tech Business Center,Not Submitted,3440 S Dearborn Street,60616,0.0,,Douglas,Commercial,,,,,,,,,,,,,,,,,41.976493,-87.655134,POINT (-87.655134 41.976493),2023-256438
2023,253956,3611 W. Montrose Condominium Association,Submitted,3611 W. Montrose Ave.,60618,4.0,,Irving Park,Multifamily Housing,50000,1996,1,,91,855663.2,1725116.1,,,,51.6,84.1,57.9,92.4,211.4,4.2,41.997403,-87.658295,POINT (-87.658295 41.997403),2023-253956
2023,251373,Mitchell,Submitted,2233 W Ohio St,60612,4.0,,West Town,K-12 School,56385,1892,2,,77,724551.9,2300020,,,,53.6,78.8,63,88.7,223.5,4,41.953584,-87.743125,POINT (-87.743125 41.953584),2023-251373
2023,251289,1164 West Madison,Submitted,1164 W. Madison St.,60607,2.5,,Near West Side,Multifamily Housing,253422,2014,1,,57,7531358.4,7663719.7,,,,60,115,63.7,118.2,1460.8,5.8,41.765361,-87.641417,POINT (-87.641417 41.765361),2023-251289
2023,172115,999 Lake Shore Drive,Submitted,999 N. Lake Shore Drive,60611,3.0,,Near North Side,Multifamily Housing,86180,1912,1,,48,1334053.3,6935657.6,,,,96,127.8,107.5,139.9,555,6.4,41.891338,-87.648943,POINT (-87.648943 41.891338),2023-172115
2023,251742,Solorio HS,Submitted,5400 S St Louis Ave,60632,2.0,,Gage Park,K-12 School,213710,2010,1,,46,7345531.1,5852399.6,,,,61.8,125,65.1,128.4,1338.6,6.3,41.980382,-87.657777,POINT (-87.657777 41.980382),2023-251742
2023,148673,Teresa Roldan Apartment on Paseo Boricua,Submitted,1154 N Campbell Ave,60622,1.0,,West Town,Multifamily Housing,52240,2005,1,1863,4,2465200.9,2978700.2,,,,104.4,192.2,111.5,198.8,503.1,9.6,41.906843,-87.683043,POINT (-87.683043 41.906843),2023-148673
2023,105987,Jeffery Towers,Submitted,7020 S Jeffery Blvd,60649,2.0,,South Shore,Multifamily Housing,125000,1925,1,,42,1253544.9,11522159.5,,,,102.2,124.9,114.2,137.8,787.4,6.3,41.939801,-87.654161,POINT (-87.654161 41.939801),2023-105987
2023,104931,4600 N. Winchester,Submitted,4600 N. Winchester Ave.,60640,1.0,,Lincoln Square,Multifamily Housing,50139,1906,1,,24,754054.8,5517828,,,,125.1,157.7,138.3,171.1,398.6,7.9,41.894603,-87.640496,POINT (-87.640496 41.894603),2023-104931
2023,175736,"Lakeside Tower, LLC",Submitted,910 W Lawrence Ave,60640,4.0,,Uptown,Multifamily Housing,90780,1931,1,,77,1304293.4,4654449,,,,65.6,94.1,74.1,102.8,429.7,4.7,41.994701,-87.657183,POINT (-87.657183 41.994701),2023-175736
2023,105551,The Carolan Apartments,Not Submitted,5480 S Cornell Ave,60615,0.0,,Hyde Park,Residential,,,,,,,,,,,,,,,,,41.863739,-87.623924,POINT (-87.623924 41.863739),2023-105551
2023,251619,Bouchet,Submitted,7355 S Jeffery Blvd,60649,1.0,,South Shore,K-12 School,141329,1903,5,,27,4334710.6,6692349.8,,,,78,135.6,87,147.8,962,6.8,41.907804,-87.664109,POINT (-87.664109 41.907804),2023-251619
2023,101559,IL0303ZZ-METCALFE FED BLDG,Submitted,77 W Jackson,60604,4.0,,Loop,Office,799454,1991,1,4776,88,28874983.6,,,,,36.1,101.1,38.1,106.8,4040.2,5.1,41.67666,-87.635707,POINT (-87.635707 41.67666),2023-101559
2023,160279,Millennium Park Plaza,Submitted,151-155 N Michigan Ave,60601,1.0,,Loop,Multifamily Housing,610694,1982,1,,4,37434888.3,19690169.5,,,,93.5,205.5,100.1,218.1,6283.7,10.3,41.902598,-87.630093,POINT (-87.630093 41.902598),2023-160279
2023,251677,Darwin,Submitted,3116 W Belden Ave,60647,3.5,,Logan Square,K-12 School,121241,1900,3,,60,2931433.5,3343379.8,,,,51.8,96.7,57.1,104.4,587.7,4.8,41.75913,-87.741554,POINT (-87.741554 41.75913),2023-251677
2023,102232,2800 Lake Shore Drive Condo Association (102232),Submitted,2800 North Lake Shore Drive,60657,3.5,,Lake View,Multifamily Housing,757935,1969,1,18668,77,8161541.3,49299030.3,,,,75.8,98.4,84.1,106.9,3760.5,5,41.947658,-87.646707,POINT (-87.646707 41.947658),2023-102232
2023,250089,Hattie Callner,Submitted,855 W. Aldine Ave,60657,3.0,,Lake View,Multifamily Housing,115000,1965,1,,62,1293240.2,9053700.6,,,,90,114.2,99.7,124.2,661.8,5.8,41.879411,-87.637104,POINT (-87.637104 41.879411),2023-250089
2023,256898,RUMC - Rubschlager Building,Submitted,1520 W. Harrison Street,60607,1.0,,Near West Side,Medical Office,450000,2023,1,,19,24694499.9,,32874195.6,33780590.5,,203,309.9,203.6,311.7,7418.3,16.5,41.793643,-87.58235,POINT (-87.58235 41.793643),2023-256898
2023,102946,Haven Towers,Submitted,7947 S. South Chicago Ave.,60617,2.5,,South Chicago,Multifamily Housing,61000,2001,1,,55,1799876.7,2291400,,,,67.1,122.1,71.7,127.4,373.5,6.1,41.877782,-87.732654,POINT (-87.732654 41.877782),2023-102946
2023,116413,CASL Senior Housing,Submitted,2108 S. Princeton Avenue,60616,2.0,,Armour Square,Multifamily Housing,68260,1997,1,,49,1164207.9,5535248.7,,,,98.1,132.9,107,142.2,456.9,6.7,41.902212,-87.634572,POINT (-87.634572 41.902212),2023-116413
2023,159892,(IL731) - Promontory Corp (5530 South Shore Drive),Submitted,5530 South Shore Drive,60062,1.5,,Hyde Park,Multifamily Housing,125000,1949,1,,39,2759814.1,11499582.6,,,,114.1,158.4,131.1,176.3,997,8,41.767332,-87.566649,POINT (-87.566649 41.767332),2023-159892
2023,173949,"Park Gables Apartment Homes, INC",Submitted,2438-2484 W Estes Ave,60645,3.0,,West Ridge,Multifamily Housing,103000,1928,1,,64,335016.8,9631899.9,,,,96.8,107.3,113.8,125.4,558.5,5.4,41.91299,-87.727504,POINT (-87.727504 41.91299),2023-173949
2023,253993,(IL192) -2500 Lakeview Association (2500 N. Lakeview),Submitted,2500 N. Lakeview,60614,1.0,,Lincoln Park,Multifamily Housing,208975,1975,1,,10,12429171,2394068.3,,,,70.9,178.6,77.7,196.9,1866.2,8.9,41.874481,-87.629357,POINT (-87.629357 41.874481),2023-253993
2023,251374,Laura S Ward Elementary -CPS,Not Covered 2024,410 N Monticello Ave,60624,,true,Humboldt Park,K-12 School,,,,,,,,,,,,,,,,,41.961871,-87.655838,POINT (-87.655838 41.961871),2023-251374
2023,174164,Madison Park Apartments,Submitted,1380 E. Hyde Park Blvd,60615,2.0,,Kenwood,Multifamily Housing,160000,1934,1,,44,5164542.5,4087216.5,,,,57.8,117.2,63.8,127.9,939.7,5.9,41.707433,-87.600392,POINT (-87.600392 41.707433),2023-174164
2023,172679,Cook Brothers,Submitted,1710 - 1740 N Kostner Ave,60639,3.0,,Humboldt Park,Retail Store,107750,1977,1,,43,5166170.9,4017212.4,,,,85.2,173.4,95.7,184.7,936.2,8.7,41.759663,-87.583362,POINT (-87.583362 41.759663),2023-172679
2023,160438,155 North Wacker,Submitted,155 N. Wacker,60606,4.0,,Loop,Office,1406031,2009,1,6148,75,62260287.3,,,26104079.4,,62.8,140.9,64.5,147.3,10087.1,7.2,41.68519,-87.64228,POINT (-87.64228 41.68519),2023-160438
2023,251928,Institute of Forensic Medicine,Submitted,2121 W. Harrison St.,60612,1.0,,Near West Side,Other - Public Services,79368,1982,1,,,6222419.5,10634140.1,,,,212.4,360.2,235.6,384.1,1435.5,18.1,41.978307,-87.846316,POINT (-87.846316 41.978307),2023-251928
2023,257112,,Not Covered 2024,1802 W Berenice Ave,60613,,true,North Center,Residential,,,,,,,,,,,,,,,,,41.951639,-87.674442,POINT (-87.674442 41.951639),2023-257112
2023,156829,St. Xavier University,Submitted,3700 W. 103rd St.,60655,2.0,,Mount Greenwood,College/University,468006,1955,10,,,12327534.9,43229777.8,,,,118.7,170.7,130.7,183,4021,8.6,41.880839,-87.628902,POINT (-87.628902 41.880839),2023-156829
2023,254367,GEMS World Academy Chicago,Not Submitted,350 E South Water St,60601,0.0,,Loop,,,,,,,,,,,,,,,,,,41.945247,-87.670857,POINT (-87.670857 41.945247),2023-254367
2023,101924,Onni Van Buren Chicago LLC,Submitted,550 West Van Buren Street,60607,4.0,,Near West Side,Office,332608,1999,1,,84,14525823.5,,,,,43.7,122.3,46.2,129.4,2032.4,6.1,41.98462,-87.669149,POINT (-87.669149 41.98462),2023-101924
2023,159417,Lake Meadows Building 8,Submitted,401 E 32nd Street,60616,2.5,,Douglas,Multifamily Housing,285410,1956,1,,32,2529792.6,33456765.4,,,,126.1,147.9,149.6,172.6,2131,7.5,41.883389,-87.668079,POINT (-87.668079 41.883389),2023-159417
2023,175927,The Mayfair,Submitted,1660 E. 55th St,60615,1.0,,Hyde Park,Multifamily Housing,95500,1920,1,,18,1407940.3,9352418.9,,,,112.7,144.1,123,154.8,693.8,7.3,41.900851,-87.628281,POINT (-87.628281 41.900851),2023-175927
2023,174203,Somerset Place Apartments,Submitted,5009 N Sheridan Rd,60640,2.0,,Uptown,Multifamily Housing,160000,1920,1,,47,6184161.3,2123605.6,,,,51.9,122.2,57,133,978.1,6.1,41.868692,-87.628402,POINT (-87.628402 41.868692),2023-174203
2023,101537,,Not Submitted,4532 4542 S Drexel Blvd,60653,0.0,,Kenwood,Residential,,,,,,,,,,,,,,,,,41.919935,-87.658428,POINT (-87.658428 41.919935),2023-101537
2023,158407,Canopy by Hilton Chicago Central Loop,Not Submitted,226 W Jackson Blvd,60606,0.0,,Loop,Lodging,,,,,,,,,,,,,,,,,41.901886,-87.633005,POINT (-87.633005 41.901886),2023-158407
2023,135007,IRI Global Headquarters,Not Covered 2024,150 N Clinton St,60661,,true,Near West Side,Office,,,,,,,,,,,,,,,,,41.893352,-87.625567,POINT (-87.625567 41.893352),2023-135007
2023,175542,3260 North Lake Shore,Submitted,3260 North Lake Shore Drive,60657,4.0,,Lake View,Multifamily Housing,259048,1928,1,,86,2649895.8,13573569.7,,,,62.6,83.7,69.7,90.8,1091.7,4.2,41.883101,-87.630331,POINT (-87.630331 41.883101),2023-175542
2023,101686,Harlem-Foster Shopping Center,Submitted,7240 West Foster Avenue,60656,4.0,,Norwood Park,Strip Mall,273613,1958,3,,,18009330.9,12798674.8,,,,112.6,233.4,120.5,239.5,3087.7,11.3,41.897846,-87.746746,POINT (-87.746746 41.897846),2023-101686
2023,160381,Cortland River North (kw021),Submitted,220 W Illinois St,60654,2.5,,Near North Side,Multifamily Housing,238860,2015,1,5840,74,6420912.9,5895100.2,,,,51.6,101.2,55.6,106.8,1171.6,4.91,41.877474,-87.683249,POINT (-87.683249 41.877474),2023-160381
2023,256815,Logan - (lg058),Submitted,2522 N Milwaukee Ave,60647,2.0,,Logan Square,Multifamily Housing,285767,2019,1,7754,47,10529323.9,1796218.3,,,,43.1,109.8,44,110.7,1568.7,5.5,41.908936,-87.805603,POINT (-87.805603 41.908936),2023-256815
2023,250050,Phillips Academy HS -CPS,Not Covered 2024,244 E Pershing Rd,60653,,true,Douglas,K-12 School,,,,,,,,,,,,,,,,,41.905332,-87.633118,POINT (-87.633118 41.905332),2023-250050
2023,251531,Carroll @ Rosenwald Branch,Submitted,2601 W 80th Street,60652,1.0,,Ashburn,K-12 School,58992,1996,1,,29,1550590.2,3336930.1,,,,82.9,133,95.7,147.7,394.2,6.7,41.881994,-87.639759,POINT (-87.639759 41.881994),2023-251531
2023,101744,One North Wacker,Submitted,One North Wacker Drive,60606,4.0,,Loop,Office,1614398,2001,1,7173,80,71947949.1,,,34089059.5,,65.7,144,67.7,151.7,11863.4,7.3,41.932865,-87.647171,POINT (-87.647171 41.932865),2023-101744
2023,173768,813-31 West Waveland,Submitted,813-831 West Waveland,60613,2.5,,Lake View,Multifamily Housing,50000,1925,1,,51,1017322.7,2659282.8,,,,73.5,112.8,79,121.9,283.6,5.7,41.788119,-87.596528,POINT (-87.596528 41.788119),2023-173768
2023,251557,Lavizzo,Submitted,138 W 109th St,60628,1.0,,Roseland,K-12 School,83900,1999,1,,15,3052699.3,4496820.2,,,,90,158.2,99.1,167.2,666,7.9,41.761305,-87.557706,POINT (-87.557706 41.761305),2023-251557
2023,156772,The LaSalle Atrium Building,Not Covered 2024,401 S Lasalle St,60605,,true,Loop,Commercial,,,,,,,,,,,,,,,,,41.862304,-87.627055,POINT (-87.627055 41.862304),2023-156772
2023,161305,Ninos Heroes,Submitted,8344 S Commercial Ave,60617,1.0,,South Chicago,K-12 School,73518,1981,1,,17,2613267.9,3296649.9,,,,80.4,146.6,90.9,157.6,540.7,7.4,41.846471,-87.61717,POINT (-87.61717 41.846471),2023-161305
2023,251563,Cardenas ES - South,Submitted,2524 S Central Park Avenue,60623,4.0,,Austin,K-12 School,84116,1912,2,,82,1265183.2,2526180,,,,45.1,73.6,52.4,81.4,311.2,3.7,41.880016,-87.632162,POINT (-87.632162 41.880016),2023-251563
2023,105615,Surf III LLC,Submitted,426 W Surf St,60657,4.0,,Lake View,Multifamily Housing,89650,1928,1,,83,2600217.9,1384484.4,,,,44.4,97.4,47.4,105,437.4,4.9,41.809535,-87.59245,POINT (-87.59245 41.809535),2023-105615
2023,251550,Coles Model For Excellence -CPS,Not Covered 2024,8441 S Yates Blvd,60617,,true,South Chicago,K-12 School,,,,,,,,,,,,,,,,,41.879478,-87.635311,POINT (-87.635311 41.879478),2023-251550
2023,251606,Laura S. Ward Elementary School - CPS,Not Covered 2024,646 N Lawndale Ave,60624,,true,Humboldt Park,K-12 School,,,,,,,,,,,,,,,,,41.953554,-87.745055,POINT (-87.745055 41.953554),2023-251606
2023,102270,2700-2714 N Spaulding Ave,Submitted,"2700-14 N Spaulding, 3300-3312 W. Schubert",60647,4.0,,Logan Square,Multifamily Housing,50000,1920,1,,75,683852.2,4107283.2,,,,95.8,124.5,105.5,134.3,313.8,6.3,41.947118,-87.655381,POINT (-87.655381 41.947118),2023-102270
2023,103933,,Not Submitted,3161  N Cambridge Ave,60657,0.0,,Lake View,Residential,,,,,,,,,,,,,,,,,41.946337,-87.643311,POINT (-87.643311 41.946337),2023-103933
2023,102455,Harper Center (Booth School),Submitted,5807 South Woodlawn Ave.,60637,,true,Hyde Park,College/University,419312,2004,1,,,22430559.8,844920,21836146.2,,,107.6,214.5,109.6,216.1,4633.2,11,41.860908,-87.647179,POINT (-87.647179 41.860908),2023-102455
2023,103628,701190 - 1000 West Fulton Market - OPI,Submitted,1000 West Fulton,60607,4.0,,Near West Side,Office,563066,1923,1,,87,17906663.3,19967170.7,,,,67.3,126.3,70.3,129.2,3566,6.3,41.769779,-87.570015,POINT (-87.570015 41.769779),2023-103628
2023,103685,One North State,Not Covered 2024,1 N State St,60602,,true,Loop,Office,,,,,,,,,,,,,,,,,41.954345,-87.64535,POINT (-87.64535 41.954345),2023-103685
2023,100375,C3600FRA (22112),Submitted,3600 W Franklin Blvd,60624,1.5,,Humboldt Park,Multifamily Housing,63514,1917,1,2396,35,701909.8,5204179.8,,,,93,117,104,128.9,374.6,5.9,41.884625,-87.619254,POINT (-87.619254 41.884625),2023-100375
2023,251318,"03181AS - Chicago, IL",Submitted,87 W 87th Street,60620,2.0,,Chatham,Supermarket/Grocery Store,70022,1974,1,0,45,10431705.7,7550300.4,,,,256.8,530.4,272.4,545.1,1860.6,26.6,41.873033,-87.630486,POINT (-87.630486 41.873033),2023-251318
2023,137144,Union Health Service,Not Submitted,1634 W Polk St,60612,0.0,,Near West Side,Urgent Care/Clinic/Other Outpatient,,,,,,,,,,,,,,,,,41.95728,-87.649633,POINT (-87.649633 41.95728),2023-137144
2023,101975,Daley Center,Submitted,14 East Jackson Blvd.,60604,,true,Loop,College/University,371257,1930,1,,,7944416.2,13678862.2,,5305919.9,,72.5,111.6,78.1,118,2117.8,5.7,41.928879,-87.641368,POINT (-87.641368 41.928879),2023-101975
2023,160454,River North Park (rv57),Submitted,320 West Illinois St.,60654,2.0,,Near North Side,Multifamily Housing,461526,1985,1,7193,49,17509991.9,4657725.5,,,,48,116.8,51.9,126.9,2697.4,5.8,41.896303,-87.626695,POINT (-87.626695 41.896303),2023-160454
2023,252030,012-012-Tremont Hotel,Not Submitted,100 E Chestnut,60611,0.0,,Near North Side,Commercial,,,,,,,,,,,,,,,,,41.853195,-87.719329,POINT (-87.719329 41.853195),2023-252030
2023,101562,DePaul Center,Submitted,1 East Jackson Blvd.,60604,3.0,,Loop,College/University,701699,1910,1,,,39308547.3,885124,,,,57.3,158.2,57.3,158.2,5547,7.9,41.888943,-87.641736,POINT (-87.641736 41.888943),2023-101562
2023,103689,Old Post Office,Submitted,433 West Harrison Street,60607,4.0,,Near West Side,Office,2493160,2018,1,6130,88,65672160.6,50678741.1,,59866738.5,,70.7,116.9,72.7,118.8,15035.6,6,41.905863,-87.628892,POINT (-87.628892 41.905863),2023-103689
2023,116697,,Not Submitted,1322 1328 S Wabash Ave,60605,0.0,,Near South Side,Residential,,,,,,,,,,,,,,,,,41.883099,-87.6346,POINT (-87.6346 41.883099),2023-116697
2023,101776,Hyatt Regency Chicago,Submitted,151 East Wacker Drive,60601,3.5,,Loop,Hotel,2022785,1974,1,,80,68157512.4,104980403.9,,,,85.6,148.8,91.5,154.7,15112.6,7.5,41.864358,-87.661643,POINT (-87.661643 41.864358),2023-101776
2023,222150,"The Barry Condominium, Inc.",Submitted,3100 N. Sheridan Rd.,60657,4.0,,Lake View,Multifamily Housing,175279,1924,1,,91,2079444.6,11288667.4,,,,76.3,100.8,86.7,112.3,890.6,5.1,41.958467,-87.688901,POINT (-87.688901 41.958467),2023-222150
2023,257167,306 W Erie,Submitted,306 W Erie St,60654,3.5,,Near North Side,Office,90872,2015,1,,79,3444674.1,512070,,,,43.5,112.1,45.2,113.8,509.2,5.6,41.894077,-87.636064,POINT (-87.636064 41.894077),2023-257167
2023,159810,Kenmore Plaza Tenants Association,Submitted,5225 N Kenmore Ave,60640,4.0,,Edgewater,Multifamily Housing,269311,1974,1,,92,4368668.3,10890272,,,,56.7,87.9,60.8,91.9,1189.7,4.4,41.882873,-87.656746,POINT (-87.656746 41.882873),2023-159810
2023,256833,,Not Covered 2024,145 South Wells,60606,,true,Loop,Commercial,,,,,,,,,,,,,,,,,42.001475,-87.656648,POINT (-87.656648 42.001475),2023-256833
2023,175894,Whitechapel Apartments,Submitted,4900 N. Sheridan Rd,60640,1.5,,Uptown,Multifamily Housing,126000,1980,1,,32,2368786.6,9461231.3,,,,93.9,131.5,102.5,140.1,834,6.6,41.942502,-87.669813,POINT (-87.669813 41.942502),2023-175894
2023,231271,Two West Delaware (dt38),Submitted,2 West Delaware Place,60610,4.0,,Near North Side,Multifamily Housing,703611,2010,1,,96,11964794.8,,,,,17,47.6,16.7,46.8,1674.1,2.4,42.012383,-87.683257,POINT (-87.683257 42.012383),2023-231271
2023,253966,Greenview Place SLF,Submitted,1501 W. Melrose St.,60657,3.5,,Lake View,Senior Living Community,83300,2009,1,,71,2785629,3323272.8,,,,73.3,135.5,81.5,146.8,566.3,6.8,41.876825,-87.64399,POINT (-87.64399 41.876825),2023-253966
2023,256819,,Not Submitted,100 South State Street,60603,0.0,,Loop,Commercial,,,,,,,,,,,,,,,,,41.900688,-87.629497,POINT (-87.629497 41.900688),2023-256819
2023,254093,The Catalyst,Submitted,123 N Desplaines Street,60661,2.5,,Near West Side,Multifamily Housing,255042,2014,1,8370,39,8132055.4,9333399.8,,,,68.5,127.7,72.8,133.8,1633.6,6.4,41.939618,-87.66636,POINT (-87.66636 41.939618),2023-254093
2023,114339,Sheridan Point Condominiums,Submitted,6325 N Sheridan Road,60660,2.5,,Edgewater,Multifamily Housing,155793,1969,1,,59,2484636.2,10366498.8,,,,82.5,114.5,93.2,125,898.3,5.8,41.906128,-87.729933,POINT (-87.729933 41.906128),2023-114339
2023,101850,One East Wacker,Submitted,One East Wacker Drive,60601,4.0,,Loop,Office,804247,1962,1,,92,11739933.5,25999353.3,,,,46.9,74.8,52.4,81,3023.6,3.8,41.895642,-87.62339,POINT (-87.62339 41.895642),2023-101850
2023,160329,Lafayette Plaza Housing Cooperative,Not Submitted,50 W 71st St,60621,0.0,,Greater Grand Crossing,Residential,,,,,,,,,,,,,,,,,41.885576,-87.642917,POINT (-87.642917 41.885576),2023-160329
2023,257077,Stephens Commons,Not Covered 2024,833 W Wilson Ave,60640,,true,Uptown,Residential,,,,,,,,,,,,,,,,,41.965268,-87.651342,POINT (-87.651342 41.965268),2023-257077
2023,115956,Barton Senior Residences of Chicago,Submitted,1245 South Wood Street,60608,2.5,,Near West Side,Senior Living Community,83674,2001,1,,53,1727410.4,6401699.9,,,,97.2,138.1,104.4,145.8,581.7,7,41.773312,-87.580324,POINT (-87.580324 41.773312),2023-115956
2023,251325,Belden-Racine Hall,Submitted,2311 N. Racine,60614,4.0,,Lincoln Park,College/University,68245,2000,1,,,1694215.4,4102300.9,,,,84.9,132.6,92.3,139.9,454.9,6.7,41.899915,-87.62306,POINT (-87.62306 41.899915),2023-251325
2023,231205,Cornell Village Tower Condominium Association,Submitted,5201 South Cornell Ave,60615,3.0,,Hyde Park,Multifamily Housing,289148,1969,1,,67,4875898.1,17440050.3,,,,77.2,110.5,85.3,119.2,1608.6,5.6,41.964399,-87.650131,POINT (-87.650131 41.964399),2023-231205
2023,152378,C4901DRE (22116),Submitted,4901 S Drexel Blvd,60615,4.0,,Kenwood,Multifamily Housing,86600,1960,1,4175,85,2105818.2,1579829.1,,,,42.6,87.2,46.4,96.8,378.6,4.4,41.785914,-87.59623,POINT (-87.59623 41.785914),2023-152378
2023,103766,640 N LaSalle,Submitted,640 N Lasalle Dr,60654,3.5,,Near North Side,Office,282343,1969,1,,71,14618073.1,2127878.8,,,,59.3,152.9,61.4,155.1,2158.4,7.6,41.871322,-87.657891,POINT (-87.657891 41.871322),2023-103766
2023,172078,Morgan Park United Methodist Church,Not Submitted,11030 S Longwood Dr,60643,0.0,,Morgan Park,Worship Facility,,,,,,,,,,,,,,,,,41.826371,-87.608287,POINT (-87.608287 41.826371),2023-172078
2023,172396,Greater Bethlehem Healing Temple Apostolic,Not Submitted,12 S Oakley Blvd,60612,0.0,,Near West Side,Commercial,,,,,,,,,,,,,,,,,41.904787,-87.626179,POINT (-87.626179 41.904787),2023-172396
2023,117814,ASPIRA Early College High School,Not Submitted,3119 N Pulaski Rd,60641,0.0,,Avondale,Commercial,,,,,,,,,,,,,,,,,41.85267,-87.63937,POINT (-87.63937 41.85267),2023-117814
2023,172055,Catalyst-Maria,Submitted,6727 S. California Avenue,60629,4.0,,Chicago Lawn,K-12 School,175970,1952,1,,97,1001693.3,7471657.8,,,,48.2,60.5,53.4,66,537,3.1,41.799407,-87.591283,POINT (-87.591283 41.799407),2023-172055
2023,253904,Vanguard Lofts Condominium Association,Submitted,1250 W. Van Buren St.,60607,2.0,,Near West Side,Multifamily Housing,117100,1927,1,,42,2713533.1,5925047.6,,,,73.8,118,81.2,126.8,694.4,5.9,41.887464,-87.61786,POINT (-87.61786 41.887464),2023-253904
2023,172306,,Not Submitted,900 910 W Vanburen St,60607,0.0,,Near West Side,Commercial,,,,,,,,,,,,,,,,,41.905857,-87.62747,POINT (-87.62747 41.905857),2023-172306
2023,159736,4848 North Winthrop Avenue,Submitted,4848 North Winthrop Avenue,60640,3.5,,Uptown,Multifamily Housing,250000,1970,1,,52,4684281.5,21028192.6,,,,102.8,140.8,112.9,151.8,1772.3,7.1,41.906801,-87.694326,POINT (-87.694326 41.906801),2023-159736
2023,111724,Clybourn Lofts Condominium Association,Submitted,1872 N Clybourn Ave,60642,4.0,,Lincoln Park,Multifamily Housing,118326,1983,1,,84,2516203.7,2996843,,,,46.6,86.1,51.6,92.9,511.2,4.3,41.764223,-87.600172,POINT (-87.600172 41.764223),2023-111724
2023,251452,Manierre Elementary -CPS,Not Covered 2024,1420 N Hudson Ave,60610,,true,Near North Side,K-12 School,,,,,,,,,,,,,,,,,41.876804,-87.669024,POINT (-87.669024 41.876804),2023-251452
2023,158431,25650 - 600 North 9,Submitted,600 N. Michigan Ave,60611,2.0,,Near North Side,Movie Theater,55435,1996,0,,,8037801.2,,,,,145,406,145,406,1124.6,20.3,41.995368,-87.684756,POINT (-87.684756 41.995368),2023-158431
2023,260104,Courtyard on the Boulevard Condominium Association,Submitted,5101-5113 S. Ingleside Ave.,60615,4.0,,Hyde Park,Multifamily Housing,64440,1915,1,,86,546881.1,3137097.5,,,,57.2,74.9,65.3,83.4,243.1,3.8,42.000946,-87.658164,POINT (-87.658164 42.000946),2023-260104
2023,251796,Chippewa Apartments,Not Submitted,5050 S East End Ave,60615,0.0,,Kenwood,Residential,,,,,,,,,,,,,,,,,41.893658,-87.63427,POINT (-87.63427 41.893658),2023-251796
2023,175130,,Not Submitted,5925  N Paulina St,60660,0.0,,Edgewater,Residential,,,,,,,,,,,,,,,,,41.750562,-87.584068,POINT (-87.584068 41.750562),2023-175130
2023,147516,Madison 901 Condominium Association,Submitted,901 W Madison,60607,4.0,,Near West Side,Multifamily Housing,270000,2007,1,,81,5241344.4,10686200.5,,,,59,95.9,66.7,105.5,1301,4.8,41.886924,-87.64185,POINT (-87.64185 41.886924),2023-147516
2023,242188,345 N LaSalle Drive,Submitted,345 N Lasalle Drive,60654,4.0,,Near North Side,Multifamily Housing,712000,2001,1,,97,6443641.8,31355254.4,,,,53.1,71.6,58.8,77.6,2567,3.6,41.879885,-87.629212,POINT (-87.629212 41.879885),2023-242188
2023,256794,Montclare Senior Residences of Englewood,Submitted,6332 S. Green Street,60621,3.0,,Englewood,Multifamily Housing,92387,2021,1,,68,2065358,4010254.6,,,,65.8,108.2,70.4,113.1,502,5.4,41.912234,-87.687124,POINT (-87.687124 41.912234),2023-256794
2023,255083,EMME,Not Covered 2024,165 N Desplaines St,60661,,true,Near West Side,Residential,,,,,,,,,,,,,,,,,41.948473,-87.646038,POINT (-87.646038 41.948473),2023-255083
2023,141031,"Sterling Condominium, The",Submitted,4101-21 N Sheridan,60613,2.5,,Uptown,Multifamily Housing,69720,1919,1,,60,1175317.7,3294588.7,,,,64.1,96.8,67.3,99.8,339.4,4.9,41.874945,-87.630832,POINT (-87.630832 41.874945),2023-141031
2023,101919,MarOuette Building,Submitted,140 South Dearborn Street,60603,3.5,,Loop,Office,372265,1895,1,,78,17155873.6,993796.5,,4153223.9,,59.9,142,64.1,154.7,2672.1,7.2,41.861843,-87.702196,POINT (-87.702196 41.861843),2023-101919
2023,254162,Mertz Hall - CFSU-ID# 254162,Submitted,1125 W Loyola Ave,60626,3.0,,Rogers Park,Residence Hall/Dormitory,255286,1962,2,8335,,6124336.3,8683482.3,,,,58,102.9,60.1,103.3,1318.1,5.2,41.956396,-87.745236,POINT (-87.745236 41.956396),2023-254162
2023,165717,Solheim Center 930 N. Wells,Submitted,820 N. Lasalle,60610,4.0,,Near North Side,College/University,77807,1990,1,,,2147188.7,887797.8,,,,39,89.3,39,89.3,347.6,4.5,41.809193,-87.621838,POINT (-87.621838 41.809193),2023-165717
2023,251321,1150 West Fullerton Building,Submitted,1150 W. Fullerton,60614,3.0,,Lincoln Park,College/University,52043,1994,1,,,1630733.5,1450282.9,,,,59.2,117,65,124.8,305.2,5.9,41.8528,-87.620612,POINT (-87.620612 41.8528),2023-251321
2023,251331,Munroe Hall,Submitted,2312 N. Clifton,60614,2.0,,Lincoln Park,College/University,81951,1970,1,,,3846346.2,4933600.1,,,,107.1,194.6,114.9,203,800.2,9.8,41.939745,-87.668516,POINT (-87.668516 41.939745),2023-251331
2023,256875,,Not Submitted,1448 W Madison St,60607,0.0,,Near West Side,,,,,,,,,,,,,,,,,,41.970284,-87.66093,POINT (-87.66093 41.970284),2023-256875
2023,173723,,Not Submitted,1260  N Astor St,60610,0.0,,Near North Side,Residential,,,,,,,,,,,,,,,,,41.868603,-87.664963,POINT (-87.664963 41.868603),2023-173723
2023,160264,K2 Apartments,Submitted,365 N. Halsted St.,60661,4.0,,West Town,Multifamily Housing,715440,2011,1,,73,12651310.4,28407973.6,,,,57.4,91.2,61.5,95.4,3279,4.6,41.876855,-87.641544,POINT (-87.641544 41.876855),2023-160264
2023,250027,Garfield Park Conservatory,Not Submitted,300 N Central Park Ave,60624,0.0,,East Garfield Park,Other,,,,,,,,,,,,,,,,,41.976216,-87.669762,POINT (-87.669762 41.976216),2023-250027
2023,251567,Pershing,Submitted,3200 S Calumet Ave,60616,2.0,,Douglas,K-12 School,128716,1924,2,,46,1950497.1,8520989.7,,,,81.4,111.9,93.1,124.2,725.5,5.6,41.753325,-87.595041,POINT (-87.595041 41.753325),2023-251567
2023,260054,South Park Plaza,Not Submitted,2600  S King Dr,60616,0.0,,Douglas,Residential,,,,,,,,,,,,,,,,,41.887122,-87.652036,POINT (-87.652036 41.887122),2023-260054
2023,172617,Manchester Building,Not Submitted,2033 2045 W Charleston St,60647,0.0,,Logan Square,Residential,,,,,,,,,,,,,,,,,41.872225,-87.679374,POINT (-87.679374 41.872225),2023-172617
2023,175262,,Not Submitted,6800  S Normal Blvd,60621,0.0,,Englewood,Residential,,,,,,,,,,,,,,,,,41.924308,-87.636675,POINT (-87.636675 41.924308),2023-175262
2023,120015,Chicago Indoor Sports,Not Submitted,3900 S Ashland Ave,60609,0.0,,New City,Other - Recreation,,,,,,,,,,,,,,,,,41.882806,-87.629281,POINT (-87.629281 41.882806),2023-120015
2023,251919,223 West Erie,Submitted,223 West Erie Street,60654,4.0,,Near North Side,Office,66400,1890,1,,84,1852874.1,1929598.1,,,,57,108.6,63.4,115.5,361.7,5.4,41.867089,-87.64368,POINT (-87.64368 41.867089),2023-251919
2023,161872,Parkside,Submitted,6938 S East End Ave,60649,1.5,,South Shore,K-12 School,75104,1917,1,,33,1181292.4,5998810.3,,,,95.6,127.9,113.9,147.1,483.9,6.4,41.7505,-87.643175,POINT (-87.643175 41.7505),2023-161872
2023,256729,Richardson,Submitted,6018 S Karlov Ave,60629,4.0,,West Lawn,K-12 School,135212,2016,1,,85,2597896.7,1954729.9,,,,33.7,69,36.8,72,467.3,3.5,42.017646,-87.668047,POINT (-87.668047 42.017646),2023-256729
2023,238957,2626 Lakeview Condominium,Submitted,2626 North Lakeview,60614,4.0,,Lincoln Park,Multifamily Housing,787000,1967,1,,87,10901214.4,33027854.5,,,,55.8,82.8,61.8,88.8,3279.6,4.2,41.910405,-87.70039,POINT (-87.70039 41.910405),2023-238957
2023,251278,Paramount Lofts Condominium Association,Submitted,1645 W Ogden,60612,1.5,,Near West Side,Multifamily Housing,274784,1923,1,,38,6669041.4,16970943.6,,,,86,132.8,95.1,142.6,1834.5,6.7,41.904831,-87.635028,POINT (-87.635028 41.904831),2023-251278
2023,256543,Three Sixty West Condos,Submitted,360 W Erie St.,60654,4.0,,Near North Side,Multifamily Housing,105000,2019,1,,93,2053950.5,3626314.8,,,,54.1,91,58.3,95,480,4.6,41.830654,-87.649497,POINT (-87.649497 41.830654),2023-256543
2023,175735,The Resurrection Project - Casa Maravilla,Submitted,2021 S Morgan St,60608,4.0,,Lower West Side,Multifamily Housing,72205,2010,1,,92,1596137,1374551.3,,,,41.1,81.9,43.2,85.3,296.3,4.1,41.730345,-87.655464,POINT (-87.655464 41.730345),2023-175735
2023,251338,Thomas P. Levan Center,Submitted,2322 N. Kenmore,60614,1.0,,Lincoln Park,College/University,52477,1923,1,,,3562008.6,4637924.7,,,,156.3,282.9,170.8,298.4,744.7,14.2,41.925542,-87.636805,POINT (-87.636805 41.925542),2023-251338
2023,251750,Sandoval,Submitted,5534 S Saint Louis Ave,60629,1.5,,Gage Park,K-12 School,108534,1999,1,,31,3561493.3,4009680.1,,,,69.8,130.7,76.8,138.5,711.3,6.6,41.918585,-87.638677,POINT (-87.638677 41.918585),2023-251750
2023,251722,Claremont Academy Elementary -CPS,Not Covered 2024,6315 S Claremont Ave,60636,,true,Chicago Lawn,K-12 School,,,,,,,,,,,,,,,,,41.922329,-87.692223,POINT (-87.692223 41.922329),2023-251722
2023,160342,The Seneca,Submitted,200 E Chestnut Street,60611,3.0,,Near North Side,Multifamily Housing,196870,1924,1,9386,42,6407935.6,9058885.3,,,,78.6,139.5,98.8,160.1,1377.8,7,42.019381,-87.692074,POINT (-87.692074 42.019381),2023-160342
2023,231297,1000 Adams CA,Submitted,1000 W. Adams Street,60607,3.5,,Near West Side,Multifamily Housing,185669,1999,1,,71,4703773,6552099.9,,,,60.6,108,65,112.5,1006.2,5.4,41.764615,-87.560975,POINT (-87.560975 41.764615),2023-231297
2023,105360,200 N Central,Submitted,200 N Central Ave,60644,3.0,,Austin,Multifamily Housing,50291,1930,1,,41,444552.9,4773917.8,,,,103.8,124.4,115.5,136.7,315.8,6.3,41.864002,-87.624226,POINT (-87.624226 41.864002),2023-105360
2023,256554,Lincoln Common A1,Submitted,2345 N Lincoln,60614,2.5,,Lincoln Park,Multifamily Housing,372431,2019,1,,55,15696239.2,,,,,42.1,118,42.1,118,2196.2,5.9,41.958345,-87.652566,POINT (-87.652566 41.958345),2023-256554
2023,167641,Mason Elementary -CPS,Not Covered 2024,4217 W 18th St,60623,,true,North Lawndale,K-12 School,,,,,,,,,,,,,,,,,41.918727,-87.646283,POINT (-87.646283 41.918727),2023-167641
2023,112760,Park Castle Condominium Association,Submitted,2416-2458 W. Greenleaf Ave,60645,3.0,,West Ridge,Multifamily Housing,80000,1927,1,,64,389839.6,7543200,,,,99.2,112.6,115.5,130.2,455.2,5.7,41.710417,-87.617353,POINT (-87.617353 41.710417),2023-112760
2023,254564,Irving Park Condominium,Submitted,6530 W Irving Park Rd,60634,2.5,,Dunning,Multifamily Housing,58000,1994,1,,56,1640427.5,2054052.1,,,,63.7,116.4,75.9,128.7,338.6,5.8,41.964631,-87.661153,POINT (-87.661153 41.964631),2023-254564
2023,100256,Curie HS,Submitted,4959 S Archer Ave,60632,1.0,,Archer Heights,K-12 School,415577,1973,2,,21,21000676.1,9115059.8,,,,72.5,164.5,80,176.8,3422.6,8.2,41.886634,-87.617413,POINT (-87.617413 41.886634),2023-100256
2023,176018,Wilson Windsor Apartments,Not Submitted,915  W Wilson Ave,60640,0.0,,Uptown,Residential,,,,,,,,,,,,,,,,,41.923908,-87.636663,POINT (-87.636663 41.923908),2023-176018
2023,109413,,Not Submitted,550 558 W Surf St,60657,0.0,,Lake View,Residential,,,,,,,,,,,,,,,,,41.905438,-87.647983,POINT (-87.647983 41.905438),2023-109413
2023,251658,Piccolo,Submitted,1040 N Keeler Ave,60651,3.0,,Humboldt Park,K-12 School,218899,1919,2,,65,3414739.7,10147929.9,,,,62,92.4,71.7,102.6,1016.8,4.6,41.823028,-87.665744,POINT (-87.665744 41.823028),2023-251658
2023,244817,The Towers CA,Submitted,1221 N Dearborn St,60610,2.5,,Near North Side,Multifamily Housing,217800,1974,1,,54,8661306.7,2881726.3,,,,53,125.2,58,138.8,1364.9,6.3,41.797543,-87.668471,POINT (-87.668471 41.797543),2023-244817
2023,165224,4635 W Leland Avenue AKA 4626 N Knox Avenue,Submitted,4635 West Leland Avenue,60630,3.0,,Irving Park,Other - Recreation,85000,1924,1,,,967057.8,3162983.6,,,,48.6,70.9,57,79.9,303.3,3.6,41.824405,-87.711609,POINT (-87.711609 41.824405),2023-165224
2023,241405,Kinzie Park Tower Condominium Association,Submitted,501 N. Clinton St.,60654,1.0,,West Town,Multifamily Housing,292095,1999,1,,21,10182060.8,16880820.7,,,,92.7,158.3,100.9,166.3,2321.3,7.9,41.869117,-87.64135,POINT (-87.64135 41.869117),2023-241405
2023,257175,Binny's (1132 S Jefferson St),Submitted,1132 S Jefferson St,60607,1.5,,Near West Side,Retail Store,60838,1930,1,,36,2706627.8,1895524.7,,,,75.6,157.3,89.8,174.9,479.4,7.9,41.867857,-87.642774,POINT (-87.642774 41.867857),2023-257175
2023,138872,2367 W Logan,Submitted,2367 West Logan Blvd,60647,4.0,,Logan Square,Other - Recreation,58004,1997,1,,,919734.9,1953458,,,,49.5,79.8,57.3,87.9,232.4,4,41.961218,-87.652459,POINT (-87.652459 41.961218),2023-138872
2023,101760,Leo Burnett Building,Submitted,35 W. Wacker Dr.,60601,4.0,,Loop,Office,1392096,1989,1,12502,76,69059299,,,,,49.6,138.9,52,145.7,9662.7,6.9,41.949528,-87.686055,POINT (-87.686055 41.949528),2023-101760
2023,175264,Yusuf North,Not Submitted,2753 W North Ave,60647,0.0,,West Town,Office,,,,,,,,,,,,,,,,,41.894917,-87.651589,POINT (-87.651589 41.894917),2023-175264
2023,160197,Symphony Center,Submitted,220 South Michigan Avenue,60604,2.0,,Loop,Performing Arts,294211,1997,1,,,11147581.5,18018612,,10943459.5,,136.3,204.2,144.1,213.2,3093.5,10.5,41.892055,-87.683179,POINT (-87.683179 41.892055),2023-160197
2023,160434,MDA City Apartments,Not Submitted,63 E Lake St,60601,0.0,,Loop,Residential,,,,,,,,,,,,,,,,,41.83649,-87.618374,POINT (-87.618374 41.83649),2023-160434
2023,171886,North & Talman Elderly Apartments,Submitted,1600 N Talman,60647,4.0,,West Town,Multifamily Housing,60000,2008,1,2217,83,1021099.8,2161699.8,,,,53,85.5,58.1,90.5,257.7,4.3,41.95889,-87.782012,POINT (-87.782012 41.95889),2023-171886
2023,256732,Oriole Park,Submitted,5424 N Oketo Ave,60656,1.5,,Norwood Park,K-12 School,76476,1943,2,,38,2072523.9,3434480,,,,72,123,82.9,134.5,472.4,6.2,41.913286,-87.69111,POINT (-87.69111 41.913286),2023-256732
2023,254113,Forty East Delaware Place Condominium Association,Submitted,40 E Delaware,60611,3.0,,Near North Side,Multifamily Housing,136000,1924,1,,47,4671217.2,1777955.4,,,,47.4,109.9,51.9,122,748,5.5,41.877648,-87.650589,POINT (-87.650589 41.877648),2023-254113
2023,173615,5 N. Wabash,Submitted,5 N. Wabash,60602,4.0,,Loop,Multifamily Housing,170184,1910,1,,92,2513632,3995243.6,,,,38.2,66,43.1,71.7,563.9,3.3,41.899051,-87.627098,POINT (-87.627098 41.899051),2023-173615
2023,257038,,Not Submitted,3001 N Southport Ave,60657,0.0,,Lake View,,,,,,,,,,,,,,,,,,41.886709,-87.634711,POINT (-87.634711 41.886709),2023-257038
2023,254357,The Resurrection Project - Casa Oueretaro,Submitted,2012 W 17th St,60608,3.0,,Near West Side,Multifamily Housing,52913,2016,1,,70,902330.7,2412126.3,,,,62.6,95.6,69.1,103.3,254.4,4.8,41.831867,-87.616831,POINT (-87.616831 41.831867),2023-254357
2023,251792,StSabina_School,Submitted,7819 S Throop St,60620,2.5,,Auburn Gresham,K-12 School,73060,1916,1,,55,361838.7,6132381,,,,88.9,102,101.7,115.4,376.3,5.2,41.891469,-87.644521,POINT (-87.644521 41.891469),2023-251792
2023,255941,Fifth Third Arena,Submitted,1801 W. Jackson Blvd.,60612,1.0,,Near West Side,Ice/Curling Rink,127535,2017,1,5754,,15368043,15958786.6,,,,245.6,468.8,248.6,471,2997.9,23.5,41.97839,-87.7744,POINT (-87.7744 41.97839),2023-255941
2023,106046,,Not Submitted,162  E Ohio St,60611,0.0,,Near North Side,Residential,,,,,,,,,,,,,,,,,41.96378,-87.662209,POINT (-87.662209 41.96378),2023-106046
2023,251492,Attucks -CPS,Not Covered 2024,5055 S State St,60609,,true,Grand Boulevard,K-12 School,,,,,,,,,,,,,,,,,41.873222,-87.626503,POINT (-87.626503 41.873222),2023-251492
2023,162360,Jordan,Submitted,7414 N Wolcott Ave,60626,2.5,,Rogers Park,K-12 School,66950,1993,1,,40,1789972.7,2886320.2,,,,69.8,120.1,79.8,130.6,403.8,6,41.836372,-87.626381,POINT (-87.626381 41.836372),2023-162360
2023,165819,Washington Park SRO,Not Submitted,5000 5016 S Indiana Ave,60615,0.0,,Grand Boulevard,Residential,,,,,,,,,,,,,,,,,41.893696,-87.63695,POINT (-87.63695 41.893696),2023-165819
2023,251662,Gray,Submitted,3730 N Laramie Ave,60641,1.0,,Portage Park,K-12 School,129990,1911,3,,24,4086961.4,6742850.2,,,,83.3,142.5,97.3,157.1,930,7.2,41.898819,-87.638372,POINT (-87.638372 41.898819),2023-251662
2023,256669,Francisco,Submitted,4011 N Franicsco Ave,60618,4.0,,Irving Park,Multifamily Housing,54732,2004,1,,94,941493.1,1570190.5,,,,45.9,78.3,49.7,83.1,215.1,3.9,41.903877,-87.625118,POINT (-87.625118 41.903877),2023-256669
2023,159659,3130 N. Lake Shore Apartments,Submitted,3130 N. Lake Shore Drive,60657,2.5,,Lake View,Multifamily Housing,236406,1958,1,,52,4066802,18151170.9,,,,94,128.8,104.1,140.2,1533.1,6.5,42.015902,-87.669442,POINT (-87.669442 42.015902),2023-159659
2023,256081,Madden Wells Ph 1B,Submitted,743 East 38th St,60653,3.5,,Oakland,Multifamily Housing,199848,2005,24,10602,76,3626600,8256199.8,,,,59.5,94.2,65.1,101.5,946,4.7,41.874082,-87.667223,POINT (-87.667223 41.874082),2023-256081
2023,222707,Landmark Lofts Condominium Association,Submitted,1516 South Wabash Avenue,60605,3.0,,Near South Side,Multifamily Housing,112812,1920,1,,70,1937156.5,5536911.6,,,,66.3,99.6,75.5,109,565.1,5,41.885089,-87.638406,POINT (-87.638406 41.885089),2023-222707
2023,251470,Dett,Not Covered 2024,2101 W Monroe St,60612,,true,Near West Side,K-12 School,,,,,,,,,,,,,,,,,41.936448,-87.649291,POINT (-87.649291 41.936448),2023-251470
2023,239946,Metropolitan Tower Condo Association,Submitted,310 S Michigan Ave,60604,3.0,,Loop,Multifamily Housing,579393,1924,1,,63,13760164.3,22374283.9,,,,62.4,107,67.3,112.4,3113.7,5.4,41.886019,-87.648799,POINT (-87.648799 41.886019),2023-239946
2023,222598,(IL510) - Emerald Condo (123-125 S Green St.),Submitted,123-125 S Green St.,60607,3.5,,Near West Side,Multifamily Housing,302953,2008,2,,77,5285698,14728742.9,,,,66.1,99.9,65.6,98.7,1521.9,5,41.922254,-87.765779,POINT (-87.765779 41.922254),2023-222598
2023,254161,Damen Student Center-ID#254161,Submitted,6511 N Sheridan Rd,60626,1.0,,Rogers Park,College/University,107304,2013,1,1731,,6147034.7,8456424.4,,,,136.1,243.1,142.4,249.7,1309.3,12.2,41.878046,-87.630137,POINT (-87.630137 41.878046),2023-254161
2023,175745,Aviation Lofts,Submitted,1340 S Michigan Ave,60605,2.5,,Near South Side,Multifamily Housing,50000,2015,1,,55,2183085.9,,,,,43.7,122.3,43.6,122,291.9,5.8,41.884408,-87.653681,POINT (-87.653681 41.884408),2023-175745
2023,172703,Rickover Military HS,Submitted,5700 W Berteau Ave,60634,3.5,,Portage Park,K-12 School,117000,2019,1,,76,1609133.4,5859000.1,,,,63.8,91.1,76.7,104.6,536.3,4.6,41.890171,-87.628244,POINT (-87.628244 41.890171),2023-172703
2023,257029,AMLI 808,Submitted,808 N Wells St,60610,2.5,,Near North Side,Multifamily Housing,241835,2021,1,8055,55,8351136.2,7340121.8,,,,64.9,128.6,69.1,135.2,1558.4,6.4,41.885506,-87.766552,POINT (-87.766552 41.885506),2023-257029
2023,256891,,Not Submitted,104 S Laflin St,60607,0.0,,Near West Side,,,,,,,,,,,,,,,,,,41.869172,-87.625374,POINT (-87.625374 41.869172),2023-256891
2023,106159,Mark Twain Hotel,Submitted,111 W Division St,60610,2.0,,Near North Side,Multifamily Housing,58000,1932,1,1920,47,3212725.9,3387310.8,,,,113.8,216.4,120.3,227.9,609.5,10.5,41.897666,-87.631124,POINT (-87.631124 41.897666),2023-106159
2023,250023,La Follette Park,Not Submitted,1333 N Laramie Ave,60651,0.0,,Austin,Other - Recreation,,,,,,,,,,,,,,,,,41.896904,-87.634361,POINT (-87.634361 41.896904),2023-250023
2023,100001,Ascension SMEMC St Elizabeth Campus,Submitted,1431 North Claremont Ave,60622,,true,West Town,Mixed Use Property,309056,1928,3,,,19177355.6,31030719.1,,,,162.5,279.2,173.4,289,4331.5,14,41.898318,-87.621377,POINT (-87.621377 41.898318),2023-100001
2023,254998,Exhibit on Superior,Submitted,165 W. Superior St.,60654,1.0,,Near North Side,Multifamily Housing,223856,2016,1,,23,9109273.8,11834900,,,,93.6,169.5,101.2,177.9,1903.2,8.5,41.925523,-87.651308,POINT (-87.651308 41.925523),2023-254998
2023,157971,(IL558) - Michigan Avenue Lofts (910 S. Michigan Ave.),Submitted,910 S. Michigan Ave.,60605,2.5,,Loop,Multifamily Housing,517001,1911,1,,56,9922098.7,21849593.9,,,,61.5,98.1,66.9,104.3,2548.8,4.9,41.784657,-87.657205,POINT (-87.657205 41.784657),2023-157971
2023,175975,626 West Jackson,Submitted,626 West Jackson Boulevard,60661,3.5,,Near West Side,Office,120441,1920,1,,71,5509337.9,,,,,45.7,128.1,47.1,131.9,770.9,6.4,41.928422,-87.708026,POINT (-87.708026 41.928422),2023-175975
2023,251656,Ellington,Submitted,243 N Parkside Ave,60644,1.0,,Austin,K-12 School,112380,2005,1,,12,5068034.3,4452630,,,,84.7,167.9,92.6,176.1,945.6,8.4,41.992564,-87.698397,POINT (-87.698397 41.992564),2023-251656
2023,250165,01330 - River East 21,Submitted,322 E Illinois St,60611,2.0,,Near North Side,Movie Theater,113649,2002,0,,,7460789.5,,,,,65.6,183.8,65.6,183.8,1043.9,9.2,41.8948,-87.642276,POINT (-87.642276 41.8948),2023-250165
2023,173322,Chatham Call Center,Submitted,8560 S Cottage Grove Avenue,60619,3.5,,Chatham,Office,127169,2021,1,1000,74,6996409.7,4339919.9,,,,89.1,189.9,93.2,194.1,1209.4,9.5,41.803555,-87.596871,POINT (-87.596871 41.803555),2023-173322
2023,256838,University of Chicago Medical Center,Not Submitted,5841 S. Maryland Ave,60637,0.0,,Hyde Park,Commercial,,,,,,,,,,,,,,,,,41.788313,-87.604566,POINT (-87.604566 41.788313),2023-256838
2023,256677,1143 S Plymouth Court,Submitted,1143 S Pllymouth Court,60605,3.5,,Loop,Multifamily Housing,136110,1982,1,,80,3452143.4,2971501.2,,,,47.2,93.9,52.6,104.7,640.9,4.7,41.898311,-87.62177,POINT (-87.62177 41.898311),2023-256677
2023,252047,Saieh Hall for Economics,Submitted,5757 South University Avenue,60637,3.0,,Hyde Park,College/University,153115,2013,1,1011,,3522801.2,11276,6517962.5,4279043.6,,93.6,141.1,101,149.5,1151.8,7.5,41.791267,-87.602711,POINT (-87.602711 41.791267),2023-252047
2023,160026,East Point Condominium Association,Submitted,940 W Glenlake Ave,60660,4.0,,Edgewater,Multifamily Housing,315190,1968,1,,84,11115024.4,,,,,35.3,98.7,40.3,113,1555.2,4.9,41.99002,-87.809224,POINT (-87.809224 41.99002),2023-160026
2023,260086,Museum Walk Apartments,Submitted,5541 S. Everett,60637,3.5,,Hyde Park,Multifamily Housing,77000,1927,1,,72,1125961.9,6836246.1,,,,103.4,134.2,113,144.2,520.6,6.8,41.880528,-87.635624,POINT (-87.635624 41.880528),2023-260086
2023,254372,Lawndale Christian Health and Fitness Center,Submitted,3748 W Ogden Avenue,60623,,true,North Lawndale,Mixed Use Property,64779,2012,1,,,3110286.3,508415.4,,,,55.9,142.7,57,145.4,462.2,7.1,41.89383,-87.638001,POINT (-87.638001 41.89383),2023-254372
2023,172762,Printers Row Condominium Association,Submitted,711 S Dearborn,60605,3.0,,Loop,Multifamily Housing,225000,1978,1,,63,4059675.2,8868931.1,,,,57.5,91.9,63.8,98.4,1039.1,4.6,41.902579,-87.631556,POINT (-87.631556 41.902579),2023-172762
2023,121355,Mercedes Benz of Chicago,Not Submitted,1520 W North Ave,60642,0.0,,West Town,Automobile Dealership,,,,,,,,,,,,,,,,,41.932111,-87.709929,POINT (-87.709929 41.932111),2023-121355
2023,117159,Harmony Healthcare & Rehabilitation Center,Not Submitted,3919  W Foster Ave,60625,0.0,,Albany Park,Residential,,,,,,,,,,,,,,,,,41.940198,-87.641545,POINT (-87.641545 41.940198),2023-117159
2023,254009,Maple Court Apartments,Submitted,1120-1126 E. 47th Street,60615,1.0,,Kenwood,Multifamily Housing,50760,1915,1,,9,887654.6,5221400.3,,,,120.4,157,133.4,170.7,401.5,7.9,41.691225,-87.715754,POINT (-87.715754 41.691225),2023-254009
2023,241989,30 East Elm Condominium Association,Submitted,30 E Elm St,60611,1.5,,Near North Side,Multifamily Housing,102100,1958,1,,32,2155988.4,8797766.3,,,,107.3,149.6,119.6,163.3,755.6,7.4,41.901698,-87.626473,POINT (-87.626473 41.901698),2023-241989
2023,241820,Park Millennium Condominium Association,Submitted,222 N. Columbus Dr.,60601,1.5,,Loop,Multifamily Housing,582773,2002,1,,32,19578001,28885079.3,,,,83.2,146.1,90.4,155,4273.6,7.3,41.907945,-87.631537,POINT (-87.631537 41.907945),2023-241820
2023,159983,Michigan Beach Apartments,Submitted,7251 S. South Shore Drive,60649,1.0,,South Shore,Multifamily Housing,175950,1965,1,16532,24,4186916.4,18666420.5,,,,129.9,178,143.1,193.1,1577.3,9,41.925357,-87.661389,POINT (-87.661389 41.925357),2023-159983
2023,254976,The Gallery on Wells,Not Submitted,637 N Wells St,60654,0.0,,Near North Side,,,,,,,,,,,,,,,,,,41.937965,-87.669852,POINT (-87.669852 41.937965),2023-254976
2023,100332,Lindblom HS,Submitted,6130 S Wolcott Ave,60636,2.5,,West Englewood,K-12 School,305788,1919,1,,52,6928611.9,16212910.7,,,,75.7,119.1,87.3,131.3,1830.6,6,41.973193,-87.71335,POINT (-87.71335 41.973193),2023-100332
2023,251299,Raffaello Condominium Association,Not Covered 2024,201 E Delaware St,60611,,true,Near North Side,Residential,,,,,,,,,,,,,,,,,41.882118,-87.765911,POINT (-87.765911 41.882118),2023-251299
2023,250049,Orr HS / Kipp-One,Submitted,730 N Pulaski Rd,60624,1.0,,Humboldt Park,K-12 School,303310,1973,2,,6,20109771.2,8995579.8,,,,96,216.8,104.6,232.6,3291.5,10.9,41.926861,-87.642494,POINT (-87.642494 41.926861),2023-250049
2023,252040,Kersten Physics Teaching Center,Submitted,5720 South Ellis Avenue,60637,4.0,,Hyde Park,College/University,59287,1985,1,162,,1559185.1,,3573451.1,1118508.1,,105.4,163.3,106.2,164.6,514.4,8.7,41.758712,-87.555468,POINT (-87.555468 41.758712),2023-252040
2023,121212,Village Market at Lakeshore East,Submitted,333 E. Benton Place,60601,0.0,,Loop,Enclosed Mall,104652,2011,1,,,2213862.6,10852280.3,,,,124.9,168.1,134.2,179,872.4,8.3,41.9413,-87.640412,POINT (-87.640412 41.9413),2023-121212
2023,101900,"WASHINGTON FRANKLIN, LLC",Submitted,309 W. Washington St,60606,3.5,,Loop,Office,105313,1922,1,,71,3251599,4384118.4,,,,72.5,130.2,79.5,136.6,687.8,6.5,41.893469,-87.622894,POINT (-87.622894 41.893469),2023-101900
2023,255002,53100539 -- Chicago,Submitted,3857 South Dr. Martin Luther King Jr. Drive,60653,3.5,,Douglas,Supermarket/Grocery Store,72115,2016,1,,52,8423837.6,8274393.4,,,,231.6,447.5,242.1,458.7,1618.2,22.4,41.75466,-87.741385,POINT (-87.741385 41.75466),2023-255002
2023,101999,1415 Lunt Condominium Association,Submitted,1415 W Lunt Ave,60626,4.0,,Rogers Park,Multifamily Housing,42000,1972,1,,82,736268.4,2548686.7,,,,78.2,112.8,85.3,119.6,238.4,5.7,41.793977,-87.711053,POINT (-87.711053 41.793977),2023-101999
2023,243247,Ritchie Court Condominium Association,Submitted,1313 N Ritchie Court,60610,2.0,,Near North Side,Multifamily Housing,194807,1973,1,,49,8347394.8,,,,,42.8,120,47.9,134.2,1168,6,41.876945,-87.6494,POINT (-87.6494 41.876945),2023-243247
2023,252289,Palmer SOuare,Submitted,2128 N Kedzie,60647,2.0,,Logan Square,Multifamily Housing,213000,1900,6,9754,47,2652264.6,12144806.9,,,,69.5,94.7,75.8,101.4,1016.2,4.8,41.888414,-87.629411,POINT (-87.629411 41.888414),2023-252289
2023,101551,METROPOLITIAN PIER AND EXPOSITION AUTHORITY,Submitted,301 East Cermak Road,60616,2.0,,Armour Square,Convention Center,9245333,1971,10,102719,,430156510.4,350084782.1,,,,84.4,170,90,175.5,78782,8.5,41.863,-87.623906,POINT (-87.623906 41.863),2023-101551
2023,160262,Dearborn Homes,Submitted,2960 S. Federal Street,60616,1.5,,Douglas,Multifamily Housing,706989,1950,17,,39,19476532.3,47308096,,,,95.7,148.6,102.6,156.9,5356,7.6,41.920336,-87.794994,POINT (-87.794994 41.920336),2023-160262
2023,159287,Scio at Medical District Apartments,Submitted,901-903 S Ashland Ave,60607,2.0,,Near West Side,Multifamily Housing,343718,1971,3,,43,9969341.8,18702265.4,,,,83.4,138.3,89.9,144.6,2388.3,6.9,41.799233,-87.588937,POINT (-87.588937 41.799233),2023-159287
2023,101762,RICHARD J. DALEY CENTER,Submitted,50 W. Washington,60602,3.0,,Loop,Courthouse,1541766,1965,1,31952,68,47757683.9,72963954.3,,,,78.3,136.4,86.4,144.9,10557.7,6.8,41.889835,-87.636969,POINT (-87.636969 41.889835),2023-101762
2023,107850,300 W Adams,Not Covered 2024,300 W Adams,60606,,true,Loop,Office,,,,,,,,,,,,,,,,,41.8658,-87.676074,POINT (-87.676074 41.8658),2023-107850
2023,251959,Torrey-Gray Doane 840 N. LaSalle,Submitted,820 N. Lasalle,60610,1.0,,Near North Side,College/University,86585,1939,1,,,7234872.9,5784603.9,,,,150.4,304.1,157.4,311.5,1319.5,15.2,41.773428,-87.570127,POINT (-87.570127 41.773428),2023-251959
2023,256434,Keating Hall,Not Submitted,3040 S Wabash Avenue,60616,0.0,,Douglas,Commercial,,,,,,,,,,,,,,,,,42.00747,-87.778371,POINT (-87.778371 42.00747),2023-256434
2023,251732,Eberhart,Submitted,3400 W 65th Pl,60629,2.5,,Chicago Lawn,K-12 School,164398,1906,3,,58,4095935.5,4664139.7,,,,53.3,99.6,60.2,106.8,820.8,5,41.89256,-87.707834,POINT (-87.707834 41.89256),2023-251732
2023,150324,Contemporaine Condominium Association,Submitted,201 W Grand Ave/516 N. Wells,60654,4.0,,Near North Side,Multifamily Housing,96000,2003,1,,82,2509703,3662973.8,,,,64.3,113.3,69.8,118.4,545.7,5.7,41.985552,-87.791705,POINT (-87.791705 41.985552),2023-150324
2023,254343,Apex Condominium,Submitted,859 W Erie,60610,3.0,,West Town,Multifamily Housing,66154,2004,1,,70,1631619.9,2690684.8,,,,65.3,111.8,78.1,124.7,371.2,5.6,41.872259,-87.626095,POINT (-87.626095 41.872259),2023-254343
2023,251504,Haines,Submitted,247 W 23rd Pl,60616,1.0,,Armour Square,K-12 School,75558,1995,1,,3,4654415.2,2713370,,,,97.5,210.2,104,216.2,795.4,10.5,41.770796,-87.63531,POINT (-87.63531 41.770796),2023-251504
2023,103205,,Not Submitted,7260  S South Shore Dr,60649,0.0,,South Shore,Residential,,,,,,,,,,,,,,,,,41.769797,-87.568095,POINT (-87.568095 41.769797),2023-103205
2023,159245,Maple Pointe Apartments,Submitted,150 W. Maple Street,60610,4.0,,Near North Side,Multifamily Housing,279955,1996,1,15297,62,5897940.8,15817952.6,,,,77.6,118.3,85.1,125.9,1665.4,5.9,41.997608,-87.658603,POINT (-87.658603 41.997608),2023-159245
2023,240518,(IL0524) - Museum Pointe Condominium (233 E 13th St ),Submitted,233 E 13th St,60605,4.0,,Near South Side,Multifamily Housing,334209,2005,1,,94,8214780.4,7661634.3,,,,47.5,92.9,47.3,92.3,1556.4,4.7,41.907025,-87.677796,POINT (-87.677796 41.907025),2023-240518
2023,159565,(IL542) - The Warwick Condominium Association (1501 N State Parkway),Submitted,1501 N State Parkway,60610,1.5,,Near North Side,Multifamily Housing,168750,1974,1,,36,7162791,4015353.6,,,,66.2,143.8,71.7,155.5,1215.5,7.2,41.800917,-87.59062,POINT (-87.59062 41.800917),2023-159565
2023,256999,Arrive South Loop,Submitted,1935 South Wabash Ave,60616,4.0,,Near South Side,Multifamily Housing,202904,2010,2,6558,88,5027316.6,1647243.2,,,,32.9,77.9,35.4,79.8,790.9,3.9,41.925488,-87.653495,POINT (-87.653495 41.925488),2023-256999
2023,100485,"1900 W. Farwell, LLC",Submitted,1900 1910 W. Farwell Ave.,60626,2.0,,Rogers Park,Multifamily Housing,59000,1915,1,,50,679480.2,3893567.3,,,,77.5,101.5,88.4,113.3,301.9,5.1,41.855432,-87.623728,POINT (-87.623728 41.855432),2023-100485
2023,251607,"Nash Elementary, Henry H -CPS",Not Covered 2024,4837 W Erie St,60644,,true,Austin,K-12 School,,,,,,,,,,,,,,,,,41.891988,-87.747231,POINT (-87.747231 41.891988),2023-251607
2023,105739,Silver Cloud Condominiums,Submitted,5346 S. Cornell Ave,60615,4.0,,Hyde Park,Multifamily Housing,131462,1928,1,,98,1918176.6,3332858.5,,,,39.9,67.5,40.3,68.5,445.4,3.4,41.94325,-87.641541,POINT (-87.641541 41.94325),2023-105739
2023,256816,Edens Collection,Submitted,4601-4715 W. Foster Avenue,60630,4.0,,Albany Park,Strip Mall,142740,2020,3,,,6517380.7,,,,,45.7,127.8,44.9,125.6,911.9,6.4,41.911085,-87.63126,POINT (-87.63126 41.911085),2023-256816
2023,251617,Budlong,Submitted,2701 W Foster Ave,60625,4.0,,Lincoln Square,K-12 School,102352,1907,4,,61,1967369.4,4192460,,,,60.2,96.8,69.4,106.5,498,4.9,41.932307,-87.685587,POINT (-87.685587 41.932307),2023-251617
2023,238973,Winston Towers One,Submitted,6933 N Kedzie Ave,60645,3.5,,West Ridge,Multifamily Housing,326000,1965,1,,76,6096649.3,16349500.6,,,,68.9,105,76.4,111.9,1721.4,5.3,41.897411,-87.628152,POINT (-87.628152 41.897411),2023-238973
2023,254107,Columbus on the Park Condominium Association,Not Submitted,811 S Lytle St,60607,0.0,,Near West Side,Residential,,,,,,,,,,,,,,,,,41.850843,-87.638734,POINT (-87.638734 41.850843),2023-254107
2023,157975,Lake Meadows Building 9,Submitted,501 E. 32nd Street,60616,2.5,,Douglas,Multifamily Housing,285410,1956,1,,33,2625082.9,32860352,,,,124.3,146.6,140.4,163.5,2112.7,7.4,41.858438,-87.624093,POINT (-87.624093 41.858438),2023-157975
2023,251277,WMS-2718 Roscoe,Not Submitted,2718 W Roscoe St,60618,0.0,,Avondale,Office,,,,,,,,,,,,,,,,,41.895052,-87.62418,POINT (-87.62418 41.895052),2023-251277
2023,101795,541 N Fairbanks,Submitted,541 N Fairbanks,60611,4.0,,Near North Side,Office,712914,1969,1,,81,22852088.5,23270999.3,,,,64.7,124,71,130.6,4433.5,6.2,41.865688,-87.623194,POINT (-87.623194 41.865688),2023-101795
2023,175581,Kinzie State Condo Association,Submitted,360 N State,60654,3.0,,Near North Side,Other,75940,1929,1,,,3415088.7,5484195.2,,,,117.2,201.7,122.4,207.7,769.1,10.1,41.92335,-87.705431,POINT (-87.705431 41.92335),2023-175581
2023,172544,Technology Business Center,Submitted,3440 S. Dearborn Street,60616,1.0,,Douglas,Office,144195,1964,1,1164,6,5885426.9,,13713090.1,13439207.9,,229.1,313.5,237.8,324.7,2442.3,16.9,41.808122,-87.697074,POINT (-87.697074 41.808122),2023-172544
2023,161628,Inter-American,Submitted,851 W Waveland Ave,60613,3.0,,Lake View,K-12 School,110443,1913,2,,70,1645317.5,4730370.2,,,,57.7,86.7,67.4,96.9,481.5,4.4,41.90374,-87.631293,POINT (-87.631293 41.90374),2023-161628
2023,103679,300 South Riverside Plaza,Submitted,300 South Riverside Plaza,60606,4.0,,Near West Side,Office,1225724,1983,1,6062,82,50678515.5,,,,,41.3,115.8,44.4,124.2,7090.9,5.8,41.965682,-87.708242,POINT (-87.708242 41.965682),2023-103679
2023,256544,One Bennett Park,Submitted,451 E Grand Ave,60611,3.5,,Near North Side,Multifamily Housing,785000,2018,1,13566,71,17611252.2,25461082.2,,,,54.9,96.9,58.5,101.1,3816.5,4.9,41.810225,-87.675074,POINT (-87.675074 41.810225),2023-256544
2023,251622,Galileo,Submitted,820 S Carpenter St,60607,1.0,,Near West Side,K-12 School,102703,1893,2,,22,2425795.5,7680800.1,,,,98.4,144.7,112,158.9,747.4,7.3,41.813914,-87.723665,POINT (-87.723665 41.813914),2023-251622
2023,256539,210 North Carpenter,Submitted,210 N. Carpenter St.,60607,4.0,,Near West Side,Office,238985,2018,1,,84,8815493.7,4251697.8,,,,54.7,122,57.4,124.9,1459.3,6.1,42.007821,-87.664716,POINT (-87.664716 42.007821),2023-256539
2023,103315,230 East Ontario Condominium Association,Submitted,230 E. Ontario St.,60611,3.0,,Near North Side,Multifamily Housing,163000,1969,1,,49,3915584,7008199.9,,,,67,112.4,73.3,120.7,920.1,5.6,41.996515,-87.655437,POINT (-87.655437 41.996515),2023-103315
2023,103684,NMH Arkes Family Pavilion,Submitted,676 N St. Clair St,60611,1.5,,Near North Side,Medical Office,675000,1980,1,,36,66192509.8,240000,,,,98.4,274.9,100.1,279.6,9274.4,13.7,41.769047,-87.569703,POINT (-87.569703 41.769047),2023-103684
2023,251444,Gompers Fine Arts Option Elementary - CPS,Not Covered 2024,12302 S State St,60628,,true,West Pullman,K-12 School,,,,,,,,,,,,,,,,,41.907883,-87.628932,POINT (-87.628932 41.907883),2023-251444
2023,254359,"Jarla, LLC",Submitted,1825 W. Webster Ave.,60614,2.0,,Logan Square,Other - Recreation,50297,2014,1,,,2215276.2,2528474.4,,,,94.3,176.1,100,181.7,444.3,8.8,41.891477,-87.634142,POINT (-87.634142 41.891477),2023-254359
2023,114819,5401 S HYDE PARK CONDOMINIUM,Submitted,5401 S. Hyde Park Blvd.,60615,2.0,,Hyde Park,Multifamily Housing,83746,1962,1,,46,1634702.9,6469636.4,,,,96.8,135.8,106.7,146.5,572.4,6.8,41.88203,-87.629256,POINT (-87.629256 41.88203),2023-114819
2023,113690,20 E Cedar Condominium,Submitted,20 E Cedar St,60611,2.5,,Near North Side,Multifamily Housing,169733,1940,1,,51,2917418.6,10904840.8,,,,81.4,115.6,90.8,125.3,987.4,5.8,41.886694,-87.662579,POINT (-87.662579 41.886694),2023-113690
2023,251866,Chicago Bulls College Prep,Submitted,2040 W Adams,60612,4.0,,Near West Side,K-12 School,115289,1905,1,,64,2813320.6,5137200.4,,,,69,115.1,79.1,125.8,649,5.6,41.799857,-87.584261,POINT (-87.584261 41.799857),2023-251866
2023,116559,Trinity Community Housing Corporation,Submitted,3939 S Calumet Ave,60653,4.0,,Grand Boulevard,Multifamily Housing,51000,1987,1,,84,1040858.8,2173170.7,,,,63,101.9,67.6,106.9,261.1,5.1,41.899163,-87.619842,POINT (-87.619842 41.899163),2023-116559
2023,101527,Sankofa House,Submitted,4041 W Roosevelt Rd,60624,4.0,,North Lawndale,Multifamily Housing,67988,2008,1,,84,899126.8,3660353.6,,,,67.1,93.6,72.5,99.2,320.2,4.7,41.837506,-87.631775,POINT (-87.631775 41.837506),2023-101527
2023,174260,Bridgeview Bank Tower,Submitted,4753 N Broadway,60640,3.5,,Uptown,Multifamily Housing,187146,1924,1,,73,6571394.2,3568941.2,,,,54.2,118.3,59.7,130.1,1109,5.9,41.8351,-87.628761,POINT (-87.628761 41.8351),2023-174260
2023,251399,Park Manor,Submitted,7037 S Rhodes Ave,60637,1.5,,Greater Grand Crossing,K-12 School,62706,1913,1,,31,1544373.6,3711229.9,,,,83.8,131.1,97.4,146.8,413.2,6.6,41.744297,-87.635756,POINT (-87.635756 41.744297),2023-251399
2023,251884,Ray,Submitted,5631 S Kimbark Ave,60637,1.5,,Hyde Park,K-12 School,115306,1893,3,,39,2643924.7,6176620.2,,,,76.5,120.4,89.2,133.8,698,6.1,41.821912,-87.603629,POINT (-87.603629 41.821912),2023-251884
2023,102532,Advocate Trinity Hospital,Submitted,2320 E. 93rd. Street,60617,3.0,,Calumet Heights,Hospital (General Medical & Surgical),367395,1960,1,,68,27654184.9,55254700,,,,225.7,368.7,233.1,375.7,6804.2,18.5,41.809108,-87.627114,POINT (-87.627114 41.809108),2023-102532
2023,250118,Humboldt Park Health,Submitted,1044 N. Francisco Ave,60622,2.5,,West Town,Hospital (General Medical & Surgical),312898,1917,2,,53,34746497.3,27510374.7,,,,199,403.2,201.2,403.6,6322.9,20.2,41.997114,-87.655455,POINT (-87.655455 41.997114),2023-250118
2023,251631,Lorca,Submitted,3231 N Springfield Ave,60618,2.5,,Avondale,K-12 School,105599,2010,1,,37,3842109.7,2136099.8,,,,56.6,123.1,59.1,125.4,651,6.2,41.879294,-87.649321,POINT (-87.649321 41.879294),2023-251631
2023,175793,,Not Submitted,811 833 E 46th St,60653,0.0,,Kenwood,Residential,,,,,,,,,,,,,,,,,41.782516,-87.622006,POINT (-87.622006 41.782516),2023-175793
2023,175601,,Not Submitted,2701 2749 N Elston Ave,60647,0.0,,Logan Square,Commercial,,,,,,,,,,,,,,,,,41.860103,-87.641344,POINT (-87.641344 41.860103),2023-175601
2023,175953,Hotel Blake,Submitted,500 S Dearborn Street,60605,4.0,,Loop,Hotel,150000,1896,1,7,91,4739623.7,5771369.8,,,,70.1,128.9,75.6,134,969.7,6.5,41.891237,-87.617528,POINT (-87.617528 41.891237),2023-175953
2023,160355,1133 N. Dearborn Apartments,Submitted,1133 N. Dearborn,60610,3.0,,Near North Side,Multifamily Housing,387600,1992,1,,67,8202700.7,15284630.1,,,,60.6,100.7,66,106,1959.6,5.1,41.94813,-87.643324,POINT (-87.643324 41.94813),2023-160355
2023,255928,Choxy LLC,Submitted,530 N Lasalle Dr,60654,1.5,,Near North Side,Hotel,62000,2018,1,,35,3041043.9,4111799.9,,,,115.4,207,120.5,212.8,643.9,10.4,41.893281,-87.635288,POINT (-87.635288 41.893281),2023-255928
2023,175329,2040 Belmont LLC,Submitted,2040 Belmont Ave,60618,1.0,,North Center,Multifamily Housing,52468,1999,1,,14,563819.3,5104899.7,,,,108,132.2,120.6,145.2,350,6.7,41.878026,-87.632062,POINT (-87.632062 41.878026),2023-175329
2023,242661,2921 S Michigan,Submitted,3001 S Michigan Ave,60616,1.5,,Douglas,Multifamily Housing,67133,1964,1,,37,1220739.2,5266663,,,,96.6,133.3,106.9,144.8,450.5,6.7,41.803301,-87.58613,POINT (-87.58613 41.803301),2023-242661
2023,251688,Tanner Elementary -CPS,Not Covered 2024,7350 S Evans Ave,60619,,true,Greater Grand Crossing,K-12 School,,,,,,,,,,,,,,,,,41.888,-87.622565,POINT (-87.622565 41.888),2023-251688
2023,255944,Aloft Chicago Mag Mile,Submitted,243 E. Ontario Street,60611,4.0,,Near North Side,Hotel,190742,2018,1,8560,88,7369040.1,3913121.1,,,,59.1,129.7,61.1,132.7,1238.9,6.5,41.793514,-87.584947,POINT (-87.584947 41.793514),2023-255944
2023,251363,Franklin,Submitted,225 W Evergreen Ave,60610,1.5,,Near North Side,K-12 School,53097,1926,1,,33,874011.1,4115580,,,,94,127.5,108.7,143,340.9,6.4,41.77935,-87.591613,POINT (-87.591613 41.77935),2023-251363
2023,101890,8890,Submitted,345 E. Superior,60611,1.0,,Near North Side,College/University,370800,1974,1,5819,,21456691.7,54271068.4,,,,204.2,315.7,215.9,329.6,5884.8,15.9,41.980867,-87.844454,POINT (-87.844454 41.980867),2023-101890
2023,251411,Reavis Specialty Elementary -CPS,Not Covered 2024,834 E 50th St,60615,,true,Kenwood,K-12 School,,,,,,,,,,,,,,,,,41.885015,-87.644077,POINT (-87.644077 41.885015),2023-251411
2023,131236,CH1,Submitted,427 S. Lasalle`,60605,4.0,,Loop,Data Center,160000,1919,1,27968,90,154514878.7,,,,,965.7,2704,965.7,2704,21619.7,135.1,41.799858,-87.599602,POINT (-87.599602 41.799858),2023-131236
2023,256433,State Street Village,Not Submitted,3301 S State Street,60616,0.0,,Douglas,Residential,,,,,,,,,,,,,,,,,41.895898,-87.620773,POINT (-87.620773 41.895898),2023-256433
2023,165924,Lincoln Park Plaza,Submitted,600 W Diversey Pkwy,60614,3.0,,Lake View,Multifamily Housing,270315,1982,1,,62,5564846.9,16634128.1,,,,82.1,122.3,91.9,132.2,1662.1,6.1,41.931842,-87.731564,POINT (-87.731564 41.931842),2023-165924
2023,103573,,Not Submitted,6446 6458 S Kenwood Ave,60637,0.0,,Woodlawn,Residential,,,,,,,,,,,,,,,,,41.934087,-87.689196,POINT (-87.689196 41.934087),2023-103573
2023,251687,Peirce,Submitted,1423 W Bryn Mawr Ave,60660,1.0,,Edgewater,K-12 School,133238,1915,4,,9,5239999.1,8576110.1,,,,103.7,177.7,117.4,192.1,1188.7,8.9,41.69279,-87.616381,POINT (-87.616381 41.69279),2023-251687
2023,251437,Spry Community Elementary -CPS,Not Covered 2024,2400 S Marshall Blvd,60623,,true,South Lawndale,K-12 School,,,,,,,,,,,,,,,,,41.789705,-87.598854,POINT (-87.598854 41.789705),2023-251437
2023,251904,Noble Network of Charter Schools,Submitted,1409-1443 N. Ogden Ave.,60610,1.0,,Near North Side,K-12 School,90742,1971,1,,4,6542844.2,2632499.8,,,,101.1,232.4,105.1,236.5,1055.3,11.6,41.972894,-87.654772,POINT (-87.654772 41.972894),2023-251904
2023,252076,Acero School - Officer Donald J. MarOuez,Submitted,2916 W. 47th St.,60632,1.0,,Brighton Park,K-12 School,58150,2007,1,,29,2802813.2,865470,,,,63.1,150.6,68.3,159.4,438.1,7.5,41.963743,-87.652711,POINT (-87.652711 41.963743),2023-252076
2023,120503,1040 West Randolph,Submitted,1040 West Randolph Street,60607,2.5,,Near West Side,Office,55466,1932,1,,53,2334133.8,223081,,,,46.1,122.1,46.8,122.8,338.4,6.1,41.825783,-87.624703,POINT (-87.624703 41.825783),2023-120503
2023,115754,Van Buren Place,Submitted,1504 W. Van Buren,60607,2.5,,Near West Side,Multifamily Housing,78585,1984,1,7382,57,1781074.3,4048185.7,,,,74.2,117.5,80,123.7,464.2,5.9,41.926352,-87.64894,POINT (-87.64894 41.926352),2023-115754
2023,255022,505 N. Green St.,Submitted,505 North Green Street,60642,3.0,,West Town,Multifamily Housing,55216,2018,1,2092,66,1496058.8,1215231.7,,,,49.1,99,52.6,103.7,273.9,5,41.894116,-87.633002,POINT (-87.633002 41.894116),2023-255022
2023,150282,The Royalle Condominium Association,Submitted,744 N. Clark St.,60654,1.0,,Near North Side,Multifamily Housing,77800,2003,1,,18,2685782.3,3234362.4,,,,76.1,140.3,83,150.4,547.6,7,41.891522,-87.662132,POINT (-87.662132 41.891522),2023-150282
2023,260034,AlgonOuin #5,Submitted,1617 E. 50th Street,60615,1.0,,Kenwood,Multifamily Housing,59310,1950,1,,20,1832956.5,4058250,,,,99.3,158.4,107.7,167.2,472,8,41.900959,-87.619928,POINT (-87.619928 41.900959),2023-260034
2023,251624,Azuela,Submitted,4707 W Marouette Rd,60629,1.0,,West Lawn,K-12 School,94600,2010,1,,30,3648434.9,2367309.8,,,,63.6,134.3,67.9,139,636.2,6.7,41.928279,-87.785761,POINT (-87.785761 41.928279),2023-251624
2023,251673,Manuel Perez Elementary -CPS,Not Covered 2024,1241 W 19th St,60608,,true,Lower West Side,K-12 School,,,,,,,,,,,,,,,,,41.883322,-87.629775,POINT (-87.629775 41.883322),2023-251673
2023,158236,9672e-CHISR-Renaissance Chicago Hotel,Submitted,1 West Wacker Drive,60601,2.5,,Loop,Hotel,537323,1990,1,26497,53,23627881.8,33821299.3,,,,106.9,189.2,112.5,194.3,5102.4,9.5,41.734098,-87.646757,POINT (-87.646757 41.734098),2023-158236
2023,131375,"BAI Century, LLC",Submitted,2828 N. Clark St.,60657,1.0,,Lake View,Enclosed Mall,174386,1925,1,,,11429453.2,5886367.2,,,,99.3,219,105.4,225.3,1911.9,11,41.897987,-87.628088,POINT (-87.628088 41.897987),2023-131375
2023,111862,(IL148) - 2450 N Lakeview Avenue Trust (2450 N Lakeview Avenue),Submitted,2450 N Lakeview Avenue,60614,2.0,,Lincoln Park,Multifamily Housing,96000,1923,1,,,1804952.2,6117730.2,,,,82.5,119.6,83.6,122.5,577.5,6,41.801599,-87.59808,POINT (-87.59808 41.801599),2023-111862
2023,160270,Grand Kingsbury LLC,Submitted,520 N. Kingsbury,60654,1.0,,Near North Side,Multifamily Housing,497185,2007,1,,15,15605004,31753975.4,,,,95.3,154.9,100.7,159.5,3870.1,7.8,41.942704,-87.640311,POINT (-87.640311 41.942704),2023-160270
2023,103748,NMH Olson Pavilion,Submitted,710 N Fairbanks Ct,60611,1.0,,Near North Side,Laboratory,362800,1977,1,,,40799753.8,,70468686.4,,,306.7,548.6,318.1,559.5,10387.7,28.6,41.90088,-87.626859,POINT (-87.626859 41.90088),2023-103748
2023,173914,Jeffery Plaza,Submitted,2101 E 71st St & 7131 S Jeffrey Blvd,60646,3.0,,South Shore,Supermarket/Grocery Store,113303,1990,1,,,11454975,1028359.8,,,,110.2,292.6,110.9,290.5,1657.4,14.6,41.908962,-87.628963,POINT (-87.628963 41.908962),2023-173914
2023,159315,1401 South State - CO ss028,Submitted,1401 S State Street,60605,4.0,,Near South Side,Multifamily Housing,287705,2008,1,13549,64,10488582.1,3014877.1,,,,46.9,113.1,47.7,115.3,1627.7,5.7,41.966011,-87.836831,POINT (-87.836831 41.966011),2023-159315
2023,173708,2756-64 N. Pine Grove Ave.,Submitted,2756-64 N. Pine Grove Ave.,60642,2.0,,Lincoln Park,Multifamily Housing,133560,1925,1,,43,1859759.6,9557395.4,,,,85.5,114.1,95.8,124.5,767.9,5.7,41.979608,-87.694525,POINT (-87.694525 41.979608),2023-173708
2023,165020,Kingston Place,Submitted,7435 S Kingston,60649,4.0,,South Shore,Multifamily Housing,62729,2000,1,2890,87,539551.3,3962506.5,,,,71.8,90.4,78.6,97.6,286,4.6,41.885758,-87.642922,POINT (-87.642922 41.885758),2023-165020
2023,250085,Elizabeth Davis Apartments,Submitted,440 N. Drake Ave,60624,3.5,,Humboldt Park,Multifamily Housing,109564,1965,1,,73,2411321.2,5281000.2,,,,70.2,112.2,75.6,117.9,617.9,5.6,41.957635,-87.653144,POINT (-87.653144 41.957635),2023-250085
2023,255190,Wicker Park - 1241 N Milwaukee,Submitted,1241 North Milwaukee Avenue,60622,4.0,,West Town,Multifamily Housing,79570,2017,1,1839,95,2086683.9,154745.9,,,,28.2,75.5,28.6,75.4,300.2,3.8,41.887806,-87.636828,POINT (-87.636828 41.887806),2023-255190
2023,113146,Atrium Condominium Association,Submitted,4101-4115 S. Michigan Ave,60653,2.0,,Grand Boulevard,Multifamily Housing,50000,2003,1,,49,902779,2842327.7,,,,74.9,110.2,85.4,121.3,277.3,5.5,41.887914,-87.76763,POINT (-87.76763 41.887914),2023-113146
2023,121093,Costco #01107 South Loop,Submitted,1430 S. Ashland Ave,60608,3.0,,Near West Side,Supermarket/Grocery Store,156788,2012,1,,65,14339244.8,12241350.6,,,,169.5,338.1,176.8,344.4,2656.5,16.9,41.883039,-87.647174,POINT (-87.647174 41.883039),2023-121093
2023,254376,Moving Everest Charter School,Not Submitted,416 N Laramie Ave,60644,0.0,,Austin,,,,,,,,,,,,,,,,,,41.80205,-87.611928,POINT (-87.611928 41.80205),2023-254376
2023,172551,East Side Lofts,Not Submitted,1601 S Indiana Ave,60616,0.0,,Near South Side,Residential,,,,,,,,,,,,,,,,,41.851312,-87.623616,POINT (-87.623616 41.851312),2023-172551
2023,251268,(IL644) - 860 Lake Shore Drive Trust (860-880 Lake Shore Drive),Submitted,860-880 Lake Shore Drive,60611,1.0,,Near North Side,Multifamily Housing,338708,1949,2,,10,6975563.6,33089113.2,,,,118.3,160.2,132.7,175.6,2733.5,8.1,41.885813,-87.642262,POINT (-87.642262 41.885813),2023-251268
2023,250121,St Bernard Hospital,Submitted,326 West 64th St,60621,4.0,,Englewood,Hospital (General Medical & Surgical),353240,1904,1,16186,94,23959208.4,45681006.6,,,,197.1,325.7,202.9,330.1,5778.7,16.4,41.931191,-87.640212,POINT (-87.640212 41.931191),2023-250121
2023,251697,NLCP - Christiana HS,Submitted,1615 S Christiana Ave,60623,3.5,,North Lawndale,K-12 School,138936,1893,3,,72,2540193.1,6755850,,,,66.9,102.2,77.9,113.8,714.3,5.1,41.84111,-87.685426,POINT (-87.685426 41.84111),2023-251697
2023,119758,"03721AS - Chicago, IL",Submitted,6107 S. Archer Ave.,60638,3.5,,Garfield Ridge,Supermarket/Grocery Store,50111,2002,1,1765,74,7034796.8,4211500,,,,224.4,481.3,223.5,478.7,1208,24.1,41.965902,-87.654643,POINT (-87.654643 41.965902),2023-119758
2023,114204,(IL0677) - Goethe Astor Inc (1301 N. Astor St),Submitted,1301 N. Astor St,60610,2.0,,Near North Side,Multifamily Housing,56000,2000,1,,,1529904.4,3788402.2,,,,95,147.5,105.1,158.2,415.3,7.4,41.802019,-87.593612,POINT (-87.593612 41.802019),2023-114204
2023,257044,Sentral Michigan Avenue (ss009),Submitted,808 S Michigan Ave,60605,1.5,,Loop,Multifamily Housing,463454,2018,1,17350,100,2517570.8,16045056,,,,40.1,51.6,45,56.8,1188.8,2.57,41.871503,-87.624713,POINT (-87.624713 41.871503),2023-257044
2023,255005,Luxe on Chicago - CO (lx016),Submitted,1838 W Chicago Ave,60622,1.0,,West Town,Multifamily Housing,69648,2016,6,2270,6,2442978.2,3981567.7,,,,92.2,158.2,100.3,168.8,553.3,7.9,41.831697,-87.61097,POINT (-87.61097 41.831697),2023-255005
2023,256829,Superior House,Submitted,366 W Superior St.,60654,4.0,,Near North Side,Multifamily Housing,122916,2019,1,,95,1960070.7,3132059.8,,,,41.4,71.4,45.7,76.8,440.6,3.6,41.934271,-87.639488,POINT (-87.639488 41.934271),2023-256829
2023,251693,McKay,Submitted,6901 S Fairfield Ave,60629,1.0,,Chicago Lawn,K-12 School,128128,1928,2,,15,4883455.8,6538070.2,,,,89.1,160.3,101.9,173.7,1030.6,8,41.990456,-87.660428,POINT (-87.660428 41.990456),2023-251693
2023,101869,Hotel Chicago,Submitted,333 N Dearborn Street,60654,4.0,,Near North Side,Hotel,222154,1998,1,,95,3285932.4,4936235.1,,10078648.4,,82.4,106,87.6,112.7,1253.1,5.6,41.878536,-87.642219,POINT (-87.642219 41.878536),2023-101869
2023,160278,"Fourth Prairie Shores, LLC",Submitted,2851 S King Drive,60616,1.0,,Douglas,Multifamily Housing,289267,1960,1,,26,4794214.1,28548298.2,,,,115.3,150,127.9,164,2157.3,7.5,41.886646,-87.696558,POINT (-87.696558 41.886646),2023-160278
2023,251594,Raby HS -CPS,Not Covered 2024,3545 W Fulton St,60624,,true,East Garfield Park,K-12 School,,,,,,,,,,,,,,,,,41.882755,-87.624535,POINT (-87.624535 41.882755),2023-251594
2023,159249,"Onni Atrium Apartments, LP",Submitted,303 W. Division St,60610,1.0,,Near North Side,Multifamily Housing,147424,1976,1,,27,4305763.2,9765878.6,,,,95.5,151.3,101.2,156.1,1121.2,7.6,41.912256,-87.648461,POINT (-87.648461 41.912256),2023-159249
2023,105302,Drexel Square,Not Submitted,810  E Hyde Park Blvd,60615,0.0,,Kenwood,Residential,,,,,,,,,,,,,,,,,41.95291,-87.778765,POINT (-87.778765 41.95291),2023-105302
2023,148480,The Larrabee Condominium Association,Submitted,865 N Larrabee St.,60610,3.0,,Near North Side,Multifamily Housing,80457,2006,1,,68,1672127.1,2935899,,,,57.3,96.5,60.9,99.7,389.9,4.8,41.875207,-87.628549,POINT (-87.628549 41.875207),2023-148480
2023,160345,Lake View Towers,Submitted,4550 N. Clarendon Ave.,60640,3.5,,Uptown,Multifamily Housing,451653,1970,2,,79,8465694.1,32227889.2,,,,90.1,127.4,97.6,135.4,2896.3,6.4,41.957926,-87.646483,POINT (-87.646483 41.957926),2023-160345
2023,257047,,Not Covered 2024,160 N Elizabeth St,60607,,true,Near West Side,Residential,,,,,,,,,,,,,,,,,41.884766,-87.659167,POINT (-87.659167 41.884766),2023-257047
2023,254360,Lycee Francais de Chicago,Not Submitted,1929 W Wilson Ave,60640,0.0,,Lincoln Square,,,,,,,,,,,,,,,,,,41.830788,-87.651456,POINT (-87.651456 41.830788),2023-254360
2023,251878,South Loop -CPS,Not Covered 2024,1212 S Plymouth Ct,60605,,true,Near South Side,K-12 School,,,,,,,,,,,,,,,,,41.884523,-87.646521,POINT (-87.646521 41.884523),2023-251878
2023,101851,150 160 E Huron,Not Submitted,150 160 E Huron,60611,0.0,,Near North Side,Hotel,,,,,,,,,,,,,,,,,41.848579,-87.70867,POINT (-87.70867 41.848579),2023-101851
2023,233452,Dearborn Elm Condominium Association,Submitted,1155 N Dearborn,60610,1.0,,Near North Side,Multifamily Housing,111011,2002,1,,15,3801640.6,7565022.1,,,,102.4,167.4,109.3,175.6,933.7,8.4,41.966378,-87.721826,POINT (-87.721826 41.966378),2023-233452
2023,160099,The Peninsula Chicago,Submitted,108 East Superior St.,60611,1.0,,Near North Side,Hotel,410081,2000,1,,11,39099054,16845500.1,,,,136.4,310.1,141.2,319.9,6365.5,15.5,41.745514,-87.741084,POINT (-87.741084 41.745514),2023-160099
2023,160453,Halsted Flats,Submitted,3740 N. Halsted St.,60613,3.5,,Lake View,Multifamily Housing,229029,2014,1,,60,8009205.8,8158957.6,,,,70.6,135.3,74.9,142.4,1554,6.8,41.774447,-87.708002,POINT (-87.708002 41.774447),2023-160453
2023,130629,,Not Covered 2024,3510 3524 S Western Ave,60609,,true,Mckinley Park,Commercial,,,,,,,,,,,,,,,,,41.989255,-87.655213,POINT (-87.655213 41.989255),2023-130629
2023,250099,Long Life Apartments,Submitted,344 W 28th Pl,60616,3.5,,Armour Square,Multifamily Housing,95888,1964,1,,53,1247330.8,7795600.3,,,,94.3,121.8,104.1,132.2,588.6,6.1,41.909205,-87.627743,POINT (-87.627743 41.909205),2023-250099
2023,238049,740 Fulton Condominium Association,Submitted,740 W Fulton St,60661,2.0,,Near West Side,Multifamily Housing,164230,2007,1,,46,5050920.8,8647630.9,,,,83.4,141.4,91.7,152.2,1166,7.1,41.932866,-87.646819,POINT (-87.646819 41.932866),2023-238049
2023,101828,,Not Submitted,6000  S Indiana Ave,60637,0.0,,Washington Park,Residential,,,,,,,,,,,,,,,,,41.853118,-87.618622,POINT (-87.618622 41.853118),2023-101828
2023,260116,,Not Submitted,3812  S Michigan Ave,60653,0.0,,Douglas,Residential,,,,,,,,,,,,,,,,,41.877598,-87.666834,POINT (-87.666834 41.877598),2023-260116
2023,157602,Prairie House at Central Station,Submitted,1515 S. Prairie Ave,60605,2.0,,Near South Side,Multifamily Housing,273040,2001,1,,41,9529437.9,11331186.9,,,,76.4,141.3,81.1,145.7,1935.2,7.1,41.952364,-87.819835,POINT (-87.819835 41.952364),2023-157602
2023,254067,Hedgerow Condominium Association,Not Submitted,1645 E. 54th St.,60615,0.0,,Hyde Park,Residential,,,,,,,,,,,,,,,,,41.805915,-87.584839,POINT (-87.584839 41.805915),2023-254067
2023,251482,Ruiz,Submitted,2410 S Leavitt St,60608,1.0,,Lower West Side,K-12 School,73217,1989,2,,15,2611036.5,4111370.5,,,,91.8,158.8,100.6,168.1,583.7,8,41.896293,-87.637313,POINT (-87.637313 41.896293),2023-251482
2023,100320,"IMDC LAPORTE, LLC",Submitted,4039 4051 Laporte Ave,60641,4.0,,Portage Park,Multifamily Housing,96000,1934,1,,92,346805.9,4546800.2,,,,51,59.8,59,68,290,3,41.905559,-87.632008,POINT (-87.632008 41.905559),2023-100320
2023,173907,Hampton House Condominiums,Submitted,1715-1733 E. 53dr St.,60615,2.0,,Hyde Park,Multifamily Housing,176450,1918,1,,49,2099250.8,11768350.1,,,,78.6,103.3,87.4,112.5,918.8,5.2,41.824201,-87.626271,POINT (-87.626271 41.824201),2023-173907
2023,104431,,Not Submitted,5948 5958 N Broadway,60660,0.0,,Edgewater,Residential,,,,,,,,,,,,,,,,,41.883765,-87.632275,POINT (-87.632275 41.883765),2023-104431
2023,171991,Saint Mary Star of the Sea Parish,Not Submitted,6449 S Kilbourn Ave,60629,0.0,,West Lawn,Other,,,,,,,,,,,,,,,,,41.77556,-87.734891,POINT (-87.734891 41.77556),2023-171991
2023,159661,00821-Brookdale Lake View,Submitted,3121 North Sheridan,60657,1.0,,Lake View,Multifamily Housing,205906,2000,1,7994,8,7123082,19276599.3,,,,128.2,195.2,140.7,209,2020.5,9.8,41.745366,-87.692651,POINT (-87.692651 41.745366),2023-159661
2023,250132,Yards Forman Mills,Not Covered 2024,4520 S Damen Ave,60609,,true,New City,Retail Store,,,,,,,,,,,,,,,,,41.946077,-87.644794,POINT (-87.644794 41.946077),2023-250132
2023,251891,Westinghouse HS,Submitted,3223 W Franklin Blvd,60624,1.0,,Humboldt Park,K-12 School,224604,2009,1,,17,10872658.7,8398410.1,,,,85.8,174.8,90.9,179.8,1967.4,8.8,41.878108,-87.642609,POINT (-87.642609 41.878108),2023-251891
2023,254535,Niche 905,Submitted,905 N Orleans,60610,4.0,,Near North Side,Multifamily Housing,232790,2017,1,7480,90,4381899.9,7433569.4,,,,50.8,86.2,54.9,91.8,1007.9,4.3,41.981231,-87.654974,POINT (-87.654974 41.981231),2023-254535
2023,103770,CME Group Inc,Not Covered 2024,333 S Lasalle St,60604,,true,Loop,Financial Office,,,,,,,,,,,,,,,,,41.958362,-87.651114,POINT (-87.651114 41.958362),2023-103770
2023,252292,Hollywood House,Not Submitted,5700 N Sheridan Rd,60660,0.0,,Edgewater,Residential,,,,,,,,,,,,,,,,,41.918124,-87.689291,POINT (-87.689291 41.918124),2023-252292
2023,111555,,Not Submitted,300 W North Ave,60610,0.0,,Lincoln Park,Residential,,,,,,,,,,,,,,,,,41.809655,-87.62703,POINT (-87.62703 41.809655),2023-111555
2023,113489,,Not Submitted,1339  N Dearborn St,60610,0.0,,Near North Side,Residential,,,,,,,,,,,,,,,,,41.878998,-87.649466,POINT (-87.649466 41.878998),2023-113489
2023,175595,"714 -726 W. Waveland, LLC",Submitted,714 N. Waveland Ave.,60613,2.0,,Lake View,Multifamily Housing,52000,1915,1,,42,527214,3169006.1,,,,71.1,92.4,78.5,100,242.1,4.7,41.856987,-87.632014,POINT (-87.632014 41.856987),2023-175595
2023,113335,Ravinia Lofts Condominium Association,Submitted,2024 S Wabash Ave,60616,3.5,,Near South Side,Multifamily Housing,56000,1920,1,,75,1082825.6,2398275.1,,,,62.2,99.1,76.3,113.7,272.2,4.9,41.775328,-87.728922,POINT (-87.728922 41.775328),2023-113335
2023,101867,125 South Wacker,Submitted,125 S Wacker Drive,60606,3.0,,Loop,Office,641962,1974,1,2551,66,33020238.5,,,,,51.4,144,55.2,154.7,4620.2,7.2,41.725984,-87.593106,POINT (-87.593106 41.725984),2023-101867
2023,142232,2424 N Clark St,Submitted,2424 N Clark St,60614,3.5,,Lincoln Park,Multifamily Housing,64622,1962,1,,75,1104729.3,4859891.6,,,,92.3,126.8,101.6,136.5,412.7,6.4,41.900773,-87.622255,POINT (-87.622255 41.900773),2023-142232
2023,256904,Southbridge 9 Master Owner LLC,Submitted,2344 S State St,60616,1.0,,Near South Side,Multifamily Housing,121000,2022,1,,27,4483705.1,3836727,,,,68.8,137,75.8,149.3,831.1,6.9,41.767398,-87.667676,POINT (-87.667676 41.767398),2023-256904
2023,135032,,Not Submitted,350  N Lasalle St,60654,0.0,,Near North Side,Residential,,,,,,,,,,,,,,,,,41.950415,-87.698287,POINT (-87.698287 41.950415),2023-135032
2023,244017,River Plaza,Submitted,405 North Wabash,60611,1.5,,Near North Side,Multifamily Housing,734298,1976,1,,40,19073620.4,40774519.9,,,,81.5,131,89,139.2,4834.5,6.6,41.91525,-87.634293,POINT (-87.634293 41.91525),2023-244017
2023,162804,Salvation Army College of Officer Training,Not Submitted,3539  N Halsted St,60657,0.0,,Lake View,Residential,,,,,,,,,,,,,,,,,41.767661,-87.627101,POINT (-87.627101 41.767661),2023-162804
2023,255090,,Not Submitted,7122 S Jeffery Blvd,60649,0.0,,South Shore,,,,,,,,,,,,,,,,,,41.952964,-87.790205,POINT (-87.790205 41.952964),2023-255090
2023,255934,Monroe Aberdeen Place (mn147),Submitted,1050 W Monroe St,60607,4.0,,Near West Side,Multifamily Housing,191052,2018,2,3536,94,3287319,4242202.1,,,,39.4,71.5,45.5,78.8,685.3,3.6,41.871879,-87.642417,POINT (-87.642417 41.871879),2023-255934
2023,255965,(IL367) - 5430 N. Sheridan Condo (5430 N. Sheridan Road),Submitted,5430 N. Sheridan Road,60640,2.5,,Edgewater,Multifamily Housing,60305,2008,1,,58,1458387.9,3353573.2,,,,79.8,126.1,87.4,134.5,382.2,6.3,41.881977,-87.638876,POINT (-87.638876 41.881977),2023-255965
2023,255150,Kedzie Plaza,Not Submitted,4756-4770  South Kedzie Avenue,60632,0.0,,Brighton Park,Commercial,,,,,,,,,,,,,,,,,41.90769,-87.628729,POINT (-87.628729 41.90769),2023-255150
2023,251380,Motley School Apartments,Not Submitted,739 N Ada St,60642,0.0,,West Town,Commercial,,,,,,,,,,,,,,,,,41.801038,-87.585906,POINT (-87.585906 41.801038),2023-251380
2023,243929,(IL1074) ParkShore Condominium (195 N. Harbor Drive),Submitted,195 N. Harbor Drive,60601,1.0,,Loop,Multifamily Housing,1009778,1991,1,,18,38339628.5,21301198.2,,,,59.1,128.5,61.3,130.8,6495.9,6.4,41.836488,-87.617008,POINT (-87.617008 41.836488),2023-243929
2023,256780,Norweta Apartments - 2611 N Hermitage,Submitted,2611 North Hermitage Ave,60614,4.0,,Lincoln Park,Multifamily Housing,106945,2019,1,1902,98,1476050,2671260.8,,,,38.8,64.9,42.4,68.5,348.4,3.3,41.888112,-87.640107,POINT (-87.640107 41.888112),2023-256780
2023,113677,221 E Walton Condominium Association,Submitted,221 E Walton Pl,60611,1.0,,Near North Side,Multifamily Housing,51812,1991,1,,20,2540321.2,704143.8,,,,62.6,151.6,69.8,169.8,392.8,7.6,41.950214,-87.645635,POINT (-87.645635 41.950214),2023-113677
2023,251883,4525 N Kenmore Avenue,Submitted,4525 N Kenmore Avenue,60640,3.5,,Uptown,Multifamily Housing,108153,1907,1,,75,1677709.5,2939900.6,,,,42.7,72,42.5,71.5,390.9,3.6,41.874336,-87.674734,POINT (-87.674734 41.874336),2023-251883
2023,111553,St. Michael's High School Condominiums,Submitted,1660 N. Hudson Ave,60614,3.0,,Lincoln Park,Multifamily Housing,69000,1985,1,,70,1185918.2,2514394.8,,,,53.6,86.4,61,94.6,299.5,4.3,41.974496,-87.656511,POINT (-87.656511 41.974496),2023-111553
2023,253983,Fulton Place Condominium,Submitted,657 W. Fulton St.,60661,4.0,,Near West Side,Multifamily Housing,115000,2006,1,,87,2128213.8,3100469.6,,,,45.5,80.1,49.9,85.4,462.5,4,41.768971,-87.629918,POINT (-87.629918 41.768971),2023-253983
2023,106819,Kenwood HS,Submitted,5015 S Blackstone Ave,60615,1.0,,Kenwood,K-12 School,272432,1969,4,,23,9824407.1,15303829.7,,,,92.2,160,102.3,170.6,2187.5,8,41.987828,-87.655171,POINT (-87.655171 41.987828),2023-106819
2023,251689,"Lewis Elementary, Leslie -CPS",Not Covered 2024,1431 N Leamington Ave,60651,,true,Austin,K-12 School,,,,,,,,,,,,,,,,,41.906806,-87.754045,POINT (-87.754045 41.906806),2023-251689
2023,160257,Elm Street Plaza Venture LLLP,Submitted,1130 N. Dearborn,60610,2.5,,Near North Side,Multifamily Housing,380277,1976,1,,53,9577219.1,19304762.1,,,,75.9,123.8,81.3,128.8,2365.4,6.2,41.964883,-87.654634,POINT (-87.654634 41.964883),2023-160257
2023,257178,CHCHIL76_IB00100009489/O10170/4533 W ROSCOE ST/CHICAGO/IL,Submitted,4533 W Roscoe St,60641,4.0,,Irving Park,Office,109799,2000,1,310,94,983891.1,4707899.9,,,,51.8,70.1,65.3,84.2,387.7,3.5,41.941849,-87.741564,POINT (-87.741564 41.941849),2023-257178
2023,252023,CICS Longwood,Submitted,1309 W. 95th St.,60643,4.0,,Washington Heights,K-12 School,165520,1952,1,,75,2288779.8,6529200.1,,,,53.3,80.1,59.1,86.2,667,4,41.810452,-87.683774,POINT (-87.683774 41.810452),2023-252023
2023,251405,Hefferan Elementary -CPS,Not Covered 2024,4409 W Wilcox St,60624,,true,West Garfield Park,K-12 School,,,,,,,,,,,,,,,,,41.879393,-87.641626,POINT (-87.641626 41.879393),2023-251405
2023,252324,Association House of Chicago,Submitted,1116 N Kedzie Ave,60651,4.0,,Humboldt Park,Office,153229,1922,1,1550,76,4485698,5635068.7,,,,66,120.6,74,129.7,926.9,6,41.881952,-87.63662,POINT (-87.63662 41.881952),2023-252324
2023,236913,Lake Park Plaza Condominium Association,Submitted,3930 N. Pine Grove Ave.,60613,3.5,,Lake View,Multifamily Housing,520635,1969,1,,73,9738777.6,24894967,,,,66.5,102.6,74.3,110.9,2684.9,5.2,41.895568,-87.628252,POINT (-87.628252 41.895568),2023-236913
2023,160142,U.S. Cellular Plaza - 8430 _ Goby LLC,Submitted,8430 West Bryn Mawr Avenue,60631,4.0,,Ohare,Office,343459,1981,1,,,2450360.5,,,,,7.1,20,7.1,20,342.9,1,41.83228,-87.61119,POINT (-87.61119 41.83228),2023-160142
2023,101972,150 North Wacker Drive,Submitted,150 North Wacker Drive,60606,2.0,,Loop,Office,295894,1970,1,2051,50,7565939.2,31174025.5,,,,130.9,182.2,151.7,205.1,2714.4,9.2,41.986538,-87.673245,POINT (-87.673245 41.986538),2023-101972
2023,159646,339 W. Barry Condominium Association,Submitted,337-339 W. Barry Ave.,60657,1.0,,Lake View,Multifamily Housing,118000,1967,1,,29,2833114,8979039,,,,100.1,147.1,109.9,156.8,873.3,7.4,41.788895,-87.591391,POINT (-87.591391 41.788895),2023-159646
2023,156549,601 South LaSalle,Submitted,601 South Lasalle Street,60605,3.0,,Loop,Office,80000,1917,1,,,3268164.7,87496,,,,41.9,115.5,45.7,126.1,461.9,5.8,41.883565,-87.639637,POINT (-87.639637 41.883565),2023-156549
2023,173752,"Eddystone Condominium Homes, Inc.",Submitted,421 W. Melrose St.,60657,2.5,,Lake View,Multifamily Housing,164000,1928,1,,60,1777912.9,12298702.9,,,,85.8,109.1,95.2,119.1,902,5.5,41.783001,-87.606132,POINT (-87.606132 41.783001),2023-173752
2023,253951,18th Street Lofts,Not Submitted,1801 S Michigan Ave,60616,0.0,,Near South Side,Residential,,,,,,,,,,,,,,,,,41.937779,-87.639617,POINT (-87.639617 41.937779),2023-253951
2023,156557,"A&M 542 SOUTH DEARBORN, LLC",Submitted,542 S Dearborn,60605,4.0,,Loop,Office,89353,1891,1,,70,2557526.2,3553859.1,,,,68.4,121.9,74.8,128.6,546.6,6.1,41.906795,-87.667732,POINT (-87.667732 41.906795),2023-156557
2023,251650,Brentano,Submitted,2723 N Fairfield Ave,60647,3.5,,Logan Square,K-12 School,117104,1893,1,,75,1413823.6,5328549.8,,,,57.6,81.6,67.9,92.4,480.8,4.1,41.773439,-87.566899,POINT (-87.566899 41.773439),2023-251650
2023,172387,Wrigley Global Innovation Center,Not Covered 2024,1132 W Blackhawk St,60642,,true,Near North Side,Commercial,,,,,,,,,,,,,,,,,41.753321,-87.595456,POINT (-87.595456 41.753321),2023-172387
2023,100433,Ascension SMEMC St Mary Campus.,Submitted,2233 West Division St,60622,2.0,,West Town,Hospital (General Medical & Surgical),697454,1976,5,,46,68289060.6,106360088,,,,250.4,434.3,259.8,441.7,15204.3,21.8,41.924996,-87.65859,POINT (-87.65859 41.924996),2023-100433
2023,158958,Jackson Park Hospital,Not Submitted,7531 S Stony Island Ave,60649,0.0,,South Shore,Hospital (General Medical & Surgical),,,,,,,,,,,,,,,,,41.873871,-87.631526,POINT (-87.631526 41.873871),2023-158958
2023,173884,Acero Schools - Cruz - Rogers Park,Submitted,7416 N Ridge Rd.,60645,3.0,,West Ridge,K-12 School,204041,1865,1,,68,2186957.3,12902189,,,,74,96.4,86.2,109.2,991.3,4.9,41.787505,-87.708142,POINT (-87.708142 41.787505),2023-173884
2023,158874,Earl Shapiro Hall,Submitted,5800 Stony Island Avenue,60637,1.0,,Hyde Park,K-12 School,130848,2013,1,1666,17,4724385.8,5603929.8,,,,78.9,146.1,82.9,149.2,958.7,7.3,41.985641,-87.655389,POINT (-87.655389 41.985641),2023-158874
2023,251674,Camras,Submitted,3000 N Mango Ave,60634,3.5,,Belmont Cragin,K-12 School,125430,1946,2,,72,1604220.1,5967380,,,,60.4,85.8,74.1,100.1,541.4,4.3,41.934216,-87.640403,POINT (-87.640403 41.934216),2023-251674
2023,252266,Cottage View Terrace Apartments,Submitted,4829 S. Cottage Grove,60615,1.0,,Kenwood,Multifamily Housing,72956,1970,1,,11,2518628.1,6078108,,,,117.8,184.1,128.5,197.9,675.2,9.3,41.876355,-87.625896,POINT (-87.625896 41.876355),2023-252266
2023,251364,Rowe Upper School / Lozano Bilingual,Not Submitted,1424 N Cleaver Street,60642,0.0,,West Town,K-12 School,,,,,,,,,,,,,,,,,41.931703,-87.741997,POINT (-87.741997 41.931703),2023-251364
2023,104511,Hollywood Property,Submitted,1040 W Hollywood,60625,4.0,,Edgewater,Multifamily Housing,60820,1973,1,,89,837529.6,3878177.2,,,,77.5,105.5,87.7,115.2,323.2,5.3,41.935703,-87.638799,POINT (-87.638799 41.935703),2023-104511
2023,256660,Oakwood Shores 2B,Submitted,3859 S. Vincennes Avenue,60653,4.0,,Oakland,Multifamily Housing,102760,2010,1,11240,91,1796989.7,2970507.5,,,,46.4,79.3,49.8,83.6,409.2,4,41.890629,-87.61433,POINT (-87.61433 41.890629),2023-256660
2023,252038,Crerar Library,Submitted,5730 South Ellis Avenue,60637,3.0,,Hyde Park,Library,168656,1984,1,1038,,4500854.5,7108,6194531.8,6662892.3,,103,154.9,102.4,154.9,1392.6,8.3,41.896264,-87.709784,POINT (-87.709784 41.896264),2023-252038
2023,127068,Halsted Plaza,Submitted,801- 831 W. 119th St.,60643,2.0,,West Pullman,Strip Mall,59847,1964,1,,,1260406.3,1938524.3,,,,53.5,93,61.4,102.2,279.3,4.7,41.915096,-87.676494,POINT (-87.676494 41.915096),2023-127068
2023,145637,,Not Submitted,4815 4835 W Belle Plaine Ave,60641,0.0,,Portage Park,Residential,,,,,,,,,,,,,,,,,41.923277,-87.797211,POINT (-87.797211 41.923277),2023-145637
2023,134835,,Not Submitted,900 902 S Wabash Ave,60605,0.0,,Loop,Residential,,,,,,,,,,,,,,,,,41.851984,-87.685786,POINT (-87.685786 41.851984),2023-134835
2023,140570,City View Tower at Randolph Condominium Association,Submitted,720-726 W. Randolph St.,60661,4.0,,Near West Side,Multifamily Housing,145784,2003,1,,89,3126611.1,3419965.9,,,,44.9,84.7,49.9,91.7,619.1,4.2,41.968224,-87.739747,POINT (-87.739747 41.968224),2023-140570
2023,251707,Herzl -CPS,Not Covered 2024,3711 W Douglas Blvd,60623,,true,North Lawndale,K-12 School,,,,,,,,,,,,,,,,,41.893484,-87.621883,POINT (-87.621883 41.893484),2023-251707
2023,256847,,Not Submitted,2071 N Southport Avenue,60614,0.0,,Lincoln Park,Residential,,,,,,,,,,,,,,,,,41.83602,-87.734195,POINT (-87.734195 41.83602),2023-256847
2023,254012,Ellis Street Apartments,Submitted,4721-4729 S Ellis Street,60615,3.5,,Kenwood,Multifamily Housing,62352,1922,1,,59,601614.3,4891430.5,,,,88.1,109.4,97.3,119.2,344,5.5,41.905209,-87.625278,POINT (-87.625278 41.905209),2023-254012
2023,241133,Vue20 Condo Association,Submitted,1845 S. Michigan Ave,60616,3.5,,Near South Side,Multifamily Housing,250000,2003,1,,76,4976553,8829740,,,,55.2,92.8,59.8,98.5,1165.3,4.7,41.883151,-87.669231,POINT (-87.669231 41.883151),2023-241133
2023,256799,Coeval - CO (cv013),Submitted,51 E 14th St,60605,3.0,,Near South Side,Multifamily Housing,184905,2019,4,8092,43,6164679.4,7126523,,,,71.9,133.8,76.5,138.6,1241.1,6.7,41.782847,-87.604507,POINT (-87.604507 41.782847),2023-256799
2023,256569,McCrory Senior Housing,Submitted,1659 W. Washington Boulevard,60612,2.5,,Near West Side,Multifamily Housing,62940,2018,1,,57,1517960.2,1935550.1,,,,54.9,99.8,58.7,103.8,315.2,5,41.97526,-87.744214,POINT (-87.744214 41.97526),2023-256569
2023,254364,HYP-Loop-Chicago,Submitted,28 N. Franklin St.,60606,4.0,,Loop,Hotel,142321,2015,1,6281,63,5174676.5,8937499.6,,,,99.2,167.7,105.5,174.1,1198.8,8.4,41.786328,-87.705136,POINT (-87.705136 41.786328),2023-254364
2023,251657,Locke J,Submitted,2828 N Oak Park Ave,60634,2.5,,Montclare,K-12 School,108400,1927,4,,55,2534887.4,3941830.1,,,,59.7,103.7,69.4,113.8,564,5.2,41.780404,-87.621837,POINT (-87.621837 41.780404),2023-251657
2023,256962,30 East (st522),Submitted,30 E Balbo Ave,60605,4.0,,Loop,Multifamily Housing,134308,2017,1,5633,66,4924425.9,4895442.8,,,,73.1,140.9,73.1,140.9,949,7.1,41.844469,-87.70193,POINT (-87.70193 41.844469),2023-256962
2023,175699,,Not Submitted,6700  S Constance Ave,60649,0.0,,South Shore,Residential,,,,,,,,,,,,,,,,,41.903415,-87.669971,POINT (-87.669971 41.903415),2023-175699
2023,175346,Shops and Lofts at 47,Submitted,747 E. 47th St,60653,1.0,,Grand Boulevard,Multifamily Housing,201415,2013,5,5867,10,9139032.8,4247230.6,,,,66.5,149.2,74.6,167.7,1504.3,7.5,41.778061,-87.631642,POINT (-87.631642 41.778061),2023-175346
2023,237373,One East Scott (237373),Submitted,1 East Scott St.,60610,3.5,,Near North Side,Multifamily Housing,182406,1968,1,,79,3276903.3,10990190.2,,,,78.2,113.6,85.5,120.6,1042.2,5.7,41.897758,-87.619662,POINT (-87.619662 41.897758),2023-237373
2023,159807,Sheridan Tower,Submitted,5650 N. Sheridan Rd.,60680,1.0,,Edgewater,Multifamily Housing,125801,1967,1,,18,2911655.7,12537612.7,,,,122.8,169.5,136.8,184.4,1073.3,8.5,41.910754,-87.651653,POINT (-87.651653 41.910754),2023-159807
2023,175484,,Not Submitted,935 W Chestnut St,60642,0.0,,West Town,Commercial,,,,,,,,,,,,,,,,,41.906947,-87.640742,POINT (-87.640742 41.906947),2023-175484
2023,159896,Regents Park,Submitted,5020-5050 S Lake Shore Drive,60615,3.5,,Kenwood,Multifamily Housing,1460101,1972,1,,53,28807380.6,85801336.7,,,,78.5,116.9,86.1,125.2,8588,5.9,41.726099,-87.568125,POINT (-87.568125 41.726099),2023-159896
2023,159494,Presence Resurrection Retirement Community,Not Submitted,7262 W Peterson Ave,60631,0.0,,Norwood Park,Multifamily Housing,,,,,,,,,,,,,,,,,41.965001,-87.677964,POINT (-87.677964 41.965001),2023-159494
2023,120010,Park Community Church,Submitted,1001 N Crosby St.,60610,1.0,,Near North Side,Worship Facility,64700,2007,1,120,19,2618038.4,710737,,,,51.4,124.8,58.2,138.4,404.1,6.2,41.76391,-87.560641,POINT (-87.560641 41.76391),2023-120010
2023,158774,Bethany Retirement Community,Not Submitted,4950 N Ashland Ave,60640,0.0,,Uptown,Residential,,,,,,,,,,,,,,,,,41.753484,-87.708753,POINT (-87.708753 41.753484),2023-158774
2023,257193,Sor Juana,Submitted,4034 W 56th St,60629,0.0,,West Elsdon,K-12 School,169086,1956,1,,77,3151992.2,5838180.3,,,,53.2,88.5,59.3,94.9,751.1,4.4,41.791965,-87.724957,POINT (-87.724957 41.791965),2023-257193
2023,105788,Buena Terrace,Submitted,4242 N. Sheridan Rd.,60613,3.0,,Uptown,Multifamily Housing,91524,1933,1,,65,1448721.1,6073304.3,,,,82.2,114,82.6,115.3,525.3,5.7,41.92375,-87.789881,POINT (-87.789881 41.92375),2023-105788
2023,100851,600 West Chicago & 900 N Kingsbury,Submitted,600 West Chicago Avenue,60654,2.5,,Near North Side,Office,2376470,1908,1,18155,39,168271199.3,26843034.5,,27282301.1,,93.6,220.6,94.4,223.6,26408,11.1,41.99418,-87.658194,POINT (-87.658194 41.99418),2023-100851
2023,244282,600 N Fairbanks Condo Association,Submitted,600 N Fairbanks Ct. #1302,60611,1.5,,Near North Side,Multifamily Housing,379492,2007,1,,36,13616221.4,10582964.4,,,,63.8,129.7,71.3,141.9,2467.3,6.5,41.885586,-87.644298,POINT (-87.644298 41.885586),2023-244282
2023,255924,325 S. Paulina St. (Teamsters Local 705),Submitted,325 S. Paulina St.,60612,3.5,,Near West Side,Office,58752,2019,1,,76,1725358.6,716250.6,,,,41.6,95,43.5,97.1,279.5,4.8,41.95272,-87.648209,POINT (-87.648209 41.95272),2023-255924
2023,244826,Park Tower Condominium Association,Submitted,5415 N. Sheridan Rd.,60640,3.0,,Edgewater,Multifamily Housing,862821,1971,1,,62,16632098.2,48734510.1,,,,75.8,113.3,83.6,121.5,4915.7,5.7,41.882156,-87.763339,POINT (-87.763339 41.882156),2023-244826
2023,175905,Benchmarking - HI Chicago Hostel,Submitted,24 East Congress Parkway,60605,1.0,,Loop,Hotel,100535,2000,1,4163,28,6979172.8,4131836.2,,,,110.5,237.5,118.5,245.3,1196,11.9,41.936172,-87.636939,POINT (-87.636939 41.936172),2023-175905
2023,251425,Farnsworth,Submitted,5414 N Linder Ave,60630,3.0,,Jefferson Park,K-12 School,81712,1925,2,,41,2397151.8,2875899.7,,,,64.5,119.1,72.3,127.3,488.2,6,41.902909,-87.673733,POINT (-87.673733 41.902909),2023-251425
2023,172128,The Moody Memorial Church,Submitted,1609 1641 N Lasalle Dr,60614,2.0,,Lincoln Park,Worship Facility,145300,1925,1,,41,3243815.7,5041660,,,,57,98.9,63.9,106.2,721.7,5,41.886384,-87.764934,POINT (-87.764934 41.886384),2023-172128
2023,110223,Harper HS -CPS,Not Covered 2024,6520 S Wood St,60636,,true,West Englewood,K-12 School,,,,,,,,,,,,,,,,,41.924989,-87.672152,POINT (-87.672152 41.924989),2023-110223
2023,164787,Advocate Beverly Center - 7767,Submitted,9831 South Western Avenue,60643,1.0,,Beverly,Medical Office,59345,1985,1,855,15,5623462.8,,,,,94.8,265.3,94.8,265.3,786.8,13.3,41.806978,-87.603696,POINT (-87.603696 41.806978),2023-164787
2023,157159,The Maxwell     BU#21157,Submitted,1100 S Canal Street,60607,3.0,,Near West Side,Strip Mall,240159,2014,1,,,19340544.5,3340331.8,,,,94.4,240.1,96.5,242.3,2883.5,12,41.885806,-87.644693,POINT (-87.644693 41.885806),2023-157159
2023,255756,ASPIRA Business and Finance High School,Not Submitted,2989 N Milwaukee Ave,60618,0.0,,Avondale,K-12 School,,,,,,,,,,,,,,,,,41.884624,-87.641425,POINT (-87.641425 41.884624),2023-255756
2023,252286,Delmar Apartments,Submitted,5042 N. Winthrop,60640,4.0,,Uptown,Multifamily Housing,58772,1920,1,9810,83,1460274.7,3876939.3,,,,90.8,138.8,98.1,147.2,410.2,7,41.876427,-87.669177,POINT (-87.669177 41.876427),2023-252286
2023,257185,Levy House,Submitted,1221 W Sherwin Avenue,60626,1.0,,Rogers Park,Multifamily Housing,46000,1950,1,1390,14,1273352.8,4101628.4,,,,116.8,171.1,131.8,186.8,396,8.6,42.014842,-87.663607,POINT (-87.663607 42.014842),2023-257185
2023,252267,Paper Place Condominiums,Not Submitted,801 S Wells St,60607,0.0,,Loop,Residential,,,,,,,,,,,,,,,,,41.892637,-87.620403,POINT (-87.620403 41.892637),2023-252267
2023,159729,Belle Plaine Apartments,Submitted,820 W. Belle Plaine,60613,2.0,,Uptown,Multifamily Housing,236816,1972,1,,47,4224554.6,18485237,,,,95.9,131.9,103.6,140,1572.9,6.6,41.882137,-87.654224,POINT (-87.654224 41.882137),2023-159729
2023,175914,Hyatt Place Chicago / South,Submitted,5225 South Harper Ave.,60615,2.0,,Hyde Park,Hotel,84947,2013,1,,,4175990.7,4055850.7,,,,96.9,187.8,101.8,192.2,799.7,9.4,41.890079,-87.635038,POINT (-87.635038 41.890079),2023-175914
2023,256607,Broadway 6145 Master Associates LLC,Submitted,6149 N Broadway,60660,3.0,,Edgewater,Multifamily Housing,77666,2020,1,,67,2305027.7,2226845.2,,,,58.4,113.2,61.9,117.2,440.8,5.7,41.738913,-87.645062,POINT (-87.645062 41.738913),2023-256607
2023,252246,Pritzker College Prep,Submitted,4131 W Cortland St,60639,3.0,,Hermosa,K-12 School,65655,1901,1,,41,2099473.2,4261390.1,,,,96.9,157.7,108.8,170.2,507.1,7.7,41.884111,-87.632576,POINT (-87.632576 41.884111),2023-252246
2023,160246,Parkway Gardens,Submitted,6415 S. Calumet Ave,60637,3.5,,Greater Grand Crossing,Multifamily Housing,938000,1952,36,36684,72,6964026,85159155.1,,,,98.2,116.1,109.4,128.1,5497.6,5.9,41.80276,-87.722474,POINT (-87.722474 41.80276),2023-160246
2023,256425,Wishnick Hall,Not Submitted,3255 S Dearborn Street,60616,0.0,,Douglas,Commercial,,,,,,,,,,,,,,,,,41.789684,-87.601399,POINT (-87.601399 41.789684),2023-256425
2023,160082,"HLT Chicago O'Hare Airport, IL-SV",Submitted,O'hare International Airport,60666,3.5,,Ohare,Hotel,515556,1970,1,14999,72,17280665.1,16877956.9,,18889055.6,,114,174.9,113.2,175.6,4688.6,9.1,41.887365,-87.653505,POINT (-87.653505 41.887365),2023-160082
2023,252079,Acero Schools -  Roberto Clemente,Submitted,2050 Natchez Ave.,60707,1.5,,Belmont Cragin,K-12 School,56240,2012,0,,40,2044983.2,1872120.1,,,,69.6,136.8,77,143.8,385.6,6.9,41.887724,-87.648832,POINT (-87.648832 41.887724),2023-252079
2023,257106,Foundry,Not Covered 2024,1475 N Kingsbury St,60642,,true,Near North Side,,,,,,,,,,,,,,,,,,41.907937,-87.651532,POINT (-87.651532 41.907937),2023-257106
2023,103733,International Tower,Not Covered 2024,8550 W Bryn Mawr Ave,60631,,true,Ohare,Office,,,,,,,,,,,,,,,,,41.884514,-87.667042,POINT (-87.667042 41.884514),2023-103733
2023,251708,Bateman,Submitted,4220 N Richmond St,60618,3.0,,Irving Park,K-12 School,151694,1919,2,,64,3023680.3,5389929.8,,,,55.5,93.1,63.4,102.7,709.4,4.7,41.965243,-87.744117,POINT (-87.744117 41.965243),2023-251708
2023,161204,Illinois College of Optometry,Not Submitted,3241 S Michigan Ave,60616,0.0,,Douglas,College/University,,,,,,,,,,,,,,,,,41.911158,-87.627513,POINT (-87.627513 41.911158),2023-161204
2023,227642,Granville Beach Condominium Association,Submitted,6171 North Sheridan Rd,60660,2.5,,Edgewater,Multifamily Housing,381380,1963,1,,56,4843363.5,26599152,,,,82.4,108.8,95,122,2090.5,5.5,41.900429,-87.632917,POINT (-87.632917 41.900429),2023-227642
2023,119609,,Not Submitted,700 N Sacramento Blvd,60612,0.0,,Humboldt Park,Commercial,,,,,,,,,,,,,,,,,41.913173,-87.677672,POINT (-87.677672 41.913173),2023-119609
2023,101409,238-Senior Suites of Kelvyn Park,Submitted,2715 N. Cicero,60629,3.0,,Belmont Cragin,Senior Living Community,76000,2008,1,3107,62,1709422.3,4067400.3,,,,76,119.2,81.9,125.2,455.2,6,41.907634,-87.677535,POINT (-87.677535 41.907634),2023-101409
2023,160336,Congressman George W. Collins Apts,Submitted,1401 S Blue Island Avenue,60608,3.5,,Near West Side,Multifamily Housing,124550,1981,1,7650,74,4642889,,,,,37.3,104.4,41,114.7,649.6,5.2,41.794013,-87.584067,POINT (-87.584067 41.794013),2023-160336
2023,244360,1720 South Michigan Condominium Association,Submitted,1720 S Michigan,60616,4.0,,Near South Side,Multifamily Housing,528647,2007,1,,89,11240008.4,22090370.7,,,,63,103.4,69.2,110.7,2746,5.2,41.948966,-87.649683,POINT (-87.649683 41.948966),2023-244360
2023,256537,The Residences at the Eagle Building,Submitted,3817-45 N Broadway,60613,,true,Lake View,Multifamily Housing,172910,2020,1,,,4683506.1,3356596.3,,,,46.5,96.2,46.5,96.2,833.6,4.8,41.921317,-87.765744,POINT (-87.765744 41.921317),2023-256537
2023,250087,Fannie Emanuel,Submitted,3916 W. Washington,60624,1.0,,West Garfield Park,Multifamily Housing,94952,1963,1,,10,5168704.2,5652799.4,,,,114,214.9,123,230,1023.5,10.8,41.924548,-87.647294,POINT (-87.647294 41.924548),2023-250087
2023,255147,American Red Cross Greater Chicago,Submitted,2200 W Harrison St,60612,2.5,,Near West Side,Office,62298,2003,1,604,54,3595742.3,,,,,57.7,161.6,60.3,168.8,503.1,8.1,41.873517,-87.63346,POINT (-87.63346 41.873517),2023-255147
2023,256811,David Rubenstein Forum,Submitted,1201 East 60th Street,60637,1.0,,Woodlawn,Convention Center,97285,2020,1,,,4667953.9,7163485,,3509280.1,,157.7,244.5,163.1,250.2,1218.6,12.5,41.793561,-87.598274,POINT (-87.598274 41.793561),2023-256811
2023,172725,"03442AS - Chicago, IL",Submitted,4042 W. Foster Ave,60630,3.5,,North Park,Supermarket/Grocery Store,65227,1992,1,0,80,7361107,4428899.9,,,,180.8,387.3,191,394.5,1265.2,19.4,41.780508,-87.71805,POINT (-87.71805 41.780508),2023-172725
2023,251573,Hamline,Submitted,4747 S Bishop St,60609,3.5,,New City,K-12 School,79511,1898,3,,58,1806855.3,2704560.2,,,,56.7,99.3,63.4,106.3,396.5,5,41.881241,-87.674283,POINT (-87.674283 41.881241),2023-251573
2023,251489,Stowe,Submitted,3444 W Wabansia Ave,60647,2.5,,Humboldt Park,K-12 School,133900,1903,2,,56,2995900,4977020.1,,,,59.5,101.7,71.5,116.7,683.5,5.1,41.886373,-87.620543,POINT (-87.620543 41.886373),2023-251489
2023,234740,Lakeside Tower Condo Association,Submitted,1600 S Indiana Ave,60616,4.0,,Near South Side,Multifamily Housing,243000,2006,1,,61,7216281.3,5565598.4,,,,52.6,107.2,58.1,117.9,1305.3,5.4,41.897828,-87.63288,POINT (-87.63288 41.897828),2023-234740
2023,251484,Jungman,Submitted,1746 S Miller St,60608,1.0,,Lower West Side,K-12 School,69850,1902,2,,22,1548713.6,5437320.1,,,,100,143.8,116.5,161.1,505.5,7.2,41.779281,-87.689679,POINT (-87.689679 41.779281),2023-251484
2023,175507,Elm II LLC,Submitted,18 E Elm St,60611,4.0,,Near North Side,Multifamily Housing,78055,1925,1,,87,2412758.2,1795602.6,,,,53.9,110.7,58.7,122.3,433,5.5,41.94768,-87.697914,POINT (-87.697914 41.94768),2023-175507
2023,251548,Mt Vernon Elementary -CPS,Not Covered 2024,10540 S Morgan St,60643,,true,Washington Heights,K-12 School,,,,,,,,,,,,,,,,,41.873659,-87.624359,POINT (-87.624359 41.873659),2023-251548
2023,159529,"00620-Chicago, IL",Submitted,700 N Michigan Avenue,60611,2.0,,Near North Side,Retail Store,176600,2000,1,,26,10911064.3,119400,,,,62.5,173.7,64.8,180.4,1533,8.7,41.935013,-87.638167,POINT (-87.638167 41.935013),2023-159529
2023,173488,"F.H. Paschen, S.N. Nielsen & Associates, LLC",Submitted,8734 W. Catalpa,60656,2.5,,Ohare,Office,112700,1989,1,,58,7646474.8,,,,,67.8,190,71.5,200.1,1069.9,9.5,41.790747,-87.59038,POINT (-87.59038 41.790747),2023-173488
2023,256540,Hiltons at McCormick Place,Submitted,"123 East Cermak, Suite 300",60616,3.0,,Near South Side,Hotel,362462,2018,1,,,17384502.2,14056248.7,,,,86.7,175,88.3,176,3179,8.8,41.887462,-87.702161,POINT (-87.702161 41.887462),2023-256540
2023,101838,191 North Wacker,Submitted,191 North Wacker Drive,60606,4.0,,Loop,Office,778325,2003,1,3907,81,30306274.6,,,,,38.9,109,41.4,115.9,4240.4,5.4,41.8933,-87.624065,POINT (-87.624065 41.8933),2023-101838
2023,103644,Onni 200 LaSalle,Submitted,200 N Lasalle Ave,60601,4.0,,Loop,Office,698645,1984,1,,80,30367679.8,,,,,43.5,121.7,46.6,130.5,4249,6.1,41.919357,-87.636534,POINT (-87.636534 41.919357),2023-103644
2023,157887,Beth Anne Residences,Submitted,4952 W. Thomas,60651,1.0,,Austin,Multifamily Housing,120000,1927,1,,13,1279205.1,13978549.6,,,,127.1,152.2,141.8,167.4,921.5,7.7,41.799439,-87.588496,POINT (-87.588496 41.799439),2023-157887
2023,104206,Malden Property LLC,Submitted,4501-4519 N Malden St,60640,3.5,,Uptown,Multifamily Housing,78709,1925,1,,78,1698980.2,1818585.2,,,,44.7,84.7,47.9,92.1,334.3,4.2,41.854215,-87.623703,POINT (-87.623703 41.854215),2023-104206
2023,156413,Wells Community Academy HS -CPS,Not Covered 2024,936 N Ashland Ave,60622,,true,West Town,K-12 School,,,,,,,,,,,,,,,,,41.854802,-87.651327,POINT (-87.651327 41.854802),2023-156413
2023,251583,Holden,Submitted,1104 W 31st St,60608,2.0,,Bridgeport,K-12 School,99762,1891,3,,42,1987763,5798410.3,,,,78,116.8,90.8,130.2,586.1,5.9,41.804923,-87.585625,POINT (-87.585625 41.804923),2023-251583
2023,125543,,Not Submitted,6103 N Lincoln Ave,60659,0.0,,North Park,Commercial,,,,,,,,,,,,,,,,,41.878034,-87.631171,POINT (-87.631171 41.878034),2023-125543
2023,255933,9 WEST WALTON CONDOMINIUM ASSOCIATION,Submitted,9 W Walton,60610,1.5,,Near North Side,Multifamily Housing,377800,2018,1,,39,13935552,12723733.7,,,,70.6,138.6,76.1,146,2625.7,6.9,41.964348,-87.691369,POINT (-87.691369 41.964348),2023-255933
2023,109549,Lunt Avenue Condominium & Health Club,Submitted,1327-1337 W. Lunt Ave.,60626,1.5,,Rogers Park,Multifamily Housing,59768,1925,1,,35,382866.3,4024074.6,,,,73.7,88.6,85.6,100.7,267.3,4.5,41.728506,-87.607547,POINT (-87.607547 41.728506),2023-109549
2023,172393,LEARN Charter School Herro Family Campus,Submitted,3021 W Carroll Ave,60612,2.0,,East Garfield Park,K-12 School,105300,1908,1,,15,5899747.9,425892.6,,,,60.1,161.1,60.9,162,848.1,8.1,41.923895,-87.638495,POINT (-87.638495 41.923895),2023-172393
2023,173751,Clark Street Investors L.L.C.,Submitted,3134 N. Clark St.,60657,3.0,,Lake View,Urgent Care/Clinic/Other Outpatient,57582,1981,1,,,1489865.5,2177274.6,,,,63.7,112.1,66.7,115,324.1,5.6,41.898484,-87.620346,POINT (-87.620346 41.898484),2023-173751
2023,251376,Ashburn,Submitted,8300 S St Louis Ave,60652,2.5,,Ashburn,K-12 School,58580,1953,1,,54,843275.8,3538819.9,,,,74.8,103.7,86.3,115.6,306,5.2,41.883234,-87.636649,POINT (-87.636649 41.883234),2023-251376
2023,101707,111 East Wacker Drive,Submitted,111 East Wacker Drive,60601,2.0,,Loop,Office,1111058,1969,1,,50,36314875.2,52695254.6,,,,80.1,141.3,89,152.1,7880.1,7.1,41.95494,-87.78874,POINT (-87.78874 41.95494),2023-101707
2023,251872,Goode HS,Submitted,7651 S Homan Ave,60652,2.0,,Ashburn,K-12 School,208200,2008,1,,42,9213847,1543520,,,,51.7,131.7,53.6,137,1371.2,6.6,41.939415,-87.710115,POINT (-87.710115 41.939415),2023-251872
2023,250091,Judge Green Apartments,Submitted,4030 S. Lake Park Ave,60653,2.5,,Oakland,Multifamily Housing,130000,1967,1,,52,1954099.4,9827099.9,,,,90.6,121.5,100.1,131.5,795.4,6.1,41.82636,-87.607967,POINT (-87.607967 41.82636),2023-250091
2023,251860,Ogden HS,Submitted,1250 W Erie St,60642,3.0,,West Town,K-12 School,93355,1957,1,,70,1434804,4807730.1,,,,66.9,97.1,75,105.7,456.1,4.9,41.942305,-87.640105,POINT (-87.640105 41.942305),2023-251860
2023,114316,Ridgemoor Estates Condominiums,Submitted,6433 W Belle Plaine Ave,60634,1.0,,Dunning,Multifamily Housing,58000,1989,1,,30,1837952.3,3154351.5,,,,86.1,145.8,94.9,155.3,424.7,7.3,41.844038,-87.62859,POINT (-87.62859 41.844038),2023-114316
2023,251746,Northside Prep HS,Submitted,5501 N Kedzie Ave,60625,1.0,,North Park,K-12 School,222600,1999,1,,3,13360013.6,15549120.1,,,,129.9,241.4,140.8,247.4,2695.2,12.1,41.876335,-87.629101,POINT (-87.629101 41.876335),2023-251746
2023,257129,,Not Covered 2024,1138 W Belmont Ave,60657,,true,Lake View,Residential,,,,,,,,,,,,,,,,,41.940099,-87.658189,POINT (-87.658189 41.940099),2023-257129
2023,104288,EFA LLC,Submitted,452 Aldine Ave,60657,4.0,,Lake View,Multifamily Housing,89000,1966,1,,82,1174134,4504255.1,,,,63.8,90.1,69,95.3,403.5,4.5,41.949359,-87.690935,POINT (-87.690935 41.949359),2023-104288
2023,167479,Lincoln Park Condos,Not Submitted,2650 2700 N Clark St,60614,0.0,,Lincoln Park,Commercial,,,,,,,,,,,,,,,,,41.886707,-87.631408,POINT (-87.631408 41.886707),2023-167479
2023,101797,303 E. Wacker,Submitted,303 E. Wacker,60601,4.0,,Loop,Office,1017581,1979,1,7028,87,65145047.3,52267.4,,,,64.1,179.3,66.8,186.9,9117.8,9,42.001794,-87.673027,POINT (-87.673027 42.001794),2023-101797
2023,106030,Grand Briar CA,Submitted,433 W. Briar Place,60657,3.5,,Lake View,Multifamily Housing,67300,1929,1,,80,918084.2,3545445.5,,,,66.3,93.5,74.4,102,316.8,4.7,41.871612,-87.683579,POINT (-87.683579 41.871612),2023-106030
2023,158873,Cloisters,Submitted,5801 S Dorchester Avenue,60637,4.0,,Hyde Park,Multifamily Housing,176046,1928,1,,64,1551717.3,15360469.9,,,,96.1,116.3,107.1,127.9,1033,5.9,41.983151,-87.711163,POINT (-87.711163 41.983151),2023-158873
2023,250167,162 North State Street,Submitted,162 N. State St.,60601,2.5,,Loop,Residence Hall/Dormitory,318360,1999,1,,58,7171270.2,20387401.2,,3937824.3,,98.9,141.6,107.6,150.8,2293.8,7.2,41.858299,-87.622194,POINT (-87.622194 41.858299),2023-250167
2023,110854,River Village Pointe Condominium Association,Submitted,845 N. Kingsbury,60610,1.0,,Near North Side,Multifamily Housing,86892,2007,1,,7,3054089.2,8595930.4,,,,134.1,202.3,147.2,215.3,883.9,10.2,41.746538,-87.602766,POINT (-87.602766 41.746538),2023-110854
2023,113086,1001 Madison Condominium Association,Submitted,1001 W Madison,60607,4.0,,Near West Side,Multifamily Housing,127900,2005,1,,93,3129914.4,2480457.8,,,,43.9,88.9,47.8,93.7,569.7,4.5,41.885792,-87.625116,POINT (-87.625116 41.885792),2023-113086
2023,251438,"Stockton Specialty, Joseph -CPS",Not Covered 2024,4420 N Beacon St,60640,,true,Uptown,K-12 School,,,,,,,,,,,,,,,,,41.842729,-87.646247,POINT (-87.646247 41.842729),2023-251438
2023,173804,The Covington,Submitted,4600 N. Clarendon Ave.,60640,1.5,,Uptown,Multifamily Housing,135600,1965,1,,37,2719563.6,10762193.3,,,,99.4,139.5,109,149.7,952.2,7,41.973254,-87.670993,POINT (-87.670993 41.973254),2023-173804
2023,254016,Prete Apartments,Submitted,"5801 N. Pulaski Rd., Bldg. E",60646,4.0,,North Park,Residential Care Facility,55866,1991,1,,,2234850.9,1626723,,,,69.1,142.6,73.4,147.1,399.1,7.1,41.896585,-87.642996,POINT (-87.642996 41.896585),2023-254016
2023,172343,T2613 - Chicago Division,Submitted,1200 N Larrabee St,60610,3.0,,Near North Side,Retail Store,190487,2013,1,1087000,65,8934670.1,4805299.9,,,,72.1,157.8,76.5,163.4,1505.4,7.9,41.865931,-87.62724,POINT (-87.62724 41.865931),2023-172343
2023,250140,State Lake LLC,Submitted,177 North State,60601,1.0,,Loop,Office,53053,1872,1,,3,8634585.8,,,,,162.8,455.7,167.5,469,1208.1,22.8,41.97556,-87.715459,POINT (-87.715459 41.97556),2023-250140
2023,173857,The Wyndham,Submitted,5230-5244 N. Sheridan,60640,2.5,,Edgewater,Multifamily Housing,200000,1920,1,,58,2442958.1,15372969.4,,,,89.1,114.9,98,124.6,1158.3,5.8,41.922419,-87.707292,POINT (-87.707292 41.922419),2023-173857
2023,172169,,Not Submitted,1443 1447 E 65th St,60637,0.0,,Woodlawn,Residential,,,,,,,,,,,,,,,,,41.890196,-87.626735,POINT (-87.626735 41.890196),2023-172169
2023,119071,CHICAGO SOUTH LOOP (1889),Submitted,1154 S Clark St,60605,3.0,,Loop,Retail Store,178665,2004,1,1560,64,10536648,4373799.8,,,,83.5,190.8,88.1,196.7,1706.6,9.6,41.842668,-87.635922,POINT (-87.635922 41.842668),2023-119071
2023,172379,Peerless Building,Submitted,200 210 S Halsted St,60661,2.0,,Near West Side,Office,115232,1913,1,,43,5981769.2,5636999.7,,,,100.8,196.7,105.2,207.1,1136.4,9.9,41.957982,-87.648265,POINT (-87.648265 41.957982),2023-172379
2023,250112,William Jones Apartments,Submitted,1447 S. Ashland Ave,60608,1.5,,Near West Side,Multifamily Housing,64491,1962,1,,37,1327474.4,6543199.6,,,,122,164.2,133.8,177.3,533.3,8.3,41.904342,-87.667792,POINT (-87.667792 41.904342),2023-250112
2023,172641,Archer Heights Health Care LLC,Submitted,4437 S. Cicero Ave.,60632,1.5,,Roseland,Senior Living Community,98903,1999,1,,36,2843826.5,9094258.8,,,,120.7,177.1,130.8,188.4,880.9,8.9,41.737205,-87.572991,POINT (-87.572991 41.737205),2023-172641
2023,102136,,Not Submitted,5301 5311 W Washington Blvd,60644,0.0,,Austin,Residential,,,,,,,,,,,,,,,,,41.914997,-87.655426,POINT (-87.655426 41.914997),2023-102136
2023,174126,Pete's 118th,Submitted,3454 3620 E. 118th Street,60617,1.0,,Hegewisch,Supermarket/Grocery Store,54000,1980,1,,25,9065453.7,6731193.4,,,,292.5,600.9,308.4,619.5,1626,30.1,41.88372,-87.7071,POINT (-87.7071 41.88372),2023-174126
2023,256455,,Not Submitted,2801-13 N Leavitt Street,60618,0.0,,North Center,Residential,,,,,,,,,,,,,,,,,41.903005,-87.665707,POINT (-87.665707 41.903005),2023-256455
2023,257086,,Not Covered 2024,1114 W Carroll Ave,60607,,true,Near West Side,Commercial,,,,,,,,,,,,,,,,,41.887999,-87.655414,POINT (-87.655414 41.887999),2023-257086
2023,235739,1000 Condominium Association,Submitted,1000 North Lake Shore Plaza,60611,2.0,,Near North Side,Multifamily Housing,399022,1965,1,11986,49,6822874.6,27236850.6,,,,85.4,119.5,91.7,125.7,2401.3,6,41.898564,-87.619471,POINT (-87.619471 41.898564),2023-235739
2023,251465,Coonley,Submitted,4046 N Leavitt St,60618,2.0,,North Center,K-12 School,107635,1902,4,,46,2453408.8,4274650.1,,,,62.5,105.5,71,114.4,570.3,5.3,41.86231,-87.624182,POINT (-87.624182 41.86231),2023-251465
2023,160444,1225 Old Town  (12104),Submitted,1225 N Wells St,60610,4.0,,Near North Side,Multifamily Housing,437160,2012,1,11973,90,7544418.3,10172758.5,,,,40.5,72.8,43.8,77.4,1595.9,3.7,41.767943,-87.590803,POINT (-87.590803 41.767943),2023-160444
2023,254082,Drexel Towers 4917,Submitted,4917 S. Drexel,60615,3.5,,Kenwood,Multifamily Housing,71000,1970,1,,80,1198257.2,5712987.7,,,,97.3,131.7,105,140,471.1,6.6,41.90379,-87.631515,POINT (-87.631515 41.90379),2023-254082
2023,255935,Woodlawn Station,Submitted,6253 S Cottage Grove Avenue,60637,4.0,,Woodlawn,Multifamily Housing,103691,2017,1,2946,98,1146338.7,2708991.6,,,,37.2,58.4,40.2,62.8,304.3,2.9,41.924568,-87.648875,POINT (-87.648875 41.924568),2023-255935
2023,174123,Stewart Business Center,Submitted,400 W. 76th Street,60620,4.0,,Greater Grand Crossing,Office,114880,1965,1,,95,1723287.4,1704940.7,,,,29.8,57.6,32.9,61,331.7,2.9,41.863348,-87.71929,POINT (-87.71929 41.863348),2023-174123
2023,250001,120 North LaSalle,Submitted,120 North Lasalle Street,60602,3.5,,Loop,Office,482395,1991,1,3482,71,20993907.5,,,,,43.5,121.9,46.5,130.1,2937.5,6.1,41.829833,-87.607062,POINT (-87.607062 41.829833),2023-250001
2023,112530,4240 N Clarendon Ave,Submitted,4240 N Clarendon Ave,60613,4.0,,Uptown,Multifamily Housing,66000,1912,1,,93,1394916,877127.4,,,,34.4,73.1,35.6,76.5,241.8,3.7,41.891133,-87.61916,POINT (-87.61916 41.891133),2023-112530
2023,175415,,Not Submitted,5920  N Ridge Ave,60660,0.0,,Edgewater,Residential,,,,,,,,,,,,,,,,,41.891371,-87.648649,POINT (-87.648649 41.891371),2023-175415
2023,120299,53100516--CHICAGO,Submitted,2112 N Ashland Ave,60614,3.0,,Logan Square,Supermarket/Grocery Store,80033,2013,1,,69,10526777.6,9588514,,,,251.3,494.1,263.7,507.1,1982.2,24.8,41.880705,-87.632476,POINT (-87.632476 41.880705),2023-120299
2023,158472,Metropolis,Submitted,8 West Monroe Street,60603,1.5,,Loop,Multifamily Housing,218624,1912,1,6193,34,7718530.1,9505477.8,,,,78.8,144.5,85.2,151.2,1584.9,7.2,41.976127,-87.669466,POINT (-87.669466 41.976127),2023-158472
2023,251625,Nettelhorst,Submitted,3252 N Broadway St,60657,3.5,,Lake View,K-12 School,104490,1893,4,,74,1506043.1,4134190,,,,54,81.9,63.6,92.1,430.3,4.1,41.877819,-87.648513,POINT (-87.648513 41.877819),2023-251625
2023,251339,University Hall,Submitted,2345 N. Clifton Ave.,60614,3.0,,Lincoln Park,College/University,85705,1986,1,,,2859939.1,3322542.4,,,,72.1,134.1,78,139.9,576.6,6.7,41.884306,-87.765152,POINT (-87.765152 41.884306),2023-251339
2023,251246,4950 Powhatan Building Corp.,Submitted,4950 S. Chicago Beach Drive,60615,1.0,,Kenwood,Multifamily Housing,167825,1929,1,2755,10,2102245.8,19244632.2,,,,127.2,155.5,135.4,164.3,1316.3,7.8,41.799208,-87.625672,POINT (-87.625672 41.799208),2023-251246
2023,252045,Harper Library,Submitted,"1116 East 59th Street  Chicago, Il 60637",60637,4.0,,Hyde Park,Social/Meeting Hall,119311,1912,1,2725,,2791768.9,,8275243.6,1302006.6,,103.7,158.9,109.7,166.2,1008.7,8.5,41.954583,-87.750919,POINT (-87.750919 41.954583),2023-252045
2023,116786,Plaza Taino,Submitted,1111 N Francisco Av,60622,2.5,,West Town,Multifamily Housing,66000,1993,1,2167,56,1209028.4,3514499.6,,,,71.6,107.2,78.1,113.9,355.8,5.4,41.963708,-87.650114,POINT (-87.650114 41.963708),2023-116786
2023,101675,Holiday Inn Chicago O'Hare,Not Submitted,5615 N Cumberland Ave,60631,0.0,,Norwood Park,Residential,,,,,,,,,,,,,,,,,41.981954,-87.835642,POINT (-87.835642 41.981954),2023-101675
2023,256501,1117-37 W Monroe,Submitted,1117-1137 W Monroe,60607,4.0,,Near West Side,Multifamily Housing,146000,2006,1,,98,1585232.5,6107926.4,,,,52.7,74.3,60,83.4,546.2,3.7,41.875862,-87.741314,POINT (-87.741314 41.875862),2023-256501
2023,106000,HRTL - Harvest Commons: 1519 W Warren Blvd,Submitted,1519 West Warren Boulevard,60607,4.0,,Near West Side,Multifamily Housing,51628,2013,1,,90,1376903,1472804.6,,,,55.2,104.6,61.2,110.9,270.9,5.2,41.907282,-87.627765,POINT (-87.627765 41.907282),2023-106000
2023,175113,,Not Submitted,8039 8045 S Manistee Ave,60617,0.0,,South Chicago,Residential,,,,,,,,,,,,,,,,,41.900525,-87.699433,POINT (-87.699433 41.900525),2023-175113
2023,250052,Steinmetz HS,Submitted,3030 N Mobile Ave,60634,4.0,,Belmont Cragin,K-12 School,398320,1934,3,,83,6364730.8,13984550.1,,,,51.1,81.6,59.2,90.1,1633.3,4.1,41.747682,-87.741157,POINT (-87.741157 41.747682),2023-250052
2023,251610,Goudy,Submitted,5120 N Winthrop Ave,60640,4.0,,Uptown,K-12 School,98019,1937,3,,89,603992.2,4378280,,,,50.8,64.2,59.5,73.2,317.1,3.2,41.90742,-87.629945,POINT (-87.629945 41.90742),2023-251610
2023,101738,CH3 - Chicago 300 E Randolph,Submitted,300 East Randolph,60601,3.5,,Loop,Office,2224842,2010,1,35139,75,91736567.7,1464100,,29808188.8,,55.3,128.3,57.2,134.7,,,41.895697,-87.634676,POINT (-87.634676 41.895697),2023-101738
2023,106112,Skiritai Bittersweet LLC,Submitted,732 W. Bitterwsweet Pl,60613,1.5,,Uptown,Multifamily Housing,54738,1933,1,,38,2526250.7,1930726.8,,,,81.4,166.3,87.6,183.5,456,8.3,41.893211,-87.718833,POINT (-87.718833 41.893211),2023-106112
2023,173710,1430 Lake Shore Drive Building Corporation,Submitted,1430 N. Lake Shore Dr.,60610,4.0,,Near North Side,Multifamily Housing,117024,1924,1,,74,2618916.7,6860246.6,,,,81,124.2,89.5,133.6,730.8,6.2,41.971731,-87.651805,POINT (-87.651805 41.971731),2023-173710
2023,104095,Hall Plaza,Not Submitted,4600 4650 W Diversey Ave,60639,0.0,,Hermosa,Strip Mall,,,,,,,,,,,,,,,,,41.878101,-87.643756,POINT (-87.643756 41.878101),2023-104095
2023,135181,Kingsbury Orleans LP,Submitted,350 W Hubbard Street,60654,3.5,,Near North Side,Office,154614,1989,1,,79,5968183.1,4047159.6,,,,64.8,135.6,69.3,139.7,1050,6.8,41.964035,-87.723165,POINT (-87.723165 41.964035),2023-135181
2023,257110,,Not Covered 2024,9621 S Cottage Grove Ave,60628,,true,Pullman,Commercial,,,,,,,,,,,,,,,,,41.719295,-87.603085,POINT (-87.603085 41.719295),2023-257110
2023,105067,1033 W Loyola (wy73),Submitted,1033 W Loyola Ave,60626,4.0,,Rogers Park,Multifamily Housing,91600,1932,1,3558,84,1065922.7,5450759.1,,,,71.1,95.1,80.9,105,438.7,4.8,41.884901,-87.628067,POINT (-87.628067 41.884901),2023-105067
2023,253991,Pac Lofts-1735 N Paulina,Submitted,1735 N Paulina Street,60622,3.5,,West Town,Multifamily Housing,207846,2007,1,,80,3305821.7,6177853.9,,,,45.6,75.7,52.3,83.4,790.7,3.8,41.991248,-87.655273,POINT (-87.655273 41.991248),2023-253991
2023,116336,LaSalle Private Residences,Submitted,1212 N Lasalle,60610,2.5,,Near North Side,Multifamily Housing,367627,1986,1,,58,11266663.2,4599130.2,,,,43.2,98.9,45.6,103.3,1820.7,5,41.696314,-87.596632,POINT (-87.596632 41.696314),2023-116336
2023,104226,606 West Cornelia LLC,Submitted,606-620 W. Cornelia Ave.,60657,4.0,,Lake View,Multifamily Housing,72700,1969,1,,98,989548.4,3112678.7,,,,56.4,83.1,62.6,89.2,303.8,4.2,41.898147,-87.635593,POINT (-87.635593 41.898147),2023-104226
2023,159902,Montgomery Place,Not Submitted,5550 S Shore Dr,60637,0.0,,Hyde Park,Residential,,,,,,,,,,,,,,,,,41.936655,-87.642358,POINT (-87.642358 41.936655),2023-159902
2023,173487,Catherine Courts Condo Association,Not Submitted,5306 5310 N Chester Ave,60656,0.0,,Ohare,Residential,,,,,,,,,,,,,,,,,41.899249,-87.628347,POINT (-87.628347 41.899249),2023-173487
2023,257000,"A&M 445 WEST ERIE, LLC",Submitted,445 West Erie,60654,4.0,,Near North Side,Office,52681,1903,1,,96,634007.8,999529.2,,,,31,53.6,35.8,58.6,141.8,2.7,41.851552,-87.637809,POINT (-87.637809 41.851552),2023-257000
2023,244426,Park Alexandria Condominium Association,Submitted,125 South Jefferson Street,60661,3.5,,Near West Side,Multifamily Housing,418371,2003,1,6130,71,5559295.5,20757599.6,,,,62.9,89.3,62.5,88.1,1880.4,4.5,41.978697,-87.836736,POINT (-87.836736 41.978697),2023-244426
2023,250036,Bowen Environmental Studies HS -CPS,Not Covered 2024,2710 E 89th St,60617,,true,South Chicago,K-12 School,,,,,,,,,,,,,,,,,41.95301,-87.787707,POINT (-87.787707 41.95301),2023-250036
2023,222943,University Park CA,Submitted,1451 E. 55th Street,60615,2.0,,Hyde Park,Multifamily Housing,538980,1961,2,,50,5324649.9,49920969.3,,,,102.5,124.9,114.1,137.1,3396.6,6.3,41.750649,-87.650922,POINT (-87.650922 41.750649),2023-222943
2023,124019,"03477AS - Chicago, IL",Submitted,4734 Pueblo,60656,3.5,,Ohare,Supermarket/Grocery Store,52748,1965,1,1005,80,5934279.6,3422699.7,,,,177.4,383.1,187.6,391.4,1012.1,19.2,41.888074,-87.634955,POINT (-87.634955 41.888074),2023-124019
2023,102809,1916-34 W. Winona / 5103-5115 N. Winchester,Submitted,1916-34 W. Winona / 5103-5115 N. Winchester,60640,4.0,,Lincoln Square,Multifamily Housing,68400,1903,1,,83,498211.8,3462031.8,,,,57.9,73.5,65.4,81.3,253.6,3.7,41.992949,-87.74848,POINT (-87.74848 41.992949),2023-102809
2023,255931,1767 Rosehill,Not Submitted,1767 Rosehill Dr,60660,0.0,,Edgewater,,,,,,,,,,,,,,,,,,41.890684,-87.639395,POINT (-87.639395 41.890684),2023-255931
2023,132207,CITY NORTH 14,Submitted,2600 N Western Ave,60647,1.0,,Logan Square,Movie Theater,73000,2010,1,,,5246137.5,1749620.1,,,,95.8,226.4,95.8,226.4,827,11.3,41.836552,-87.624094,POINT (-87.624094 41.836552),2023-132207
2023,103617,33 E Congress,Submitted,33 E Congress,60605,3.0,,Loop,College/University,153876,1925,0,657,,6301633.3,3517158,,,,63.8,138.7,69.5,145.4,1068.5,6.9,41.858657,-87.676597,POINT (-87.676597 41.858657),2023-103617
2023,256874,Imprint -CO (mp041),Submitted,717 S Clark St,60605,4.0,,Loop,Multifamily Housing,482802,2020,3,7710,87,10417515.8,11990280.7,,,,46.4,86.5,48,88.2,2094.5,4.3,41.888962,-87.630907,POINT (-87.630907 41.888962),2023-256874
2023,159728,Lakeside SOuare Apartments,Submitted,920 W Lakeside Place,60640,4.0,,Uptown,Multifamily Housing,278070,1989,1,,93,4073505.8,15741199.8,,,,71.3,100.5,77.5,107.7,1406.1,5.1,41.89401,-87.625368,POINT (-87.625368 41.89401),2023-159728
2023,105820,Holiday Inn Chicago-Midway Airport S,Not Submitted,7353  S Cicero Ave,60629,0.0,,West Lawn,Residential,,,,,,,,,,,,,,,,,42.005648,-87.661059,POINT (-87.661059 42.005648),2023-105820
2023,257192,,Not Submitted,918 W School Street,60657,0.0,,Lake View,Residential,,,,,,,,,,,,,,,,,39.741295,-94.007823,POINT (-94.007823 39.741295),2023-257192
2023,174028,1201 W. Washington,Submitted,1201 W. Washington Blvd.,60607,2.5,,Near West Side,Office,55532,1937,1,,33,3861284.6,,,,,69.5,194.7,76.4,213.9,540.3,9.7,41.954958,-87.787933,POINT (-87.787933 41.954958),2023-174028
2023,104430,Edgewater Flats Condominium,Submitted,1215-25 W Granville,60660,2.5,,Edgewater,Multifamily Housing,51840,1920,2,,52,456928,3556423.4,,,,77.4,96.7,89.6,108.7,252.8,4.9,41.882826,-87.659738,POINT (-87.659738 41.882826),2023-104430
2023,159651,(IL391) - Wellington Condominium (360 W Wellington),Submitted,360 W Wellington,60657,3.5,,Lake View,Multifamily Housing,145600,1960,1,,78,1805235.8,8535806.8,,,,71,96.3,78.9,104.4,706,4.8,41.738864,-87.729919,POINT (-87.729919 41.738864),2023-159651
2023,101420,Chicago Academy HS / ES,Submitted,3400 N Austin Ave,60634,3.0,,Dunning,K-12 School,250844,1920,2,,42,6139450.5,11890310.1,,,,71.9,118.3,85.7,131.6,1490.6,5.9,41.953048,-87.646465,POINT (-87.646465 41.953048),2023-101420
2023,251209,Burley & 92nd Centre,Not Submitted,9230 S Burley Ave,60617,0.0,,South Chicago,Senior Care Community,,,,,,,,,,,,,,,,,41.895785,-87.677931,POINT (-87.677931 41.895785),2023-251209
2023,106121,Pine Grove Property LLC,Submitted,2828 N Pine Grove Ave,60657,3.5,,Lake View,Multifamily Housing,97600,1922,1,,75,1177044.7,6719581.7,,,,80.9,106.1,89.4,114.7,521.6,5.3,41.886841,-87.640043,POINT (-87.640043 41.886841),2023-106121
2023,102083,Pratt Blvd Place Condo Assoc,Submitted,1645-63 W Pratt Condo Assoc,60626,3.0,,Rogers Park,Multifamily Housing,68000,1930,1,,61,728496.1,4279500.1,,,,73.6,96.1,83.2,105.9,329.2,4.8,41.879415,-87.633606,POINT (-87.633606 41.879415),2023-102083
2023,244535,Carl Sandburg Village Condominium Association No. 1,Submitted,1355 N. Sandburg Terrace,60610,3.0,,Near North Side,Multifamily Housing,722318,1963,2,,61,11762907.2,42939948.4,,,,75.7,108,83.3,115.6,3926.6,5.4,41.997358,-87.655757,POINT (-87.655757 41.997358),2023-244535
2023,251716,Pullman,Submitted,11311 S Forrestville Ave,60628,3.0,,Pullman,K-12 School,80075,1907,1,,46,1455760.5,4656230.1,,,,76.3,112,91,127.4,451,5.6,41.876471,-87.653246,POINT (-87.653246 41.876471),2023-251716
2023,252084,Trinity United Church of Christ,Not Submitted,400 W 95th St,60628,0.0,,Washington Heights,Worship Facility,,,,,,,,,,,,,,,,,41.866722,-87.670813,POINT (-87.670813 41.866722),2023-252084
2023,135740,Linea Apartments,Not Submitted,211 221 W Lake St,60606,0.0,,Loop,Residential,,,,,,,,,,,,,,,,,41.99017,-87.717495,POINT (-87.717495 41.99017),2023-135740
2023,175834,730 North Franklin,Submitted,730 N Franklin St,60654,3.0,,Near North Side,Office,101235,1910,1,,,1813972.7,2408842.7,,,,41.7,75.2,48.6,83.4,381.8,3.8,41.891671,-87.625225,POINT (-87.625225 41.891671),2023-175834
2023,251393,Waters,Submitted,4540 N Campbell Ave,60625,1.0,,Lincoln Square,K-12 School,62847,1911,3,,20,1643219.2,4602149.9,,,,99.4,150.1,113,164.5,474.4,7.5,41.742489,-87.696003,POINT (-87.696003 41.742489),2023-251393
2023,257096,,Not Covered 2024,5753 N Broadway,60660,,true,Edgewater,Residential,,,,,,,,,,,,,,,,,41.987011,-87.659721,POINT (-87.659721 41.987011),2023-257096
2023,257036,,Not Submitted,1700 West Van Buren Street,60612,0.0,,Near West Side,Commercial,,,,,,,,,,,,,,,,,41.787979,-87.589863,POINT (-87.589863 41.787979),2023-257036
2023,117348,Peterson Plaza Tower,Submitted,5969 North Ravenswood Ave,60660,4.0,,Edgewater,Multifamily Housing,82971,1981,1,3964,90,2254060.2,1034238.7,,,,39.6,89.2,45.1,103.3,370.3,4.5,41.998324,-87.658188,POINT (-87.658188 41.998324),2023-117348
2023,251280,WMS Gaming 3401 California,Not Submitted,3401 N California Ave,60618,0.0,,Avondale,Office,,,,,,,,,,,,,,,,,41.890149,-87.629682,POINT (-87.629682 41.890149),2023-251280
2023,239695,(IL579) - 1550 Condo Association (1550 N. Lake Shore Drive),Submitted,1550 N. Lake Shore Drive,60610,2.5,,Near North Side,Multifamily Housing,360258,1960,1,,51,5611950.6,23332163.6,,,,80.3,111.6,87.9,119.2,2024.5,5.6,41.876754,-87.624431,POINT (-87.624431 41.876754),2023-239695
2023,160321,Coast at Lakeshore East,Submitted,345 E. Wacker Drive,60601,3.5,,Loop,Multifamily Housing,574065,2013,1,,76,13734269.5,18204933.5,,,,55.6,100.3,59.6,104.9,2888.6,5,41.980855,-87.845072,POINT (-87.845072 41.980855),2023-160321
2023,138293,Grasmere Place,Not Submitted,4617 4625 N Sheridan Rd,60640,0.0,,Uptown,Residential,,,,,,,,,,,,,,,,,41.885761,-87.632595,POINT (-87.632595 41.885761),2023-138293
2023,104285,Aldine Building II LLC,Submitted,528-34 West Aldine,60657,4.0,,Lake View,Multifamily Housing,52400,1966,1,,90,818789.6,1677040,,,,47.6,77.4,50,79.4,203.6,3.9,41.932733,-87.642344,POINT (-87.642344 41.932733),2023-104285
2023,101961,Inland Steel Building,Submitted,30 West Monroe,60603,3.0,,Loop,Office,300971,1958,1,,64,8934066.9,20147414.2,,,,96.6,153.4,108.8,167.6,2320.2,7.7,41.807263,-87.661139,POINT (-87.661139 41.807263),2023-101961
2023,158088,Evangelical Lutheran Church in America,Submitted,8765 W. Higgins Road,60631,4.0,,Ohare,Office,252250,1969,1,,91,7913412.1,,,,,31.4,87.8,34.2,95.8,1107.2,4.4,41.882055,-87.6339,POINT (-87.6339 41.882055),2023-158088
2023,257131,,Not Covered 2024,1357 W Roosevelt Rd,60608,,true,Near West Side,Residential,,,,,,,,,,,,,,,,,41.866718,-87.660771,POINT (-87.660771 41.866718),2023-257131
2023,104710,Belmont Place,Submitted,4645 West Belmont Avenue,60641,2.0,,Belmont Cragin,Multifamily Housing,53900,2000,1,,50,3220032.6,,,,,59.7,167.3,64.4,180.4,450.5,8.4,41.941863,-87.639922,POINT (-87.639922 41.941863),2023-104710
2023,162321,Latin School of Chicago Lower School,Not Submitted,1529 N Dearborn Pkwy,60610,0.0,,Near North Side,K-12 School,,,,,,,,,,,,,,,,,41.899355,-87.621791,POINT (-87.621791 41.899355),2023-162321
2023,251612,Otis Elementary -CPS,Not Covered 2024,525 N Armour St,60642,,true,West Town,K-12 School,,,,,,,,,,,,,,,,,41.788367,-87.58679,POINT (-87.58679 41.788367),2023-251612
2023,254362,2501 N Elston Avenue,Submitted,2501 N Elston Avenue,60647,1.0,,Logan Square,Vehicle Dealership,146000,2015,1,,6,7252961.7,6708603.5,,,,95.6,187.3,105,196.1,1371.2,9.4,41.946221,-87.668695,POINT (-87.668695 41.946221),2023-254362
2023,102365,Lake View HS,Submitted,4015 N Ashland Ave,60613,3.0,,Lake View,K-12 School,266099,1898,3,,66,5274358.2,11756089.6,,,,64,101.9,76.1,114.6,1362.4,5.1,41.886697,-87.65904,POINT (-87.65904 41.886697),2023-102365
2023,158215,Wabash Building,Submitted,425 S. Wabash Ave,60605,,true,Loop,Residence Hall/Dormitory,414585,2011,1,24087,,16276385.9,16642500.8,,,,79.4,152.1,83.5,155.9,3161.3,7.6,41.881822,-87.635437,POINT (-87.635437 41.881822),2023-158215
2023,129652,1247-1249 West Madison LLC,Submitted,1239-1259 W Madison St,60607,4.0,,Near West Side,Multifamily Housing,156489,2016,1,,98,2033258.5,2548686.8,,,,29.3,53.5,31.8,56.8,419.9,2.7,41.934195,-87.641404,POINT (-87.641404 41.934195),2023-129652
2023,137334,Daily News Condominium Association,Submitted,222 S Racine Ave,60607,3.0,,Near West Side,Multifamily Housing,55062,2000,1,,69,1742749.6,2511339.8,,,,77.3,136.5,84.4,143.3,377.2,6.9,41.87911,-87.63243,POINT (-87.63243 41.87911),2023-137334
2023,251267,(IL0602) - Erie on the Park (510 W Erie),Submitted,510 W Erie,60654,1.5,,Near North Side,Multifamily Housing,196215,2002,1,,40,5277154.8,12912312.9,,,,92.7,144.4,102.3,154.8,1424.2,7.3,41.96263,-87.65043,POINT (-87.65043 41.96263),2023-251267
2023,173730,Beachwalk Apartments,Submitted,420 W. Fullerton,60614,3.5,,Lincoln Park,Multifamily Housing,60000,1924,1,,72,1029182.3,4537296.3,,,,92.8,127.4,101.4,136.1,385,6.4,41.955017,-87.786775,POINT (-87.786775 41.955017),2023-173730
2023,175545,NORTH CENTER 4000 CONDOMINIUM ASSOCIATION,Not Submitted,4015 4027 N Lincoln Ave,60618,0.0,,North Center,Residential,,,,,,,,,,,,,,,,,42.017329,-87.67532,POINT (-87.67532 42.017329),2023-175545
2023,251783,OurLadyofVictory_School,Submitted,4432 N. Laramie Ave,60630,4.0,,Portage Park,K-12 School,61227,1927,1,,90,140845.6,3243491.9,,,,55.3,62.1,66.8,74.2,192,3.1,41.890648,-87.63606,POINT (-87.63606 41.890648),2023-251783
2023,251450,Caldwell Math & Science -CPS,Not Covered 2024,8540 S Cregier Ave,60617,,true,Avalon Park,K-12 School,,,,,,,,,,,,,,,,,41.808959,-87.5994,POINT (-87.5994 41.808959),2023-251450
2023,175857,Lake Street Lofts,Not Submitted,900 910 912 W Lake St & 212 N Peoria St,60607,0.0,,Near West Side,Residential,,,,,,,,,,,,,,,,,41.893391,-87.657057,POINT (-87.657057 41.893391),2023-175857
2023,251888,Young Elementary -CPS,Not Covered 2024,1434 N Parkside Ave,60651,,true,Austin,K-12 School,,,,,,,,,,,,,,,,,41.906392,-87.767787,POINT (-87.767787 41.906392),2023-251888
2023,103711,Two North LaSalle,Submitted,2 North Lasalle,60602,4.0,,Loop,Office,776691,1978,1,3631,81,29462729.7,,,,,37.9,106.2,41.7,116.7,4122.4,5.3,41.796281,-87.596717,POINT (-87.596717 41.796281),2023-103711
2023,251441,Chavez,Submitted,4747 S Marshfield Ave,60609,1.0,,New City,K-12 School,68408,1993,1,,19,2851138.9,2254220,,,,74.6,151.3,81,157.5,518.7,7.6,41.935293,-87.639535,POINT (-87.639535 41.935293),2023-251441
2023,256570,(IL184) - 900 West Condo (900 W Washington Blvd),Submitted,900 W Washington Blvd,60062,3.5,,Near West Side,Multifamily Housing,68094,2019,1,,55,1942635.4,2477995,,,,64.9,118.1,70.8,124.3,403.4,5.9,41.802181,-87.590356,POINT (-87.590356 41.802181),2023-256570
2023,251773,"1296AS - Chicago, IL",Submitted,7342 Foster Ave,60656,3.5,,Norwood Park,Supermarket/Grocery Store,77255,1978,1,2119,73,8592149.5,5363400.1,,,,180.6,384.3,191.8,392.4,1487.1,19.2,41.834757,-87.61701,POINT (-87.61701 41.834757),2023-251773
2023,132408,Sheridan Village Nursing and Rehab Center,Not Submitted,5838 N Sheridan Rd,60660,0.0,,Edgewater,Commercial,,,,,,,,,,,,,,,,,42.019454,-87.669644,POINT (-87.669644 42.019454),2023-132408
2023,251537,Finkl Elementary -CPS,Not Covered 2024,2332 S Western Ave,60608,,true,Lower West Side,K-12 School,,,,,,,,,,,,,,,,,41.895957,-87.667664,POINT (-87.667664 41.895957),2023-251537
2023,256076,Left Bank at K Station (lf69) (fb17),Submitted,300 N Canal St,60606,1.0,,Near West Side,Multifamily Housing,453153,2006,1,14229,7,11587128.6,47428591.5,,,,130.2,181.5,139.9,191.1,4140.4,9.1,41.843271,-87.617088,POINT (-87.617088 41.843271),2023-256076
2023,251424,Mount Greenwood,Submitted,10841 S Homan Ave,60655,2.0,,Mount Greenwood,K-12 School,117660,1936,4,,48,2806724.9,4203469.5,,,,59.6,104.3,67.2,112.1,616,5.2,41.909782,-87.725967,POINT (-87.725967 41.909782),2023-251424
2023,173594,19 South LaSalle Street,Not Submitted,19 S Lasalle St,60603,0.0,,Loop,Office,,,,,,,,,,,,,,,,,41.763591,-87.559967,POINT (-87.559967 41.763591),2023-173594
2023,105792,Diversey III LLC,Submitted,424 W Diversey Pkwy,60614,4.0,,Lake View,Multifamily Housing,79250,1926,1,,94,2504861.4,3681903.7,,,,78.1,137.3,82.3,145.8,546,6.9,41.918959,-87.636536,POINT (-87.636536 41.918959),2023-105792
2023,175548,"Advocate Center, Chicago Bulls Training Facility",Submitted,15 S. Wood Street,60612,1.0,,Near West Side,Other,60000,2014,1,3,,4947982.7,5047403.7,,,,166.6,319.2,164.6,313.7,960.4,16,41.901674,-87.630066,POINT (-87.630066 41.901674),2023-175548
2023,124308,Walmart Supercenter #5965,Submitted,10900 S. Doty Avenue,60628,1.5,,Pullman,Wholesale Club/Supercenter,155765,2013,1,12712,33,10784593.7,5824677.2,,,,106.6,233.1,113.9,240.2,1818.4,11.7,41.831991,-87.610318,POINT (-87.610318 41.831991),2023-124308
2023,152408,,Not Submitted,735 745 W Garfield Blvd,60621,0.0,,Englewood,Residential,,,,,,,,,,,,,,,,,41.893,-87.620414,POINT (-87.620414 41.893),2023-152408
2023,101815,"Magnolia Gardens, LLC",Submitted,4845 4859 N Magnolia Ave,60640,3.5,,Uptown,Multifamily Housing,50986,1916,1,,78,433530.1,2842840.9,,,,64.3,82.4,72.6,91.4,211.7,4.2,41.878064,-87.646638,POINT (-87.646638 41.878064),2023-101815
2023,243937,The Residences of 41 E. 8th Street,Submitted,41 E. 8th Street,60605,1.5,,Loop,Multifamily Housing,296351,2002,1,,32,8368057.5,17901269.9,,,,88.6,142.5,96.4,151.4,2121.7,7.2,41.891658,-87.636879,POINT (-87.636879 41.891658),2023-243937
2023,239630,Plaza 440 Private Residences,Submitted,440 N. Wabash,60611,1.5,,Near North Side,Multifamily Housing,474980,1991,1,,40,12288578.9,29468597.4,,,,87.9,137.6,99.6,152.1,3284.6,6.9,42.010019,-87.709057,POINT (-87.709057 42.010019),2023-239630
2023,175819,,Not Submitted,5638 5646 N Clark St,60660,0.0,,Edgewater,Residential,,,,,,,,,,,,,,,,,41.889433,-87.615921,POINT (-87.615921 41.889433),2023-175819
2023,159800,Metropolitan Condominiums,Submitted,5320 N Sheridan Road,60640,1.0,,Edgewater,Multifamily Housing,370000,1984,1,,5,12860035.7,20599701.3,,,,90.4,155.8,94.1,166.1,2893.5,7.8,41.865975,-87.623971,POINT (-87.623971 41.865975),2023-159800
2023,105061,,Not Submitted,7618 7628 N Eastlake Ter,60626,0.0,,Rogers Park,Residential,,,,,,,,,,,,,,,,,41.909898,-87.715497,POINT (-87.715497 41.909898),2023-105061
2023,116550,,Not Submitted,4161  S Drexel Blvd,60653,0.0,,Oakland,Residential,,,,,,,,,,,,,,,,,41.846035,-87.627987,POINT (-87.627987 41.846035),2023-116550
2023,165659,Anixter Center,Not Covered 2024,2032 N Clybourn,60614,,true,Lincoln Park,Commercial,,,,,,,,,,,,,,,,,41.981352,-87.708672,POINT (-87.708672 41.981352),2023-165659
2023,105819,540 W. Briar,Submitted,540 W. Briar,60657,1.0,,Lake View,Multifamily Housing,84486,1903,1,,16,1559385.8,8913683,,,,124,162.5,140.9,180,691.6,8.2,41.878947,-87.657178,POINT (-87.657178 41.878947),2023-105819
2023,176022,Gateway Centre 176022 Building B or 2 (Jewel),Submitted,7451-7521,60626,1.0,,Rogers Park,Retail Store,78136,1980,1,,,9868925.8,516796.2,,,,132.9,360.6,134,360.3,1408.3,18,41.868037,-87.625982,POINT (-87.625982 41.868037),2023-176022
2023,257174,"1547 CSR-Chicago Wells, LLC",Submitted,725 S. Wells,60607,1.0,,Loop,Data Center,65904,1909,1,0,,11520122,152754.9,,,,177.1,491.9,177.5,492.3,1620,24.6,41.872586,-87.633252,POINT (-87.633252 41.872586),2023-257174
2023,101981,Woodlawn Terrace,Submitted,4724-4730 S. Woodlawn Avenue,60615,2.5,,Kenwood,Multifamily Housing,58167,1925,1,,60,829123.3,4851209.7,,,,97.7,127.5,112.6,143.3,373.7,6.4,41.88254,-87.624531,POINT (-87.624531 41.88254),2023-101981
2023,109278,,Not Submitted,8509 8525 W Catherine Ave,60656,0.0,,Ohare,Residential,,,,,,,,,,,,,,,,,41.952686,-87.648762,POINT (-87.648762 41.952686),2023-109278
2023,103687,Sullivan Center,Submitted,1 S State St.,60603,4.0,,Loop,Office,870368,1899,1,5321,80,19334834.3,33389412.3,,,,60.6,102.5,68.1,110.6,4478.8,5.1,41.770189,-87.57003,POINT (-87.57003 41.770189),2023-103687
2023,251741,Healy,Submitted,3010 S Parnell Ave,60616,2.0,,Bridgeport,K-12 School,114704,1962,2,,50,2477855.8,5136220,,,,66.4,107.5,73.2,114.6,619.5,5.4,41.988715,-87.704803,POINT (-87.704803 41.988715),2023-251741
2023,109573,Casa Bonita Condominium Association,Submitted,7340-7352 N. Ridge Blvd.,60645,2.0,,West Ridge,Multifamily Housing,110000,1920,1,,29,1065148.1,8217028.5,,,,84.4,105.5,100.9,122.7,585.5,5.3,41.886918,-87.643586,POINT (-87.643586 41.886918),2023-109573
2023,255026,Lakeview 3200 Apartments,Submitted,3218 N. Clark Street,60657,4.0,,Lake View,Multifamily Housing,121076,2016,1,,72,3585281.7,1936472.3,,,,45.6,99.7,47.8,103.7,582.2,4.8,41.895692,-87.620143,POINT (-87.620143 41.895692),2023-255026
2023,251228,444 North Wells Street,Submitted,444 North Wells Street,60654,4.0,,Near North Side,Office,73332,1903,1,,83,2688264.1,,,,,36.7,102.6,39.3,110.1,376.1,5.1,41.893265,-87.621812,POINT (-87.621812 41.893265),2023-251228
2023,111695,399 Corporation,Submitted,399 W. Fullerton Pkwy,60614,3.5,,Lincoln Park,Multifamily Housing,129735,1928,1,,77,1996235,6445799.8,,,,65.1,95.3,72.2,103.2,621.7,4.8,41.79407,-87.670235,POINT (-87.670235 41.79407),2023-111695
2023,101593,5034 S Woodlawn Ave,Submitted,5034-5040 S Woodlawn Ave,60615,4.0,,Kenwood,Multifamily Housing,61535,1920,1,,75,258465.3,4158790.1,,,,71.8,82.7,81,93.8,257.1,4.2,41.865356,-87.621541,POINT (-87.621541 41.865356),2023-101593
2023,251908,Pilsen,Submitted,1420 W 17th St,60608,1.5,,Lower West Side,K-12 School,61287,1899,1,,34,1183912.8,4637740.3,,,,95,133.5,109,148.2,412,6.7,41.898227,-87.627311,POINT (-87.627311 41.898227),2023-251908
2023,251476,Jensen Scholastic Academy - CPS,Not Covered 2024,3024 W Harrison,60612,,true,East Garfield Park,K-12 School,,,,,,,,,,,,,,,,,41.920927,-87.721925,POINT (-87.721925 41.920927),2023-251476
2023,251223,564 W Randolph St,Not Covered 2024,564 W Randolph St,60661,,true,Near West Side,Office,,,,,,,,,,,,,,,,,41.784676,-87.592913,POINT (-87.592913 41.784676),2023-251223
2023,160283,The Streeter - Village Green,Submitted,345 E Ohio St,60611,3.5,,Near North Side,Multifamily Housing,784293,2006,1,,53,19869455,29163834.3,,,,62.5,110,66.1,113.2,4329.2,5.5,41.793749,-87.684513,POINT (-87.684513 41.793749),2023-160283
2023,256490,5427 N. Broadway (nb003),Submitted,5427 N Broadway St,60640,1.5,,Edgewater,Multifamily Housing,88000,1910,3,2141,31,1347365.6,7025637.8,,,,95.1,126.7,106.3,138.2,561.7,6.4,41.764781,-87.576418,POINT (-87.576418 41.764781),2023-256490
2023,101691,Mildred Court Condominium Association,Submitted,2701 N Mildred Ave,60614,4.0,,Lincoln Park,Multifamily Housing,61700,1920,1,,94,660615.1,1925083.9,,,,41.9,62.7,45,65.7,194.7,3.2,41.79419,-87.622601,POINT (-87.622601 41.79419),2023-101691
2023,256814,Avenir,Not Submitted,730 N Milwaukee Ave,60048,0.0,,West Town,,,,,,,,,,,,,,,,,,41.97459,-87.651613,POINT (-87.651613 41.97459),2023-256814
2023,113509,1330 N LaSalle,Submitted,1330 N Lasalle Drive,60610,4.0,,Near North Side,Multifamily Housing,51468,1980,1,,90,1318326,,,,,25.6,71.7,28.8,80.6,184.5,3.6,41.909075,-87.628673,POINT (-87.628673 41.909075),2023-113509
2023,101727,Accenture Tower,Submitted,500 West Madison Street,60661,4.0,,Near West Side,Office,1855810,1986,1,16966,70,97351559.8,,,,,52.5,146.9,55.2,154.6,13621.4,7.3,41.953623,-87.645213,POINT (-87.645213 41.953623),2023-101727
2023,172640,232-Senior Suites of Washington Heights,Submitted,848 W. 103rd Street,60643,2.0,,Washington Heights,Senior Living Community,65505,2001,1,5092,44,1490409.4,4809800.4,,,,96.2,140.8,104.9,149.6,464,7.1,41.987595,-87.702449,POINT (-87.702449 41.987595),2023-172640
2023,129735,Elevate Care Villa of Wndsor,Submitted,2649 E 75th Street,60649,2.0,,South Shore,Senior Living Community,94860,1998,1,,,4892726,8249500.1,,,,138.5,235.7,147.4,244.1,1122.8,11.8,41.794773,-87.624172,POINT (-87.624172 41.794773),2023-129735
2023,119269,1101 W. LAKE STREET CONDOMINIUM,Not Covered 2024,1101 W Lake St,60607,,true,Near West Side,Commercial,,,,,,,,,,,,,,,,,41.948599,-87.77764,POINT (-87.77764 41.948599),2023-119269
2023,243246,Eliot House Condominium Association,Submitted,1255 N Sandburg Terrace,60610,1.0,,Near North Side,Multifamily Housing,313462,1963,1,,20,7335031.6,27155705.4,,,,110,156.5,120.6,167.2,2468.7,7.9,41.835213,-87.620486,POINT (-87.620486 41.835213),2023-243246
2023,103798,U.S. Railroad Retirement,Submitted,844 N. Rush Street,60611,3.5,,Near North Side,Office,383007,1923,1,2783,72,11047776.2,18173497.2,,,,76.3,130.6,83.3,137.6,2511.1,6.6,41.88562,-87.634351,POINT (-87.634351 41.88562),2023-103798
2023,256806,Oso Apartments,Not Submitted,3435 W Montrose Ave,60618,0.0,,Irving Park,,,,,,,,,,,,,,,,,,41.90699,-87.627693,POINT (-87.627693 41.90699),2023-256806
2023,251664,Chicago Waldorf School,Not Submitted,5200 N Ashland Ave,60640,0.0,,Edgewater,K-12 School,,,,,,,,,,,,,,,,,41.775257,-87.640603,POINT (-87.640603 41.775257),2023-251664
2023,251445,Lara,Submitted,4619 S Wolcott Ave,60609,1.5,,New City,K-12 School,67964,1996,1,,40,2084585.3,2101479.9,,,,61.6,118.3,66.1,122.5,403.3,5.9,41.80159,-87.593308,POINT (-87.593308 41.80159),2023-251445
2023,242238,535 North Michigan,Submitted,535 North Michigan Avenue,60611,4.0,,Near North Side,Multifamily Housing,448591,1962,1,,96,5511271.4,20085094.7,,,,57.1,81.4,62.1,86.2,1838,4.1,41.894747,-87.62956,POINT (-87.62956 41.894747),2023-242238
2023,117005,Evergreen Tower Ii,Submitted,1343 N. Cleveland Ave,60610,4.0,,Near North Side,Multifamily Housing,94050,1970,1,,96,1079034.4,4109760.8,,,,55.2,78,60.9,84,369.3,3.9,41.857782,-87.675193,POINT (-87.675193 41.857782),2023-117005
2023,254152,Damen Marketplace,Not Submitted,2455 S Damen Ave,60608,0.0,,Lower West Side,Commercial,,,,,,,,,,,,,,,,,41.854049,-87.636045,POINT (-87.636045 41.854049),2023-254152
2023,113507,LaSalle Terrace Condominium Association,Submitted,1540 N. Lasalle St.,60610,2.0,,Near North Side,Multifamily Housing,151000,1976,1,,44,3651114.5,7684534.9,,,,75.1,121.1,81.1,126.8,919,6.1,41.83957,-87.640377,POINT (-87.640377 41.83957),2023-113507
2023,103604,525 West Monroe,Submitted,525 West Monroe Street,60661,4.0,,Near West Side,Office,1028492,1983,1,7088,78,44099077.8,866800,,,,43.7,121,46.5,128.6,6217.5,6,41.802889,-87.59686,POINT (-87.59686 41.802889),2023-103604
2023,251252,1445 N State Parkway,Submitted,1445 N State Parkway,60610,3.5,,Near North Side,Multifamily Housing,285000,1959,1,,75,3990363,14931410.1,,,,66.4,94.2,72.1,100,1351.4,4.7,41.877094,-87.642655,POINT (-87.642655 41.877094),2023-251252
2023,251409,Dewey,Submitted,5415 S Union Ave,60609,1.5,,New City,K-12 School,86191,1900,2,,31,2499412.5,4084250,,,,76.4,131,86.1,144.4,566.7,6.6,41.938633,-87.640802,POINT (-87.640802 41.938633),2023-251409
2023,251552,"Parkman Elementary, Francis",Not Covered 2024,245 W 51st St,60609,,true,Fuller Park,K-12 School,,,,,,,,,,,,,,,,,41.867571,-87.630586,POINT (-87.630586 41.867571),2023-251552
2023,113026,Cullerton Station Condominium Association,Submitted,1909-1935 S State St,60616,3.5,,Near South Side,Multifamily Housing,85400,2002,1,,77,1531551.9,2611990.8,,,,48.5,82.3,54.5,90.5,353,4.1,41.883328,-87.766469,POINT (-87.766469 41.883328),2023-113026
2023,254171,Norville Center - Gentile Center-ID#254171,Submitted,6526 N Winthrop,60626,2.0,,Rogers Park,College/University,127500,2011,2,1082,,5671659.1,6132262.4,,,,92.6,175.1,99.2,182,1119.3,8.8,41.97453,-87.657916,POINT (-87.657916 41.97453),2023-254171
2023,162318,StStan_School,Submitted,1255 N Noble St,60622,4.0,,West Town,K-12 School,96858,1950,1,,93,914723.3,2769900.1,,,,38,56.5,42.8,62,275.1,2.8,41.974378,-87.712454,POINT (-87.712454 41.974378),2023-162318
2023,231536,1212 N. Wells CA,Not Submitted,1212 N Wells St,60610,0.0,,Near North Side,Multifamily Housing,,,,,,,,,,,,,,,,,41.870663,-87.626048,POINT (-87.626048 41.870663),2023-231536
2023,111466,The River West 2 Condominium Association,Submitted,939 W. Huron St.,60642,4.0,,West Town,Multifamily Housing,60000,1992,1,,91,1151154,2084216.3,,,,53.9,90.2,59.8,96.8,271.8,4.5,41.766486,-87.611509,POINT (-87.611509 41.766486),2023-111466
2023,254076,North Water Apartments & Loews Chicago Hotel,Not Submitted,340 E North Water St,60611,0.0,,Near North Side,Residential,,,,,,,,,,,,,,,,,41.768616,-87.572843,POINT (-87.572843 41.768616),2023-254076
2023,256890,Cascade,Submitted,455 East Waterside Drive,60601,4.0,,Loop,Multifamily Housing,507390,2021,1,14003,86,13317469.5,12052158.6,,,,50,98.4,50,98.4,2503.5,4.9,41.70586,-87.653786,POINT (-87.653786 41.70586),2023-256890
2023,101889,333 North Michigan,Submitted,333 North Michigan Ave,60601,3.0,,Loop,Office,363431,1928,1,,62,9718119,18074739.4,,,,76.5,127.1,82.5,133.2,2319.8,6.4,41.789249,-87.601108,POINT (-87.601108 41.789249),2023-101889
2023,172565,Vesta Lofts,Not Submitted,125 E 21st St,60616,0.0,,Near South Side,Residential,,,,,,,,,,,,,,,,,41.892275,-87.620099,POINT (-87.620099 41.892275),2023-172565
2023,158142,Lake Shore Plaza,Submitted,445 E Ohio St,60611,1.0,,Near North Side,Multifamily Housing,415260,1985,1,25095,13,21317829.8,13663399.7,,,,84.2,178.3,92.4,194.9,3708.5,8.9,42.011693,-87.811572,POINT (-87.811572 42.011693),2023-158142
2023,251457,Fernwood,Submitted,10041 S Union Ave,60628,4.0,,Washington Heights,K-12 School,67170,1901,2,,88,784077.6,2097559.9,,,,42.9,65.5,49.6,72.6,221.1,3.3,41.886562,-87.644417,POINT (-87.644417 41.886562),2023-251457
2023,251767,North Town Village I,Submitted,1311 N Halsted,60642,4.0,,Near North Side,Multifamily Housing,101814,1999,1,,93,1883808.4,3475164.6,,,,52.6,87.6,57.8,93.4,448.2,4.4,41.884758,-87.664105,POINT (-87.664105 41.884758),2023-251767
2023,149143,The Residences at 950 West Monroe,Submitted,950 W Monroe St,60607,3.5,,Near West Side,Multifamily Housing,123391,2005,1,,71,3185277.6,5257532.2,,,,68.4,117,75.5,127.3,724.9,5.9,41.785791,-87.603745,POINT (-87.603745 41.785791),2023-149143
2023,161131,731 S Plymouth,Submitted,731 S Plymouth,60605,1.5,,Loop,Multifamily Housing,151865,1913,1,,33,6280495,2370574.8,,,,57,132.2,61.5,143.1,1004.7,6.6,41.905869,-87.628598,POINT (-87.628598 41.905869),2023-161131
2023,128798,MacLean Center,Submitted,112 S. Michigan Ave.,60603,4.0,,Loop,College/University,237256,1908,1,,,124439.7,10998500.1,,,,46.9,50.1,50.5,54,601.6,2.5,41.881819,-87.626353,POINT (-87.626353 41.881819),2023-128798
2023,252042,Edelstone Center,Submitted,6030 South Ellis Avenue,60637,2.5,,Woodlawn,Office,59741,1966,1,155,57,1389751.9,,4730866.8,724080,,114.6,171.4,120.6,179,546.7,9.2,41.904998,-87.662515,POINT (-87.662515 41.904998),2023-252042
2023,257151,Linea Apartments (ln257),Submitted,215 W Lake St,60606,2.0,,Loop,Multifamily Housing,239233,2017,4,7128,43,9974781.7,6769875.1,,,,70,146.5,74,150.7,1755.2,7.3,41.885561,-87.634656,POINT (-87.634656 41.885561),2023-257151
2023,250029,Washington Park Fieldhouse,Not Submitted,5531 S Martin Luther King Dr,60637,0.0,,Washington Park,Other - Recreation,,,,,,,,,,,,,,,,,41.812205,-87.604575,POINT (-87.604575 41.812205),2023-250029
2023,252123,Gary Comer Youth Center,Submitted,7200 South Ingleside,60619,3.0,,Greater Grand Crossing,Other,80000,2006,1,,,3349834.9,1676429.8,,,,62.8,139.2,66.4,142.1,557.8,7,41.999976,-87.806623,POINT (-87.806623 41.999976),2023-252123
2023,250073,Lathrop 1A,Submitted,2000 W Diversey Avenue,60614,4.0,,North Center,Multifamily Housing,489845,1937,14,5546,69,10710161.2,12946482.6,,,,48.3,89,53.5,97.9,2186.2,4.5,41.906692,-87.640735,POINT (-87.640735 41.906692),2023-250073
2023,172289,Luxe on Madison ~ lx015,Submitted,1222 W Madison St,60607,2.5,,Near West Side,Multifamily Housing,137514,2009,5,3890,59,3548323.7,4996483.1,,,,62.1,110.4,66.2,114.2,761.9,5.5,41.903997,-87.631301,POINT (-87.631301 41.903997),2023-172289
2023,175780,,Not Submitted,5020 5030 S Woodlawn Ave,60615,0.0,,Kenwood,Residential,,,,,,,,,,,,,,,,,42.019851,-87.66489,POINT (-87.66489 42.019851),2023-175780
2023,254514,"(IL659) - Willow SOuare (Bldg. 4) (2012 W. St. Paul,)",Submitted,"2012 W. St. Paul,",60647,4.0,,West Town,Multifamily Housing,62210,1940,1,,93,1163195.3,2118689.7,,,,52.8,88.1,59,94.2,275.3,4.4,41.795471,-87.599568,POINT (-87.599568 41.795471),2023-254514
2023,181840,30 E. Adams,Submitted,30 E Adams,60603,,true,Loop,Multifamily Housing,177697,1923,1,,,3985576.1,,,,,22.4,62.8,23.6,66.2,557.7,3.1,42.01715,-87.673179,POINT (-87.673179 42.01715),2023-181840
2023,254227,Red Shield Center,Submitted,945 W. 69th St.,60621,1.0,,Englewood,Mixed Use Property,50000,2006,1,,,2069914.8,3433299.9,,,,110.1,188,120.9,198.8,472,9.4,41.930602,-87.685308,POINT (-87.685308 41.930602),2023-254227
2023,251499,Jahn,Submitted,3149 N Wolcott Ave,60657,3.0,,North Center,K-12 School,83029,1908,1,,61,1215576.2,4319260.5,,,,66.7,95.6,79.5,109.1,399.5,4.8,41.838897,-87.623107,POINT (-87.623107 41.838897),2023-251499
2023,252067,"SV Care (Southview Manor, Inc.)",Submitted,3311 S. Michigan Ave.,60616,3.5,,Douglas,Senior Living Community,54931,1976,1,,71,1519131.6,4607299.6,,,,111.5,165.5,119.6,173.4,457.3,8.3,41.831631,-87.61321,POINT (-87.61321 41.831631),2023-252067
2023,254385,St. Bernard Ambulatory Care Center,Submitted,6307 S. Stewart Ave,60621,4.0,,Englewood,Medical Office,66634,2016,1,1,73,4166866,2329225.2,,,,97.5,211.8,97.1,210.6,706.7,10.6,41.88458,-87.633757,POINT (-87.633757 41.88458),2023-254385
2023,251518,Pulaski,Submitted,2230 W Mclean Ave,60647,1.0,,Logan Square,K-12 School,103904,1949,2,,24,3556327.2,4479009.8,,,,77.3,141.1,88.2,158.2,735.5,7.1,41.742332,-87.709646,POINT (-87.709646 41.742332),2023-251518
2023,159799,Park Edgewater Condominium Association,Submitted,6101 N. Sheridan Road,60660,4.0,,Edgewater,Multifamily Housing,150000,1928,1,,81,1959304.9,6836545.8,,,,58.6,84.4,66.7,93.2,637.3,4.2,41.82826,-87.633017,POINT (-87.633017 41.82826),2023-159799
2023,255014,Smashotels Chicago LLC,Submitted,228 E. Ontario St.,60611,2.0,,Near North Side,Hotel,116000,2018,1,,42,6209438.6,5834728.7,,,,103.8,202.7,108,207.1,1178.7,10.2,41.796377,-87.58917,POINT (-87.58917 41.796377),2023-255014
2023,175743,,Not Submitted,3000 3030 W Marquette Rd,60629,0.0,,Chicago Lawn,Residential,,,,,,,,,,,,,,,,,41.754687,-87.554965,POINT (-87.554965 41.754687),2023-175743
2023,251415,Kohn Elementary -CPS,Not Covered 2024,10414 S State St,60628,,true,Roseland,K-12 School,,,,,,,,,,,,,,,,,41.820358,-87.600436,POINT (-87.600436 41.820358),2023-251415
2023,242655,Ten East Delaware,Submitted,10 E Delaware,60611,2.0,,Near North Side,Multifamily Housing,370542,2009,1,,43,11720848.7,11864668.1,,,,63.7,122.2,69.1,130.9,2270.2,6.1,41.992511,-87.67833,POINT (-87.67833 41.992511),2023-242655
2023,250147,820 W. Jackson LLC,Submitted,820 W. Jackson,60607,1.0,,Near West Side,Office,175086,1915,1,,,13005137.5,,,,,74.3,208,74.3,208,1819.7,10.4,41.721194,-87.655777,POINT (-87.655777 41.721194),2023-250147
2023,160294,1600 Museum Park,Submitted,1629 S Prairie Ave,60616,3.0,,Near South Side,Multifamily Housing,401814,2013,1,,65,10394003.3,19988635.7,,,,75.6,124.7,81,129.7,2516,6.3,42.014841,-87.668987,POINT (-87.668987 42.014841),2023-160294
2023,113396,Beachside Apartments,Not Submitted,5815 N Sheridan Rd,60660,0.0,,Edgewater,Residential,,,,,,,,,,,,,,,,,41.718401,-87.620661,POINT (-87.620661 41.718401),2023-113396
2023,157458,Midwest Apartments,Submitted,6 N Hamlin,60624,2.5,,West Garfield Park,Multifamily Housing,232380,1920,1,,59,4278937,15802959.7,,,,86.4,123,93.2,130.9,1438.1,6.2,41.902058,-87.641019,POINT (-87.641019 41.902058),2023-157458
2023,113652,(IL622) - 233 E Walton Place Building (233 E. Walton Place),Submitted,233 E. Walton Place,60611,3.0,,Near North Side,Multifamily Housing,70242,1926,1,,,630634.1,4791215.1,,,,77.2,96.8,77.3,97.1,342.7,4.9,41.907609,-87.687002,POINT (-87.687002 41.907609),2023-113652
2023,100211,73 East Lake (sl75),Submitted,73 E Lake St,60601,4.0,,Loop,Multifamily Housing,298552,2014,1,11618,90,9053425.9,5370749.9,,,,48.3,103.8,48.3,103.8,1552,5.2,41.930896,-87.710166,POINT (-87.710166 41.930896),2023-100211
2023,137352,901 W Jackson,Submitted,901 W Jackson,60607,3.0,,Near West Side,Office,55627,1907,1,,,932734.1,1450984.2,,,,42.9,74.3,47.5,79.3,207.6,3.7,41.914218,-87.713584,POINT (-87.713584 41.914218),2023-137352
2023,102914,,Not Submitted,8915  S Loomis St,60620,0.0,,Washington Heights,Residential,,,,,,,,,,,,,,,,,41.946617,-87.691056,POINT (-87.691056 41.946617),2023-102914
2023,255791,The Renaissance at Southshore / Symphony South Shore LLC,Not Submitted,2425 E 71st St,60649,0.0,,South Shore,Commercial,,,,,,,,,,,,,,,,,41.895061,-87.623508,POINT (-87.623508 41.895061),2023-255791
2023,105709,The Whitehall Hotel,Not Submitted,103 109 E Delaware Pl,60611,0.0,,Near North Side,Residential,,,,,,,,,,,,,,,,,41.891086,-87.621704,POINT (-87.621704 41.891086),2023-105709
2023,251701,UIC College Prep,Submitted,1231 S Damen,60608,4.0,,Near West Side,K-12 School,83646,1884,1,,76,1711272.6,3760310.1,,,,65.4,104.5,76.1,115.7,428.5,5.1,41.934152,-87.643718,POINT (-87.643718 41.934152),2023-251701
2023,251498,"Ericson Scholastic Academy, Leif -CPS",Not Covered 2024,3600 W 5th Ave,60624,,true,East Garfield Park,K-12 School,,,,,,,,,,,,,,,,,41.840185,-87.617007,POINT (-87.617007 41.840185),2023-251498
2023,255165,The Elle (lz28),Submitted,801 S. Financial Place,60605,3.5,,Loop,Multifamily Housing,633386,2017,1,15862,74,14309433.4,17702010.3,,,,50.5,92.6,54.4,98.1,2942.4,4.6,41.773907,-87.697067,POINT (-87.697067 41.773907),2023-255165
2023,113569,Ritchie Tower Condominium,Submitted,1310 N. Ritchie Court,60610,2.0,,Near North Side,Multifamily Housing,181680,1963,1,,44,4087401.8,12934010.1,,,,93.7,137.7,103,147.8,1258.9,6.9,41.778127,-87.598156,POINT (-87.598156 41.778127),2023-113569
2023,100002,Clemente Community Academy HS -CPS,Not Covered 2024,1147 N Western Ave,60622,,true,West Town,K-12 School,,,,,,,,,,,,,,,,,41.874327,-87.660976,POINT (-87.660976 41.874327),2023-100002
2023,251914,THE CENTER of Englewood,Not Submitted,838 W Marquette Rd,60621,0.0,,Englewood,Other,,,,,,,,,,,,,,,,,41.881966,-87.641276,POINT (-87.641276 41.881966),2023-251914
2023,251643,West Park,Submitted,1425 N Tripp Ave,60651,1.0,,Humboldt Park,K-12 School,81350,1996,1,,23,2617836.5,4145740.2,,,,83.1,143.6,91.9,153.1,586.5,7.2,41.887054,-87.615469,POINT (-87.615469 41.887054),2023-251643
2023,156868,21 W Goethe,Submitted,21 W. Goethe Street,60610,2.5,,Near North Side,Multifamily Housing,250000,1970,1,,60,7356190.1,7598039,,,,59.8,114.3,64.2,120.6,1432.8,5.7,41.896803,-87.632566,POINT (-87.632566 41.896803),2023-156868
2023,160419,Caroline Hedger Apartment,Submitted,6400 N. Sherdian Rd,60626,4.0,,Rogers Park,Multifamily Housing,255892,1970,1,,84,5835912.8,12529599.9,,,,71.8,115.3,76.6,118.6,1482.1,5.8,41.907055,-87.630228,POINT (-87.630228 41.907055),2023-160419
2023,172471,,Not Submitted,4320 4326 W Madison St,60624,0.0,,West Garfield Park,Residential,,,,,,,,,,,,,,,,,41.879495,-87.63383,POINT (-87.63383 41.879495),2023-172471
2023,175291,Sheridan Pratt LLC,Submitted,1200 W. Pratt Blvd. / 6800 N. Sheridan Rd.,60626,,true,Rogers Park,Multifamily Housing,87455,1922,1,,,2044425.5,4737760.1,,,,77.6,122.3,84.4,128.3,537.7,6.1,41.922176,-87.680401,POINT (-87.680401 41.922176),2023-175291
2023,251435,Little Village ES,Submitted,2620 S Lawndale Ave,60623,1.0,,South Lawndale,K-12 School,73770,1996,2,,14,3474057.8,2085200,,,,75.4,161.5,82.2,168.8,596.8,8.1,41.884591,-87.629997,POINT (-87.629997 41.884591),2023-251435
2023,251396,Hammond,Submitted,2819 W 21st Pl,60623,2.5,,South Lawndale,K-12 School,59692,1912,2,,34,1117651.8,4190599.9,,,,88.9,126.1,108.1,146.3,379,6.3,41.910436,-87.62901,POINT (-87.62901 41.910436),2023-251396
2023,102590,,Not Submitted,4627 4637 S Drexel Blvd,60653,0.0,,Kenwood,Residential,,,,,,,,,,,,,,,,,41.913431,-87.68745,POINT (-87.68745 41.913431),2023-102590
2023,251508,Polaris Charter Academy,Submitted,620 N. Sawyer,60624,3.5,,Humboldt Park,K-12 School,89000,1901,1,,78,806234.9,3130435.5,,,,44.2,62.3,51.3,70.1,279.1,3.1,41.804957,-87.606614,POINT (-87.606614 41.804957),2023-251508
2023,105864,"Navy Pier, Inc.",Submitted,600 E Grand Ave,60611,,true,Near North Side,Mixed Use Property,1150000,1914,1,,,77115197.4,85377344.9,,,,141.3,265.7,142.2,268.3,15324.7,13.3,41.920245,-87.668573,POINT (-87.668573 41.920245),2023-105864
2023,101547,Insight Hospital and Medical Center,Not Submitted,2525 S Michigan Ave,60616,0.0,,Near South Side,Hospital (General Medical & Surgical),,,,,,,,,,,,,,,,,41.670583,-87.622581,POINT (-87.622581 41.670583),2023-101547
2023,102160,Marquee at Block 37,Not Submitted,108 N State St,60602,0.0,,Loop,Enclosed Mall,,,,,,,,,,,,,,,,,41.677704,-87.641985,POINT (-87.641985 41.677704),2023-102160
2023,257103,,Not Covered 2024,145 N Damen Ave,60612,,true,Near West Side,,,,,,,,,,,,,,,,,,41.884029,-87.676714,POINT (-87.676714 41.884029),2023-257103
2023,111452,Washington SOuare Condominium Association,Submitted,1301-1309 W Washington Blvd,60607,4.0,,Near West Side,Multifamily Housing,81924,1998,1,,85,1272701.3,3679236.1,,,,60.4,90.7,66.8,96.9,373.5,4.6,41.886027,-87.622166,POINT (-87.622166 41.886027),2023-111452
2023,156350,Silversmith Hotel & Suites - CSS,Submitted,10 South Wabash Avenue,60603,3.5,,Loop,Hotel,135000,2007,1,6469,57,6516132.2,4081299.9,,,,78.5,166.9,83.7,181.4,1128.5,8.4,41.900168,-87.6211,POINT (-87.6211 41.900168),2023-156350
2023,131291,29 N Wacker Dr,Submitted,29 North Wacker Dr,60606,4.0,,Loop,Office,137554,1951,1,752,82,3719231.2,5258052.7,,,,65.3,115.8,75,126.1,799.7,5.8,41.803521,-87.586137,POINT (-87.586137 41.803521),2023-131291
2023,256675,Signature Lofts,Submitted,1750 N Wolcott Avenue,60622,4.0,,West Town,Multifamily Housing,51756,2000,1,,84,776129.7,2183020.2,,,,57.2,86.3,65.7,94.9,224.5,4.3,41.905651,-87.630184,POINT (-87.630184 41.905651),2023-256675
2023,160208,21c Museum Hotel,Not Submitted,55 E Ontario St,60611,0.0,,Near North Side,Commercial,,,,,,,,,,,,,,,,,41.929293,-87.645164,POINT (-87.645164 41.929293),2023-160208
2023,250074,Lawndale Gardens,Submitted,2530 S. Washtenaw Ave,60608,1.0,,South Lawndale,Multifamily Housing,99462,1943,8,,13,2624413.6,9940224.9,,,,126.3,178.8,137.6,191.4,895.2,9,41.960351,-87.764626,POINT (-87.764626 41.960351),2023-250074
2023,102838,233-Senior Suites of Hegewisch,Submitted,13550 S. Avenue O,60633,1.5,,Hegewisch,Senior Living Community,60600,2002,1,3809,36,1467299.9,4436899.6,,,,97.4,144.7,106.1,153.8,441,7.3,41.852873,-87.68334,POINT (-87.68334 41.852873),2023-102838
2023,251918,1309 N Wells,Submitted,1309 N Wells St,60610,3.5,,Near North Side,Multifamily Housing,115503,1990,1,,58,2592114.8,5805210.4,,,,72.7,115.6,79.1,121.8,671,5.8,41.941122,-87.719531,POINT (-87.719531 41.941122),2023-251918
2023,104384,Kenmore Realty Apartments,Not Submitted,6011 6015 N Kenmore Ave,60660,0.0,,Edgewater,Residential,,,,,,,,,,,,,,,,,41.794427,-87.582373,POINT (-87.582373 41.794427),2023-104384
2023,253959,St. Paul Lofts Condominium Association,Submitted,2333 W. Saint Paul Ave.,60647,4.0,,West Town,Multifamily Housing,105718,1950,1,,86,1743468.8,3433406.5,,,,49,80.3,54.3,86.3,426.3,4,41.832676,-87.621944,POINT (-87.621944 41.832676),2023-253959
2023,252104,Bradley Business Center I,Submitted,2630 - 2650 West Bradley Place,60618,1.0,,North Center,Office,150000,1981,3,,,12830165.6,6068584.5,,,,126,282,131.5,286.8,2117.5,14.1,42.003629,-87.657422,POINT (-87.657422 42.003629),2023-252104
2023,254571,Wicker Park Connection,Submitted,1664 W Division,60622,1.0,,West Town,Multifamily Housing,70434,2016,1,,28,2934124.3,2480662.8,,,,76.9,153.6,80.3,156.4,542.3,7.7,41.991173,-87.745991,POINT (-87.745991 41.991173),2023-254571
2023,106128,5536 N. Sheridan,Submitted,5536 N. Sheridan Rd.,60640,3.5,,Edgewater,Multifamily Housing,58400,1969,1,,78,1097991.5,3158226,,,,72.9,109.4,78.8,115.3,321.4,5.5,41.887558,-87.628153,POINT (-87.628153 41.887558),2023-106128
2023,119238,"03349AS - Chicago, IL",Submitted,2520 N. Narragansett Ave,60639,3.5,,Belmont Cragin,Supermarket/Grocery Store,64285,2004,1,1964,75,8515223,5118700.1,,,,212.1,454.5,220,461.3,1463.3,22.8,41.985187,-87.656809,POINT (-87.656809 41.985187),2023-119238
2023,252249,Enola Dew,Submitted,4623 W. Gladys Ave.,60644,3.0,,Austin,Multifamily Housing,55995,2011,1,,68,1475799.2,1726255.2,,,,57.2,106.2,61.5,111.4,298.2,5.3,41.892234,-87.640616,POINT (-87.640616 41.892234),2023-252249
2023,103871,Illume Condominiums,Submitted,111 S. Peoria St.,60607,4.0,,Near West Side,Multifamily Housing,225869,2017,1,,95,3763991.3,6319544.4,,,,44.6,76,48.6,81.1,862.3,3.8,41.686033,-87.678645,POINT (-87.678645 41.686033),2023-103871
2023,160219,Golden Mile Hotels,Submitted,2 W Erie Street - 660 N State Street,60654,1.0,,Near North Side,Hotel,118403,1955,1,,15,8866965.2,4415226.8,,,,112.2,248.8,116.6,255.5,1475.2,12.5,41.785354,-87.801098,POINT (-87.801098 41.785354),2023-160219
2023,254356,"British International School of Chicago, South Loop",Not Submitted,161 W 9th St,60605,0.0,,Loop,,,,,,,,,,,,,,,,,,41.930833,-87.644135,POINT (-87.644135 41.930833),2023-254356
2023,103273,Indian Trail Apartments,Submitted,221 E 121st Place,60628,3.0,,West Pullman,Multifamily Housing,154140,1973,3,,68,2487424.7,11156203,,,,88.5,121.2,95.8,128.8,940.6,6.1,41.868884,-87.639393,POINT (-87.639393 41.868884),2023-103273
2023,114228,Westgate Center,Submitted,331 S Peoria Street,60607,4.0,,Near West Side,Multifamily Housing,56838,1910,1,,64,1078365,2666061.3,,,,65.9,102.4,76.8,114.8,292.5,5.1,41.982606,-87.657839,POINT (-87.657839 41.982606),2023-114228
2023,175330,,Not Submitted,7107 7129 S Bennett Ave,60649,0.0,,South Shore,Residential,,,,,,,,,,,,,,,,,41.861325,-87.625542,POINT (-87.625542 41.861325),2023-175330
2023,172540,Willa Rawls Manor Apartments,Not Covered 2024,4120  S Indiana Ave,60653,,true,Grand Boulevard,Residential,,,,,,,,,,,,,,,,,41.959978,-87.649712,POINT (-87.649712 41.959978),2023-172540
2023,254388,Eight O Five (gh04),Submitted,805 N Lasalle Dr.,60610,2.0,,Near North Side,Multifamily Housing,270152,2015,1,9725,42,8363235.4,11236167.1,,,,72.5,130.4,79.3,139.2,1767,6.5,41.880718,-87.636589,POINT (-87.636589 41.880718),2023-254388
2023,101729,540 West Madison,Submitted,540 W. Madison,60661,4.0,,Near West Side,Financial Office,1222281,2004,1,18995,73,132771079.9,883257.7,,,,109.3,304.9,112,312.2,18624.2,15.2,41.878155,-87.6395,POINT (-87.6395 41.878155),2023-101729
2023,256831,Aspire,Submitted,2111 S. Wabash,60616,3.0,,Near South Side,Multifamily Housing,276040,2020,1,,68,6944570.5,10297285,,,,62.5,109.6,66.4,114.7,1518.6,5.5,41.966756,-87.654648,POINT (-87.654648 41.966756),2023-256831
2023,159894,Oglesby Towers,Not Submitted,6700 S Oglesby Ave,60649,0.0,,South Shore,Residential,,,,,,,,,,,,,,,,,41.992224,-87.657073,POINT (-87.657073 41.992224),2023-159894
2023,101960,Chicago Cultural Center,Submitted,78 E. Washington St.,60602,2.0,,Loop,Other - Entertainment/Public Assembly,240000,1897,1,,,8764545.2,8249531.7,,,,70.9,138.3,79,148.1,1664.5,6.9,41.890066,-87.716388,POINT (-87.716388 41.890066),2023-101960
2023,115605,,Not Submitted,6250 6258 S Park Shore East Ct,60637,0.0,,Woodlawn,Residential,,,,,,,,,,,,,,,,,41.906355,-87.628617,POINT (-87.628617 41.906355),2023-115605
2023,244593,111 E Chestnut Condominium Association,Submitted,111 E. Chestnut,60611,2.0,,Near North Side,Multifamily Housing,588000,1970,1,,45,20500950.4,12238074.7,,,,55.7,119.5,61.2,131.9,3518.5,6,41.802344,-87.672243,POINT (-87.672243 41.802344),2023-244593
2023,127031,"03546AS - Chicago, IL",Submitted,424 W Division St,60610,2.0,,Near North Side,Supermarket/Grocery Store,66570,2013,1,1696,44,9703977.2,6286500.2,,,,240.2,507.3,252.4,517.6,1691.7,25.4,41.950267,-87.688476,POINT (-87.688476 41.950267),2023-127031
2023,252095,Press Office Building,Submitted,1427 E. 60th Street,60637,3.5,,Woodlawn,Office,93852,2001,1,20292,72,4369820.1,,3398625.4,,,82.8,173.9,85.3,175.9,837.1,8.9,41.899135,-87.621785,POINT (-87.621785 41.899135),2023-252095
2023,100448,Hilton Chicago MM Suites,Submitted,198 East Delaware Place,60611,3.5,,Near North Side,Hotel,314850,1989,1,,52,11379079.8,35148527.5,,,,147.8,218.4,156,226.3,3459.1,11,41.937784,-87.639323,POINT (-87.639323 41.937784),2023-100448
2023,157161,909 W. Washington Condo,Submitted,909 W. Washington Blvd,60607,1.0,,Near West Side,Multifamily Housing,91355,2006,1,,4,3794764.4,8022601.8,,,,129.4,208.5,147,227.8,957.1,10.5,41.892559,-87.616059,POINT (-87.616059 41.892559),2023-157161
2023,251270,15th Place,Not Submitted,811 - 833 W 15th Pl,60608,0.0,,Near West Side,Multifamily Housing,,,,,,,,,,,,,,,,,41.894593,-87.641241,POINT (-87.641241 41.894593),2023-251270
2023,251768,213 West Institute Place,Submitted,213 West Institute Place,60610,3.0,,Near North Side,Office,155385,1931,1,3724,62,4527231.5,6443151,,,,70.6,125.1,77.3,131.3,975.7,6.3,41.932921,-87.644349,POINT (-87.644349 41.932921),2023-251768
2023,173597,Adlake Limited Partnership,Submitted,320 W. Ohio,60654,3.5,,Near North Side,Office,81000,1940,1,419,72,1165852.5,3506662.7,,,,57.7,85.8,66.7,96.6,349.4,4.3,41.893867,-87.635138,POINT (-87.635138 41.893867),2023-173597
2023,160163,The Imperial of Lincoln Park,Not Submitted,1366 W Fullerton Ave,60614,0.0,,Lincoln Park,Residential,,,,,,,,,,,,,,,,,41.892117,-87.64957,POINT (-87.64957 41.892117),2023-160163
2023,251896,Admin Offices @ Colman,Submitted,4655 S Dearborn St,60609,3.5,,Grand Boulevard,Office,99100,1990,1,,73,2210856.6,7187360,,,,94.8,138.6,108.2,152.7,691.1,7,41.764435,-87.706421,POINT (-87.706421 41.764435),2023-251896
2023,235438,Thorndale Beach North Condominium Association,Submitted,5901 N Sheridan Rd,60660,3.5,,Edgewater,Multifamily Housing,242688,1966,1,,79,8181212.5,,,,,33.7,94.4,37.6,105.2,1144.7,4.7,41.726329,-87.567271,POINT (-87.567271 41.726329),2023-235438
2023,254035,Reside by Irving Park,Submitted,725 West Irving Park Road,60613,4.0,,Lake View,Multifamily Housing,63000,1923,1,2369,94,952182.6,1494494.3,,,,38.8,67.2,40.4,68.5,212.6,3.4,41.82006,-87.622975,POINT (-87.622975 41.82006),2023-254035
2023,251479,Bridge,Submitted,3800 N New England Ave,60634,4.0,,Dunning,K-12 School,126934,1926,4,,82,1863968.8,3889129.7,,,,45.3,73.3,51.6,79.9,467.4,3.7,41.879117,-87.646607,POINT (-87.646607 41.879117),2023-251479
2023,257191,Emmett Street,Submitted,2614 N Emmett Street,60647,4.0,,Logan Square,Multifamily Housing,120771,2022,1,,81,1955070,6173852.4,,,,67.3,99,72.9,104.9,601.5,5,41.930895,-87.708843,POINT (-87.708843 41.930895),2023-257191
2023,256876,CH2,Submitted,1432 S. Clinton St,60607,4.0,,Near West Side,Data Center,180000,2020,1,1977,98,20766738.4,4254608.9,,,,139,347.9,141.9,350.9,3131.7,17.4,41.901679,-87.629772,POINT (-87.629772 41.901679),2023-256876
2023,251652,Hedges,Submitted,4747 S Winchester Ave,60609,3.5,,New City,K-12 School,101940,1906,2,,55,2134649.6,4397439.5,,,,64.1,103.9,74.5,114.4,532.2,5.2,41.880086,-87.665054,POINT (-87.665054 41.880086),2023-251652
2023,156609,"3284-CHICAGO, IL (WICKER PARK)",Submitted,1360 North Ashland Ave,60622,4.0,,West Town,Wholesale Club/Supercenter,87905,2016,1,827,88,3143269.9,931497,,,,46.4,111.2,50.4,116.5,489.3,5.6,41.721109,-87.6624,POINT (-87.6624 41.721109),2023-156609
2023,254160,Cuneo Hall-ID# 254160,Submitted,6430 N Kenmore Ave,60626,4.0,,Rogers Park,Office,53500,2012,1,1060,83,1516852.1,981553.1,,,,46.7,98.7,52.7,106.4,264.4,4.9,41.939244,-87.675773,POINT (-87.675773 41.939244),2023-254160
2023,251761,Whitney,Submitted,2815 S Komensky Ave,60623,1.5,,South Lawndale,K-12 School,108653,1904,4,,39,2338004.7,6210170.1,,,,78.7,120.3,91.8,134,657,6,41.899539,-87.623989,POINT (-87.623989 41.899539),2023-251761
2023,135050,Womans Athletic Club Chicago,Submitted,626 Michigan Ave,60611,1.0,,Near North Side,Social/Meeting Hall,85000,1929,1,,,4300072.3,6153700.2,,,,123,217.7,131.6,227,928.5,10.9,41.88332,-87.634268,POINT (-87.634268 41.88332),2023-135050
2023,112515,1237 Fullerton LLC dba Ion Lincoln Park,Submitted,1237 West Fullerton,60614,2.0,,Lincoln Park,Multifamily Housing,220319,2006,1,,47,8469565.8,13007699.8,,,,97.5,169.6,104.4,176.9,1876,8.5,41.882987,-87.65014,POINT (-87.65014 41.882987),2023-112515
2023,164777,Professional Office Building,Submitted,840 W. Irving Park Rd,60613,1.0,,Uptown,Medical Office,51825,2006,1,,21,4092895.1,,,,,79,221.1,80.3,224.9,572.7,11.1,41.799514,-87.601267,POINT (-87.601267 41.799514),2023-164777
2023,252041,Bookstore,Submitted,970 East 58th Street,60637,2.0,,Hyde Park,Retail Store,50162,1902,1,656,45,2256403.3,,3149569.1,,,107.8,201.5,113.6,207.7,524.8,10.5,41.939278,-87.698802,POINT (-87.698802 41.939278),2023-252041
2023,175219,,Not Submitted,7834 7844  S Ellis Ave,60619,0.0,,Greater Grand Crossing,Residential,,,,,,,,,,,,,,,,,41.921502,-87.66458,POINT (-87.66458 41.921502),2023-175219
2023,251797,RML Specialty Hospital,Submitted,3534 W Van Buren,60462,3.0,,East Garfield Park,Other - Specialty Hospital,190000,1984,1,3646,,16499359.5,24122541.7,,,,213.8,376.5,227.9,391.3,3589.8,18.9,42.001438,-87.659622,POINT (-87.659622 42.001438),2023-251797
2023,160399,Cityfront Place - 400 N McClurg Ct,Submitted,400 N Mcclurg Ct,60611,4.0,,Near North Side,Multifamily Housing,565952,1950,1,,96,7613132.9,20206150.4,,,,49.2,75.2,54.2,80.1,2138.5,3.8,41.947378,-87.644257,POINT (-87.644257 41.947378),2023-160399
2023,256124,"1515 W Webster, LLC",Submitted,1515 W Webster Avenue,60614,4.0,,Lincoln Park,Office,215778,2018,1,,83,6733478.1,6446386.3,,,,61.1,118.7,65.2,123.1,1284.5,6,41.859705,-87.653245,POINT (-87.653245 41.859705),2023-256124
2023,257114,,Not Covered 2024,1134 S Wood St,60612,,true,Near West Side,Commercial,,,,,,,,,,,,,,,,,41.8674,-87.671673,POINT (-87.671673 41.8674),2023-257114
2023,255012,Vue53,Submitted,1330 E. 53rd Street,60615,2.0,,Hyde Park,Multifamily Housing,162625,2016,1,5705,47,6659812.4,9111663.5,,,,97,173.5,104,180.7,1415.8,8.7,41.765955,-87.576821,POINT (-87.576821 41.765955),2023-255012
2023,256959,,Not Submitted,849 W Ohio Street,60642,0.0,,West Town,Residential,,,,,,,,,,,,,,,,,41.900652,-87.634192,POINT (-87.634192 41.900652),2023-256959
2023,251234,100 E Huron CA,Submitted,100 E. Huron Street,60611,3.5,,Near North Side,Multifamily Housing,504180,1991,1,,59,13887632.3,14324079.8,,,,56,107,62.2,114.3,2704,5.4,41.882976,-87.6993,POINT (-87.6993 41.882976),2023-251234
2023,157767,Roosevelt HS,Submitted,3436 W Wilson Ave,60625,3.5,,Albany Park,K-12 School,319900,1927,1,,79,5077789.4,12964860,,,,56.4,87,65.1,96.1,1399.1,4.4,41.906508,-87.627327,POINT (-87.627327 41.906508),2023-157767
2023,257100,Encuentro Square,Not Covered 2024,3759 W Cortland St,60647,,true,Logan Square,Commercial,,,,,,,,,,,,,,,,,41.915296,-87.721203,POINT (-87.721203 41.915296),2023-257100
2023,141321,950 W. Huron Condominium Association,Submitted,950 W. Huron St.,60642,4.0,,West Town,Multifamily Housing,78288,2001,1,,92,1167724.8,2562537.7,,,,47.6,76.1,52.5,80.9,299.5,3.8,41.997236,-87.656886,POINT (-87.656886 41.997236),2023-141321
2023,156731,Seventy East,Submitted,70 E. Lake Street,60601,4.0,,Loop,Office,154373,1927,1,865,82,5834402.1,,,,,37.8,105.8,41.8,117,816.3,5.3,41.881172,-87.681384,POINT (-87.681384 41.881172),2023-156731
2023,160427,Vista Homes Building Corporation,Submitted,5830-44 S. Stony Island Ave.,60637,4.0,,Hyde Park,Multifamily Housing,261354,1929,1,,97,2387805.1,10785107,,,,50.4,68.9,56,75.1,906.9,3.5,41.930238,-87.643461,POINT (-87.643461 41.930238),2023-160427
2023,251733,MarOuette,Submitted,6550 S Richmond St,60629,2.5,,Chicago Lawn,K-12 School,172688,1926,2,,58,3745540,6314489.9,,,,58.3,99.1,66.1,107.4,859.5,5,41.884363,-87.632508,POINT (-87.632508 41.884363),2023-251733
2023,255008,3030 North Broadway  BU #21190,Submitted,3030 North Broadway,60657,2.0,,Lake View,Enclosed Mall,203407,2016,1,,,20883200.4,22660900.8,,,,214.1,404.4,214.1,404.4,4125.6,20.3,41.891388,-87.629495,POINT (-87.629495 41.891388),2023-255008
2023,160105,1063 - Royal Sonesta Chicago Riverfront 71 E Wacker Drive - SVC,Submitted,71 E Wacker Drive,60601,4.0,,Loop,Hotel,381540,2000,1,5825,81,10256364.2,17104070.6,,9575628.4,,96.8,145.2,100.1,148.8,2848.2,7.5,41.887027,-87.616589,POINT (-87.616589 41.887027),2023-160105
2023,175907,Washington Courts Apts.,Submitted,5424 West Washington,60644,1.5,,Austin,Multifamily Housing,109084,1929,3,6345,38,870261.2,10766707.6,,,,106.7,126,120.1,140.2,693.6,6.4,41.975978,-87.692059,POINT (-87.692059 41.975978),2023-175907
2023,250086,Elizabeth Wood Apartments,Submitted,1845 N. Larrabee St,60614,3.0,,Lincoln Park,Multifamily Housing,57000,1980,1,,65,1170970.6,3532000.5,,,,82.5,122.6,89,129,351.4,6.2,41.898402,-87.620345,POINT (-87.620345 41.898402),2023-250086
2023,250059,311 City Services,Submitted,2111 W. Lexington,60612,1.0,,Near West Side,Office,59000,1990,1,,14,5189295.5,3486023.4,,,,147,308.3,153.1,314.4,911.2,15.4,41.947992,-87.829332,POINT (-87.829332 41.947992),2023-250059
2023,256846,Skytech Lofts,Not Submitted,6 S Laflin St,60607,0.0,,Near West Side,Residential,,,,,,,,,,,,,,,,,41.90726,-87.656804,POINT (-87.656804 41.90726),2023-256846
2023,242633,530 North Lake Shore Drive,Submitted,530 North Lake Shore Drive,60611,4.0,,Near North Side,Multifamily Housing,514175,2003,1,,94,7180618.6,18820399.3,,,,50.6,77.5,55.9,83.1,2004.4,3.9,41.851024,-87.623611,POINT (-87.623611 41.851024),2023-242633
2023,251759,Swift,Submitted,5900 N Winthrop Ave,60660,1.0,,Edgewater,K-12 School,109399,1914,2,,9,3934134.8,8014770.3,,,,109.2,177.6,123.9,193,976.2,8.9,41.784784,-87.588289,POINT (-87.588289 41.784784),2023-251759
2023,256422,Materials & Metals Building,Not Submitted,3350 S Federal Street,60616,0.0,,Douglas,Commercial,,,,,,,,,,,,,,,,,41.777221,-87.640654,POINT (-87.640654 41.777221),2023-256422
2023,254102,Residences at the VIC,Not Submitted,3140 N Sheffield Ave,60657,0.0,,Lake View,Residential,,,,,,,,,,,,,,,,,41.888079,-87.624047,POINT (-87.624047 41.888079),2023-254102
2023,101801,Michigan Plaza,Submitted,205/225 N Michigan Ave,60601,4.0,,Loop,Office,1867610,1981,1,12772,43,125245817.2,1856677.3,,,,68.1,188.8,72.6,201.4,17623,9.4,41.910332,-87.630032,POINT (-87.630032 41.910332),2023-101801
2023,101756,Cook County Building,Submitted,118 N. Clark St.,60602,4.0,,Loop,Office,638592,1906,1,,61,29353872,24739903.4,,,,84.7,169.4,93.4,180,5421.2,8.5,41.807922,-87.590693,POINT (-87.590693 41.807922),2023-101756
2023,242638,411 W Ontario,Submitted,411 W. Ontario Street,60654,4.0,,Near North Side,Multifamily Housing,261854,1994,1,,90,4144880.9,9108212.4,,,,50.6,80.8,56.7,86.9,1063.7,4.1,41.946778,-87.642541,POINT (-87.642541 41.946778),2023-242638
2023,140359,,Not Submitted,312 328 N May St,60607,0.0,,Near West Side,Residential,,,,,,,,,,,,,,,,,41.910726,-87.63776,POINT (-87.63776 41.910726),2023-140359
2023,156876,Newberry Library,Submitted,60 W. Walton,60610,2.0,,Near North Side,Library,200000,1897,1,2478,,7847992.1,14230575,,,,110.4,184.6,114.1,188.4,1853.9,9.3,41.899864,-87.634474,POINT (-87.634474 41.899864),2023-156876
2023,101507,5148 N Kedzie Ave,Submitted,5148 N Kedzie Ave,60625,1.0,,North Park,College/University,113740,1958,1,,,5290367.8,10676610.2,,,,140.4,228.8,156.3,245.5,1307.3,11.5,41.904248,-87.632786,POINT (-87.632786 41.904248),2023-101507
2023,255758,The Field School,Not Covered 2024,517 N Parkside Ave,60644,,true,Austin,Commercial,,,,,,,,,,,,,,,,,41.889848,-87.766133,POINT (-87.766133 41.889848),2023-255758
2023,252039,Accelerator Building,Submitted,5604-20 South Ellis Avenue,60637,4.0,,Hyde Park,Laboratory,58781,1949,1,350,,2758762.5,217519,9303672.1,,,208.9,325.7,212.8,330.4,1015.3,17.3,41.896534,-87.646163,POINT (-87.646163 41.896534),2023-252039
2023,254159,3205 W. Carmen Ave.,Submitted,3205 W Carmen Ave.,60625,3.0,,Albany Park,College/University,65850,2006,1,,,2797320,2121280,,,,74.7,152.8,83.1,161.6,504.1,7.7,41.905706,-87.627433,POINT (-87.627433 41.905706),2023-254159
2023,130168,Garfield Park Behavioral Hospital,Submitted,520 N. Ridgeway,60624,3.0,,Humboldt Park,Other - Specialty Hospital,53446,1964,1,1,,4248337.5,5220925.1,,,,177.2,325.1,186.7,335.4,871.7,16.3,41.877589,-87.628881,POINT (-87.628881 41.877589),2023-130168
2023,251771,1333 N Kingsbury,Not Submitted,1333 N Kingsbury,60642,0.0,,Near North Side,Office,,,,,,,,,,,,,,,,,41.912864,-87.633293,POINT (-87.633293 41.912864),2023-251771
2023,242605,850 Dewitt Place Condominiums,Submitted,850 N Dewitt Place,60611,3.5,,Near North Side,Multifamily Housing,263000,1957,1,,71,3988367.9,15126141.6,,,,72.7,102.9,79.8,110.2,1361.5,5.2,41.833051,-87.629191,POINT (-87.629191 41.833051),2023-242605
2023,172056,Anchor House,Not Submitted,1230  W 76th St,60620,0.0,,Auburn Gresham,Residential,,,,,,,,,,,,,,,,,41.9902,-87.656318,POINT (-87.656318 41.9902),2023-172056
2023,121038,Sherman Plaza,Not Submitted,163 W 87th St,60620,0.0,,Chatham,Commercial,,,,,,,,,,,,,,,,,41.713171,-87.713738,POINT (-87.713738 41.713171),2023-121038
2023,149001,Alden Wentworth Rehabilitation & Health Care Center,Submitted,201 W 69th Street,60621,1.0,,Greater Grand Crossing,Senior Living Community,89813,1976,1,,30,3454722.4,11953607.8,,,,171.6,247.5,190.2,266.4,1118.3,12.5,41.902216,-87.631252,POINT (-87.631252 41.902216),2023-149001
2023,101980,Harold Washington College,Submitted,30 East Lake Street,60601,0.0,,Loop,College/University,345300,1983,1,532,,14646925,1142119.9,,,,45.7,122.2,48.1,127.2,2019,5.85,41.798741,-87.605275,POINT (-87.605275 41.798741),2023-101980
2023,102309,Schurz HS,Submitted,3601 N Milwaukee Ave,60641,2.0,,Irving Park,K-12 School,455800,1910,1,,41,11718861.7,26681918.8,,,,84.2,133.5,99.5,148.2,3056.9,6.7,41.931579,-87.711296,POINT (-87.711296 41.931579),2023-102309
2023,250065,SULZER LIBRARY,Submitted,4455 N. Lincoln Ave.,60618,2.0,,Lincoln Square,Library,83000,1985,1,,,3102752.1,3317539.5,,,,77.4,146.6,83.4,152.3,610.3,7.4,41.816676,-87.633708,POINT (-87.633708 41.816676),2023-250065
2023,159560,Eugenie Terrace on the Park (gn037),Submitted,1730 N Clark St,60614,3.5,,Lincoln Park,Multifamily Housing,584068,1988,2,16390,56,13087603.9,27015302.8,,,,68.7,111.3,73.7,116.8,3266.1,5.6,41.797648,-87.659969,POINT (-87.659969 41.797648),2023-159560
2023,104300,434 W Roscoe,Submitted,434 W Roscoe St,60657,3.0,,Lake View,Multifamily Housing,71532,1930,1,199,70,583802,4494597.7,,,,71,88.8,79.7,98,320.4,4.5,41.868305,-87.624253,POINT (-87.624253 41.868305),2023-104300
2023,251522,Cuffe Math/Science/Tech Academy -CPS,Not Covered 2024,8324 S Racine Ave,60620,,true,Auburn Gresham,K-12 School,,,,,,,,,,,,,,,,,41.742372,-87.653859,POINT (-87.653859 41.742372),2023-251522
2023,173883,,Not Submitted,1029 1051 W North Shore Ave,60626,0.0,,Rogers Park,Residential,,,,,,,,,,,,,,,,,42.008551,-87.913738,POINT (-87.913738 42.008551),2023-173883
2023,160368,River Bank Lofts Condominium Association,Submitted,550 N. Kingsbury St.,60654,4.0,,Near North Side,Multifamily Housing,257529,1905,1,,97,3765158.2,6042216.8,,,,38.1,65.6,43.5,71.5,847.8,3.3,41.802387,-87.586758,POINT (-87.586758 41.802387),2023-160368
2023,101848,200 West Monroe,Submitted,200 W. Monroe,60606,3.5,,Loop,Office,703370,1973,1,4293,79,32752536.3,919401.8,,,,47.9,131.8,51.9,143.1,4631.6,6.6,41.879763,-87.642446,POINT (-87.642446 41.879763),2023-101848
2023,251355,"Evers Elementary, Medgar -CPS",Not Covered 2024,9811 S Lowe Ave,60628,,true,Washington Heights,K-12 School,,,,,,,,,,,,,,,,,41.965897,-87.658717,POINT (-87.658717 41.965897),2023-251355
2023,254370,Mercy Circle,Not Submitted,3659 W 99th St,60655,0.0,,Mount Greenwood,,,,,,,,,,,,,,,,,,42.01101,-87.662838,POINT (-87.662838 42.01101),2023-254370
2023,113768,(IL614) - Constellation Condominium Association (1555 N Dearborn Parkway),Submitted,1555 N Dearborn Parkway,60610,2.5,,Near North Side,Multifamily Housing,126808,1962,1,,51,2260932.5,7578651.2,,,,77.6,112.7,86.5,122,718.9,5.7,41.94599,-87.644337,POINT (-87.644337 41.94599),2023-113768
2023,251343,(IL0606) -  3180 N LSD (3180 N. Lake Shore Drive),Submitted,3180 N. Lake Shore Drive,60657,3.5,,Lake View,Multifamily Housing,350000,1959,1,,77,5656973.2,18557671.2,,,,69.2,100.9,75.6,107.8,1777.2,5.1,41.958962,-87.715668,POINT (-87.715668 41.958962),2023-251343
2023,157165,Las Americas Apartments,Submitted,1611 S. Racine Ave,60608,3.5,,Lower West Side,Multifamily Housing,121530,1978,1,,75,2228412.6,8498200.3,,,,88.3,124.8,96.1,133.7,763.2,6.3,41.969249,-87.651102,POINT (-87.651102 41.969249),2023-157165
2023,157986,Le Meridien Essex Chicago,Submitted,800 S Michigan Ave,60605,2.5,,Loop,Hotel,98727,1961,1,4,59,3737503.4,6218124.8,,,,100.8,172.1,106.4,177.2,853.2,8.6,41.903975,-87.632777,POINT (-87.632777 41.903975),2023-157986
2023,105339,,Not Submitted,5306  N Cumberland Ave,60656,0.0,,Ohare,Residential,,,,,,,,,,,,,,,,,41.793827,-87.594747,POINT (-87.594747 41.793827),2023-105339
2023,103601,120 South LaSalle Street Building,Submitted,120 South Lasalle Street,60602,4.0,,Loop,Office,760892,1929,1,2562,88,13769580.9,17912329.4,,7547940.1,,51.6,84.4,54.9,88,3275.8,4.3,41.889448,-87.715067,POINT (-87.715067 41.889448),2023-103601
2023,160067,InterContinental,Submitted,505 N. Michigan Ave.,60611,3.0,,Near North Side,Hotel,715161,1929,1,45303,61,27330300.9,56909128.3,,,,117.8,190.6,123.8,196.2,6846.8,9.6,41.78956,-87.586817,POINT (-87.586817 41.78956),2023-160067
2023,255006,Wells Place Apartments (wl272),Submitted,839 S Wells St,60607,1.5,,Loop,Multifamily Housing,95892,2016,2,2662,34,2219360.7,6688391.3,,,,92.9,138,110.3,158.6,652,6.8,41.880671,-87.626738,POINT (-87.626738 41.880671),2023-255006
2023,256727,1214 W. Jackson Blvd,Submitted,1220 W. Jackson Blvd,60607,3.0,,Near West Side,Multifamily Housing,129646,2020,1,,65,3540213,4371900,,,,61,111.9,62,114.6,727.6,5.6,41.781253,-87.675556,POINT (-87.675556 41.781253),2023-256727
2023,251553,Sawyer,Submitted,5248 S Sawyer Ave,60632,3.0,,Gage Park,K-12 School,163308,1901,3,,46,4860332.4,4498449.9,,,,57.3,112.3,63.5,118.8,919,5.6,41.881675,-87.632504,POINT (-87.632504 41.881675),2023-251553
2023,114858,Scholars Corner Apartments,Submitted,5100-5110 S. Cornell,60615,1.0,,Hyde Park,Multifamily Housing,60000,1925,1,,8,3266091.6,2850186.1,,,,101.9,202.3,109,219.7,608.4,10.1,41.899682,-87.623994,POINT (-87.623994 41.899682),2023-114858
2023,112638,Juvenile Temporary Detention Center Campus,Submitted,1100 S. Hamilton Ave.,60612,2.0,,Near West Side,Mixed Use Property,1023851,1973,3,,,44698510.5,32000577.7,,,,74.9,155.1,81.7,162.1,7953.9,7.8,41.902496,-87.627476,POINT (-87.627476 41.902496),2023-112638
2023,242313,3150 CA,Not Submitted,3150 N Lake Shore Dr,60657,0.0,,Lake View,Multifamily Housing,,,,,,,,,,,,,,,,,41.722058,-87.579139,POINT (-87.579139 41.722058),2023-242313
2023,251448,Providence Englewood Charter School,Submitted,6515 South Ashland Avenue,60636,1.0,,West Englewood,K-12 School,53745,1975,1,,14,3363209.7,889439.4,,,,79.1,192.6,87.8,211.4,517.8,9.6,41.800092,-87.723214,POINT (-87.723214 41.800092),2023-251448
2023,142759,Folio SOuare Condominium Association,Submitted,124 W. Polk St.,60605,1.0,,Loop,Multifamily Housing,108010,1993,1,,29,4640301.5,1121623.2,,,,53.3,131.2,58.1,144.1,708.8,6.6,41.94163,-87.644598,POINT (-87.644598 41.94163),2023-142759
2023,251239,THC YT LLC,Submitted,2701 S Indiana Ave,60616,2.0,,Douglas,Multifamily Housing,330112,1969,3,,42,4864829.9,29185578.4,,,,103.1,134.1,113,144.3,2230.9,6.8,41.892338,-87.604045,POINT (-87.604045 41.892338),2023-251239
2023,156845,The Westin Michigan Avenue,Submitted,909 North Michigan Avenue,60611,2.0,,Near North Side,Hotel,546219,1963,1,,49,25652387.4,38702001.9,,,,117.8,205.9,122.6,209.9,5644.9,10.3,41.801124,-87.70392,POINT (-87.70392 41.801124),2023-156845
2023,253973,Klee Plaza at Six Corners Condominium,Submitted,4015 N. Milwaukee Ave.,60654,4.0,,Portage Park,Multifamily Housing,94000,2007,1,,88,1524331.8,3099033.1,,,,49.2,80,55.9,87.4,377.9,4,41.836543,-87.648095,POINT (-87.648095 41.836543),2023-253973
2023,117358,,Not Submitted,5125  S Kenwood Ave,60615,0.0,,Hyde Park,Residential,,,,,,,,,,,,,,,,,41.92201,-87.642993,POINT (-87.642993 41.92201),2023-117358
2023,252025,CICS Ralph Ellison,Submitted,1817 W. 80th St.,60620,2.0,,Auburn Gresham,K-12 School,69000,1920,1,,46,1839027.1,3922399.9,,,,83.5,134.3,92,143.2,465.7,6.7,41.985932,-87.728369,POINT (-87.728369 41.985932),2023-252025
2023,113573,1540 N. Lake Shore Drive,Submitted,1540 N. Lake Shore Drive,60610,4.0,,Near North Side,Multifamily Housing,138636,1929,1,,96,1941210.4,6034726.7,,,,57.5,84.9,64,91.8,592.1,4.3,42.010539,-87.691763,POINT (-87.691763 42.010539),2023-113573
2023,105490,5620-5626 N. Kenmore Ave,Submitted,5620-5626 N. Kenmore Ave.,60660,4.0,,Edgewater,Multifamily Housing,53976,1940,1,,82,498613.8,3393905.4,,,,72.1,91.9,80.2,100,250,4.6,41.992623,-87.669938,POINT (-87.669938 41.992623),2023-105490
2023,113158,2001 Calumet,Submitted,2001 S. Calumet Ave.,60616,4.0,,Near South Side,Multifamily Housing,140184,2002,1,,88,1658222.6,4220655.9,,,,41.9,64.7,47.7,71.4,456.2,3.3,41.901986,-87.624537,POINT (-87.624537 41.901986),2023-113158
2023,173646,South River Park Condominium Association,Submitted,400 N. Clinton Street,60654,4.0,,West Town,Multifamily Housing,78904,1999,3,,79,1651171.4,2707990.1,,,,55.2,94.6,60.9,101.3,374.9,4.8,41.953462,-87.734507,POINT (-87.734507 41.953462),2023-173646
2023,175347,Much-Musikantow Co.,Submitted,8001-07 S. Cottage Grove,60619,4.0,,Chatham,Other - Public Services,52782,1956,1,,,276101.1,1525667.8,,,,34.1,45,38.6,49.5,119.7,2.3,41.876552,-87.64787,POINT (-87.64787 41.876552),2023-175347
2023,159528,Echelon Chicago,Submitted,353 N Desplaines,60661,1.5,,Near West Side,Multifamily Housing,333262,2008,1,,37,11448671.5,14622962.7,,,,78.2,142.3,88.9,154.3,2378.6,7.1,41.993709,-87.712542,POINT (-87.712542 41.993709),2023-159528
2023,256963,,Not Covered 2024,4351 S Drexel Boulevard,60653,,true,Kenwood,Commercial,,,,,,,,,,,,,,,,,41.657297,-87.592045,POINT (-87.592045 41.657297),2023-256963
2023,159733,Sheridan-Gunnison Apts.,Submitted,4827 North Sheridan Rd.,60640,3.0,,Uptown,Multifamily Housing,164020,1967,1,,67,2716112.7,11160622.5,,,,84.6,117.8,92.4,126.2,972.8,5.9,41.740096,-87.601134,POINT (-87.601134 41.740096),2023-159733
2023,251717,Hancock HS,Submitted,5437 W 64th Pl,60638,4.0,,West Elsdon,K-12 School,179600,2021,1,,83,4088149,2804759.8,,,,38.4,80.1,41.7,83.7,721,4,41.774371,-87.653296,POINT (-87.653296 41.774371),2023-251717
2023,103812,400 W. Superior,Submitted,400-432 W. Superior Street,60654,2.5,,Near North Side,Office,130007,1998,1,,51,7422205.7,1633441.8,,,,69.7,173,74.3,182.2,1125.3,8.7,41.78562,-87.614236,POINT (-87.614236 41.78562),2023-103812
2023,251480,Morton Elementary Career Academy - CPS,Not Covered 2024,431 N Troy St,60612,,true,Humboldt Park,K-12 School,,,,,,,,,,,,,,,,,41.886174,-87.616109,POINT (-87.616109 41.886174),2023-251480
2023,251600,Mozart,Submitted,2200 N Hamlin Ave,60647,1.0,,Logan Square,K-12 School,92365,1911,2,,21,3076941.4,4615969.6,,,,83.3,145.8,94,156.6,675.7,7.3,41.891676,-87.635651,POINT (-87.635651 41.891676),2023-251600
2023,251468,Fiske Elementary -CPS,Not Covered 2024,6145 S Ingleside Ave,60637,,true,Woodlawn,K-12 School,,,,,,,,,,,,,,,,,41.867453,-87.632334,POINT (-87.632334 41.867453),2023-251468
2023,250046,Jones HS,Submitted,700 S State St,60605,2.5,,Loop,K-12 School,383631,2013,5,,58,9913463.4,10375339.7,,,,52.9,100.8,56.4,104.5,1938.2,5.1,41.790379,-87.601135,POINT (-87.601135 41.790379),2023-250046
2023,157152,The Metro,Submitted,1200 W. Monroe St.,60607,4.0,,Near West Side,Multifamily Housing,281000,2001,1,,97,4411294.7,10539379.9,,,,53.2,83.3,59.6,89.8,1177,4.2,41.799584,-87.591934,POINT (-87.591934 41.799584),2023-157152
2023,251640,"Till, Emmett Louis Math & Science -CPS",Not Covered 2024,6543 S Champlain Ave,60637,,true,Woodlawn,K-12 School,,,,,,,,,,,,,,,,,41.97534,-87.654836,POINT (-87.654836 41.97534),2023-251640
2023,109550,Lunt Court Condominium Association,Submitted,1217-1227 W. Lunt Ave.,60626,4.0,,Rogers Park,Multifamily Housing,60120,1924,1,,64,445428.9,4135395.5,,,,76.2,93,90.5,108,282,4.7,41.800404,-87.728122,POINT (-87.728122 41.800404),2023-109550
2023,257109,Post Chicago,Not Covered 2024,853 W Blackhawk St,60642,,true,Near North Side,Residential,,,,,,,,,,,,,,,,,41.908322,-87.650328,POINT (-87.650328 41.908322),2023-257109
2023,250143,325 North Wells,Submitted,325 North Wells,60654,4.0,,Near North Side,College/University,154112,1914,1,,,3727203.9,5739433.6,,,,61.4,106.8,67.6,113.7,826.4,5.4,41.900785,-87.621893,POINT (-87.621893 41.900785),2023-250143
2023,172607,Marshfield Lofts,Submitted,1740 N. Marshfield,60622,4.0,,West Town,Multifamily Housing,70916,1993,1,,97,684121.2,2230831.9,,,,41.1,60,46.7,66.1,214.2,3,41.724079,-87.58501,POINT (-87.58501 41.724079),2023-172607
2023,102460,Griffin Museum of Science and Industry,Submitted,5700 South Lake Shore Drive,60637,0.0,,Hyde Park,Museum,1300000,1893,1,,,38424294,22914598.9,,,,47.2,101.3,51.1,105.6,6354.6,4.9,41.969105,-87.708644,POINT (-87.708644 41.969105),2023-102460
2023,172500,Catalyst - Circle Rock,Submitted,5608 W. Washington Blvd,60644,2.5,,Austin,K-12 School,111030,1924,1,,52,4006393.2,1428580.5,,,,49,114.5,53.6,122.3,636.5,5.7,41.850776,-87.705075,POINT (-87.705075 41.850776),2023-172500
2023,252052,Ryerson Laboratory,Submitted,1100-14 East 58th Street,60637,4.0,,Hyde Park,Laboratory,67717,1894,1,,,1864709.2,,3819773.4,,,83.9,145,88.8,150.3,514.5,7.6,41.830735,-87.638859,POINT (-87.638859 41.830735),2023-252052
2023,173754,422 West Melrose,Submitted,422 - 424 West Melrose Street,60657,4.0,,Lake View,Multifamily Housing,164485,1926,1,,90,1839088.5,8938922.3,,,,65.5,88.4,74.7,97.7,732.1,4.5,41.923705,-87.651186,POINT (-87.651186 41.923705),2023-173754
2023,251558,Nathanael Green -CPS,Not Covered 2024,3525 S. Honroe,60609,,true,Mckinley Park,K-12 School,,,,,,,,,,,,,,,,,41.796126,-87.583825,POINT (-87.583825 41.796126),2023-251558
2023,251429,Mayo Elementary -CPS,Not Covered 2024,245 E 37th St,60653,,true,Douglas,K-12 School,,,,,,,,,,,,,,,,,41.897691,-87.625887,POINT (-87.625887 41.897691),2023-251429
2023,105586,Parkway Apartments,Not Submitted,712 720 W Diversey Pkwy,60614,0.0,,Lake View,Residential,,,,,,,,,,,,,,,,,41.887579,-87.642973,POINT (-87.642973 41.887579),2023-105586
2023,175281,"3740-3750 N. Pine Grove, LLC",Submitted,3740 N. Pine Grove Ave.,60613,4.0,,Lake View,Multifamily Housing,53000,1915,1,,85,289828.7,2687812,,,,56.2,68.6,62,74.6,183.3,3.5,41.885243,-87.637165,POINT (-87.637165 41.885243),2023-175281
2023,257026,"8747 W. BRYN MAWR CONDOMINIUM ASSOCIATION, INC.",Submitted,8747 W Bryn Mawr Ave,60631,4.0,,O'Hare,Multifamily Housing,91800,2004,1,,91,1398270.3,4720656.8,,,,66.7,96.6,74.2,103.7,446.4,4.9,41.963459,-87.76133,POINT (-87.76133 41.963459),2023-257026
2023,255024,Mode Logan SOuare (mo179),Submitted,1950 N Campbell Ave,60647,3.0,,Logan Square,Multifamily Housing,92470,2017,2,,,2710694.4,126768.3,,,,30.7,83.5,30.7,83.5,386,4.2,41.799521,-87.58349,POINT (-87.58349 41.799521),2023-255024
2023,260077,The Renaissance,Submitted,901 W. Argyle Ave.,60640,2.5,,Uptown,Multifamily Housing,64292,1927,1,,56,905214.1,4805260.9,,,,88.8,117.9,98,127.3,381.9,5.9,41.862932,-87.625876,POINT (-87.625876 41.862932),2023-260077
2023,256614,Block 37 (Retail),Submitted,108 North State Street,60602,1.0,,Loop,Enclosed Mall,429359,2009,0,9975,,32448456.7,5888999.1,,,,89.3,226,93.8,238.6,4853,11.3,41.900118,-87.623981,POINT (-87.623981 41.900118),2023-256614
2023,257001,Webster SOuare Condominiums,Submitted,540 W Webster,60614,4.0,,Lincoln Park,Multifamily Housing,206697,2015,1,,96,4028125.7,5320251,,,,45.2,81.6,49.4,88.1,846.2,4.1,41.76114,-87.564951,POINT (-87.564951 41.76114),2023-257001
2023,100447,211 E. Chicago Ave.,Submitted,211 E. Chicago Ave.,60611,4.0,,Near North Side,Office,394230,1965,1,4156,77,14122636.8,14921059.6,,,,73.7,140,82.8,150.7,2768.6,7,41.877859,-87.659575,POINT (-87.659575 41.877859),2023-100447
2023,131999,,Not Submitted,646 652 S Clark St,60605,0.0,,Loop,Residential,,,,,,,,,,,,,,,,,41.88118,-87.681677,POINT (-87.681677 41.88118),2023-131999
2023,112016,,Not Submitted,4106  N Narragansett Ave,60634,0.0,,Dunning,Residential,,,,,,,,,,,,,,,,,41.883237,-87.632556,POINT (-87.632556 41.883237),2023-112016
2023,251611,Mann Elementary -CPS,Not Covered 2024,8050 S Chappel Ave,60617,,true,South Chicago,K-12 School,,,,,,,,,,,,,,,,,41.953141,-87.645163,POINT (-87.645163 41.953141),2023-251611
2023,173757,C(IL292) - Oakdale Towers,Submitted,431 W. Oakdale,60657,4.0,,Lake View,Multifamily Housing,136304,1927,1,,83,1171922.5,6809254.5,,,,58.6,76.5,65,83.2,525.6,3.9,41.797612,-87.585615,POINT (-87.585615 41.797612),2023-173757
2023,172181,Emmanuel Baptist Church,Not Submitted,8301 S Damen Ave,60620,0.0,,Auburn Gresham,Worship Facility,,,,,,,,,,,,,,,,,41.877612,-87.674228,POINT (-87.674228 41.877612),2023-172181
2023,256883,Onni Grand LP,Submitted,369 W. Grand Ave.,60654,2.0,,Near North Side,Multifamily Housing,420641,2021,1,,42,14997305.8,13251405.3,,,,67.2,132.9,72.2,140.3,2802.3,6.7,41.882263,-87.667269,POINT (-87.667269 41.882263),2023-256883
2023,103597,30 North LaSalle Street,Submitted,30 North Lasalle Street,60602,4.0,,Loop,Office,1095104,1974,1,,82,26213816,29481829.6,,,,50.9,95.3,55.9,101,5233.7,4.8,41.941282,-87.642006,POINT (-87.642006 41.941282),2023-103597
2023,251449,Libby Elementary -CPS,Not Covered 2024,5300 S Loomis Blvd,60609,,true,New City,K-12 School,,,,,,,,,,,,,,,,,41.88671,-87.629303,POINT (-87.629303 41.88671),2023-251449
2023,101856,111 West Jackson,Submitted,111 West Jackson Blvd,60604,3.0,,Loop,Office,671519,1962,1,,70,21796891.4,16432333,,5586827.7,,65.2,124.2,70.3,129.5,4217,6.3,41.912531,-87.696905,POINT (-87.696905 41.912531),2023-101856
2023,102362,"MLL 1945 Wilson, LLC",Submitted,1945 W. Wilson Ave.,60640,,true,Lincoln Square,Mixed Use Property,68070,1979,1,,,2414719,1985977.1,,,,64.6,130,68.7,133.7,443.4,6.5,41.932971,-87.641787,POINT (-87.641787 41.932971),2023-102362
2023,254386,Halas Recreation Center- ID# 254386,Submitted,6458 N Winthrop Ave,60626,2.0,,Rogers Park,College/University,122180,1982,1,872,,5250510.4,7332671.8,,,,103,183.3,109.6,189.4,1124.1,9.2,41.967388,-87.649288,POINT (-87.649288 41.967388),2023-254386
2023,163619,(IL371) - Grand Ohio Condo (211 E. Ohio St.),Submitted,211 E. Ohio St.,60611,2.0,,Near North Side,Multifamily Housing,569215,1982,1,,29,25013153.8,19232082.9,,,,77.7,158.5,83.3,169.3,4521.3,7.9,41.816326,-87.606847,POINT (-87.606847 41.816326),2023-163619
2023,257078,,Not Covered 2024,537 W Drummond Pl,60614,,true,Lincoln Park,Residential,,,,,,,,,,,,,,,,,41.931434,-87.643294,POINT (-87.643294 41.931434),2023-257078
2023,159312,2101 S. Michigan Apartments,Submitted,2101 South Michigan Avenue,60616,4.0,,Near South Side,Multifamily Housing,204401,1971,1,12053,64,3469471.8,14902299.9,,,,89.9,124.1,99,134.6,1277,6.2,41.952015,-87.706429,POINT (-87.706429 41.952015),2023-159312
2023,175181,Cornerstone Apartments,Submitted,747 East 47th St,60615,2.5,,Grand Boulevard,Multifamily Housing,71864,2014,4,7706,57,1009281.7,4713623.8,,,,79.6,108.2,88,116.9,391.6,5.4,41.898965,-87.64809,POINT (-87.64809 41.898965),2023-175181
2023,257154,4144 N Sheridan,Submitted,4144 N Sheridan,60613,2.5,,Uptown,Multifamily Housing,50750,2006,1,,57,814478.3,3606389.7,,,,87.1,119.6,95.1,127.5,305.5,6,41.957839,-87.65511,POINT (-87.65511 41.957839),2023-257154
2023,251269,USEF GC Century Tower LLC,Submitted,182 W Lake St,60601,3.5,,Loop,Multifamily Housing,255605,1930,1,6674,72,6421752.4,9064255,,,,60.6,107.6,65.6,112.8,1380,5.4,41.79049,-87.586842,POINT (-87.586842 41.79049),2023-251269
2023,255939,XS Tennis and Education Foundation,Not Submitted,5336 S State St,60609,0.0,,Washington Park,,,,,,,,,,,,,,,,,,41.857617,-87.636071,POINT (-87.636071 41.857617),2023-255939
2023,116752,Midrise at Ike Sims Village,Submitted,3333 W Maypole Ave,60624,2.5,,East Garfield Park,Multifamily Housing,77759,1981,1,,38,3311530,1553579.4,,,,62.6,140.2,67.5,151.8,545.9,7,41.695748,-87.705774,POINT (-87.705774 41.695748),2023-116752
2023,251459,Casals,Submitted,3501 W Potomac Ave,60651,1.0,,Humboldt Park,K-12 School,66550,1989,1,,8,2885078.3,3789790.2,,,,100.3,181.2,110.1,190.2,605,9.1,41.975656,-87.701202,POINT (-87.701202 41.975656),2023-251459
2023,147565,Lakeside Lofts,Not Submitted,2025  S Indiana Ave,60616,0.0,,Near South Side,Residential,,,,,,,,,,,,,,,,,41.888258,-87.633838,POINT (-87.633838 41.888258),2023-147565
2023,255003,2211 N Milwaukee (ll036),Submitted,2211 N Milwaukee Ave,60647,4.0,,Logan Square,Multifamily Housing,119727,2000,1,3260,,3894804.6,,,,,32.5,91.1,33,92.3,545,4.6,41.884593,-87.62909,POINT (-87.62909 41.884593),2023-255003
2023,251671,Sherwood Elementary -CPS,Not Covered 2024,245 W 57th St,60621,,true,Englewood,K-12 School,,,,,,,,,,,,,,,,,41.863207,-87.624206,POINT (-87.624206 41.863207),2023-251671
2023,113754,Fifteen Thirty North State Parkway Building Corporation,Submitted,1530 N State Parkway,60610,3.0,,Near North Side,Multifamily Housing,75817,1929,1,,,1000262.1,4959889.3,,,,78.6,105.6,87.6,114.9,403.4,5.3,41.872892,-87.63374,POINT (-87.63374 41.872892),2023-113754
2023,121222,"H/B Winchester, LLC",Submitted,4500 N Winchester Ave,60640,1.0,,Lincoln Square,Multifamily Housing,81094,1968,1,,9,2416081.2,7541613.1,,,,122.8,181.1,135.6,194.8,738.6,9.1,41.876814,-87.631623,POINT (-87.631623 41.876814),2023-121222
2023,140247,218 Irving Park,Submitted,3443 W. Addison St.,60618,4.0,,Avondale,Retail Store,84526,2019,1,,86,1846560.5,2136078.4,,,,47.1,87.7,53.4,94.2,371.8,4.4,41.883172,-87.652133,POINT (-87.652133 41.883172),2023-140247
2023,242172,Two East Oak Condominium Association (tw206),Submitted,Two East Oak Street,60611,1.5,,Near North Side,Multifamily Housing,253772,1971,1,9160,31,7488499.7,16630400,,,,95,151.4,104.7,162.3,1931.1,7.6,41.877455,-87.684854,POINT (-87.684854 41.877455),2023-242172
2023,101745,161 North Clark,Submitted,161 North Clark,60601,4.0,,Loop,Office,1080995,1992,1,4319,76,49847326.3,,,,,46.1,129.1,46.1,129.1,6974.6,6.5,41.931312,-87.710853,POINT (-87.710853 41.931312),2023-101745
2023,243636,Winston Tower 3 Condominium Association,Submitted,7061 N Kedzie,60645,4.0,,West Ridge,Multifamily Housing,400000,1968,1,6328,81,6370136.3,18181398.7,,,,61.4,92.3,69.3,100.3,1857,4.6,41.866337,-87.6215,POINT (-87.6215 41.866337),2023-243636
2023,158219,Chicago Swissotel,Submitted,323 East Wacker Drive,60601,3.0,,Loop,Hotel,712669,1988,1,10599,69,29482071.3,32739700,,,,87.3,164.1,91.7,168.7,5864.1,8.2,41.976201,-87.905309,POINT (-87.905309 41.976201),2023-158219
2023,165827,The Renaissance Collaborative,Submitted,3757 S Wabash Ave,60653,4.0,,Douglas,Multifamily Housing,58124,1911,1,,85,1123248.3,3358942.1,,,,77.1,114.8,83.9,121.9,335.6,5.8,41.910005,-87.707032,POINT (-87.707032 41.910005),2023-165827
2023,257194,,Not Submitted,3000-3048 S. Halsted Street,60608,0.0,,Bridgeport,Commercial,,,,,,,,,,,,,,,,,41.839629,-87.647171,POINT (-87.647171 41.839629),2023-257194
2023,251734,Kelvyn Park HS,Submitted,4343 W Wrightwood Ave,60639,3.0,,Hermosa,K-12 School,188084,1918,2,,69,3009714.9,9547070.1,,,,66.8,98.1,78.2,110.1,928.2,4.9,41.934383,-87.643099,POINT (-87.643099 41.934383),2023-251734
2023,175676,,Not Submitted,4554 N Broadway St,60640,0.0,,Uptown,Commercial,,,,,,,,,,,,,,,,,41.923838,-87.667287,POINT (-87.667287 41.923838),2023-175676
2023,117174,Mayfair Commons,Submitted,4444 W. Lawrence Ave.,60630,4.0,,Albany Park,Multifamily Housing,84456,1997,1,,86,1242894.2,4935329.5,,,,73.2,102.6,80.8,109.8,436,5.2,41.831542,-87.681273,POINT (-87.681273 41.831542),2023-117174
2023,254384,Leslie Shankman School Corporation Building,Submitted,6245 South Ingleside,60637,3.0,,Woodlawn,K-12 School,74910,2014,1,,61,2160138.5,3252421,,,,73.4,127.4,77.7,131.9,475,6.3,41.907568,-87.649569,POINT (-87.649569 41.907568),2023-254384
2023,240068,The Farallon Condominium,Submitted,600 N Dearborn St.,60654,1.0,,Near North Side,Multifamily Housing,223535,2001,1,,26,4796262.3,14786599.2,,4222491.8,,106.5,146.7,113,153.7,,,41.785742,-87.607401,POINT (-87.607401 41.785742),2023-240068
2023,109613,Cook County Department of Corrections Campus,Submitted,2700 S. California Ave.,60608,,true,South Lawndale,Prison/Incarceration,4570176,1926,57,,,164107980,336644874,,,,,,117.6,186.5,,,41.885343,-87.660279,POINT (-87.660279 41.885343),2023-109613
2023,158134,The Goodman Theatre,Not Submitted,170 N Dearborn Ave,60601,0.0,,Loop,Performing Arts,,,,,,,,,,,,,,,,,41.952024,-87.720358,POINT (-87.720358 41.952024),2023-158134
2023,251691,Stone,Submitted,6239 N Leavitt St,60659,3.5,,West Ridge,K-12 School,70601,1928,2,,71,1107494.2,2848120.4,,,,56,86.3,64.6,95.3,306.2,4.3,41.901727,-87.6319,POINT (-87.6319 41.901727),2023-251691
2023,112157,Waveland Gardens,Not Submitted,626 640 W Waveland Ave,60613,0.0,,Lake View,Residential,,,,,,,,,,,,,,,,,41.987213,-87.655151,POINT (-87.655151 41.987213),2023-112157
2023,175692,"Hunter Properties, Inc. (1055 W. Catalpa Ave.)",Submitted,1055 W. Catalpa Ave.,60640,3.5,,Edgewater,Multifamily Housing,67650,1969,1,,80,955122.1,4329412.4,,,,78.1,106.7,84.6,113.1,363.6,5.4,41.865,-87.624243,POINT (-87.624243 41.865),2023-175692
2023,227696,Opera Lofts Condominiums,Submitted,2545 S Dearborn,60616,4.0,,Near South Side,Multifamily Housing,164619,2007,1,,97,2962869.5,5393107.3,,,,50.8,84.8,56.5,91.3,701,4.3,41.857817,-87.623785,POINT (-87.623785 41.857817),2023-227696
2023,136830,Symphony of Bronzeville,Not Submitted,3400 3428 S Indiana Ave,60616,0.0,,Douglas,Residential,,,,,,,,,,,,,,,,,41.993734,-87.660235,POINT (-87.660235 41.993734),2023-136830
2023,101032,Parkview Towers Apartments,Submitted,5110 S King Dr,60615,3.0,,Washington Heights,Multifamily Housing,114328,1969,1,,48,1910930.7,9485041.7,,,,99.7,133.9,108.3,143,771.2,6.7,41.952967,-87.790055,POINT (-87.790055 41.952967),2023-101032
2023,103626,151 North Franklin,Submitted,151 N. Franklin Street,60606,4.0,,Loop,Office,947870,2018,1,,93,23250808.4,5010137.1,,17674860.2,,48.5,91.2,49.3,95,4450.8,4.7,41.872167,-87.629577,POINT (-87.629577 41.872167),2023-103626
2023,175474,West Side Realty Corporation,Submitted,300 S. Ashland Ave.,60612,2.5,,Near West Side,Office,65885,1968,1,,33,4935086.7,,,,,74.9,209.7,81.9,229.4,690.5,10.5,41.995579,-87.675877,POINT (-87.675877 41.995579),2023-175474
2023,251295,Ascension Living Resurrection Village - Life Center,Submitted,7370 West Talcott Avenue,60631,2.5,,Norwood Park,Senior Living Community,89268,1998,1,,54,3693283,4992560.2,,,,97.3,174.6,105.3,181.1,781.9,8.8,41.885044,-87.648476,POINT (-87.648476 41.885044),2023-251295
2023,254063,The Lofts at 1800 Condominium Association,Submitted,1800 W. Grace Street,60613,1.0,,North Center,Multifamily Housing,181852,2009,1,,29,3217670.2,7520683,,,,59,93,65.6,101.4,849.7,4.7,42.007675,-87.673158,POINT (-87.673158 42.007675),2023-254063
2023,256966,Daniel C. Beard Elementary School,Submitted,6445 W Strong St,60656,1.0,,Norwood Park,K-12 School,58224,1945,3,,3,1566261.5,4162540,,,,141.2,215.8,162.1,237.8,440.2,10.9,41.903231,-87.667978,POINT (-87.667978 41.903231),2023-256966
2023,172495,1090 - Sears,Not Covered 2024,1601 N Harlem Ave,60707,,true,Austin,Commercial,,,,,,,,,,,,,,,,,41.909602,-87.804967,POINT (-87.804967 41.909602),2023-172495
2023,251421,Ebinger,Submitted,7350 W Pratt Ave,60631,2.0,,Edison Park,K-12 School,93518,1927,2,,48,2575892.8,2571729.5,,,,55,106,62,113.3,497,5.3,41.866516,-87.705612,POINT (-87.705612 41.866516),2023-251421
2023,175740,Heartbreak Loftominium Association,Submitted,17 N. Loomis St.,60607,4.0,,Near West Side,Multifamily Housing,90000,1915,1,,79,968326.3,3398830.1,,,,48.5,69.8,55.1,76.4,316,3.5,41.95986,-87.654096,POINT (-87.654096 41.95986),2023-175740
2023,253955,550 W Fulton Condo Assoc.,Submitted,550 W Fulton,60661,4.0,,Near West Side,Multifamily Housing,63803,1999,1,,88,1129744.4,2900604.5,,,,63.2,97.3,70.8,104.9,312.1,4.9,41.886618,-87.618672,POINT (-87.618672 41.886618),2023-253955
2023,105991,Chicago IL SCH,Submitted,162-164 E Ontario St,60611,3.5,,Near North Side,Hotel,76800,1980,1,4351,51,3061791.3,4539865.6,,,,99,173.7,104.6,179.6,669.5,8.7,41.810917,-87.593704,POINT (-87.593704 41.810917),2023-105991
2023,256558,Arrive Michigan Avenue,Submitted,1326 South Michigan Avenue,60605,4.0,,Near South Side,Multifamily Housing,539615,2019,1,,86,16384207.2,,,,,30.4,85,30.7,85.8,2292.5,4.2,41.904475,-87.714271,POINT (-87.714271 41.904475),2023-256558
2023,134800,Dearborn Station,Submitted,47 W. Polk Street,60605,,true,Loop,Other,145809,1885,1,,,5244965.6,5238550.8,,,,71.9,138.4,76.3,143,1012.1,6.9,41.879473,-87.635807,POINT (-87.635807 41.879473),2023-134800
2023,250008,Dawson Technical Institute,Submitted,3901 South State Street,60609,0.0,,Grand Boulevard,College/University,148655,1973,1,500,,8388927,1335470,,,,65.4,167.4,69.1,175,1192.6,8.02,41.802501,-87.594651,POINT (-87.594651 41.802501),2023-250008
2023,251485,Aspire Center,Not Covered 2024,5500 W Madison St,60644,,true,Austin,K-12 School,,,,,,,,,,,,,,,,,41.880898,-87.763814,POINT (-87.763814 41.880898),2023-251485
2023,101368,Addison Mall LLC,Submitted,2901-2949 W. Addison Avenue,60618,3.0,,Avondale,Strip Mall,68831,1988,1,,,3017902.9,4768745.4,,,,113.1,195.5,119.8,201.9,675.6,9.8,41.85837,-87.721336,POINT (-87.721336 41.85837),2023-101368
2023,254573,3755 at Oakwood Shores (Oakwood Shores 2C),Submitted,3753-3755 S. Cottage Grove,60653,1.0,,Oakland,Multifamily Housing,73000,2013,1,3592,15,3516937.4,4089400,,,,104.2,193.7,109.9,199.4,709.3,9.7,41.886339,-87.703668,POINT (-87.703668 41.886339),2023-254573
2023,251721,Payton HS,Submitted,1034 N Wells St,60610,1.0,,Near North Side,K-12 School,216475,2000,2,,29,8838332,7041999.9,,,,73.4,148.5,79.9,154.6,1610.7,7.4,41.992473,-87.655312,POINT (-87.655312 41.992473),2023-251721
2023,133059,Plaisance Apartments,Submitted,6104 S. Woodlawn Ave,60637,2.5,,Woodlawn,Multifamily Housing,57000,1920,1,,52,1057311.5,4943019.2,,,,105.3,143,114.2,152.3,410.5,7.2,41.89795,-87.624241,POINT (-87.624241 41.89795),2023-133059
2023,100396,St. Rita of Cascia High School,Submitted,7740 South Western Avenue,60620,3.5,,Ashburn,K-12 School,276408,1960,1,,75,4567689.6,12786399.9,,,,62.8,94.8,70.2,102.7,1318.3,4.8,41.923172,-87.699125,POINT (-87.699125 41.923172),2023-100396
2023,242586,The Pearson,Submitted,250 East Pearson St,60611,4.0,,Near North Side,Multifamily Housing,611963,2003,1,,97,10491359.8,13963618.5,,,,40,72,43.5,76.4,2209.6,3.6,41.886018,-87.630836,POINT (-87.630836 41.886018),2023-242586
2023,254074,2007 N Sedgwick Condominium,Submitted,2007 N Sedgwick,60614,4.0,,Lincoln Park,Multifamily Housing,50000,1978,1,,61,1883644.5,,,,,37.7,105.5,41.7,116.9,263.6,5.3,41.929464,-87.639404,POINT (-87.639404 41.929464),2023-254074
2023,250155,NMH 211 East Ontario,Submitted,211 East Ontario,60611,3.0,,Near North Side,Office,188172,1983,1,,65,10393740.1,,,,,55.2,154.7,58.6,164,1454.3,7.7,41.877432,-87.671768,POINT (-87.671768 41.877432),2023-250155
2023,159652,3500 N Lake Shore,Submitted,3500 N Lake Shore Drive,60657,4.0,,Lake View,Multifamily Housing,210000,1927,1,,95,2129366,9922849.6,,,,57.4,78,64.6,85.4,825,3.9,41.966284,-87.653491,POINT (-87.653491 41.966284),2023-159652
2023,159639,00806-Brookdale Lake Shore Drive,Submitted,2960 North Lake Shore Drive,60657,3.0,,Lake View,Multifamily Housing,436435,1988,1,16995,61,9230354.1,23951098.9,,,,76,116.8,83.4,124.7,2563.7,5.9,41.910516,-87.626371,POINT (-87.626371 41.910516),2023-159639
2023,251230,1448 North Lake Shore Drive Building Corporation,Submitted,1448 North Lake Shore Drive,60610,3.5,,Near North Side,Multifamily Housing,175440,1927,1,,74,2419839.5,10400972.2,,,,73.1,100.9,81.8,110.2,891,5.1,41.796426,-87.601384,POINT (-87.601384 41.796426),2023-251230
2023,135316,Belhaven Nursing & Rehabilitation Center,Submitted,11401 S. Oakley Ave,60643,1.0,,Morgan Park,Senior Living Community,69666,1984,1,,3,3261177,9105759.9,,,,177.5,268.3,191.8,282.2,940,13.5,41.951867,-87.645168,POINT (-87.645168 41.951867),2023-135316
2023,130758,The Regal,Submitted,651 S. Wells,60607,3.0,,Loop,Multifamily Housing,99552,1950,1,,67,3488885.1,,,,,35,98.1,38.3,107.3,488.2,4.9,41.879165,-87.642239,POINT (-87.642239 41.879165),2023-130758
2023,101549,Chicago Board Options Exchange,Not Covered 2024,400 S Lasalle St,60605,,true,Loop,Financial Office,,,,,,,,,,,,,,,,,41.988468,-87.655485,POINT (-87.655485 41.988468),2023-101549
2023,260037,5222 S Drexel,Submitted,5222 S Drexel Avenue,60615,4.0,,Hyde Park,Multifamily Housing,90479,1925,1,,96,973921,3232320,,,,46.5,67.7,50.9,73.1,308,3.4,41.885278,-87.627783,POINT (-87.627783 41.885278),2023-260037
2023,111959,Dickens Place Condominium Association,Not Submitted,2100  N Racine Ave,60614,0.0,,Lincoln Park,Residential,,,,,,,,,,,,,,,,,41.711427,-87.676784,POINT (-87.676784 41.711427),2023-111959
2023,172318,Las Moradas Apartments,Submitted,1307 N California,60622,1.0,,West Town,Multifamily Housing,65340,1983,1,2863,23,1901884.7,4335295.9,,,,95.5,151.2,102.8,158.9,496.4,7.6,41.893871,-87.615275,POINT (-87.615275 41.893871),2023-172318
2023,256557,1407 on Michigan (on042),Submitted,1407 S Michigan Ave # 100,60605,4.0,,Near South Side,Multifamily Housing,169766,2018,2,,86,5833594.1,,,,,34.4,96.2,34.1,95.4,780,4.6,41.878906,-87.644177,POINT (-87.644177 41.878906),2023-256557
2023,160296,The Pavilion,Submitted,5441 N. East River Road,60656,3.5,,Ohare,Multifamily Housing,1072297,1992,5,50593,73,12213106.1,74958050.8,,,,81.3,105.3,89.5,114,5690.2,5.3,41.929297,-87.643854,POINT (-87.643854 41.929297),2023-160296
2023,175190,Greenwood Village,Not Submitted,3931 3959 W 104th St,60655,0.0,,Mount Greenwood,Residential,,,,,,,,,,,,,,,,,41.886567,-87.624385,POINT (-87.624385 41.886567),2023-175190
2023,101715,The Franklin (227 West Monroe; 222 West Adams),Submitted,227 West Monroe,60606,4.0,,Loop,Office,2967721,1989,1,26833,88,105188224.8,418705.5,,,,35.6,99.4,37.4,104.6,14740.1,5,41.915974,-87.643446,POINT (-87.643446 41.915974),2023-101715
2023,101226,Montclare Senior Residences of Avalon Park Phase I,Submitted,1200 E. 78th Street,60619,4.0,,Avalon Park,Multifamily Housing,92610,2009,1,,84,1758770.7,3579864.2,,,,57.6,93.8,61.6,97.7,436.2,4.7,41.973235,-87.652652,POINT (-87.652652 41.973235),2023-101226
2023,172380,850 West Adams Lofts Condominium Association,Submitted,850 W. Adams St.,60607,4.0,,Near West Side,Multifamily Housing,129998,1925,1,,97,1506621.6,3985086.6,,,,42.2,64.6,48.6,71.5,422.5,3.2,41.896198,-87.631384,POINT (-87.631384 41.896198),2023-172380
2023,175236,,Not Submitted,4633 4645 N Kedzie Ave,60625,0.0,,Albany Park,Residential,,,,,,,,,,,,,,,,,41.959196,-87.654531,POINT (-87.654531 41.959196),2023-175236
2023,112437,415 Condominium Association,Submitted,415-421 W. Aldine Ave.,60657,4.0,,Lake View,Multifamily Housing,140000,1927,1,,93,1299599.4,7224220,,,,60.9,80.2,67.9,88.2,565.6,4,41.706596,-87.64754,POINT (-87.64754 41.706596),2023-112437
2023,254153,Terra Cotta Commons Condominium,Submitted,1760 W Wrightwood,60614,4.0,,Lincoln Park,Multifamily Housing,49960,1920,1,,82,730644.9,1919133.1,,,,53,81.3,59.6,87.9,204.2,4.1,41.895936,-87.618873,POINT (-87.618873 41.895936),2023-254153
2023,102285,Advocate Illinois Masonic Medical Center,Submitted,836 W. Wellington Avenue,60657,4.0,,Lake View,Hospital (General Medical & Surgical),1266745,1908,12,,99,64239379.6,117810879.9,,,,143.7,239.6,151.2,246.7,15245.8,12,41.872273,-87.632955,POINT (-87.632955 41.872273),2023-102285
2023,251602,Otoole Elementary -CPS,Not Covered 2024,6550 S Seeley Ave,60636,,true,West Englewood,K-12 School,,,,,,,,,,,,,,,,,41.88332,-87.634157,POINT (-87.634157 41.88332),2023-251602
2023,172788,Lake Meadows Building 4,Submitted,3440 S. Cottage Grove,60616,2.0,,Douglas,Multifamily Housing,105742,1954,1,,30,960598,12365180.1,,,,126,148.2,140.3,163.2,791.2,7.5,41.795334,-87.584272,POINT (-87.584272 41.795334),2023-172788
2023,103600,10 South LaSalle Street,Submitted,10 South Lasalle Street,60603,3.5,,Loop,Office,871962,1986,1,,75,38419338.1,590873.4,,,,44.7,124.1,47.6,132,5407,6.2,41.869404,-87.624837,POINT (-87.624837 41.869404),2023-103600
2023,251711,"Douglass, Frederick Academy HS -CPS",Not Covered 2024,543 N Waller Ave,60644,,true,Austin,K-12 School,,,,,,,,,,,,,,,,,41.890551,-87.767468,POINT (-87.767468 41.890551),2023-251711
2023,110848,Gordon Center for Integrative Science (GCIS),Submitted,929 East 57th Street,60637,1.0,,Hyde Park,Laboratory,479503,2005,1,42314,,90827805.3,84587,105535293.2,,,409.7,795.3,418.9,802.9,19720.5,41.1,41.898445,-87.627406,POINT (-87.627406 41.898445),2023-110848
2023,251418,Hitch,Submitted,5625 N Mcvicker Ave,60646,3.0,,Norwood Park,K-12 School,82050,1926,2,,46,2728579.8,1545790,,,,52.1,112.9,58.3,122.3,463.9,5.7,41.89808,-87.623946,POINT (-87.623946 41.89808),2023-251418
2023,160450,Sono East - CO (ss78),Submitted,840 West Blackhawk Street,60642,4.0,,Near North Side,Multifamily Housing,317997,2012,1,10689,76,6451945.8,15490090.7,,,,69,108,75.7,115,1725.5,5.4,41.736154,-87.625704,POINT (-87.625704 41.736154),2023-160450
2023,173764,Saint Luke Church & Academy,Not Submitted,1500 W Belmont Ave,60657,0.0,,Lake View,Other - Education,,,,,,,,,,,,,,,,,41.936454,-87.641282,POINT (-87.641282 41.936454),2023-173764
2023,254369,Therapeutic Youth Home,Not Submitted,3640 W Fillmore St,60624,0.0,,North Lawndale,,,,,,,,,,,,,,,,,,41.801674,-87.685644,POINT (-87.685644 41.801674),2023-254369
2023,251328,John T. Richardson Library,Submitted,2350 N. Kenmore,60614,4.0,,Lincoln Park,College/University,187000,1990,1,,,5771953.4,5451216.1,,,,60,117,65.2,121.8,1097.1,5.9,41.787889,-87.598478,POINT (-87.598478 41.787889),2023-251328
2023,252021,CICS Basil,Submitted,1816 W. Garfield Blvd.,60609,3.0,,New City,K-12 School,57350,1956,1,,70,1328046,2529800.2,,,,67.3,111.2,76.4,120.7,320.2,5.6,41.934538,-87.651647,POINT (-87.651647 41.934538),2023-252021
2023,103495,,Not Submitted,7465  S South Shore Dr,60649,0.0,,South Shore,Residential,,,,,,,,,,,,,,,,,41.879171,-87.641796,POINT (-87.641796 41.879171),2023-103495
2023,251605,Fulton Elementary -CPS,Not Covered 2024,5300 S Hermitage Ave,60609,,true,New City,K-12 School,,,,,,,,,,,,,,,,,41.903649,-87.640463,POINT (-87.640463 41.903649),2023-251605
2023,251644,Beaubien,Submitted,5025 N Laramie Ave,60630,4.0,,Jefferson Park,K-12 School,117451,1905,3,,62,1428522.5,6977370.2,,,,71.6,96.4,90.3,116.1,570.5,4.9,41.946058,-87.70823,POINT (-87.70823 41.946058),2023-251644
2023,105533,Fairfield Hall-ID#105533,Submitted,6228-6240 N Winthrop Ave,60660,4.0,,Edgewater,Residence Hall/Dormitory,56200,1968,1,1186,82,1162359.2,2719968.7,,,,69.1,108.7,77.6,117.7,307.1,5.5,41.887529,-87.632647,POINT (-87.632647 41.887529),2023-105533
2023,255937,710 W. Grand Apartments,Submitted,710 W. Grand,60654,3.5,,West Town,Multifamily Housing,89919,2016,1,,58,2130837.3,5067330.5,,,,80.1,125.5,88.4,133.5,567.3,6.3,41.884602,-87.627614,POINT (-87.627614 41.884602),2023-255937
2023,256639,619 S LaSalle,Submitted,619 S Lasalle St,60605,1.5,,Loop,Multifamily Housing,112000,2015,1,,35,2499594.3,7522529.3,,,,89.5,133,94.2,137.7,749.3,6.7,41.881645,-87.63221,POINT (-87.63221 41.881645),2023-256639
2023,254151,Astor Villa Condominium Association,Submitted,1430 N Astor,60610,4.0,,Near North Side,Multifamily Housing,111150,1976,1,,78,3851707.1,664335,,,,40.6,103.3,45.6,116.5,574.2,5.2,41.871596,-87.675821,POINT (-87.675821 41.871596),2023-254151
2023,250122,Swedish Hospital Campus,Submitted,5145 North California,60625,2.0,,Lincoln Square,Mixed Use Property,799492,1918,10,,44,86507841.6,81381766.3,,,,210,409.9,214.6,415.6,16426.7,20.5,41.714554,-87.681721,POINT (-87.681721 41.714554),2023-250122
2023,159103,Chestnut Tower (ch084),Submitted,121 W Chestnut St,60610,2.0,,Near North Side,Multifamily Housing,234615,2001,1,9055,49,5776424.1,13386730.1,,,,81.7,128.8,90.5,137.1,1519.3,6.5,41.818206,-87.604061,POINT (-87.604061 41.818206),2023-159103
2023,251946,1010 Lake Shore Drive,Submitted,1010 N Lake Shore Drive,60611,1.0,,Near North Side,Multifamily Housing,275000,1928,1,,3,13030827,17783246.5,,,,112.1,200.6,120.4,208.4,2767.8,10.1,41.883286,-87.641747,POINT (-87.641747 41.883286),2023-251946
2023,256427,Herman Hall,Not Submitted,3241 S Federal Street,60616,0.0,,Douglas,Commercial,,,,,,,,,,,,,,,,,41.867502,-87.624275,POINT (-87.624275 41.867502),2023-256427
2023,111157,3963 W. Belmont,Submitted,3963 W. Belmont Avenue,60618,1.5,,Avondale,Multifamily Housing,250000,1924,1,,34,5413196.4,11393833.6,,,,67.2,108.5,72.5,113.5,1362.6,5.5,41.890111,-87.622104,POINT (-87.622104 41.890111),2023-111157
2023,100317,C5504WAB (22251),Submitted,5504 S Wabash Ave,60637,2.5,,Washington Heights,Multifamily Housing,72332,1904,1,4375,60,644479.1,6019959.8,,,,92.1,112.3,104.5,125.1,409.9,5.7,41.845953,-87.68562,POINT (-87.68562 41.845953),2023-100317
2023,158426,Hampton Inn & Suites Chicago - Downtown,Submitted,33 W Illinois,60654,2.0,,Near North Side,Hotel,160000,1999,1,,42,5829856,13687599.9,,,,122,191.8,129.2,199,1542.7,9.6,41.871917,-87.627493,POINT (-87.627493 41.871917),2023-158426
2023,162409,Lutheran School of Theology at Chicago,Not Covered 2024,1100 E 55th St,60615,,true,Hyde Park,Commercial,,,,,,,,,,,,,,,,,41.879616,-87.639765,POINT (-87.639765 41.879616),2023-162409
2023,175679,240 N Ashland Avenue,Submitted,240 N Ashland Avenue,60607,3.5,,Near West Side,Office,80000,1916,1,,76,3164016.8,981266.4,,,,51.8,123.6,56.4,136.4,494.8,6.2,41.832718,-87.627754,POINT (-87.627754 41.832718),2023-175679
2023,101560,IL0054ZZ - CLARK FEDERAL BLDG,Submitted,536 S Clark Street,60605,1.5,,Loop,Office,635978,1912,1,6460,40,31036300.6,36400078.4,,,,106,196.7,112,202.3,6276,9.9,41.781667,-87.64473,POINT (-87.64473 41.781667),2023-101560
2023,125148,Shop & Save Market - Archer,Submitted,5829 S. Archer Ave.,60638,2.0,,Garfield Ridge,Supermarket/Grocery Store,67169,1985,1,,46,8685712,6750573.3,,,,229.8,467.6,236.7,474,1519.9,22.6,41.921353,-87.673667,POINT (-87.673667 41.921353),2023-125148
2023,257027,Bryn Mawr Place 1 Condominium Association,Submitted,8711 W Bryn Mawr Ave,60631,4.0,,O'Hare,Multifamily Housing,91800,2004,1,,89,1344472.2,5177699.2,,,,71,100.2,79.8,108.5,463.1,5,41.885205,-87.763212,POINT (-87.763212 41.885205),2023-257027
2023,253958,Peterson Lofts Condominium Association,Submitted,523 S. Plymouth Ct.,60605,4.0,,Loop,Multifamily Housing,82500,1915,1,,94,1184661.1,2668318.3,,,,46.7,74.2,52.9,81,307.5,3.7,41.985242,-87.655389,POINT (-87.655389 41.985242),2023-253958
2023,251496,"Sumner Math & Science Community Acad, Charles -CPS",Not Covered 2024,4320 W 5th Ave,60624,,true,West Garfield Park,K-12 School,,,,,,,,,,,,,,,,,41.78584,-87.599068,POINT (-87.599068 41.78584),2023-251496
2023,255927,Kedzie Property,Submitted,4447 N Kedzie,60625,4.0,,Albany Park,Multifamily Housing,61706,2018,1,1346,98,1128442.1,1575525.6,,,,43.8,78,47.1,81.2,241.6,3.9,41.983886,-87.655342,POINT (-87.655342 41.983886),2023-255927
2023,257030,Canal Crossing Condominiums,Submitted,2322 S Canal St,60616,4.0,,Near North Side,Multifamily Housing,54536,2010,1,,87,1329965.1,2693599.8,,,,73.8,120.1,84,137.9,329.2,6,41.920334,-87.670865,POINT (-87.670865 41.920334),2023-257030
2023,251360,Armour,Submitted,950 W 33rd Pl,60608,1.5,,Bridgeport,K-12 School,51568,1901,1,,33,1412656.7,2479520.1,,,,75.5,127.2,87.7,141.5,329.4,6.4,41.89384,-87.637248,POINT (-87.637248 41.89384),2023-251360
2023,256125,Arlo Chicago,Submitted,"168 N Michigan Ave , Arlo Chicago",60601,1.0,,Loop,Hotel,99279,1912,1,5580,,6850430.2,8478830.7,,,,154.4,282.9,166.3,295.4,1408.9,14.2,41.894701,-87.643067,POINT (-87.643067 41.894701),2023-256125
2023,103611,Clark-Adams,Not Covered 2024,105 W Adams St,60603,,true,Loop,Office,,,,,,,,,,,,,,,,,41.802609,-87.586114,POINT (-87.586114 41.802609),2023-103611
2023,252318,The Broadmoor Apartments,Submitted,7600 N. Bosworth Ave.,60626,4.0,,Rogers Park,Multifamily Housing,130365,1922,1,,94,1426843.9,4928329.3,,,,48.7,70.3,53.5,75.7,461.4,3.5,41.885254,-87.624635,POINT (-87.624635 41.885254),2023-252318
2023,250134,231 South LaSalle,Submitted,231 S. Lasalle Street,60604,4.0,,Loop,Office,1181159,1924,1,1036,89,22381502,18860742.8,,10701816.1,,44,78.1,43.9,78.5,4924.1,4.2,41.766758,-87.719508,POINT (-87.719508 41.766758),2023-250134
2023,173776,Commonwealth on the Park Apartments,Not Submitted,331  W Oakdale Ave,60657,0.0,,Lake View,Residential,,,,,,,,,,,,,,,,,41.88562,-87.62576,POINT (-87.62576 41.88562),2023-173776
2023,251362,Prosser HS,Submitted,2148 N Long Ave,60639,1.0,,Belmont Cragin,K-12 School,209971,1918,3,,7,10664427.1,13891340.2,,,,116.9,211.7,129.2,227.9,2230,10.6,41.909996,-87.726395,POINT (-87.726395 41.909996),2023-251362
2023,251679,Lowell Elementary -CPS,Not Covered 2024,3320 W Hirsch St,60651,,true,Humboldt Park,K-12 School,,,,,,,,,,,,,,,,,41.935632,-87.783552,POINT (-87.783552 41.935632),2023-251679
2023,172167,Ironwood Court Apartments,Submitted,6015 S. Indiana,60637,3.5,,Washington Heights,Multifamily Housing,70292,1915,1,,74,1224569.3,2814343.6,,,,57.5,90.8,71.2,107.5,320.8,4.6,41.925504,-87.63906,POINT (-87.63906 41.925504),2023-172167
2023,251253,(IL611) - 700 W. Van Buren Condo (700 W. Van Buren),Submitted,700 W. Van Buren,60607,4.0,,Near West Side,Multifamily Housing,123090,2001,1,,73,3085584,4578479.8,,,,62.3,109.2,69.6,118.3,674.9,5.5,41.886624,-87.641479,POINT (-87.641479 41.886624),2023-251253
2023,160300,750 N. Rush,Submitted,750 N. Rush,60611,3.0,,Near North Side,Multifamily Housing,325000,1992,1,,67,7153241.5,16095785.6,,,,71.5,113.6,79.3,122.5,1855.8,5.7,41.870501,-87.628446,POINT (-87.628446 41.870501),2023-160300
2023,119504,The Promenade Condominium Association,Submitted,1201 W Adams,60607,3.0,,Near West Side,Multifamily Housing,84000,2001,1,,46,3345930.3,3625986.4,,,,83,156.9,89.7,166.6,660.8,7.9,41.859023,-87.720574,POINT (-87.720574 41.859023),2023-119504
2023,175494,,Not Submitted,1415 N Dayton St,60642,0.0,,Near North Side,Commercial,,,,,,,,,,,,,,,,,41.794088,-87.60151,POINT (-87.60151 41.794088),2023-175494
2023,251497,Burke Elementary -CPS,Not Covered 2024,5356 S King Dr,60615,,true,Washington Park,K-12 School,,,,,,,,,,,,,,,,,41.888741,-87.637081,POINT (-87.637081 41.888741),2023-251497
2023,160237,134 N. LaSalle LLC,Submitted,134 N. Lasalle Street,60602,3.5,,Loop,Office,204321,1926,1,,74,6460298,11292176.1,,,,86.9,146.6,92.8,152.1,1503.7,7.4,41.89591,-87.620219,POINT (-87.620219 41.89591),2023-160237
2023,244791,(IL0669) - Chandler (450 E Waterside Dr.),Submitted,450 E Waterside Dr.,60601,3.0,,Loop,Multifamily Housing,472824,2007,1,,62,11086098.2,22325657.3,,,,70.7,115.2,75.2,119.5,2737,5.8,41.810561,-87.603771,POINT (-87.603771 41.810561),2023-244791
2023,251344,"03470AS - Chicago, IL",Submitted,3570 North Elston,60618,3.5,,Avondale,Supermarket/Grocery Store,55024,1983,1,0,53,8763997.8,4628100.2,,,,243.4,534.3,252.3,541.8,1472.1,26.8,41.925701,-87.640005,POINT (-87.640005 41.925701),2023-251344
2023,252036,Bartlett Commons,Submitted,5640 S. University Ave,60637,3.0,,Hyde Park,Social/Meeting Hall,69250,1904,1,,,4099499.3,939481,6360617.1,2139060.2,,195.5,318.6,207.4,335.9,1158.6,16.7,41.932442,-87.680605,POINT (-87.680605 41.932442),2023-252036
2023,103965,447-457 W. Wellington Ave.,Submitted,455 W. Wellington Ave.,60657,2.5,,Lake View,Multifamily Housing,51574,1967,1,,53,779130.9,3281147.8,,,,78.7,109.1,85.2,115.3,283.3,5.5,41.885842,-87.625455,POINT (-87.625455 41.885842),2023-103965
2023,158405,250 South Wacker Drive,Submitted,250 S Wacker Dr,60606,4.0,,Loop,Office,251826,1958,1,414,84,6673790.2,6128149.9,,,,50.8,99.8,56.6,105.8,1259.3,5,41.885238,-87.627782,POINT (-87.627782 41.885238),2023-158405
2023,254317,Buck City Lofts,Submitted,1740 N Maplewood Ave,60647,4.0,,Logan Square,Multifamily Housing,95000,2001,1,,67,1756824.5,3741001.3,,,,57.9,93.1,64.4,100.8,444.5,4.7,41.87431,-87.625487,POINT (-87.625487 41.87431),2023-254317
2023,159510,Presidential Towers (ps19;presto),Submitted,555 West Madison St,60661,3.0,,Near West Side,Multifamily Housing,2109909,1986,4,90201,64,49140692.9,106073382.8,,,,73.6,118,78.9,123.3,12509.8,5.9,41.952837,-87.650975,POINT (-87.650975 41.952837),2023-159510
2023,251524,Air Force Academy (Abbott Elementary ) -CPS,Not Covered 2024,3630 S Wells St,60609,,true,Armour Square,K-12 School,,,,,,,,,,,,,,,,,41.828225,-87.633135,POINT (-87.633135 41.828225),2023-251524
2023,114200,The Park Astor Condominium,Submitted,1515 N Astor,60610,2.5,,Near North Side,Multifamily Housing,107200,1968,1,,56,2421763.2,4864984.2,,,,68,110.9,74.8,117.7,597.3,5.6,41.891279,-87.614108,POINT (-87.614108 41.891279),2023-114200
2023,105488,The Bryn,Submitted,5600 Sheridan,60660,1.0,,Edgewater,Multifamily Housing,123287,1965,1,,17,2710949.3,12627392.5,,,,124.4,169.1,143,188.3,1050,8.5,41.85229,-87.639813,POINT (-87.639813 41.85229),2023-105488
2023,255930,811 W Fulton,Submitted,803 W Fulton Market,60607,1.0,,Near West Side,Office,64877,2018,1,1,25,4108621.2,4046677.9,,,,125.7,242.8,134.6,252.2,789.8,12.2,41.896412,-87.629918,POINT (-87.629918 41.896412),2023-255930
2023,254172,Regis Hall-ID#254172,Submitted,6340 N Winthrop Ave,60626,3.5,,Edgewater,Residence Hall/Dormitory,122000,2005,1,4496,72,3690015.3,4042947.1,,,,63.4,119.5,69.5,125,731,6,41.88719,-87.656699,POINT (-87.656699 41.88719),2023-254172
2023,173805,Parvenu Condominium Association,Submitted,1000 W. Leland Ave.,60642,4.0,,Uptown,Multifamily Housing,143218,2004,1,,,2231151.3,3931118.9,,,,43,72.4,48.1,77.9,521,3.6,41.906547,-87.710233,POINT (-87.710233 41.906547),2023-173805
2023,119055,CHICAGO BRICKYARD (1924),Submitted,6525 W Diversey Ave,60707,3.5,,Belmont Cragin,Retail Store,139940,2004,1,1257,78,6365089.6,3112200,,,,67.7,150.7,71.9,153.2,1055.9,7.5,41.889873,-87.714379,POINT (-87.714379 41.889873),2023-119055
2023,252057,Foster Hall,Submitted,1130 East 59th Street,60637,2.5,,Hyde Park,Office,28067,1893,1,906,52,517060.1,,2247991.9,,,98.5,147.9,107.2,158.3,221.6,7.9,41.884309,-87.64503,POINT (-87.64503 41.884309),2023-252057
2023,119323,1976 - LINCOLN PARK,Submitted,2665 N Halsted St,60614,1.0,,Lincoln Park,Retail Store,80069,2003,1,472,19,6567407.3,2533900,,,,113.7,262.9,119.2,268.7,1053.5,13.2,41.993818,-87.793081,POINT (-87.793081 41.993818),2023-119323
2023,250175,Catalpa Gardens Condominium Association,Submitted,1122 W. Catalpa Avenue,60640,1.0,,Edgewater,Multifamily Housing,163945,2007,1,5298,28,5232895.1,10337449.9,,,,95,155.6,106.4,168.9,1281.3,7.8,41.781378,-87.587999,POINT (-87.587999 41.781378),2023-250175
2023,227730,4300 Marine Drive Condominium Association,Submitted,4300 N. Marine Dr.,60613,3.5,,Uptown,Multifamily Housing,193880,1930,1,,80,1765578.4,11427485.5,,,,68,87.4,73.6,93.3,854,4.4,41.772514,-87.569582,POINT (-87.569582 41.772514),2023-227730
2023,254389,Freedom Center,Submitted,825 N. Christiana,60651,1.0,,Humboldt Park,Residence Hall/Dormitory,184000,2015,1,,29,9715383.1,12964899.7,,,,123.3,221.8,133,231.6,2048,11.1,41.886059,-87.654339,POINT (-87.654339 41.886059),2023-254389
2023,173773,530 W. Diversey,Submitted,530 W. Diversey Pkwy,60614,3.5,,Lake View,Multifamily Housing,50864,1921,1,,60,1160198.1,3289499.9,,,,87.5,131.8,94.3,138.9,337.1,6.6,41.885796,-87.629646,POINT (-87.629646 41.885796),2023-173773
2023,120624,2641 West Harrison,Submitted,2641 W. Harrison Street,60612,2.0,,East Garfield Park,Other,55754,2007,1,,,3861284.6,1365811.2,,,,93.8,219.6,100.3,226.5,612.8,11,41.894448,-87.726203,POINT (-87.726203 41.894448),2023-120624
2023,175884,,Not Submitted,315 N Racine Ave,60607,0.0,,Near West Side,Commercial,,,,,,,,,,,,,,,,,41.793553,-87.641345,POINT (-87.641345 41.793553),2023-175884
2023,250058,MARTIN LUTHER KING COMMUNITY CENTER,Submitted,4314 S. Cottage Grove Ave.,60653,1.0,,Grand Boulevard,Other - Entertainment/Public Assembly,56687,1975,1,,,3552874.2,3313780.2,,,,121.1,236.9,133.3,248.2,673.1,11.9,41.953104,-87.661414,POINT (-87.661414 41.953104),2023-250058
2023,113764,State Tower CA,Submitted,1230 N State Street,60610,2.0,,Near North Side,Multifamily Housing,144671,1979,1,,49,3147594.5,10193925.4,,,,92.2,134.9,101.2,143.9,981.9,6.8,42.015222,-87.684258,POINT (-87.684258 42.015222),2023-113764
2023,253986,430 W Erie Street,Submitted,430 W Erie Street,60654,4.0,,Near North Side,Office,58700,1950,1,,73,2185738.1,2143099.9,,,,73.7,142.6,81.2,149.4,419.7,7.1,41.861514,-87.623872,POINT (-87.623872 41.861514),2023-253986
2023,120137,1950 - SOUTH LOOP,Submitted,1300 S Clinton St,60607,3.5,,Near West Side,Retail Store,107122,2007,1,1125,55,6631498.3,1195399.9,,,,73.1,185.1,79.8,198.8,991.4,9.3,41.903288,-87.6287,POINT (-87.6287 41.903288),2023-120137
2023,242264,Malibu East Condominium,Submitted,6033 N Sheridan Rd,60660,2.5,,Edgewater,Multifamily Housing,987600,1972,1,,60,39095796.1,,,,,39.6,110.8,44.2,123.8,5470.3,5.5,41.882821,-87.693016,POINT (-87.693016 41.882821),2023-242264
2023,174294,351 W Hubbard Street,Submitted,351 W Hubbard Street,60654,2.0,,Near North Side,Office,172100,1950,1,,47,8808077.9,5805774.2,,,,84.9,178.7,84.9,178.7,1540.8,9,42.010522,-87.661309,POINT (-87.661309 42.010522),2023-174294
2023,237422,Kingsbury on the Park,Submitted,653 N. Kingsbury Street,60654,2.0,,Near North Side,Multifamily Housing,278000,2003,1,,48,7232020.6,12527459.9,,,,71.1,120.2,76.8,125.9,1677.3,6,41.834573,-87.626355,POINT (-87.626355 41.834573),2023-237422
2023,175895,BVM Hall/SES-ID#175895,Submitted,6364 N Sheridan Rd,60660,4.0,,Edgewater,Office,110000,1959,1,378,83,3994428.1,210596.9,,,,38.2,103.7,40.5,110,570.1,5.2,41.967376,-87.654882,POINT (-87.654882 41.967376),2023-175895
2023,115046,4200 Marine Drive Condominium Association,Submitted,4200 N Marine Dr,60613,1.5,,Uptown,Multifamily Housing,114400,1957,1,,33,1633677.4,7170919.3,,,,77,105.8,84.8,113.8,609.5,5.3,41.850145,-87.638611,POINT (-87.638611 41.850145),2023-115046
2023,172798,Hales Franciscan,Not Submitted,4930 S Cottage Grove Ave,60615,0.0,,Grand Boulevard,K-12 School,,,,,,,,,,,,,,,,,41.815658,-87.633697,POINT (-87.633697 41.815658),2023-172798
2023,251560,Hampton,Submitted,3434 W 77th St,60652,1.0,,Ashburn,K-12 School,98776,2000,1,,12,4556692.1,3644300.5,,,,83,167.9,90.7,175.9,831.1,8.4,41.715664,-87.639269,POINT (-87.639269 41.715664),2023-251560
2023,160277,208 S La Salle Whole Building,Not Submitted,208 S Lasalle St,60604,0.0,,Loop,Hotel,,,,,,,,,,,,,,,,,41.870195,-87.702162,POINT (-87.702162 41.870195),2023-160277
2023,256767,,Not Covered 2024,146 W Erie St,60654,,true,Near North Side,,,,,,,,,,,,,,,,,,41.903311,-87.634606,POINT (-87.634606 41.903311),2023-256767
2023,157469,(IL0444) - VB 1224 Lofts CA (1224 W. Van Buren),Submitted,1224 W. Van Buren,60607,2.5,,Near West Side,Multifamily Housing,299177,2007,1,,60,5178283.8,13895907.8,,,,63.8,97.2,70.7,104.3,1462.6,4.9,41.803309,-87.585669,POINT (-87.585669 41.803309),2023-157469
2023,254099,Powell,Submitted,7511 S South Shore Dr,60649,2.0,,South Shore,K-12 School,113516,2010,1,,45,3278017.8,3467500.2,,,,59.4,112.9,63.4,117.2,642.8,5.7,41.881479,-87.631015,POINT (-87.631015 41.881479),2023-254099
2023,251320,"03376AS - Chicago, IL",Submitted,370 N. Des Plaines,60661,3.0,,West Town,Supermarket/Grocery Store,65000,2008,1,346,65,7815035.7,6732500.2,,,,223.8,445.4,236.6,457.6,1451.1,22.3,41.712909,-87.5923,POINT (-87.5923 41.712909),2023-251320
2023,239042,400 North LaSalle Condominium Association,Submitted,400 N. Lasalle Drive,60654,3.0,,Near North Side,Multifamily Housing,597736,2003,1,,62,12254830.6,23488014.9,,,,59.8,98.7,65.7,104.5,2962.3,5,41.990729,-87.682979,POINT (-87.682979 41.990729),2023-239042
2023,103314,Evergreen Tower I,Submitted,1333 N. Cleveland Ave,60610,2.0,,Near North Side,Multifamily Housing,91507,1970,1,,47,3577037.1,1152766.3,,,,51.7,122.7,55.4,132.4,561.7,6.1,41.854535,-87.627268,POINT (-87.627268 41.854535),2023-103314
2023,254051,04750 - NEW CITY 14,Submitted,1515 N Clybourn Ave Ste C301,60610,1.0,,Near North Side,Movie Theater,51370,2000,1,,,5362469.8,827550,,,,120.5,309.2,128.6,326.8,794.3,15.5,41.909205,-87.626239,POINT (-87.626239 41.909205),2023-254051
2023,244592,(IL593) - Harbor View Condo Assoc (1901 S. Calumet),Submitted,1901 S. Calumet,60616,3.5,,Near South Side,Multifamily Housing,419203,2009,1,,74,10306032.4,17617794.1,,,,66.6,113,71.5,117.3,2377.8,5.7,41.790346,-87.616019,POINT (-87.616019 41.790346),2023-244592
2023,172707,,Not Submitted,4006 4016 N Austin Ave,60634,0.0,,Portage Park,Residential,,,,,,,,,,,,,,,,,41.744281,-87.5429,POINT (-87.5429 41.744281),2023-172707
2023,252071,Library Tower Condo Association,Submitted,520 S State Street,60605,4.0,,Loop,Multifamily Housing,363761,2008,1,,89,6582009.6,10437928.9,,,,46.8,80.8,51.7,86.5,1475.4,4.1,41.878342,-87.626675,POINT (-87.626675 41.878342),2023-252071
2023,105596,Commonwealth Apartments LLC,Submitted,2751-2765 N. Pine Grove Ave.,60614,2.5,,Lincoln Park,Multifamily Housing,101893,1927,1,,55,3180450.8,4165047.2,,,,72.1,130.3,76.5,134.3,666.2,6.5,41.799788,-87.650255,POINT (-87.650255 41.799788),2023-105596
2023,158184,33 West Monroe,Submitted,33 W. Monroe Street,60603,3.0,,Loop,Office,1085869,1980,1,2249,61,47752649.5,,,9494640.4,,52.7,131.1,55.7,140.6,7181.9,6.6,41.803911,-87.704001,POINT (-87.704001 41.803911),2023-158184
2023,119419,Haugan Middle (Aspira Charter),Not Covered 2024,3729 W Leland Ave,60625,,true,Albany Park,Commercial,,,,,,,,,,,,,,,,,41.966235,-87.722013,POINT (-87.722013 41.966235),2023-119419
2023,251586,Lasalle II,Submitted,1148 N Honore St,60622,2.0,,West Town,K-12 School,92173,1894,2,,50,1289837.4,6027079.9,,,,79.4,107.8,95,124.2,500.6,5.4,41.808047,-87.704119,POINT (-87.704119 41.808047),2023-251586
2023,105785,Poinsettia Apartments,Not Submitted,5528 5530 S Hyde Park Blvd,60637,0.0,,Hyde Park,Residential,,,,,,,,,,,,,,,,,42.004997,-87.67073,POINT (-87.67073 42.004997),2023-105785
2023,254995,4 East Elm,Submitted,4 East Elm Street,60611,3.5,,Near North Side,Multifamily Housing,195383,2016,1,,71,5155112.9,5375000.1,,,,53.9,102.8,58.4,108,1006.8,5.2,41.932954,-87.64273,POINT (-87.64273 41.932954),2023-254995
2023,231486,Waterford Condominium,Submitted,4170 N Marine Drive,60613,2.0,,Uptown,Multifamily Housing,335787,1973,1,,42,13814193.9,7228525.3,,,,62.7,137.8,69.6,151.8,2316.8,6.9,41.949576,-87.690892,POINT (-87.690892 41.949576),2023-231486
2023,251929,600 S Michigan,Submitted,600 S Michigan,60605,3.0,,Loop,College/University,175129,1960,1,7358,,8993581.8,5245634.8,,,,81.3,175.2,89.6,186.3,1537,8.8,41.853078,-87.622384,POINT (-87.622384 41.853078),2023-251929
2023,117014,227-Senior Suites-Belmont Cragin,Submitted,6045 West Grand Avenue,60639,4.0,,Belmont Cragin,Senior Living Community,60000,1996,1,4890,91,1377130.9,1596900,,,,49.6,92.2,49.8,92.7,277.5,4.6,41.910934,-87.643033,POINT (-87.643033 41.910934),2023-117014
2023,254062,Prairie Avenue Lofts,Submitted,221 East Cullerton Street,60616,3.0,,Near South Side,Multifamily Housing,182450,1910,1,,66,4257648.6,7397562.6,,,,63.9,107.9,69.7,115.1,988.6,5.4,41.859641,-87.62412,POINT (-87.62412 41.859641),2023-254062
2023,173725,,Not Covered 2024,2140  N Lincoln Park West,60614,,true,Lincoln Park,Residential,,,,,,,,,,,,,,,,,41.900598,-87.62846,POINT (-87.62846 41.900598),2023-173725
2023,103716,Palmer House a Hilton Hotel (CHIPH),Submitted,17 E. Monroe Street,60603,3.0,,Loop,Hotel,1695000,1925,3,,65,56200648.1,125396901.8,-4352626.6,-1317655.8,,103.8,166.7,109.3,172.2,14165.6,8.4,41.73331,-87.544515,POINT (-87.544515 41.73331),2023-103716
2023,238910,(IL505) - Lake Point Tower Condominium Association (505 N. Lake Shore Drive),Submitted,505 N. Lake Shore Drive,60611,2.5,,Near North Side,Multifamily Housing,1558561,1968,1,,53,51752649.1,28117493.8,,,,51.2,111.9,56.1,123.2,8734.7,5.6,41.874862,-87.629363,POINT (-87.629363 41.874862),2023-238910
2023,105608,513-519 W. Briar Pl.,Submitted,515 W. Briar,60642,1.5,,Lake View,Multifamily Housing,50736,1932,1,,36,769320.7,3728894.5,,,,88.7,119.6,101.7,132.9,305.7,6,41.765103,-87.658212,POINT (-87.658212 41.765103),2023-105608
2023,172711,242-Senior Suites Chicago Wright Campus,Submitted,4255 N Oak Pak Ave,60634,2.0,,Dunning,Senior Living Community,54800,2013,1,,49,879047.2,1772100,,,,48.4,78.9,53.8,84.1,217.1,4,41.975896,-87.83677,POINT (-87.83677 41.975896),2023-172711
2023,251243,333 N Jefferson Condo Association,Submitted,333 N Jefferson Street,60661,4.0,,Near West Side,Multifamily Housing,63803,1999,1,,88,1326745.5,2356516.7,,,,57.7,97,63.5,102.6,310.8,4.9,41.91003,-87.628996,POINT (-87.628996 41.91003),2023-251243
2023,251749,Webster -CPS,Not Covered 2024,4055 W Arthington St,60624,,true,West Garfield Park,K-12 School,,,,,,,,,,,,,,,,,41.981219,-87.83765,POINT (-87.83765 41.981219),2023-251749
2023,175943,Chicago Teachers Union Foundation,Submitted,1901 W. Carroll,60612,4.0,,Near West Side,Office,110192,1912,1,1049,92,2765405.6,1837463.2,,,,41.8,87.8,44.5,90.6,484.5,4.4,41.908406,-87.685431,POINT (-87.685431 41.908406),2023-175943
2023,251867,Talcott,Submitted,1840 W Ohio St,60622,2.0,,West Town,K-12 School,127371,1895,2,,47,2260630.8,7475249.6,,,,76.4,111.3,89.7,125.2,713.4,5.6,41.78596,-87.594087,POINT (-87.594087 41.78596),2023-251867
2023,251639,Kilmer,Submitted,6700 N Greenview Ave,60626,3.5,,Rogers Park,K-12 School,106366,1930,2,,73,2489173.4,1942450.2,,,,41.7,84.7,44.6,86.8,451.5,4.2,41.766603,-87.566324,POINT (-87.566324 41.766603),2023-251639
2023,165062,Adler Planetarium,Submitted,1300 S. Lake Shore Dr.,60605,2.0,,Near South Side,Museum,175000,1930,1,,,10762549.9,5039000.1,,,,90.3,202.4,96.7,208.5,1773.5,10.1,41.881841,-87.633255,POINT (-87.633255 41.881841),2023-165062
2023,100393,"CHICAGO, IL-1542",Submitted,7601 S Cicero Ave,60652,4.0,,West Lawn,Retail Store,198596,1965,1,428,92,5031482.7,355593,,,,27.1,72.8,27.4,73,722.9,3.6,41.80646,-87.704075,POINT (-87.704075 41.80646),2023-100393
2023,253995,Acorn Loftominium Association,Not Submitted,1017 W Washington Blvd,60607,0.0,,Near West Side,Residential,,,,,,,,,,,,,,,,,41.883266,-87.638761,POINT (-87.638761 41.883266),2023-253995
2023,257063,New Hampton Inn & Suites,Not Covered 2024,710 S Seeley Ave,60612,,true,Near West Side,Commercial,,,,,,,,,,,,,,,,,41.872876,-87.678252,POINT (-87.678252 41.872876),2023-257063
2023,160373,360 W Hubbard Joint Venture LLC,Submitted,360 W Hubbard Street,60654,3.0,,Near North Side,Multifamily Housing,500332,2013,1,,64,13877359.5,17988664.9,,,,63.7,115.4,68.1,120.5,2897.2,5.8,41.897739,-87.620895,POINT (-87.620895 41.897739),2023-160373
2023,251661,Burnside Scholastic Academy -CPS,Not Covered 2024,648 E 91st Pl,60619,,true,Chatham,K-12 School,,,,,,,,,,,,,,,,,41.90856,-87.646453,POINT (-87.646453 41.90856),2023-251661
2023,250032,California Park / McFetridge,Not Submitted,3843 N California Ave,60618,0.0,,Irving Park,Other - Recreation,,,,,,,,,,,,,,,,,41.995413,-87.658527,POINT (-87.658527 41.995413),2023-250032
2023,251474,Audubon,Submitted,3500 N Hoyne Ave,60618,4.0,,North Center,K-12 School,72489,1894,4,,62,1044710,3756060.1,,,,66.2,94.8,76.2,105.2,345.7,4.8,41.997133,-87.72785,POINT (-87.72785 41.997133),2023-251474
2023,101989,330 WELLS OWNER LLC,Submitted,330 S. Wells Street,60606,3.5,,Loop,Multifamily Housing,97930,2019,1,,58,3679084.8,3701099.5,,,,75.4,144.9,82.4,158.5,711.4,7.3,41.946539,-87.702085,POINT (-87.702085 41.946539),2023-101989
2023,254382,William Eckhardt Research Center (ERC),Submitted,5640 S. Ellis Ave.,60637,2.0,,Hyde Park,Laboratory,284391,2015,1,10868,,41912993.4,,38355661.7,53223393.4,,469.4,745.2,471.2,749.2,11216.1,39.4,41.977062,-87.674289,POINT (-87.674289 41.977062),2023-254382
2023,260042,Arrive Streeterville,Submitted,333 E Ontario Street,60611,1.0,,Near North Side,Multifamily Housing,861541,1971,2,40937,6,30844421.4,72377792.6,,,,119.8,188.5,129.6,197.9,8160.1,9.5,41.869849,-87.630656,POINT (-87.630656 41.869849),2023-260042
2023,136212,1155 E 60th Street,Submitted,1155 East 60th St,60637,4.0,,Woodlawn,College/University,185815,1954,1,3081,,3361536.2,,8529231.5,,,64,105.9,68.2,110.9,1036.7,5.6,41.873844,-87.702021,POINT (-87.702021 41.873844),2023-136212
2023,257092,,Not Covered 2024,6623 S Dr Martin L King Jr Dr,60637,,true,Woodlawn,Commercial,,,,,,,,,,,,,,,,,41.65759,-87.613041,POINT (-87.613041 41.65759),2023-257092
2023,101718,70 W Madison,Submitted,70 W. Madison St,60602,3.5,,Loop,Office,1601760,1981,1,,73,72985960.8,488265.1,,,,45.9,127.9,48.8,136.2,10238.1,6.4,41.900814,-87.621053,POINT (-87.621053 41.900814),2023-101718
2023,121286,The CMP Chicago Business Center,Not Submitted,2600 W 35th St,60632,0.0,,Brighton Park,Commercial,,,,,,,,,,,,,,,,,41.968997,-87.765215,POINT (-87.765215 41.968997),2023-121286
2023,103780,LondonHouse Chicago,Submitted,85 E Upper Wacker Dr,60601,1.5,,Loop,Hotel,390430,2016,1,15912,32,13815543.2,23953229.9,,,,96.7,163.5,100.7,168,3205.3,8.2,41.925331,-87.663122,POINT (-87.663122 41.925331),2023-103780
2023,250131,Yards Burlington,Not Covered 2024,4510 S Damen Ave,60609,,true,New City,Retail Store,,,,,,,,,,,,,,,,,41.871355,-87.633404,POINT (-87.633404 41.871355),2023-250131
2023,256647,,Not Submitted,2356 East 70th Street,60649,0.0,,South Shore,Residential,,,,,,,,,,,,,,,,,41.772561,-87.646127,POINT (-87.646127 41.772561),2023-256647
2023,105619,529 West Wellington,Submitted,529 - 41 West Wellington Avenue,60657,3.0,,Lake View,Multifamily Housing,80064,1925,1,,69,830197.6,4111182,,,,61.7,82.9,67.2,88.7,334.5,4.2,41.885945,-87.653462,POINT (-87.653462 41.885945),2023-105619
2023,156021,717 N Michigan Avenue,Submitted,717 N Michigan Avenue,60611,2.0,,Near North Side,Other,61612,1965,1,85,,1040944.3,4876500,,,,96,130.4,110.8,145.9,404.7,6.6,41.950173,-87.644548,POINT (-87.644548 41.950173),2023-156021
2023,175858,,Not Submitted,1201 1213 W Leland Ave,60640,0.0,,Uptown,Residential,,,,,,,,,,,,,,,,,41.881627,-87.649752,POINT (-87.649752 41.881627),2023-175858
2023,103962,,Not Submitted,2828  N Cambridge Ave,60657,0.0,,Lake View,Residential,,,,,,,,,,,,,,,,,41.86946,-87.660956,POINT (-87.660956 41.86946),2023-103962
2023,159513,Atwater Apartments (gl31) (tz40),Submitted,355 East Ohio Street,60611,1.0,,Near North Side,Multifamily Housing,573707,2008,1,21371,8,23983495.9,29457580.3,,,,93.2,171,99.2,177.3,4920.4,8.6,41.860324,-87.625316,POINT (-87.625316 41.860324),2023-159513
2023,156373,225 W. Ohio,Submitted,225 W. Ohio,60654,4.0,,Near North Side,Office,60892,1907,1,184,90,1280093.7,1214965.8,,,,41,79.8,44.7,83.7,243.6,4,41.964154,-87.757704,POINT (-87.757704 41.964154),2023-156373
2023,102544,"Olive-Harvey College - South Side Learning Center - Board of Trustees, Community",Submitted,10001 South Woodlawn Ave,60628,0.0,,Pullman,College/University,2925925,1981,1,162649,,18812003.1,18959851.7,,,,12.9,24.8,13.9,26,3522.3,1.2,41.855615,-87.62288,POINT (-87.62288 41.855615),2023-102544
2023,254616,333 N. Green,Submitted,333 N. Green,60607,4.0,,Near West Side,Office,622736,2019,1,5485,77,30138738.7,3973300,,,,54.8,142.2,58,149,4428,7.1,41.937822,-87.640994,POINT (-87.640994 41.937822),2023-254616
2023,157280,Noble SOuare Cooperative,Submitted,1165 N Milwaukee,60642,2.5,,West Town,Multifamily Housing,284850,1969,1,,57,4777223.4,21405130.5,,,,91.9,125.9,101.5,137.7,1805.4,6.3,41.685446,-87.621661,POINT (-87.621661 41.685446),2023-157280
2023,165143,Chicago Historical Society,Not Submitted,1601 N Clark St,60614,0.0,,Lincoln Park,Museum,,,,,,,,,,,,,,,,,41.982958,-87.725751,POINT (-87.725751 41.982958),2023-165143
2023,159740,"Sunnyside Properties, LLC",Submitted,840 W Sunnyside,60640,3.0,,Uptown,Multifamily Housing,118274,1968,1,,64,1743036.6,8950618.9,,,,90.4,120.7,98.2,128.9,719.3,6.1,41.851044,-87.63482,POINT (-87.63482 41.851044),2023-159740
2023,130634,Academy of General Dentistry,Submitted,560 - 566 W. Lake,60661,3.5,,Near West Side,Office,113151,1920,1,,75,5342644.1,,,,,47.2,132.2,51.1,143.1,747.5,6.6,41.991071,-87.656697,POINT (-87.656697 41.991071),2023-130634
2023,127079,35 N. State,Submitted,35 N. State,60602,1.0,,Loop,Retail Store,60000,1998,1,,23,3916853.7,1395360.1,,,,88.5,207.2,97.2,216.3,622.2,10.4,41.874372,-87.62438,POINT (-87.62438 41.874372),2023-127079
2023,172771,Harrison Street Lofts Condominium Association,Submitted,80 W. Harrison St.,60605,3.0,,Loop,Multifamily Housing,142500,1925,1,,68,2417735.2,4646959.4,,,,49.6,81.7,55.1,88.1,585.1,4.1,41.891118,-87.614385,POINT (-87.614385 41.891118),2023-172771
2023,256250,Balmoral Plaza Condominium,Submitted,2606-2610 W Balmoral Ave,60625,3.5,,Lincoln Square,Multifamily Housing,52200,1948,1,,71,686066.9,3539657.2,,,,81,108,91.4,118.6,284,5.4,41.785189,-87.620457,POINT (-87.620457 41.785189),2023-256250
2023,256656,Logan Vistas Apartments,Not Submitted,2600 North Kedzie Ave,60647,0.0,,Logan Square,Residential,,,,,,,,,,,,,,,,,41.844373,-87.641314,POINT (-87.641314 41.844373),2023-256656
2023,253996,(IL695) - The Pierre Condominium (2100 N. Lincoln Park West),Submitted,2100 N. Lincoln Park West,60614,3.0,,Lincoln Park,Multifamily Housing,190335,1916,1,,69,3388674.2,11844862.4,,,,80,115.2,86.7,121.8,1103.3,5.8,41.974732,-87.655114,POINT (-87.655114 41.974732),2023-253996
2023,254997,Linkt Apartments,Submitted,830 North Milwaukee,60642,4.0,,West Town,Multifamily Housing,54068,2017,1,,88,1425190.2,1079146.8,,,,46.3,94.8,49.3,98.4,256.7,4.7,41.760437,-87.557212,POINT (-87.557212 41.760437),2023-254997
2023,156500,Flat Iron Building,Not Submitted,1579 N. Milwaukee Avenue,60622,0.0,,West Town,Office,,,,,,,,,,,,,,,,,41.925501,-87.639179,POINT (-87.639179 41.925501),2023-156500
2023,101671,,Not Submitted,6101 6115 N Seeley Ave,60659,0.0,,West Ridge,Residential,,,,,,,,,,,,,,,,,41.835282,-87.623201,POINT (-87.623201 41.835282),2023-101671
2023,102238,Park West Condominium,Submitted,444 W Fullerton Pkwy,60614,1.0,,Lincoln Park,Multifamily Housing,192329,1971,1,,13,5958093.8,16622020.7,,,,117.4,177.5,127.2,187.3,1716.5,8.9,41.986537,-87.655138,POINT (-87.655138 41.986537),2023-102238
2023,251265,(IL0515) - 3150 North Sheridan Road Condominium (3150 N Sheridan Rd ),Submitted,3150 N Sheridan Rd,60657,4.0,,Lake View,Multifamily Housing,263400,1974,1,,78,7863298.9,1615847.4,,,,36,90,39.8,100.6,1186.1,4.5,41.89668,-87.620128,POINT (-87.620128 41.89668),2023-251265
2023,251377,Hurley,Submitted,3849 W 69th Pl,60629,1.0,,West Lawn,K-12 School,55250,1953,5,,7,2280741.2,3690609.9,,,,108.1,185.7,122.1,202.2,515.1,9.3,41.99651,-87.655731,POINT (-87.655731 41.99651),2023-251377
2023,251382,Ogden ES,Submitted,24 W Walton St,60610,3.0,,Near North Side,K-12 School,132724,2011,1,,66,3311919.5,2611019.7,,,,44.6,90.5,51.4,99.5,602.1,4.5,41.873988,-87.672997,POINT (-87.672997 41.873988),2023-251382
2023,251698,Bradwell,Submitted,7736 S Burnham Ave,60649,4.0,,South Shore,K-12 School,143266,1895,4,,77,1671378.5,6335740.5,,,,55.9,79.1,64,88.4,570.4,4,41.8899,-87.672571,POINT (-87.672571 41.8899),2023-251698
2023,257179,CHCXILCW_IB00100005568/OB8292/2011 W HASTINGS ST/CHICAGO/IL,Submitted,2011 W Hastings St,60608,4.0,,Near West Side,Office,206000,2000,1,221,96,1621225.4,8354400.4,,,,48.4,64.6,58.7,76.6,670.6,3.3,41.863932,-87.67681,POINT (-87.67681 41.863932),2023-257179
2023,105011,Kenwin Venture LLLP,Submitted,5439-5443 N Kenmore,60640,4.0,,Edgewater,Multifamily Housing,52237,1929,1,,74,1548801.7,842761.4,,,,45.8,100,49.7,110.3,261.5,5,41.971449,-87.650506,POINT (-87.650506 41.971449),2023-105011
2023,250129,300 North LaSalle,Submitted,300 N Lasalle,60654,3.5,,Near North Side,Office,1506959,2007,1,9447,71,73487958.1,4609920.5,,,,51.8,139.8,53.7,145,10527.3,7,41.941311,-87.639729,POINT (-87.639729 41.941311),2023-250129
2023,251874,Stagg,Submitted,7424 S Morgan St,60621,2.0,,Englewood,K-12 School,68227,1969,1,,48,980629.2,4545230,,,,81,110.2,95.3,125.3,378.6,5.5,41.989491,-87.669871,POINT (-87.669871 41.989491),2023-251874
2023,260029,Blackstone Court LLC,Submitted,5724-5734 S. Blackstone Ave.,60637,4.0,,Hyde Park,Multifamily Housing,52272,1926,1,,90,385459.7,2681964.5,,,,58.7,74.5,64.6,80.6,196.4,3.8,41.893919,-87.624086,POINT (-87.624086 41.893919),2023-260029
2023,256681,,Not Submitted,1112 S Wabash Avenue,60605,0.0,,Loop,Commercial,,,,,,,,,,,,,,,,,41.889193,-87.628195,POINT (-87.628195 41.889193),2023-256681
2023,101794,225 W Wacker,Not Submitted,225 W Wacker Dr,60606,0.0,,Loop,Office,,,,,,,,,,,,,,,,,41.680332,-87.662585,POINT (-87.662585 41.680332),2023-101794
2023,116536,4101 S Calumet Avenue,Submitted,4101 S Calumet Avenue,60653,1.0,,Grand Boulevard,Multifamily Housing,57850,1950,1,,20,1263804.7,5405389,,,,115.3,159.3,126.3,170.6,463.9,8,41.8819,-87.624507,POINT (-87.624507 41.8819),2023-116536
2023,252088,Pueblo Commons Condominium Association,Submitted,8444 W Wilson Ave,60656,4.0,,Ohare,Multifamily Housing,216000,1960,4,,98,684089,9943000,,,,49.2,57.2,56.2,64.5,623.8,2.9,41.956909,-87.769631,POINT (-87.769631 41.956909),2023-252088
2023,251598,Joplin,Submitted,7931 S Honore St,60620,1.0,,Auburn Gresham,K-12 School,77483,1957,1,,20,2346029.8,4649259.8,,,,90.3,147.8,102.5,160.7,575.2,7.4,41.97106,-87.709425,POINT (-87.709425 41.97106),2023-251598
2023,111687,2120 Lincoln Park West Condo Association,Submitted,2120 N Lincoln Park West,60614,1.0,,Lincoln Park,Multifamily Housing,57509,2001,1,,,2236268,3285867.7,,,,96,168.9,100.7,173.2,487.4,8.5,41.91277,-87.736348,POINT (-87.736348 41.91277),2023-111687
2023,251432,"Brown Elementary, William H -CPS",Not Covered 2024,54 N Hermitage Ave,60612,,true,Near West Side,K-12 School,,,,,,,,,,,,,,,,,41.902909,-87.629808,POINT (-87.629808 41.902909),2023-251432
2023,176015,Wentworth Condos,Submitted,2734 South Wentworth Avenue,60616,4.0,,Armour Square,Multifamily Housing,63983,2004,1,,90,1706658.5,1585169.8,,,,51.4,100.7,57.6,108,323,5,41.799778,-87.604074,POINT (-87.604074 41.799778),2023-176015
2023,126258,Belmont and Central; A&G Fresh Market,Not Submitted,5630 W Belmont Ave,60634,0.0,,Portage Park,Supermarket/Grocery Store,,,,,,,,,,,,,,,,,41.881965,-87.626793,POINT (-87.626793 41.881965),2023-126258
2023,250108,Vivian Carter Apartments,Submitted,6401 S. Yale Ave,60621,2.5,,Englewood,Multifamily Housing,150136,1971,1,,54,3919399.8,8666700.5,,,,83.8,133.7,89.7,139.9,1008.7,6.7,41.893236,-87.650019,POINT (-87.650019 41.893236),2023-250108
2023,159419,"Fifth Praire Shores, LLC",Submitted,2801 S King Drive,60616,1.0,,Douglas,Multifamily Housing,289267,1960,1,,16,4595288.9,32538498.3,,,,128.4,162.6,141.8,176.8,2342.7,8.1,41.880525,-87.651693,POINT (-87.651693 41.880525),2023-159419
2023,114120,1169 S Plymouth Condominium Association,Submitted,1169 S Plymouth,60605,2.5,,Loop,Multifamily Housing,120000,1978,1,,54,4034815.6,3830468.7,,,,65.5,127.7,71.2,138.1,768,6.4,41.717096,-87.552529,POINT (-87.552529 41.717096),2023-114120
2023,254053,1255 N. State Parkway Condominium Association,Submitted,1255 N State Parkway,60610,2.5,,Near North Side,Multifamily Housing,110000,1923,1,,60,1884875,4547539.7,,,,58.5,91.4,63.1,96.2,505.3,4.6,41.9847,-87.65537,POINT (-87.65537 41.9847),2023-254053
2023,102029,Drexel Grand,Submitted,5220 S Drexel Avenue,60615,2.0,,Hyde Park,Multifamily Housing,53092,1926,1,,50,1938689.3,657287.2,,,,48.9,115.2,53.3,126.7,306.2,5.8,41.815935,-87.689685,POINT (-87.689685 41.815935),2023-102029
2023,119128,440 North Wells Street,Submitted,440 North Wells Street,60654,3.0,,Near North Side,Office,112671,1905,1,,70,4084410,3799930.4,,,,70,136.9,75.1,142.3,773.3,6.9,41.910291,-87.677096,POINT (-87.677096 41.910291),2023-119128
2023,175882,Supermall,Not Submitted,5220 S Pulaski Rd,60632,0.0,,West Elsdon,Other - Mall,,,,,,,,,,,,,,,,,41.864859,-87.656767,POINT (-87.656767 41.864859),2023-175882
2023,251944,820 S Michigan,Submitted,820 S Michigan Ave,60605,1.0,,Loop,Multifamily Housing,112941,1949,1,,18,6774714.5,17507.1,,,,60.1,168.1,64.8,181.1,948.8,8.4,41.882969,-87.65122,POINT (-87.65122 41.882969),2023-251944
2023,105478,"Granville Apartments, LLC",Submitted,6230 N Kenmore Ave,60660,4.0,,Edgewater,Multifamily Housing,147000,1947,1,,91,1913974.6,9114060.6,,,,75,101.6,86.4,113.5,751.9,5.1,41.934966,-87.770165,POINT (-87.770165 41.934966),2023-105478
2023,251490,Dulles,Submitted,6311 S Calumet Ave,60637,1.0,,Greater Grand Crossing,K-12 School,70786,1962,1,,16,1409964.7,6846170.2,,,,116.6,157.3,135.8,177.1,560.9,7.9,41.904698,-87.641075,POINT (-87.641075 41.904698),2023-251490
2023,256556,,Not Submitted,727 W Madison St,60661,0.0,,Near West Side,,,,,,,,,,,,,,,,,,41.79855,-87.617457,POINT (-87.617457 41.79855),2023-256556
2023,251542,Mosaic,Submitted,6710 N Washtenaw Ave,60645,2.0,,West Ridge,K-12 School,92344,1927,3,,47,1507431.9,5860589.7,,,,79.8,112.3,99.1,132.6,522.2,5.7,41.970178,-87.659849,POINT (-87.659849 41.970178),2023-251542
2023,111893,Chicago Transit Authority - 120 N. Racine,Submitted,120 North Racine,60607,4.0,,Near West Side,Office,125763,1994,1,,98,6301263.4,5840910.9,,,,96.5,189.1,96.5,189.1,1191.9,9.5,41.934434,-87.640447,POINT (-87.640447 41.934434),2023-111893
2023,206858,3240 North Lake Shore Drive,Submitted,3240 North Lake Shore Drive,60657,4.0,,Lake View,Multifamily Housing,254911,1928,1,,97,2582751,15460485.4,,,,70.8,92.1,80.1,101.6,1182.6,4.6,41.882813,-87.660682,POINT (-87.660682 41.882813),2023-206858
2023,251870,Portage Park,Submitted,5330 W Berteau Ave,60641,3.5,,Portage Park,K-12 School,145775,1915,2,,59,2792435.4,6357299.9,,,,62.8,99.4,74,111.3,728.4,5,41.913588,-87.682203,POINT (-87.682203 41.913588),2023-251870
2023,162209,St. Edmund's Episcopal Church,Not Submitted,6105 S Michigan Ave,60637,0.0,,Washington Park,K-12 School,,,,,,,,,,,,,,,,,41.892094,-87.61157,POINT (-87.61157 41.892094),2023-162209
2023,165730,The Womens Treatment Center,Not Covered 2024,140 N Ashland Ave,60607,,true,Near West Side,Residence Hall/Dormitory,,,,,,,,,,,,,,,,,41.793506,-87.585756,POINT (-87.585756 41.793506),2023-165730
2023,251588,"Taylor, Douglas -CPS",Not Covered 2024,9912 S Avenue H,60617,,true,East Side,K-12 School,,,,,,,,,,,,,,,,,41.95161,-87.698026,POINT (-87.698026 41.95161),2023-251588
2023,251725,Sauganash,Submitted,6040 N Kilpatrick Ave,60646,1.0,,Forest Glen,K-12 School,68612,1929,4,,29,2464709.4,2266129.9,,,,69,135.3,76.1,142.8,465.2,6.8,41.924497,-87.644522,POINT (-87.644522 41.924497),2023-251725
2023,172130,Canterbury Court Apartments,Submitted,1220 N State Parkway,60610,2.5,,Near North Side,Multifamily Housing,99680,1928,1,,51,1814651.5,9083997,,,,109.3,146.7,122.2,160.7,736.4,7.4,41.878582,-87.638579,POINT (-87.638579 41.878582),2023-172130
2023,238799,Sixty Thirty Condominium Association,Not Submitted,6030 N Sheridan Rd,60660,0.0,,Edgewater,Multifamily Housing,,,,,,,,,,,,,,,,,41.933998,-87.708044,POINT (-87.708044 41.933998),2023-238799
2023,256734,Burroughs,Submitted,3542 S Washtenaw Ave,60632,1.0,,Brighton Park,K-12 School,53251,1893,2,,25,1626681.2,2710630.2,,,,81.5,139,91.7,152.2,371.6,7,41.961937,-87.650972,POINT (-87.650972 41.961937),2023-256734
2023,136845,US Bank -- Englewood,Not Submitted,815 W 63rd St,60621,0.0,,Englewood,Bank Branch,,,,,,,,,,,,,,,,,41.764373,-87.722519,POINT (-87.722519 41.764373),2023-136845
2023,147895,,Not Submitted,2472  W Foster,60625,0.0,,Lincoln Square,Residential,,,,,,,,,,,,,,,,,41.794725,-87.585544,POINT (-87.585544 41.794725),2023-147895
2023,164517,Saint Vincent Center,Submitted,721 N Lasalle Street,60654,3.0,,Near North Side,Office,94254,1926,1,,62,3143707.6,6967976.3,,,,107.3,171,118.2,181.9,810,8.6,41.856852,-87.730491,POINT (-87.730491 41.856852),2023-164517
2023,173683,The Ardus,Submitted,676 N Lasalle Dr,60654,2.0,,Near North Side,Multifamily Housing,137230,2018,1,,50,4491441.8,4074136.8,,,,62.4,122.8,70.9,135,844.8,6.2,41.903313,-87.627423,POINT (-87.627423 41.903313),2023-173683
2023,117248,Alpha Tower Apartments,Submitted,936 E. 47th Street,60653,1.0,,Kenwood,Multifamily Housing,136957,1983,1,,19,4195646.7,8477017,,,,92.5,150.8,101.2,161.6,1037.3,7.6,41.931187,-87.764797,POINT (-87.764797 41.931187),2023-117248
2023,257068,,Not Covered 2024,868 N Wells St,60610,,true,Near North Side,Residential,,,,,,,,,,,,,,,,,41.898579,-87.634612,POINT (-87.634612 41.898579),2023-257068
2023,254365,Wolf Point West,Not Submitted,326 N Orleans St,60654,0.0,,Near North Side,,,,,,,,,,,,,,,,,,41.776038,-87.641863,POINT (-87.641863 41.776038),2023-254365
2023,257043,43 Green Phase I (gr635),Submitted,4308 S Calument Ave,60653,4.0,,Grand Boulevard,Multifamily Housing,94405,2023,1,,87,1969315.8,2751188.1,,,,50,89,55.3,94.6,421.7,4.5,41.816431,-87.618685,POINT (-87.618685 41.816431),2023-257043
2023,241007,(IL411) - ParkView at River East Condos (505 N McClurg Ct),Submitted,505 N Mcclurg Ct,60611,1.0,,Near North Side,Multifamily Housing,437074,2008,1,,19,14763372,20729202.2,,,,81.2,144.4,87.3,151.8,3166.7,7.2,41.765437,-87.576433,POINT (-87.576433 41.765437),2023-241007
2023,243920,Newberry Plaza Condominium Association,Submitted,1030 N State Street,60610,2.5,,Near North Side,Multifamily Housing,758456,1970,1,,51,18892367.6,33903960.3,,,,69.6,116.7,75.9,122.7,4444.2,5.9,41.942898,-87.697778,POINT (-87.697778 41.942898),2023-243920
2023,101705,AlgonOuin #4,Submitted,1607 E. 50th Street,60615,1.0,,Kenwood,Multifamily Housing,59310,1950,1,,12,1692293.8,5219639.9,,,,116.5,172.3,124.4,180.5,514,8.7,41.930711,-87.640948,POINT (-87.640948 41.930711),2023-101705
2023,252219,Jackson Tower Condominium Association Inc,Submitted,5555 S Everett Ave,60637,1.5,,Hyde Park,Multifamily Housing,157000,1932,1,,31,1742506.6,13025244.6,,,,94.1,118.2,104.7,129.2,935.6,6,42.003492,-87.660961,POINT (-87.660961 42.003492),2023-252219
2023,158429,623 S Wabash,Submitted,623 S Wabash,60605,4.0,,Loop,College/University,206130,1960,0,1178,,7371887.9,3812302.4,,,,54.3,119.6,58.2,123.7,1234,6,41.964287,-87.662223,POINT (-87.662223 41.964287),2023-158429
2023,240338,Lakeside on the Park Condominium Association,Submitted,1250 S Indiana,60605,4.0,,Near South Side,Multifamily Housing,207520,2004,1,,85,4119843.7,8076261.6,,,,58.8,96.5,66,105,1005.4,4.8,41.758764,-87.576369,POINT (-87.576369 41.758764),2023-240338
2023,255947,CA Washington,Submitted,27 N. Aberdeen Street,60607,3.0,,Near West Side,Multifamily Housing,178875,2018,1,,68,3014083.9,4684203.4,,,,43,74.7,46.3,78.7,670.5,3.7,41.874595,-87.718136,POINT (-87.718136 41.874595),2023-255947
2023,251727,Virtual Academy HS / ES,Submitted,1326 W 14th Pl,60608,4.0,,Near West Side,K-12 School,159140,1906,1,,74,3210927.4,5524730.2,,,,54.9,92.9,62.6,101.1,742.7,4.7,41.831596,-87.627931,POINT (-87.627931 41.831596),2023-251727
2023,159738,4100 Marine Dr,Submitted,4100 N Marine Dr,60613,3.0,,Uptown,Multifamily Housing,249600,1964,1,,62,7405496.3,6488834.3,,,,55.7,110.4,61.9,122.1,1380.8,5.5,41.876746,-87.649599,POINT (-87.649599 41.876746),2023-159738
2023,176020,Hyde Park Bank,Not Submitted,1515 - 1531 E 53rd St,60615,0.0,,Hyde Park,Commercial,,,,,,,,,,,,,,,,,41.887862,-87.625413,POINT (-87.625413 41.887862),2023-176020
2023,239739,1212 Lake Shore Drive Condominium,Submitted,1212 N Lake Shore Drive,60610,2.0,,Near North Side,Multifamily Housing,381912,1969,1,,45,17138126.4,1560320.3,,,,49,129.9,54.3,142.6,2480.8,6.5,41.984666,-87.807073,POINT (-87.807073 41.984666),2023-239739
2023,173620,Horwitz & Co.,Not Submitted,651 W Washington Blvd,60661,0.0,,Near West Side,Office,,,,,,,,,,,,,,,,,41.978973,-87.836734,POINT (-87.836734 41.978973),2023-173620
2023,101791,55 West Monroe,Submitted,55 West Monroe,60603,4.0,,Loop,Office,895765,1980,1,14156,77,33041057.1,,,,,36.9,103.3,39.9,111.6,4623.1,5.2,41.993112,-87.711574,POINT (-87.711574 41.993112),2023-101791
2023,119685,ECD Streeterville Hotel LLC,Submitted,216 E. Ontario,60611,1.0,,Near North Side,Hotel,89000,2001,1,,11,5656097.5,2742600.6,,,,94.4,210.3,94.4,210.3,937.1,10.5,41.9392,-87.650239,POINT (-87.650239 41.9392),2023-119685
2023,257085,,Not Covered 2024,6044 N Winthrop Ave,60660,,true,Edgewater,,,,,,,,,,,,,,,,,,41.99195,-87.658605,POINT (-87.658605 41.99195),2023-257085
2023,251710,Clark Academic Prep HS -CPS,Not Covered 2024,5101 W Harrison St,60644,,true,Austin,K-12 School,,,,,,,,,,,,,,,,,41.87239,-87.752789,POINT (-87.752789 41.87239),2023-251710
2023,254375,Pulaski Promenade,Submitted,4064-4200 South Pulaski Road,60632,3.0,,Archer Heights,Strip Mall,114822,2016,1,,,5336239.5,7068442.3,,,,108,194.8,107.5,193.4,1122.1,9.8,41.891888,-87.647765,POINT (-87.647765 41.891888),2023-254375
2023,251731,Hibbard,Submitted,3244 W Ainslie St,60625,3.5,,Albany Park,K-12 School,169900,1916,2,,59,3361830,7140289.8,,,,61.8,99.5,71.5,109.7,849.6,5,41.917652,-87.635769,POINT (-87.635769 41.917652),2023-251731
2023,175984,,Not Submitted,1140  N Lasalle St,60610,0.0,,Near North Side,Residential,,,,,,,,,,,,,,,,,41.894903,-87.620744,POINT (-87.620744 41.894903),2023-175984
2023,252051,Chess Lofts Condominium,Not Submitted,320 E 21st St,60616,0.0,,Near South Side,Residential,,,,,,,,,,,,,,,,,41.936162,-87.663543,POINT (-87.663543 41.936162),2023-252051
2023,252301,1934 N. Washtenaw CA,Submitted,1934 N. Washtenaw Avenue,60647,3.5,,Logan Square,Multifamily Housing,84012,2001,1,,73,1636276.2,3544111.7,,,,61.7,98.8,65.5,102.7,417.2,5,41.885145,-87.654315,POINT (-87.654315 41.885145),2023-252301
2023,256437,Tech Park South,Not Submitted,3450 S State Street,60616,0.0,,Douglas,Commercial,,,,,,,,,,,,,,,,,41.924018,-87.697542,POINT (-87.697542 41.924018),2023-256437
2023,101894,,Not Submitted,7600 7612 S South Shore Dr,60649,0.0,,South Shore,Residential,,,,,,,,,,,,,,,,,41.972946,-87.655067,POINT (-87.655067 41.972946),2023-101894
2023,175683,"3176AS - Chicago, IL",Submitted,9400 S. Ashland Ave,60620,4.0,,Washington Heights,Supermarket/Grocery Store,66467,1991,1,1516,86,7198337.3,,,,,108.3,303.2,107.8,301.7,1007.2,15.2,41.899031,-87.628192,POINT (-87.628192 41.899031),2023-175683
2023,167562,Lincoln Park HS,Submitted,2001 N Orchard St,60614,3.5,,Lincoln Park,K-12 School,341821,1899,4,,73,5256503.3,16488949.9,,,,63.6,93.7,73.5,104.1,1611.3,4.7,41.917608,-87.696433,POINT (-87.696433 41.917608),2023-167562
2023,257099,The Porter,Not Covered 2024,2411 N Lincoln Ave,60614,,true,Lincoln Park,Residential,,,,,,,,,,,,,,,,,41.925794,-87.648932,POINT (-87.648932 41.925794),2023-257099
2023,105790,Uptown Regency,Submitted,5050 N. Sheridan Rd.,60660,1.0,,Uptown,Multifamily Housing,115533,1928,1,,27,2354611.3,10544545.2,,,,111.6,152.9,126.7,168,889.5,7.7,41.765791,-87.663967,POINT (-87.663967 41.765791),2023-105790
2023,159326,Hilliard Homes Phase II Limited Partnership (Family),Submitted,2030 S State St,60616,2.5,,Near South Side,Multifamily Housing,173883,1966,1,,57,3472597.7,11738206,,,,87.5,126.8,95.1,134.5,1109.4,6.4,41.873955,-87.628536,POINT (-87.628536 41.873955),2023-159326
2023,251788,HighSchool_StFrancisdeSalesHS,Submitted,10155 S. Ewing Ave.,60652,2.0,,East Side,K-12 School,92238,1950,1,,48,1162949.7,6550800.1,,,,83.6,109.9,93.8,121.1,510.7,5.5,41.91883,-87.748479,POINT (-87.748479 41.91883),2023-251788
2023,102556,Gateway Apartments (Sneider Apartments),Submitted,7450 N Rogers,60626,1.0,,Rogers Park,Multifamily Housing,97200,2003,1,6057,18,3238510.2,6696499.7,,,,102.3,165.7,112.7,174.1,808.8,8.3,41.883612,-87.656843,POINT (-87.656843 41.883612),2023-102556
2023,251260,The Belmont by Reside,Submitted,3170 North Sheridan Road,60657,3.5,,Lake View,Multifamily Housing,475020,1924,1,8798,76,7410026.7,18690442.1,,,,54.9,85,59.5,90,2029.5,4.3,41.902815,-87.624772,POINT (-87.624772 41.902815),2023-251260
2023,256561,2031-37 N Milwaukee LLC,Submitted,2025 N Milwaukee,60647,4.0,,Logan Square,Multifamily Housing,69905,2020,1,,96,1449176.3,1544732.6,,,,42.8,81.2,47.1,90,284.8,4.1,41.90465,-87.634361,POINT (-87.634361 41.90465),2023-256561
2023,251356,Johnson Elementary -CPS,Not Covered 2024,1504 S Albany Ave,60623,,true,North Lawndale,K-12 School,,,,,,,,,,,,,,,,,41.892466,-87.636548,POINT (-87.636548 41.892466),2023-251356
2023,173250,Clark Manor,Submitted,7433 N. Clark Street,60626,1.5,,Rogers Park,Senior Living Community,58875,1974,1,,40,3571774.2,9297830.1,,,,218.6,335.7,234.1,348.3,993.6,16.9,41.895158,-87.650636,POINT (-87.650636 41.895158),2023-173250
2023,160392,1120 N. LaSalle Apartments,Submitted,1120 N. Lasalle,60610,2.5,,Near North Side,Multifamily Housing,204845,1988,1,5354,39,4883931.9,14262836.4,,,,93.5,139.9,100.7,146.8,1440.9,7,41.869256,-87.624277,POINT (-87.624277 41.869256),2023-160392
2023,244600,One Museum Park West Condominium Association,Submitted,1201 S Prairie Ave,60605,2.5,,Near South Side,Multifamily Housing,651328,2008,1,,59,17672255.7,27950087,,,,70,121,76.4,129.7,3957.3,6.1,41.881986,-87.725855,POINT (-87.725855 41.881986),2023-244600
2023,251285,Misericordia Home,Submitted,6300 N. Ridge Ave.,60660,,true,West Ridge,Mixed Use Property,717710,1950,31,,,26983184.9,45859632.6,,,,101.5,172.4,110,180.5,6211.3,8.7,41.877654,-87.658647,POINT (-87.658647 41.877654),2023-251285
2023,172385,Marillac Soical Center,Submitted,212 South Francisco Ave,60612,2.0,,East Garfield Park,Pre-school/Daycare,104000,1995,1,,,6855691.2,515714.8,,,,70.9,189.8,70.9,189.8,986.6,9.5,41.993783,-87.657074,POINT (-87.657074 41.993783),2023-172385
2023,253984,311 W Superior Street,Submitted,311 W Superior Street,60654,4.0,,Near North Side,Office,94000,1950,1,,81,2967930.5,2569599.7,,,,58.9,117.1,64.3,122.3,551.8,5.9,41.767318,-87.691728,POINT (-87.691728 41.767318),2023-253984
2023,101812,One North Dearborn,Submitted,1-17 N. Dearborn Street,60602,4.0,,Loop,Office,1088373,1904,1,2576,86,33128265.4,5062.4,,12475079.7,,41.9,95.7,43.9,102.2,5293,4.9,41.793055,-87.601488,POINT (-87.601488 41.793055),2023-101812
2023,159647,The Van der Rohe,Not Submitted,2933 N Sheridan Rd,60657,0.0,,Lake View,Residential,,,,,,,,,,,,,,,,,41.939309,-87.6934,POINT (-87.6934 41.939309),2023-159647
2023,254037,"(IL659) - Willow SOuare (Campus) (1728 N. Damen, 212 W St Paul)",Submitted,1728 N. Damen,60647,4.0,,West Town,Multifamily Housing,152026,1928,2,,92,3372597.1,2153778.9,,,,36.4,77,39.4,80.9,586.3,3.9,41.887893,-87.665661,POINT (-87.665661 41.887893),2023-254037
2023,159091,Continental Plaza,Submitted,1330 W 76th Street,60620,1.5,,Auburn Gresham,Multifamily Housing,203603,2006,1,15721,40,5464131,3405699.9,,,,43.9,93,47.7,101.2,945.4,4.6,41.893316,-87.628261,POINT (-87.628261 41.893316),2023-159091
2023,251287,SpringHill Suites O'Hare,Submitted,8101 W. Higgins,60631,1.0,,Norwood Park,Hotel,160000,2000,1,,9,11495096.3,10730400.6,,,,138.9,271.6,148.9,286.8,2178.3,13.6,41.921675,-87.636595,POINT (-87.636595 41.921675),2023-251287
2023,251536,Altgeld Elementary-CPS,Not Covered 2024,1340 W 71st St,60636,,true,West Englewood,K-12 School,,,,,,,,,,,,,,,,,41.955803,-87.647474,POINT (-87.647474 41.955803),2023-251536
2023,251609,New Sullivan,Submitted,8331 S Mackinaw Ave,60617,4.0,,South Chicago,K-12 School,218126,2000,1,,82,4167484.6,3260629.9,,,,34.1,69.2,37.3,72.6,756.3,3.5,41.889915,-87.630828,POINT (-87.630828 41.889915),2023-251609
2023,252310,917 W Eastwood,Submitted,917 W. Eastwood Ave,60640,4.0,,Uptown,Multifamily Housing,75600,1926,1,,87,740005.5,5655368.7,,,,84.6,106,94,115.8,403.9,5.3,41.88688,-87.624391,POINT (-87.624391 41.88688),2023-252310
2023,157997,Arc at Old Colony,Submitted,37 West Van Buren St.,60605,2.0,,Loop,Multifamily Housing,198848,2015,1,10747,47,5898364.8,9045006.3,,,,75.1,130.8,78.2,135.9,1305.7,6.6,41.951293,-87.650785,POINT (-87.650785 41.951293),2023-157997
2023,104263,444-454 W. Melrose St.,Submitted,450 W. Melrose St.,60657,2.0,,Lake View,Multifamily Housing,57863,1967,1,,44,887193.2,4015558.9,,,,84.7,115.8,92.2,123.2,337.4,5.8,41.831819,-87.623422,POINT (-87.623422 41.831819),2023-104263
2023,175477,1623 Belmont Ashland Assoc LP,Submitted,1617-1633 W Belmont Ave,60645,2.5,,Lake View,Multifamily Housing,56880,1928,1,,57,615965,3996425.9,,,,81.1,104.1,91.2,113.5,298.5,5.2,42.005363,-87.678045,POINT (-87.678045 42.005363),2023-175477
2023,251412,"Goldblatt Elementary, Nathan R -CPS",Not Covered 2024,4255 W Adams,60624,,true,West Garfield Park,K-12 School,,,,,,,,,,,,,,,,,41.883318,-87.633188,POINT (-87.633188 41.883318),2023-251412
2023,130218,,Not Covered 2024,2430 2458 W George St,60618,,true,Avondale,Commercial,,,,,,,,,,,,,,,,,41.938781,-87.661379,POINT (-87.661379 41.938781),2023-130218
2023,158422,"600 Fulton Owner, LLC",Submitted,600 West Fulton,60661,2.5,,Near West Side,Office,236216,1901,1,,60,13437338.7,,,,,56.9,159.3,56.9,159.3,1880.1,8,41.809734,-87.598391,POINT (-87.598391 41.809734),2023-158422
2023,101826,Drexel Building,Not Submitted,8136 8142 S Drexel Ave,60619,0.0,,Chatham,Residential,,,,,,,,,,,,,,,,,41.715398,-87.568715,POINT (-87.568715 41.715398),2023-101826
2023,130442,210-220 N Green St.,Submitted,210 N Green Street,60607,4.0,,Near West Side,Office,92741,1893,1,,96,2569488.8,1756600.3,,,,46.6,97.5,49.8,100.8,452.8,4.9,41.756019,-87.657653,POINT (-87.657653 41.756019),2023-130442
2023,104789,Commonwealth,Submitted,2322 N. Commonwealth,60614,4.0,,Lincoln Park,Multifamily Housing,80000,1926,1,,81,865263,4808840.3,,,,70.9,93.4,78.9,101.5,376.5,4.7,41.981144,-87.841087,POINT (-87.841087 41.981144),2023-104789
2023,124056,Consumer Building,Not Covered 2024,211 223 S State St,60604,,true,Loop,Commercial,,,,,,,,,,,,,,,,,41.949648,-87.64729,POINT (-87.64729 41.949648),2023-124056
2023,159005,Corliss HS / Noble-Butler,Submitted,821 E 103rd St,60628,1.0,,Pullman,K-12 School,272651,1974,2,,14,14977312.2,7606779.8,,,,82.8,183.1,88.8,192.7,2499.7,9.2,41.78689,-87.73263,POINT (-87.73263 41.78689),2023-159005
2023,253982,AMLI Lofts Polk (mf02),Submitted,111 W. Polk St.,60605,3.0,,Loop,Multifamily Housing,202990,2014,1,7125,69,5988386.2,5274255.8,,,,55.5,109.9,58.5,114,1118,5.5,41.864162,-87.702008,POINT (-87.702008 41.864162),2023-253982
2023,251589,Nobel,Submitted,4127 W Hirsch St,60651,1.5,,Humboldt Park,K-12 School,75800,1910,1,,34,1858018.3,4167200.1,,,,79.5,126.4,95.3,142.9,481.3,6.3,41.879029,-87.624486,POINT (-87.624486 41.879029),2023-251589
2023,117188,Ruth Shriman,Submitted,4040 N Sheridan Rd,60613,4.0,,Uptown,Multifamily Housing,67988,1999,1,,92,625348,3895698.4,,,,66.5,85.9,72.4,92.2,294.4,4.3,41.749726,-87.693273,POINT (-87.693273 41.749726),2023-117188
2023,175470,1712-1720 W Albion Ave,Submitted,1712-1720 W Albion Ave,60626,4.0,,Rogers Park,Multifamily Housing,81896,1920,1,,81,743357.5,3727868.4,,,,54.6,73.2,62.8,81.2,297.4,3.6,41.943248,-87.641701,POINT (-87.641701 41.943248),2023-175470
2023,257120,,Not Covered 2024,4102 N Sheridan Rd,60613,,true,Uptown,,,,,,,,,,,,,,,,,,41.956582,-87.654746,POINT (-87.654746 41.956582),2023-257120
2023,117367,Merrimac Square Condominium II Association,Submitted,6526 W. Irving Park Rd.,60634,0.0,,Dunning,Multifamily Housing,52000,1991,1,,49,1804470.3,1848646.9,,,,70.3,134.5,82.1,146.3,339.5,6.53,41.876501,-87.664522,POINT (-87.664522 41.876501),2023-117367
2023,252077,Acero Schools - Idar - Soccer Academy,Submitted,5050 S. Homan Ave.,60632,1.0,,Gage Park,K-12 School,63000,2011,0,,7,3684067.7,3053070,,,,106.9,214.6,112.1,220,677.6,10.8,41.909505,-87.74696,POINT (-87.74696 41.909505),2023-252077
2023,251215,Hilliard Homes Phase I Limited Partnership (Family),Submitted,2031 S Clark,60616,3.5,,Near South Side,Multifamily Housing,173883,1966,1,,73,3450304.9,10354392.1,,,,79.4,118.1,86.8,126,1032.7,5.9,41.899404,-87.694945,POINT (-87.694945 41.899404),2023-251215
2023,162258,Chicago City Day School,Not Submitted,541 W Hawthorne Pl,60657,0.0,,Lake View,K-12 School,,,,,,,,,,,,,,,,,41.924992,-87.657383,POINT (-87.657383 41.924992),2023-162258
2023,252024,CICS Loomis Primary,Submitted,9535 S. Loomis St.,60643,3.5,,Washington Heights,K-12 School,52381,1961,1,,71,1063220.1,2814799.8,,,,74,113.3,84,123.7,298.3,5.7,41.804305,-87.586629,POINT (-87.586629 41.804305),2023-252024
2023,252240,Chicago 331,Submitted,331 W Surf St,60657,4.0,,Lake View,Medical Office,345227,2015,1,4783,98,16197221.1,19988091.3,,,,104.8,192.2,106.7,193.3,3328,9.6,41.910111,-87.696723,POINT (-87.696723 41.910111),2023-252240
2023,256500,Physics Research Center (PRC),Submitted,933 East 56th Street,60637,2.0,,Hyde Park,Laboratory,67092,2017,1,638,,1916063.2,4807,15261505,6106010.1,,347.1,436.5,341.1,431.1,1603.5,23.9,41.886848,-87.652234,POINT (-87.652234 41.886848),2023-256500
2023,157158,CHI1 - Chicago DC1,Submitted,2800 S. Ashland Ave,60608,3.5,,Lower West Side,Data Center,474979,2001,1,3798,75,361001180,515230,,,,761.1,2129.2,761.1,2129.2,48295.3,101.7,41.842173,-87.668955,POINT (-87.668955 41.842173),2023-157158
2023,120083,CHICAGO MCKINLEY PARK (2078),Submitted,1940 W 33rd St,60608,3.5,,Mckinley Park,Retail Store,139085,2006,1,3795,75,6702686.4,3135400,,,,70.7,158.6,74,161.3,1104.4,7.9,41.983802,-87.656132,POINT (-87.656132 41.983802),2023-120083
2023,234084,1530 Dearborn Parkway Association,Submitted,1530 N. Dearborn Pkwy.,60610,4.0,,Near North Side,Multifamily Housing,115775,1972,1,,94,2426921.6,2932923.8,,,,46.3,85.3,51.2,91.7,495.4,4.3,42.003435,-87.6975,POINT (-87.6975 42.003435),2023-234084
2023,253988,400 W Erie Street,Submitted,400 W Erie Street,60654,4.0,,Near North Side,Office,72500,1950,1,,87,1690531,2633100.1,,,,59.6,103.4,67.8,111.3,376.4,5.2,41.878006,-87.634022,POINT (-87.634022 41.878006),2023-253988
2023,252309,Nathalie Salmon House,Submitted,7320 N Sheridan Rd,60626,4.0,,Rogers Park,Multifamily Housing,51000,1994,1,,83,1023252,1943497.1,,,,58.2,96.2,64.6,102.1,246.4,4.8,41.973687,-87.841052,POINT (-87.841052 41.973687),2023-252309
2023,101751,7500 S South Shore Building,Not Submitted,7500  S South Shore Dr,60649,0.0,,South Shore,Residential,,,,,,,,,,,,,,,,,41.982937,-87.727444,POINT (-87.727444 41.982937),2023-101751
2023,100598,Farragut Career Academy HS -CPS,Not Covered 2024,2345 S Christiana Ave,60623,,true,South Lawndale,K-12 School,,,,,,,,,,,,,,,,,41.888366,-87.64417,POINT (-87.64417 41.888366),2023-100598
2023,254025,Englewood,Submitted,901 West 63rd St,60621,4.0,,Englewood,Multifamily Housing,62800,2010,1,4931,81,2247354.6,705514.3,,,,47,112,48.5,116,351.9,5.6,41.976942,-87.836759,POINT (-87.836759 41.976942),2023-254025
2023,252124,"Coastland Apartments, Inc.",Submitted,2666 E. 73rd St.,60649,4.0,,South Shore,Multifamily Housing,63375,1928,1,,84,339474.3,4604277.4,,,,78,91.3,88,101.7,292.1,4.6,41.819229,-87.616452,POINT (-87.616452 41.819229),2023-252124
2023,254094,3041 S Michigan,Submitted,3001 S Michigan Ave,60616,2.5,,Douglas,Multifamily Housing,67133,1964,1,,55,968514.2,4987693.9,,,,88.7,118.4,98,128.1,400.4,6,41.809485,-87.606711,POINT (-87.606711 41.809485),2023-254094
2023,114125,1430 S. Michigan Ave,Submitted,1430 S. Michigan Avenue,60605,3.5,,Near South Side,Multifamily Housing,107334,1999,1,,80,2143868,4992721.3,,,,66.5,104.8,78.6,117.2,565.2,5.3,41.885142,-87.629624,POINT (-87.629624 41.885142),2023-114125
2023,159044,Lidia Puchinska Apartments,Submitted,838 N. Noble Street,60642,4.0,,West Town,Multifamily Housing,268851,1965,2,,84,3800898.3,16613299,,,,75.9,104.5,84,112.9,1414.2,5.3,41.947402,-87.649637,POINT (-87.649637 41.947402),2023-159044
2023,256882,Alcove Condominium,Submitted,1648 W Division St,60622,4.0,,West Town,Multifamily Housing,91888,2020,1,,71,1389724.4,7902868,,,,101.1,132.7,111.7,143.2,614.2,6.7,41.653125,-87.601824,POINT (-87.601824 41.653125),2023-256882
2023,252112,Pete's Cermak,Submitted,2526 W. Cermak,60608,1.5,,South Lawndale,Supermarket/Grocery Store,74000,2006,0,,31,11097707.9,11110522.6,,,,300.1,577.6,313.7,592.1,2142.9,29,41.725296,-87.623682,POINT (-87.623682 41.725296),2023-252112
2023,253992,(IL036) - Glenmoor Manor (1041-51 W. Glenlake),Submitted,1041-51 W. Glenlake,60660,4.0,,Edgewater,Multifamily Housing,54816,1969,1,,81,855173.5,1799809.2,,,,48.4,78.2,55,85.1,215.3,3.9,41.807895,-87.73036,POINT (-87.73036 41.807895),2023-253992
2023,177315,Loftworks on Michigan,Submitted,1919 S Michigan,60616,4.0,,Near South Side,Multifamily Housing,59300,2005,1,,82,974098.2,1531202.3,,,,42.2,73.1,47.2,78.8,217.6,3.7,42.005076,-87.690219,POINT (-87.690219 42.005076),2023-177315
2023,105936,14 West Elm Apartments,Submitted,14 W Elm St,60610,3.5,,Near North Side,Multifamily Housing,127425,1930,1,,77,2308712.6,7555125.7,,,,77.4,113,84.4,121,724.3,5.7,41.866074,-87.624268,POINT (-87.624268 41.866074),2023-105936
2023,250045,Hyde Park Academy HS -CPS,Not Covered 2024,6220 S Stony Island Ave,60637,,true,Woodlawn,K-12 School,,,,,,,,,,,,,,,,,41.88807,-87.629692,POINT (-87.629692 41.88807),2023-250045
2023,158724,202,Submitted,2200 S. Western Avenue,60608,3.5,,Lower West Side,Supermarket/Grocery Store,65058,1970,1,,75,5937697.9,6366125.1,,,,189.1,358.3,192.8,361.2,1168.9,18,41.92867,-87.687922,POINT (-87.687922 41.92867),2023-158724
2023,251772,"03224AS - Chicago, IL",Submitted,6430 W. Irving Park Rd,60634,2.5,,Dunning,Supermarket/Grocery Store,57498,1989,1,682110,54,7536589.5,6587400,,,,245.6,487.3,261.3,499.8,1404.4,24.4,41.893165,-87.632784,POINT (-87.632784 41.893165),2023-251772
2023,252075,Acero Schools - Veterans Memorial Campus,Submitted,4248 W. 47th St.,60632,2.0,,Archer Heights,K-12 School,174999,2008,0,,42,7436610.6,5089839.8,,,,71.6,149.5,74.7,153.2,1310.9,7.5,41.975811,-87.657949,POINT (-87.657949 41.975811),2023-252075
2023,251572,Barton,Submitted,7650 S Wolcott Ave,60620,1.0,,Auburn Gresham,K-12 School,82203,1928,2,,29,2673336,3263650.2,,,,72.2,132.7,84.2,150.3,547.4,6.7,41.879153,-87.643703,POINT (-87.643703 41.879153),2023-251572
2023,101872,100 North La Salle Street,Submitted,100 North La Salle Street,60602,3.5,,Loop,Office,151768,1927,1,,78,5603653,76985.9,,,,37.4,103.9,37.6,104.3,788.1,5.2,41.936448,-87.649291,POINT (-87.649291 41.936448),2023-101872
2023,234374,"(IL554-H) - Kinzie Station, Hi-Rise (330 N Jefferson Court)",Submitted,330 N Jefferson Court,60661,1.0,,Near West Side,Multifamily Housing,224616,2000,1,,22,6477304.4,13489283.5,,,,88.9,143.8,100.2,155.4,1622.8,7.2,41.807331,-87.592084,POINT (-87.592084 41.807331),2023-234374
2023,175046,East Wrigleyview Village,Submitted,737-47 Cornelia,60657,1.0,,Lake View,Multifamily Housing,51030,1919,1,,10,828051.4,4916000.2,,,,112.6,146.6,127.8,165.7,377,7.4,41.720695,-87.643048,POINT (-87.643048 41.720695),2023-175046
2023,165269,"The Selfhelp Home, Inc.",Submitted,908 W. Argyle St,60640,1.0,,Uptown,Senior Living Community,147129,1962,1,,14,9546220.6,3475799.8,,,,88.5,206.5,95.3,225.5,1520.3,10.3,41.968724,-87.659414,POINT (-87.659414 41.968724),2023-165269
2023,151257,2758-2768 N Milwaukee Ave,Submitted,2758-2768 N Milwaukee Ave,60647,4.0,,Logan Square,Multifamily Housing,79000,1925,1,,97,1154411,1631340.1,,,,35.3,62.6,35.1,62.1,248.2,3.1,41.811585,-87.604563,POINT (-87.604563 41.811585),2023-151257
2023,251702,Belmont-Cragin Northwest,Submitted,5252 W Palmer St,60639,3.0,,Belmont Cragin,K-12 School,118211,1920,2,,64,1692051.7,5962229.9,,,,64.8,93,79.5,108.5,553.4,4.7,41.871246,-87.653402,POINT (-87.653402 41.871246),2023-251702
2023,256786,,Not Submitted,2823 W Belmont Ave,60618,0.0,,Avondale,,,,,,,,,,,,,,,,,,41.89805,-87.637487,POINT (-87.637487 41.89805),2023-256786
2023,251593,Clay,Submitted,13231 S Burley Ave,60633,3.5,,Hegewisch,K-12 School,81950,1917,2,,51,1757272.1,3189230,,,,60.4,100.9,71.9,113,415.3,5.1,41.96853,-87.767352,POINT (-87.767352 41.96853),2023-251593
2023,175198,Gunnison Street Lofts Condo Assoc,Submitted,4840 N Broadway St,60640,1.5,,Uptown,Multifamily Housing,58000,1930,1,,40,1547860.6,1139077.4,,,,46.3,95.3,47.5,96.2,277.1,4.8,41.899281,-87.618895,POINT (-87.618895 41.899281),2023-175198
2023,174306,(IL0609) - 540 North Lake Shore Drive Condominium (540 N Lake Shore Dr ),Submitted,540 N Lake Shore Dr,60611,1.5,,Near North Side,Multifamily Housing,224629,1912,1,,34,6926980.3,5578862.1,,,,55.7,112.4,58.6,118.4,1265.5,5.6,41.935492,-87.638107,POINT (-87.638107 41.935492),2023-174306
2023,251554,Ward J,Submitted,2701 S Shields Ave,60616,1.0,,Armour Square,K-12 School,85194,1874,3,,22,1632990,7379109.8,,,,105.8,144.6,124.8,165.3,620.4,7.3,41.845653,-87.617816,POINT (-87.617816 41.845653),2023-251554
2023,172592,Hall Plaza West,Not Submitted,4628 - 4650 W Diversey Ave,60639,0.0,,Hermosa,Strip Mall,,,,,,,,,,,,,,,,,41.935761,-87.680524,POINT (-87.680524 41.935761),2023-172592
2023,117390,Damen Court Apartments,Submitted,2040 W. Jackson Blvd.,60612,3.5,,Near West Side,Multifamily Housing,131000,1978,10,,80,2160098.6,6152699.9,,,,63.5,95.5,69.4,101.4,629,4.8,41.975814,-87.839264,POINT (-87.839264 41.975814),2023-117390
2023,105340,531 W. Deming,Submitted,531 W. Deming Pl.,60614,3.5,,Lincoln Park,Multifamily Housing,65806,1967,1,,79,1044606.9,3879240.2,,,,74.8,106.3,81.4,112.8,352.2,5.4,41.940192,-87.642044,POINT (-87.642044 41.940192),2023-105340
2023,100733,,Not Covered 2024,840 S Canal St,60607,,true,Near West Side,Commercial,,,,,,,,,,,,,,,,,41.907627,-87.685786,POINT (-87.685786 41.907627),2023-100733
2023,256658,Midpointe Apartments,Submitted,4050 West 115th Street,60655,3.0,,Mount Greenwood,Multifamily Housing,393938,1973,8,21745,64,6045323.1,21174928,,,,69.1,99.4,74.6,104.8,1970.6,5,41.684044,-87.721963,POINT (-87.721963 41.684044),2023-256658
2023,105034,Carmen Marine Cooperative,Submitted,5030 N Marine Dr,60640,4.0,,Uptown,Multifamily Housing,260000,1971,1,,67,5185570.2,18743489.6,,,,92,131.5,101.6,141.5,1721.1,6.6,41.750581,-87.647535,POINT (-87.647535 41.750581),2023-105034
2023,252256,Highlands Tudor Manor,Submitted,7018 S. Cregier,60649,4.0,,South Shore,Multifamily Housing,94556,1980,1,4429,92,696267.1,3776015.1,,,,47.3,62.5,51.6,67,298,3.2,41.989182,-87.671437,POINT (-87.671437 41.989182),2023-252256
2023,256575,South Loop Elementary School,Not Covered 2024,1601 S Dearborn St,60616,,true,Near South Side,K-12 School,,,,,,,,,,,,,,,,,41.78797,-87.590844,POINT (-87.590844 41.78797),2023-256575
2023,101396,,Not Submitted,4640 N Sheridan Rd,60640,0.0,,Uptown,Residential,,,,,,,,,,,,,,,,,41.895647,-87.63832,POINT (-87.63832 41.895647),2023-101396
2023,160157,GX Property Owner LLC,Submitted,2545 W Diversey Ave,60647,4.0,,Logan Square,Office,226740,1914,1,2,90,9292134.5,5458307.8,,,,65.1,140,68,142.5,1532.3,6.8,41.793533,-87.615803,POINT (-87.615803 41.793533),2023-160157
2023,252066,The Park Monroe Condominium Homes Association,Submitted,65 E. Monroe St.,60603,4.0,,Loop,Multifamily Housing,480820,2009,1,,69,14878243.7,4791255.8,,,,40.9,97.1,43.1,101.1,2336.2,4.9,41.88082,-87.727012,POINT (-87.727012 41.88082),2023-252066
2023,240573,Faulkner House Condominium Association,Submitted,70 W Burton Place,60610,1.0,,Near North Side,Multifamily Housing,213651,1966,1,,17,3803874.8,21630093.4,,,,119,156.2,132,169.4,1681.1,7.9,41.876248,-87.624419,POINT (-87.624419 41.876248),2023-240573
2023,134727,ELEVATE CARE CHICAGO NORTH,Submitted,2451 West Touhy Avenue,60645,3.5,,West Ridge,Senior Living Community,84730,1978,1,,52,4657188.9,6531299.9,,,,132,234.8,141.8,242.2,998.5,11.8,41.947933,-87.645712,POINT (-87.645712 41.947933),2023-134727
2023,160029,265-Senior Suites of Chatham,Submitted,8300 S. Cottage Grove,60619,2.5,,Chatham,Senior Living Community,76387,2014,1,4278,38,1847850.5,3285300.3,,,,67.2,112.9,72.7,119.9,433,5.7,41.977148,-87.656289,POINT (-87.656289 41.977148),2023-160029
2023,173495,StJuliana_School,Submitted,7400 W Touhy Ave,60631,3.5,,Edison Park,K-12 School,68032,1927,1,,74,811299.1,3247400.1,,,,59.7,83.5,71.3,95.8,286,4.2,41.89674,-87.688902,POINT (-87.688902 41.89674),2023-173495
2023,172065,CICERO ANNEX,Submitted,8101-8159 S. Cicero Ave,60652,4.0,,Ashburn,Strip Mall,66423,1950,1,,,671846.9,1614927.8,,,,34.4,53.8,40.1,59.7,179.8,2.7,41.955274,-87.686224,POINT (-87.686224 41.955274),2023-172065
2023,101682,Triangle Plaza,Submitted,8750-8770 West Bryn Mawr Ave,60631,4.0,,Ohare,Office,768978,1985,1,,91,31071888.4,218787.5,,,,40.7,113.4,43.3,120.8,4359.2,5.7,41.696984,-87.627077,POINT (-87.627077 41.696984),2023-101682
2023,148904,,Not Submitted,3727 3741 N Milwaukee Ave,60641,0.0,,Irving Park,Residential,,,,,,,,,,,,,,,,,41.845599,-87.731229,POINT (-87.731229 41.845599),2023-148904
2023,251642,Blaine,Submitted,1420 W Grace St,60613,2.0,,Lake View,K-12 School,98646,1893,3,,50,1805910.1,5330370,,,,72.3,108,88.2,127.2,535.8,5.4,41.878043,-87.64818,POINT (-87.64818 41.878043),2023-251642
2023,257080,,Not Covered 2024,4443 W Chicago Ave,60651,,true,Humboldt Park,Commercial,,,,,,,,,,,,,,,,,41.895171,-87.73703,POINT (-87.73703 41.895171),2023-257080
2023,251385,Burley,Submitted,1630 W Barry Ave,60657,2.5,,Lake View,K-12 School,58527,1896,2,,55,910178.3,3264579.7,,,,71.3,102.1,83.8,115.2,300.7,5.1,41.957444,-87.650646,POINT (-87.650646 41.957444),2023-251385
2023,256548,Old Town Park 2,Submitted,202 W Hill St,60610,4.0,,Near North Side,Multifamily Housing,700940,2021,1,,84,15562011.6,12630675.5,,,,40.2,81.1,42,83.7,2848.3,4.1,42.015266,-87.697149,POINT (-87.697149 42.015266),2023-256548
2023,101835,230 W Monroe,Not Covered 2024,230 W Monroe St,60606,,true,Loop,Office,,,,,,,,,,,,,,,,,41.903884,-87.639437,POINT (-87.639437 41.903884),2023-101835
2023,102585,Chicago State University Campus,Submitted,9501 South Martin Luther King Drive,60628,4.0,,Roseland,College/University,1170487,1971,12,15101,,51729506.4,14608651.2,,,,56.7,136.9,56.7,136.9,8013.9,6.8,41.801756,-87.710988,POINT (-87.710988 41.801756),2023-102585
2023,172253,Gateway Chicago West,Submitted,3828 W Taylor St.,60624,2.0,,West Garfield Park,Residential Care Facility,51288,1993,1,,,2335727.6,4797800.2,,,,139.1,225.7,149.3,235.6,581.6,11.3,41.878148,-87.625573,POINT (-87.625573 41.878148),2023-172253
2023,251890,Saucedo / Telpochcalli,Submitted,2850 W 24th Blvd,60623,2.0,,South Lawndale,K-12 School,292121,1913,2,,42,7135293.7,13407960.1,,,,70.3,116.6,79.6,126.3,1710.5,5.9,41.891064,-87.622918,POINT (-87.622918 41.891064),2023-251890
2023,101868,AG 300 South Wacker Owner LLC,Submitted,300 South Wacker Drive,60606,4.0,,Loop,Office,598410,1971,1,4127,83,19387062,16894751,,,,60.6,120.4,68,129.9,3610,6,41.940413,-87.651223,POINT (-87.651223 41.940413),2023-101868
2023,252265,Whitmore Apartments,Submitted,417-21 S Central,60644,4.0,,Austin,Multifamily Housing,68783,2000,3,1808,89,405210.4,3774216.2,,,,60.8,74.1,68.1,82,257.2,3.7,41.878967,-87.629193,POINT (-87.629193 41.878967),2023-252265
2023,163380,CHICAGO WEST LOOP (2781),Submitted,1101 W Jackson Blvd,60607,2.5,,Near West Side,Retail Store,169048,2012,1,815,60,8251089.2,5038099.8,,,,78.6,168,84.4,175.2,1422.1,8.4,41.878543,-87.632121,POINT (-87.632121 41.878543),2023-163380
2023,121774,1912 - NORTH AVENUE,Submitted,1232 W North Ave,60622,3.5,,West Town,Retail Store,167560,1996,1,1080,72,5628657.1,7825700.1,,,,80.3,143.1,87.7,150.2,1203.2,7.2,41.965574,-87.652522,POINT (-87.652522 41.965574),2023-121774
2023,251900,Scammon,Submitted,4201 W Henderson St,60641,1.5,,Irving Park,K-12 School,84024,1926,5,,35,1737584.9,5531309.9,,,,86.5,127,106.1,149.9,536.9,6.4,41.941649,-87.732229,POINT (-87.732229 41.941649),2023-251900
2023,175371,Renaissance Lofts,Submitted,1791 W Howard Street,60626,3.5,,Rogers Park,Multifamily Housing,59712,2007,1,,74,1355875,2129771,,,,58.4,101,65.6,110.3,302.8,5.1,41.917358,-87.695824,POINT (-87.695824 41.917358),2023-175371
2023,225170,,Not Submitted,5601 N Sheridan Rd,60660,0.0,,Edgewater,Residential,,,,,,,,,,,,,,,,,41.984029,-87.654604,POINT (-87.654604 41.984029),2023-225170
2023,254163,Maguire Hall-ID#254163,Submitted,1-11 E Pearson Ave,60611,2.0,,Near North Side,Office,55056,1980,1,281,41,2532558.4,2848728.3,,,,97.7,183.1,105.9,192.1,505.7,9.2,41.968447,-87.695631,POINT (-87.695631 41.968447),2023-254163
2023,260127,The Gage Commericial Condominium Building,Submitted,18-28 S. Michigan Avenue,60603,4.0,,Loop,College/University,209399,1899,1,,,6854529.1,3428870.1,,,,49.1,108.8,51.2,110.2,1141.2,5.4,41.864036,-87.619297,POINT (-87.619297 41.864036),2023-260127
2023,131428,Huron Street Lofts,Not Submitted,217 235 W Huron St,60654,0.0,,Near North Side,Residential,,,,,,,,,,,,,,,,,41.830296,-87.690059,POINT (-87.690059 41.830296),2023-131428
2023,173492,Parkside SOuare Condominium Association,Submitted,5501-5525 N. Chester Ave,60656,4.0,,Ohare,Multifamily Housing,60000,1972,1,,85,816800.4,2987506.9,,,,63.4,90.4,70,96.2,273,4.5,41.973806,-87.708858,POINT (-87.708858 41.973806),2023-173492
2023,252312,TRC Senior Village I,Submitted,346 E 53rd St.,60615,2.5,,Washington Heights,Multifamily Housing,66577,2010,1,,59,1646675.6,2714936.6,,,,65.5,112.1,71.4,118.8,374.6,5.6,41.885664,-87.615625,POINT (-87.615625 41.885664),2023-252312
2023,113670,219 E Lake Shore Dr,Submitted,219 E Lake Shore Dr,60611,4.0,,Near North Side,Multifamily Housing,123456,1925,1,,96,1384926.2,4345808,,,,46.4,68.4,52.8,75.1,424.6,3.4,41.818605,-87.658508,POINT (-87.658508 41.818605),2023-113670
2023,158307,(IL323)- Two River Place (720 N Larrabee),Submitted,720 N Larrabee,60654,2.0,,Near North Side,Multifamily Housing,260857,2004,1,,44,7170042.6,13913278.2,,,,80.8,133,87.4,140.3,1742.2,6.7,41.883196,-87.650759,POINT (-87.650759 41.883196),2023-158307
2023,102409,Senn HS,Submitted,5900 N Glenwood Ave,60660,1.0,,Edgewater,K-12 School,291204,1913,3,,17,9828361.1,22305030.1,,,,110.3,174.9,125.3,189.3,2559.9,8.8,41.879038,-87.650631,POINT (-87.650631 41.879038),2023-102409
2023,175960,The Versailles,Submitted,5254 S. Dorchester,60615,1.0,,Hyde Park,Multifamily Housing,64000,1925,1,,30,1567476.2,5733882,,,,114.1,162.6,125.4,174.9,523.9,8.2,41.778215,-87.633464,POINT (-87.633464 41.778215),2023-175960
2023,255028,1001 S State (ss098),Submitted,1001 S State Street,60605,1.5,,Loop,Multifamily Housing,417557,2017,1,,31,13341584.5,19854000,,,,79.5,139.4,86.9,148.4,2838.4,6.8,41.847969,-87.697287,POINT (-87.697287 41.847969),2023-255028
2023,255977,,Not Submitted,3905-29 N. Western Ave.,60618,0.0,,North Center,Residential,,,,,,,,,,,,,,,,,41.935776,-87.749367,POINT (-87.749367 41.935776),2023-255977
2023,132870,70800570 -- Dan Ryan,Submitted,112 W 87st,60620,1.5,,Chatham,Supermarket/Grocery Store,61732,2009,1,,31,7470389.5,17349801,,,,402.1,633.9,401.3,631.8,1966.8,31.9,41.90691,-87.732406,POINT (-87.732406 41.90691),2023-132870
2023,242537,James Kilmer Condo Association,Submitted,1560 North Sandburg Terrace,60610,4.0,,Near North Side,Multifamily Housing,750266,1971,2,22385,94,7909073.6,38025977.4,,,,61.2,82.7,67.2,88.9,3126.4,4.2,41.875179,-87.627474,POINT (-87.627474 41.875179),2023-242537
2023,158265,Randolph Tower City Apartments,Submitted,188 W Randolph St,60601,1.0,,Loop,Multifamily Housing,369145,1929,1,,27,11953149.3,16505261.9,,,,77.1,137.6,82.1,143.4,2549.2,6.9,41.898465,-87.626333,POINT (-87.626333 41.898465),2023-158265
2023,124456,,Not Submitted,4901 4917 W Irvingpark Rd,60641,0.0,,Portage Park,Commercial,,,,,,,,,,,,,,,,,41.97871,-87.757154,POINT (-87.757154 41.97871),2023-124456
2023,255940,1767 North Milwaukee Avenue,Submitted,1767 North Milwaukee Avenue,60647,4.0,,West Town,Multifamily Housing,58984,2017,1,,86,3315803.8,,,,,56.2,157.4,58.6,164.1,463.9,7.9,41.978515,-87.812091,POINT (-87.812091 41.978515),2023-255940
2023,101891,224 South Michigan Avenue,Submitted,224 South Michigan Avenue,60604,4.0,,Loop,Office,412504,1904,1,3216,87,12341194.9,10243921.5,,,,54.8,109.8,62.5,119.4,2270.9,5.5,41.877883,-87.643663,POINT (-87.643663 41.877883),2023-101891
2023,256761,(IL491) - Renelle on the River (403 N Wabash Ave ),Submitted,403 N Wabash Ave,60611,2.5,,Near North Side,Multifamily Housing,134308,2017,1,,59,4225219.4,4277876.1,,,,63.3,121.5,69.8,130,818.4,6.1,41.904289,-87.626786,POINT (-87.626786 41.904289),2023-256761
2023,256562,,Not Submitted,450 N Morgan St,60642,0.0,,West Town,,,,,,,,,,,,,,,,,,41.999883,-87.658331,POINT (-87.658331 41.999883),2023-256562
2023,257093,,Not Covered 2024,3449 N Ashland Ave,60657,,true,Lake View,Residential,,,,,,,,,,,,,,,,,41.944846,-87.6684,POINT (-87.6684 41.944846),2023-257093
2023,101912,550 West Washington,Submitted,550 West Washington,60661,4.0,,Near West Side,Office,392503,2000,1,1770,91,14233119.8,,,,,36.3,101.5,38.3,107.3,1991.5,5.1,41.880911,-87.625509,POINT (-87.625509 41.880911),2023-101912
2023,120324,Ravenswood Station,Not Submitted,1800 W Lawrence Ave,60640,0.0,,Lincoln Square,Commercial,,,,,,,,,,,,,,,,,41.94338,-87.674048,POINT (-87.674048 41.94338),2023-120324
2023,240215,(IL382) - 757 Orleans at Chicago (757 N Orleans St),Submitted,757 N Orleans St,60654,2.5,,Near North Side,Multifamily Housing,318087,2008,1,,59,9538122.4,12318874.3,,,,68.7,124.6,68.4,123.6,1988.9,6.3,41.765798,-87.579218,POINT (-87.579218 41.765798),2023-240215
2023,257062,,Not Covered 2024,1044 W Van Buren St,60607,,true,Near West Side,Residential,,,,,,,,,,,,,,,,,41.876759,-87.653591,POINT (-87.653591 41.876759),2023-257062
2023,158526,Chicago Marriott Downtown Magnificent Mile,Submitted,540 North Michigan Avenue,60611,3.0,,Near North Side,Hotel,949542,1990,1,,61,40391371.4,53970780.3,,,,99.4,178.8,105.8,184.8,8518.2,9,41.91397,-87.64635,POINT (-87.64635 41.91397),2023-158526
2023,115816,Campbell Terrace,Submitted,2061 N. Campbell,60647,2.5,,Logan Square,Multifamily Housing,140200,1985,1,10493,56,5848510.1,3756909.9,,,,68.5,144.9,75,158.7,1017.9,7.3,41.886826,-87.680499,POINT (-87.680499 41.886826),2023-115816
2023,251442,"Hinton Elementary, William Augustus -CPS",Not Covered 2024,646 W 71st St,60621,,true,Englewood,K-12 School,,,,,,,,,,,,,,,,,41.895918,-87.619883,POINT (-87.619883 41.895918),2023-251442
2023,106025,,Not Submitted,640 644 N Wabash Ave,60611,0.0,,Near North Side,Residential,,,,,,,,,,,,,,,,,41.735885,-87.664143,POINT (-87.664143 41.735885),2023-106025
2023,250082,Armour SOuare Apartments,Submitted,3120-3250 S. Wentworth Ave,60609,1.5,,Armour Square,Multifamily Housing,313167,1970,4,,33,3714193.9,32416200.6,,,,115.4,141.9,126.9,154.1,2241.5,7.2,41.925212,-87.671925,POINT (-87.671925 41.925212),2023-250082
2023,255757,Viceroy Chicago,Submitted,1118 N State Street,60610,3.0,,Near North Side,Hotel,134668,2017,1,7589,66,7539472.5,10545891.2,,,,134.3,239,138.4,242.3,1615.1,12,41.927102,-87.707434,POINT (-87.707434 41.927102),2023-255757
2023,255009,Onni Hudson LP,Submitted,750 N. Hudson Ave.,60654,2.5,,Near North Side,Multifamily Housing,294540,2017,1,,56,10008197.5,7670991.6,,,,60,122.5,65.2,130.2,1807.8,6.1,41.942909,-87.696419,POINT (-87.696419 41.942909),2023-255009
2023,256431,Gunsaulus Hall,Not Submitted,3140 S Michigan Avenue,60616,0.0,,Douglas,Residential,,,,,,,,,,,,,,,,,41.834594,-87.629222,POINT (-87.629222 41.834594),2023-256431
2023,135103,6 West Hubbard,Submitted,6 West Hubbard,60654,1.0,,Near North Side,Office,66030,1988,1,,14,4668137.3,2144779,,,,103.2,232.1,109.5,249.9,767.1,11.6,41.879723,-87.667949,POINT (-87.667949 41.879723),2023-135103
2023,134911,PCC - Chicago,Submitted,643 North Orleans Street,60654,4.0,,Near North Side,Office,53623,1986,1,203,72,2053005.5,1375856,,,,63.9,134.1,67.1,137.1,360.3,6.7,41.860172,-87.62384,POINT (-87.62384 41.860172),2023-134911
2023,156139,300 N Michigan,Submitted,300 N Michigan,60601,3.0,,Loop,Other,433000,2021,1,,,9714720.8,10440717.8,,,,46.5,88.1,52.9,100.5,1913.8,4.4,41.995012,-87.88724,POINT (-87.88724 41.995012),2023-156139
2023,252027,CICS Wrightwood,Submitted,8130 S. California Ave.,60652,3.0,,Ashburn,K-12 School,54101,1957,1,,64,1566872.3,2080600.2,,,,67.4,121.5,75.1,129.1,329.7,6.1,41.823919,-87.612468,POINT (-87.612468 41.823919),2023-252027
2023,251599,Orozco Elementary -CPS,Not Covered 2024,1940 W 18th St,60608,,true,Lower West Side,K-12 School,,,,,,,,,,,,,,,,,41.950807,-87.647459,POINT (-87.647459 41.950807),2023-251599
2023,251523,Goethe,Submitted,2236 N Rockwell St,60647,1.0,,Logan Square,K-12 School,80028,1895,2,,30,2678037.8,2875859.8,,,,69.4,131.4,79.1,145,527.5,6.6,41.924699,-87.647929,POINT (-87.647929 41.924699),2023-251523
2023,103759,HeadOuarters,Submitted,547 W. Jackson Blvd.,60661,2.5,,Near West Side,Office,347691,1922,1,29526,57,18588931.2,9366877,,,,80.4,178,85.7,182.6,3098.5,8.9,41.892518,-87.618502,POINT (-87.618502 41.892518),2023-103759
2023,251333,Sanctuary Hall,Submitted,2358 N. Sheffield,60614,4.0,,Lincoln Park,College/University,103915,1989,1,,,1457133.6,4099820,,,,53.5,80.7,59.8,87.3,421.6,4.1,41.876595,-87.659006,POINT (-87.659006 41.876595),2023-251333
2023,113540,One East Schiller Condominium Association,Submitted,1 E Schiller Street,60610,3.0,,Near North Side,Multifamily Housing,161500,1964,1,,61,6272608.8,1240983.9,,,,46.5,116.8,51.1,129.1,943.6,5.8,42.01929,-87.675802,POINT (-87.675802 42.01929),2023-113540
2023,253969,Parkside IIB,Submitted,459 W Division St,60610,4.0,,Near North Side,Multifamily Housing,141502,2016,1,,91,2725426.3,4044367.7,,,,47.8,83.9,51.1,88,596.2,4.2,41.967736,-87.757842,POINT (-87.757842 41.967736),2023-253969
2023,251706,"Gale Community Academy, Stephen F -CPS",Not Covered 2024,1631 W Jonquil Ter,60626,,true,Rogers Park,K-12 School,,,,,,,,,,,,,,,,,41.9081,-87.634764,POINT (-87.634764 41.9081),2023-251706
2023,251660,Lawndale Community Academy -CPS,Not Covered 2024,3500 W Douglas Blvd,60623,,true,North Lawndale,K-12 School,,,,,,,,,,,,,,,,,41.79353,-87.58384,POINT (-87.58384 41.79353),2023-251660
2023,251559,Beethoven Elementary -CPS,Not Covered 2024,25 W 47th St,60609,,true,Grand Boulevard,K-12 School,,,,,,,,,,,,,,,,,41.987452,-87.655159,POINT (-87.655159 41.987452),2023-251559
2023,158433,Clinton Street Lofts,Submitted,226 N Clinton Street,60661,4.0,,Near West Side,Multifamily Housing,139750,1885,1,,83,3767971,4727705.4,,,,60.8,111,63.7,113.4,778.3,5.6,41.895332,-87.65524,POINT (-87.65524 41.895332),2023-158433
2023,157993,Fisher Building Apartments,Not Submitted,343 S Dearborn St,60604,0.0,,Loop,Commercial,,,,,,,,,,,,,,,,,41.989974,-87.748473,POINT (-87.748473 41.989974),2023-157993
2023,100668,Allstate Building,Not Covered 2024,3245 W Arthington St,60624,,true,East Garfield Park,Commercial,,,,,,,,,,,,,,,,,41.874378,-87.634252,POINT (-87.634252 41.874378),2023-100668
2023,244333,(IL252) - Huron Pointe Condo Assn ( 421 W. Huron St),Submitted,421 W. Huron St,60654,2.0,,Near North Side,Multifamily Housing,123227,2001,1,,47,3352413.9,7559209,,,,88.5,140.6,96.4,148.5,870.6,7.1,41.865595,-87.623964,POINT (-87.623964 41.865595),2023-244333
2023,250017,Humboldt Park,Not Submitted,1440 N Sacramento Dr,60622,0.0,,North Lawndale,Other - Recreation,,,,,,,,,,,,,,,,,41.935758,-87.718139,POINT (-87.718139 41.935758),2023-250017
2023,175479,,Not Submitted,5856 5860 N Broadway,60660,0.0,,Edgewater,Residential,,,,,,,,,,,,,,,,,41.883465,-87.71004,POINT (-87.71004 41.883465),2023-175479
2023,175447,Ford City Office,Not Submitted,7601 S Kostner Ave,60652,0.0,,West Lawn,Commercial,,,,,,,,,,,,,,,,,41.8831,-87.634323,POINT (-87.634323 41.8831),2023-175447
2023,254022,(IL389) - 220 East Walton Condo (220 E. Walton Place),Submitted,220 E. Walton Place,60611,4.0,,Near North Side,Multifamily Housing,99220,1919,1,,,878374.5,3483680.2,,,,44,61.7,49.4,67.4,307.9,3.1,41.885862,-87.626859,POINT (-87.626859 41.885862),2023-254022
2023,173915,The Flamingo,Submitted,5500 S. Shore Drive,60637,2.5,,Hyde Park,Multifamily Housing,165000,1920,1,,59,2487848.9,11237575,,,,83.2,113.7,91.1,122.2,945,5.7,41.851021,-87.623905,POINT (-87.623905 41.851021),2023-173915
2023,255023,Clybourn 1200,Submitted,454 W Division St,60610,1.5,,Near North Side,Multifamily Housing,131633,2017,1,,34,3701558.2,6663346,,,,78.7,131.9,83.5,136.9,871.8,6.6,41.827796,-87.624751,POINT (-87.624751 41.827796),2023-255023
2023,175508,53100507--CHICAGO,Submitted,5353 N. Elston,60630,4.0,,Jefferson Park,Supermarket/Grocery Store,63165,2013,1,,67,8697750,6505396,,,,240.7,493.7,250.6,504.1,1562.5,24.7,41.921392,-87.636586,POINT (-87.636586 41.921392),2023-175508
2023,160186,Crowne Plaza Chicago Metro,Not Submitted,733 W Madison St,60661,0.0,,Near West Side,Residential,,,,,,,,,,,,,,,,,41.894614,-87.639438,POINT (-87.639438 41.894614),2023-160186
2023,256798,,Not Submitted,2405 W Hutchinson St,60618,0.0,,North Center,,,,,,,,,,,,,,,,,,41.937599,-87.641234,POINT (-87.641234 41.937599),2023-256798
2023,106108,10 W ELM,Submitted,10 W Elm Street,60610,,true,Near North Side,Multifamily Housing,176500,1929,1,,,1785264.6,6011031.4,,,,44.2,64.1,48.6,68.5,569.1,3.2,41.879431,-87.632439,POINT (-87.632439 41.879431),2023-106108
2023,175172,Dr King Legacy Apartments,Submitted,"3816 W. 16th St., Chicago, Il 60623",60623,4.0,,North Lawndale,Multifamily Housing,62631,2011,1,,90,1646194.1,246342.6,,,,30.2,77.7,31.8,81.5,243.4,3.9,41.886893,-87.648739,POINT (-87.648739 41.886893),2023-175172
2023,251764,Parkside Nine II,Submitted,544 W Oak,60610,4.0,,Near North Side,Multifamily Housing,140628,2011,1,,81,2799180.6,5946747.5,,,,62.2,100.1,66.2,104,707.5,5,41.879972,-87.672336,POINT (-87.672336 41.879972),2023-251764
2023,251388,Greeley,Submitted,832 W Sheridan Rd,60613,1.0,,Lake View,K-12 School,60718,1978,1,,10,3721806.1,31220,,,,61.8,172.2,66.7,185.8,522.4,8.6,41.759868,-87.675984,POINT (-87.675984 41.759868),2023-251388
2023,256263,Fulton West,Submitted,1330 W. Fulton Street,60607,3.5,,Near West Side,Office,307948,2017,1,5311,71,13513423.7,6608339.7,,,,65.3,145.4,65.3,145.4,2241.8,7.3,41.757513,-87.586256,POINT (-87.586256 41.757513),2023-256263
2023,159561,2555 North Clark,Submitted,2555 North Clark,60614,1.0,,Lincoln Park,Multifamily Housing,151339,1986,1,,21,7453411.2,3225026,,,,70.6,160.3,75.5,172.8,1214.2,8,41.940531,-87.666383,POINT (-87.666383 41.940531),2023-159561
2023,256630,The Residences at Eight East Huron (gh23),Submitted,8 E Huron St,60611,1.0,,Near North Side,Multifamily Housing,171500,2017,1,4960,15,5326623.2,8992892.8,,,,83.5,142,93.5,154.9,1223,7.1,41.686414,-87.64234,POINT (-87.64234 41.686414),2023-256630
2023,251699,Davis N,Submitted,3014 W 39th Pl,60632,1.0,,Brighton Park,K-12 School,121557,1905,4,,7,3827707.9,11422120.6,,,,125.5,186.8,142.9,205.4,1142.3,9.4,41.803529,-87.585675,POINT (-87.585675 41.803529),2023-251699
2023,103606,Willis Tower (Rivion LLC),Submitted,233 S Wacker Drive,60606,1.5,,Loop,Office,4534594,1973,1,63978,32,440166288.1,30170938.2,,,,103.7,278.8,105.2,280.3,63190.4,13.9,41.898347,-87.64286,POINT (-87.64286 41.898347),2023-103606
2023,175411,,Not Submitted,7350  S Phillips Ave,60649,0.0,,South Shore,Residential,,,,,,,,,,,,,,,,,41.809097,-87.627599,POINT (-87.627599 41.809097),2023-175411
2023,103705,The National,Submitted,125 S. Clark Street,60603,4.0,,Loop,Office,580000,1907,1,3,79,14583034.8,22584482.7,,9004655.9,,79.6,125.4,87.4,133.6,3714.6,6.4,41.969223,-87.652978,POINT (-87.652978 41.969223),2023-103705
2023,175751,750 N Orleans Street,Submitted,750 N Orleans Street,60654,2.5,,Near North Side,Office,78800,1950,1,,55,4032982.6,2658308.6,,,,84.9,178.7,84.9,178.7,705.5,9,41.93152,-87.64213,POINT (-87.64213 41.93152),2023-175751
2023,116716,1819 S Michigan Avenue Condominium Association,Submitted,1819 S Michigan Ave,60616,2.0,,Near South Side,Multifamily Housing,114750,2005,1,,50,3423631.2,6866997.3,,,,89.7,146.4,99.4,158.8,843.8,7.4,41.88199,-87.632213,POINT (-87.632213 41.88199),2023-116716
2023,250100,Lorraine Hansberry Apartments,Submitted,5670 W Lake St,60644,3.0,,Austin,Multifamily Housing,106272,1976,1,,70,2287331,6443000.4,,,,82.2,123.9,89.1,131.2,662.3,6.2,41.784994,-87.601022,POINT (-87.601022 41.784994),2023-250100
2023,251221,211 West Wacker Drive,Submitted,211 West Wacker Drive,60606,3.5,,Loop,Office,158063,1927,1,,78,5144275.4,5866185.6,,,,69.7,130.1,78.6,140,1031.4,6.5,41.689391,-87.669161,POINT (-87.669161 41.689391),2023-251221
2023,256531,The Mason (ms015),Submitted,180 N. Ada Street,60607,2.0,,Near West Side,Multifamily Housing,208697,2018,1,9055,43,7511733.2,8339779.3,,,,76,142.7,78.7,145.6,1447.3,6.9,41.935471,-87.640646,POINT (-87.640646 41.935471),2023-256531
2023,173783,Park Vista Apartments,Not Submitted,4840  N Linder Ave,60630,0.0,,Jefferson Park,Residential,,,,,,,,,,,,,,,,,41.906244,-87.669862,POINT (-87.669862 41.906244),2023-173783
2023,158424,Virgin Hotels Chicago,Not Submitted,203 209 N Wabash Ave,60601,0.0,,Loop,Commercial,,,,,,,,,,,,,,,,,41.93997,-87.642206,POINT (-87.642206 41.93997),2023-158424
2023,112300,Innisbrook I Condominium Association,Not Submitted,5301  N Delphia Ave,60656,0.0,,Ohare,Residential,,,,,,,,,,,,,,,,,41.852101,-87.689051,POINT (-87.689051 41.852101),2023-112300
2023,105391,Southland Preservation,Not Submitted,6253  S Michigan Ave,60637,0.0,,Washington Park,Residential,,,,,,,,,,,,,,,,,41.880488,-87.624503,POINT (-87.624503 41.880488),2023-105391
2023,175539,6244-46 S King Drive,Submitted,6244-56 S. King Drive,60637,4.0,,Washington Heights,Multifamily Housing,100284,1923,1,,93,1063539,4409250.4,,,,54.6,75.9,60.6,82.6,383,3.8,41.882493,-87.654235,POINT (-87.654235 41.882493),2023-175539
2023,159425,Lawless Gardens,Not Submitted,3510 S Rhodes Ave,60653,0.0,,Douglas,Residential,,,,,,,,,,,,,,,,,41.892667,-87.622866,POINT (-87.622866 41.892667),2023-159425
2023,251540,Woods Academy,Not Covered 2024,6200 S Racine,60636,,true,West Englewood,K-12 School,,,,,,,,,,,,,,,,,41.86262,-87.640701,POINT (-87.640701 41.86262),2023-251540
2023,251256,State and Chestnut,Submitted,845 North State Street,60610,2.5,,Near North Side,Multifamily Housing,449500,2015,1,11782,55,12739164,10110397,,,,50.8,103,54,107.2,2319.5,5.2,41.796235,-87.630405,POINT (-87.630405 41.796235),2023-251256
2023,257046,1400 Wabash (wa129),Submitted,1400 S Wabash Ave,60605,4.0,,Near South Side,Multifamily Housing,242757,2022,1,,98,2372142,11046590.5,,,,55.3,75.1,73.6,94,918.6,3.8,41.863988,-87.626085,POINT (-87.626085 41.863988),2023-257046
2023,175358,Farwell Florence LLC,Submitted,2232 W Farwell Ave,60645,4.0,,West Ridge,Multifamily Housing,50592,1920,1,,77,345144.6,3172289,,,,69.5,84.9,79.9,95.4,216.8,4.3,41.985638,-87.655094,POINT (-87.655094 41.985638),2023-175358
2023,251910,Chase,Submitted,2021 N Point St,60647,1.5,,Logan Square,K-12 School,84715,1894,2,,40,1888538.6,4592209.6,,,,76.5,119.3,85.3,128.6,508.2,6,41.921999,-87.643669,POINT (-87.643669 41.921999),2023-251910
2023,175695,Le Cordon Bleu College of Culinary Arts,Not Covered 2024,361 W Chestnut St,60610,,true,Near North Side,Commercial,,,,,,,,,,,,,,,,,41.796381,-87.625892,POINT (-87.625892 41.796381),2023-175695
2023,254047,St. Sabina Elders Village,Submitted,1222 W. 79th Street,60620,0.0,,Auburn Gresham,Multifamily Housing,77400,2000,1,,43,1510294.3,4997646.4,,,,84.1,122.4,91.5,130.2,467.4,6,41.95777,-87.647885,POINT (-87.647885 41.95777),2023-254047
2023,255954,Elevate Lincoln Park _ CO (lv008),Submitted,930 W Altgeld St,60614,4.0,,Lincoln Park,Multifamily Housing,320600,2018,1,6668,84,6447716.6,10294521.5,,,,52.2,90,56.2,94.2,1449,4.5,41.832924,-87.626803,POINT (-87.626803 41.832924),2023-255954
2023,101567,The Monadnock Building,Submitted,53 West Jackson Blvd,60604,4.0,,Loop,Office,496749,1890,1,2001,98,5145098.8,10675889.9,,,,31.8,51.6,35.2,54.8,1286.9,2.6,41.889349,-87.64067,POINT (-87.64067 41.889349),2023-101567
2023,112801,Sheridan Shores Condominium Association,Submitted,5740 N. Sheridan Rd.,60660,2.5,,Edgewater,Multifamily Housing,95000,1977,1,,54,1433858.6,6490168,,,,83.4,114,95.5,126.8,545.3,5.7,41.957692,-87.797544,POINT (-87.797544 41.957692),2023-112801
2023,251226,325 West Huron Street,Submitted,325 West Huron Street,60654,4.0,,Near North Side,Office,150246,1920,1,,86,3047456.9,5564151.2,,,,57.3,95.7,63.1,101.6,721.9,4.8,42.001634,-87.660601,POINT (-87.660601 42.001634),2023-251226
2023,252080,400 West Ontario Condominium Association,Submitted,400 W Ontario St.,60654,4.0,,Near North Side,Multifamily Housing,227267,1999,1,,82,3598042,8899831.5,,,,55,85.4,61.9,92.9,976.1,4.3,41.867061,-87.624292,POINT (-87.624292 41.867061),2023-252080
2023,250102,Maria Diaz Martinez Apartments,Submitted,2111 N Halsted St,60614,3.5,,Lincoln Park,Multifamily Housing,123953,1968,1,,74,1481834.1,7895700.4,,,,75.7,100.4,82.9,108,626.7,5.1,41.906473,-87.63442,POINT (-87.63442 41.906473),2023-250102
2023,251635,West Pullman School Senior Community,Not Submitted,11941 S Parnell Ave,60628,0.0,,West Pullman,Residential,,,,,,,,,,,,,,,,,41.917353,-87.720068,POINT (-87.720068 41.917353),2023-251635
2023,113752,,Not Submitted,1540  N State Pkwy,60610,0.0,,Near North Side,Residential,,,,,,,,,,,,,,,,,41.686637,-87.633595,POINT (-87.633595 41.686637),2023-113752
2023,159567,The Kent Apartments,Submitted,2625 N Clark St,60614,0.0,,Lincoln Park,Multifamily Housing,150000,1986,1,,68,4820156.2,1000624.9,,,,38.8,97,42.4,106.7,697.6,4.65,41.858101,-87.652339,POINT (-87.652339 41.858101),2023-159567
2023,251555,Columbia Explorers,Submitted,4520 S Kedzie Ave,60632,1.0,,Brighton Park,K-12 School,90500,2001,4,,19,3779049.1,2947820.3,,,,74.3,151.1,83.5,162.5,685.3,7.6,41.833882,-87.650619,POINT (-87.650619 41.833882),2023-251555
2023,255027,"The Cooper (th110, co020)",Submitted,720 South Wells Street,60607,4.0,,Loop,Multifamily Housing,441369,2018,1,19779,79,12365631.4,11189082.9,,,,53.4,105.1,57.4,111.6,2324.5,5.3,41.874073,-87.68147,POINT (-87.68147 41.874073),2023-255027
2023,158396,180 North Jefferson Apartments,Submitted,180 North Jefferson Street,60661,3.5,,Near West Side,Multifamily Housing,229175,2004,1,8627,55,7240968.5,12373510.1,,,,85.6,145.2,94,154.4,1670.4,7.3,41.897312,-87.66258,POINT (-87.66258 41.897312),2023-158396
2023,159111,Chicago Lakeshore Hospital,Not Submitted,4840 N Marine Dr,60640,0.0,,Uptown,Other - Specialty Hospital,,,,,,,,,,,,,,,,,41.921505,-87.63659,POINT (-87.63659 41.921505),2023-159111
2023,256406,8816,Submitted,375 E Chicago Ave,60611,1.0,,Near North Side,College/University,388282,1978,1,4788,,14891863.9,53259626.5,,,,175.5,251.4,193.4,270,4912.5,12.7,41.890944,-87.617541,POINT (-87.617541 41.890944),2023-256406
2023,232841,222 E Pearson Condominium Association,Submitted,222 E Pearson,60611,3.0,,Near North Side,Multifamily Housing,221441,1964,1,,70,4839976.4,12514840.1,,,,78.4,120.5,85.7,127.8,1341.9,6.1,42.005394,-87.6632,POINT (-87.6632 42.005394),2023-232841
2023,117309,207-Senior Suites of Ravenswood Manor,Submitted,2800 West Montrose Avenue,60618,3.5,,Albany Park,Senior Living Community,63595,1995,1,2423,57,1219066.7,4139000,,,,84.3,122,92.4,130.6,390.4,6.1,41.877755,-87.748864,POINT (-87.748864 41.877755),2023-117309
2023,251433,Newberry,Submitted,700 W Willow St,60614,3.0,,Lincoln Park,K-12 School,75176,1937,2,,66,1289742.8,3097740,,,,58.4,91.3,66.9,100.2,345,4.6,42.010176,-87.684469,POINT (-87.684469 42.010176),2023-251433
2023,124911,Point at Clark,Submitted,3131 N Clark St,60657,3.0,,Lake View,Strip Mall,90455,1995,1,512,,7011531.5,259.7,,,,77.5,217,85.9,240.5,981.1,10.8,41.87526,-87.624397,POINT (-87.624397 41.87526),2023-124911
2023,251696,Beasley,Submitted,5255 S State St,60609,1.0,,Washington Heights,K-12 School,140200,1978,1,,5,5577572.6,11492490.2,,,,121.8,197.5,133.2,209.4,1390.8,9.9,41.85284,-87.701631,POINT (-87.701631 41.85284),2023-251696
2023,121587,1550 S Indiana,Submitted,1550 S Indiana,60605,,true,Near South Side,Mixed Use Property,90000,1910,1,,,1449887.2,2313938.1,,,,41.8,72.1,46.6,76.7,325.8,3.6,41.976798,-87.657142,POINT (-87.657142 41.976798),2023-121587
2023,256964,Poe,Submitted,10538 S Langley Ave,60628,1.0,,Pullman,K-12 School,38332,1905,2,,7,1623764,2529830,,,,108.4,187.9,119.1,198.7,361.6,9.4,41.906689,-87.626503,POINT (-87.626503 41.906689),2023-256964
2023,135716,"Centrum Partners, LLC",Not Submitted,225 W Hubbard St,60654,0.0,,Near North Side,Other,,,,,,,,,,,,,,,,,41.890971,-87.624277,POINT (-87.624277 41.890971),2023-135716
2023,130162,Freehand Hotel Chicago,Submitted,19 East Ohio,60611,4.0,,Near North Side,Hotel,73250,1927,1,6,83,2726038.4,3906929.6,,,,90.6,160.2,96.8,169.4,588.9,8,41.880388,-87.666623,POINT (-87.666623 41.880388),2023-130162
2023,135113,57 63 W Grand Ave,Submitted,57-63 W. Grand Ave.,60654,2.0,,Near North Side,Office,78868,1912,1,,49,2869212.2,5457000,,,,105.6,174.5,117.2,186.7,691.3,8.8,41.968926,-87.674586,POINT (-87.674586 41.968926),2023-135113
2023,103727,5050 N Broadway,Submitted,5040-60 N Broadway,60640,,true,Uptown,Multifamily Housing,364064,1965,1,,,11172531.7,13080833,,,,66.6,123.7,72.6,132.4,2258,6.2,41.926925,-87.792751,POINT (-87.792751 41.926925),2023-103727
2023,251858,Alcott HS,Submitted,2957 N Hoyne Ave,60618,1.0,,North Center,K-12 School,51852,1895,1,,30,940449.5,4830829.9,,,,111.3,148.6,127,165.1,388.2,7.5,41.899908,-87.630553,POINT (-87.630553 41.899908),2023-251858
2023,114817,WATERGATE EAST CONDOMINIUM ASSOCIATION,Submitted,5471 S Hyde Park Blvd,60615,1.0,,Hyde Park,Multifamily Housing,54700,1970,1,,26,2858719.2,,,,,52.3,146.3,59.4,166.3,400,7.3,41.791491,-87.724492,POINT (-87.724492 41.791491),2023-114817
2023,255783,,Not Submitted,4631 4637 S Lake Park,60653,0.0,,Kenwood,Residential,,,,,,,,,,,,,,,,,41.783595,-87.622031,POINT (-87.622031 41.783595),2023-255783
2023,103849,Bicycle Station Lofts Condominium Association,Submitted,1632 S. Indiana Ave.,60616,4.0,,Near South Side,Multifamily Housing,59040,1997,1,,81,964920.5,2259867.6,,,,54.6,86,62.3,94.6,255,4.3,41.92516,-87.659889,POINT (-87.659889 41.92516),2023-103849
2023,175727,130 S Jefferson,Submitted,130 S Jefferson,60661,2.0,,Near West Side,Office,78794,1893,1,,,3183434.8,3096731.8,,,,79.7,154.4,86,161.1,609.9,7.7,41.748246,-87.682657,POINT (-87.682657 41.748246),2023-175727
2023,253968,Kilpatrick Renaissance,Submitted,4655 West Berteau Ave.,60641,1.0,,Portage Park,Multifamily Housing,79246,2015,1,,29,2706280.2,1555453,,,,53.8,116.2,57,120.9,461.3,5.8,41.891121,-87.623989,POINT (-87.623989 41.891121),2023-253968
2023,175898,Park Boulevard IIA - 3622 S State,Submitted,3622 S State,60609,4.0,,Douglas,Multifamily Housing,97250,2012,4,,82,1808552.1,3790608.6,,,,57.6,93,62.4,98.1,443.2,4.6,41.991929,-87.655296,POINT (-87.655296 41.991929),2023-175898
2023,251266,363 Erie IL Partners LLC,Submitted,363 W. Erie St.,60654,4.0,,Near North Side,Office,119405,1914,1,,90,3400632.2,1773030.3,,,,43.3,95.3,47.7,100,570,4.8,41.789364,-87.596263,POINT (-87.596263 41.789364),2023-251266
2023,244182,(IL0508) - Park Place Tower I Condominium (655 W Irving Park Rd ),Submitted,655 W Irving Park Rd,60613,1.0,,Lake View,Multifamily Housing,989315,2000,1,,30,20574557.9,74895229.9,,,,96.5,137.7,105.2,146.3,6856.8,6.9,41.902199,-87.635649,POINT (-87.635649 41.902199),2023-244182
2023,165606,Museum of Contemporary Art,Submitted,220 E. Chicago Avenue,60611,1.0,,Near North Side,Museum,233286,1996,2,4709,,13787254.6,9675700,,,,100.6,209,100.6,209,2443,10.5,41.906573,-87.635514,POINT (-87.635514 41.906573),2023-165606
2023,103264,2941 S Michigan,Submitted,3001 S Michigan Ave,60616,1.5,,Douglas,Multifamily Housing,67133,1964,1,,37,1091528.3,5558867.8,,,,99.1,132.5,109.8,144.4,448,6.7,41.945748,-87.768538,POINT (-87.768538 41.945748),2023-103264
2023,156871,,Not Covered 2024,850 858 N Lakeshore Dr,60611,,true,Near North Side,Commercial,,,,,,,,,,,,,,,,,41.891767,-87.615752,POINT (-87.615752 41.891767),2023-156871
2023,138874,Midtown Athletic Club,Submitted,2020 W Fullerton,60647,1.0,,Logan Square,Fitness Center/Health Club/Gym,208000,2017,1,14474,,16597207.2,18705283.1,,,,169.7,317.8,177.3,330.5,3315.8,15.9,41.954494,-87.647244,POINT (-87.647244 41.954494),2023-138874
2023,251251,Union SOuare Condominium Assoc.,Submitted,333 West Hubbard Street,60654,3.0,,Near North Side,Multifamily Housing,305264,1918,2,,65,6221786.8,15268316,,,,70.4,109.6,76.4,115.8,1681.5,5.5,41.880982,-87.652155,POINT (-87.652155 41.880982),2023-251251
2023,256410,8791,Submitted,300 E Superior St,60611,3.0,,Near North Side,Laboratory,303863,1990,1,7026,,31213514.6,42772273.4,,,,243.5,435.4,255.7,449.5,6639.2,21.8,41.903668,-87.653699,POINT (-87.653699 41.903668),2023-256410
2023,236031,City Centre Condominium Association,Submitted,208 W. Washington Street,60606,4.0,,Loop,Multifamily Housing,390000,1927,1,,81,5308996.3,13376679.9,,5156316,,61.1,86.2,65.2,90.5,,,41.866095,-87.621502,POINT (-87.621502 41.866095),2023-236031
2023,251618,School Of Leadership HS -CPS,Not Covered 2024,7529 S Constance Ave,60649,,true,South Shore,K-12 School,,,,,,,,,,,,,,,,,41.972349,-87.746825,POINT (-87.746825 41.972349),2023-251618
2023,172485,Westminster Condominium Association,Submitted,36-50 N. Menard Avenue,60644,2.5,,Austin,Multifamily Housing,67968,1930,0,,53,1051334.1,4037412.6,,,,74.9,105.7,85.9,117.1,361.5,5.3,41.930725,-87.641665,POINT (-87.641665 41.930725),2023-172485
2023,103182,1000 N. LaSalle Apartments,Submitted,1000 N. Lasalle St.,60642,1.0,,Near North Side,Multifamily Housing,120728,1988,1,,28,2699731.7,8822779.6,,,,95.4,139.3,106.6,151.2,846.4,7,41.937771,-87.637456,POINT (-87.637456 41.937771),2023-103182
2023,254361,Mila Chicago,Not Submitted,201 N Garland Ct,60601,0.0,,Loop,,,,,,,,,,,,,,,,,,41.89677,-87.629448,POINT (-87.629448 41.89677),2023-254361
2023,251211,87th Street Center,Not Submitted,35 W 87th St,60620,0.0,,Chatham,Retail Store,,,,,,,,,,,,,,,,,41.895242,-87.654082,POINT (-87.654082 41.895242),2023-251211
2023,257169,,Not Covered 2024,4600 N Kenmore,60640,,true,Uptown,Residential,,,,,,,,,,,,,,,,,41.965618,-87.656495,POINT (-87.656495 41.965618),2023-257169
2023,254379,City Hyde Park,Submitted,5105 S Harper Ave,60615,1.5,,Hyde Park,Multifamily Housing,367910,2015,1,,33,17256240.4,11728990,,,,78.8,164.8,81.2,167.3,3037.5,8.3,41.745105,-87.717386,POINT (-87.717386 41.745105),2023-254379
2023,256954,Wrigleyville Lofts,Submitted,949 W. Dakin Street,60613,4.0,,Lake View,Multifamily Housing,120843,2021,1,1171,86,2625567.1,2965888.4,,,,46.3,86.6,48.7,89.2,524.9,4.3,41.890526,-87.634189,POINT (-87.634189 41.890526),2023-256954
2023,254377,Cicero & George,Submitted,4800 W. George St.,60641,2.0,,Belmont Cragin,Multifamily Housing,76764,2016,1,2581,49,2707040.8,1332565.7,,,,52.6,117,53.4,117.7,449.5,5.9,42.00927,-87.661965,POINT (-87.661965 42.00927),2023-254377
2023,172800,5110 S Kenwood,Submitted,5110 S Kenwood,60615,3.0,,Hyde Park,Multifamily Housing,55932,1990,1,,63,883906.7,4818581.8,,,,102,134.7,112.7,146.4,379.6,6.8,42.009879,-87.662163,POINT (-87.662163 42.009879),2023-172800
2023,105617,441 W. Oakdale Apartments,Submitted,441 W. Oakdale Ave.,60642,1.0,,Lake View,Multifamily Housing,61720,1971,1,,20,1010784.7,4599044.7,,,,90.9,124.1,100,133.4,385.7,6.2,41.901242,-87.62436,POINT (-87.62436 41.901242),2023-105617
2023,241747,Hampden Tower Condominium Association,Submitted,2754 N. Hampden Ct.,60614,1.5,,Lincoln Park,Multifamily Housing,122200,1972,1,,37,5122149.5,2981863.9,,,,66.3,143,71.8,155.5,875.1,7.2,41.888043,-87.771937,POINT (-87.771937 41.888043),2023-241747
2023,160388,EnV Chicago (nv091) (nv092),Submitted,161 W Kinzie Street,60654,1.5,,Near North Side,Multifamily Housing,393986,2009,1,11222,36,11488714,14317847.8,,,,65.5,119.8,66.4,122.3,2368,6,41.923177,-87.657323,POINT (-87.657323 41.923177),2023-160388
2023,102093,,Not Submitted,551 555 N Pine Ave,60644,0.0,,Austin,Residential,,,,,,,,,,,,,,,,,41.91131,-87.631567,POINT (-87.631567 41.91131),2023-102093
2023,260101,,Not Submitted,4747 S Dr Martin Luther King Jr Dr,60615,0.0,,Grand Boulevard,Residential,,,,,,,,,,,,,,,,,41.906317,-87.628909,POINT (-87.628909 41.906317),2023-260101
2023,250101,Margaret Day Blake Apartments,Submitted,2140 N Clark St,60614,2.5,,Lincoln Park,Multifamily Housing,71000,1966,1,,60,1392720.1,4816900.1,,,,87.5,126.2,95.5,134.7,450.7,6.3,41.738439,-87.620898,POINT (-87.620898 41.738439),2023-250101
2023,237359,Edgewater Beach Apartment Corporation,Submitted,5555 N. Sheridan Road,60640,4.0,,Edgewater,Multifamily Housing,613400,1927,1,,92,6680705.6,39038578.2,,,,74.5,97.3,82.7,105.9,3008.3,4.9,41.882353,-87.76501,POINT (-87.76501 41.882353),2023-237359
2023,250068,POLICE TRAINING ACADEMY,Submitted,1300 W. Jackson Blvd.,60607,1.0,,Near West Side,Adult Education,180000,1975,1,,,14072706.7,12577383.2,,,,148.1,292.3,162,305.9,2637.1,14.7,41.906212,-87.626747,POINT (-87.626747 41.906212),2023-250068
2023,251214,Wilson Yard,Submitted,1026-1032 W Montrose,60613,3.5,,Uptown,Mixed Use Property,415976,2010,2,,74,13547528.5,11216727.7,,,,59.5,119.5,63.6,124.2,2491.3,6,41.925517,-87.638222,POINT (-87.638222 41.925517),2023-251214
2023,134126,1111 N. Clark St.,Submitted,1111 N. Clark St,60610,1.0,,Near North Side,Vehicle Dealership,90000,1910,1,,11,4294168.6,7299972.4,,,,128.8,218.8,143.2,233.4,988.6,11,41.902543,-87.643124,POINT (-87.643124 41.902543),2023-134126
2023,172406,Oakley SOuare (St. Stephen's Terrace),Submitted,2333 W. Jackson Blvd,60612,4.0,,Near West Side,Multifamily Housing,277185,1979,3,3123,91,5463312.9,10532489.6,,,,57.7,95.1,64.1,102.6,1289.9,4.7,41.892147,-87.747276,POINT (-87.747276 41.892147),2023-172406
2023,101934,"321 N. Clark Property, LLC",Submitted,321 North Clark,60654,4.0,,Near North Side,Office,981053,1987,1,12533,87,38145875.7,,,,,38.9,108.9,40.7,114,5337.4,5.4,41.88583,-87.639806,POINT (-87.639806 41.88583),2023-101934
2023,142710,1606 1624 W Granville Ave / 6200 6248 N Clark St / 1605 1623 Thome Ave,Submitted,1606 1624 W Granville Ave,60660,4.0,,Edgewater,Multifamily Housing,201600,1925,3,,97,319655.6,9709553.9,,,,49.7,55,58.5,64.2,560.4,2.8,41.8383,-87.623297,POINT (-87.623297 41.8383),2023-142710
2023,160214,Belmont Village Senior Living Lincoln Park,Not Submitted,700 W Fullerton Ave,60614,0.0,,Lincoln Park,Commercial,,,,,,,,,,,,,,,,,41.873639,-87.630795,POINT (-87.630795 41.873639),2023-160214
2023,160451,50 East Chestnut Condominium Association,Submitted,50 East Chestnut Street,60611,1.0,,Near North Side,Multifamily Housing,138485,2007,1,,13,4939798.2,8934613,,,,100.2,167.6,108.4,175.7,1165.7,8.4,41.764268,-87.560997,POINT (-87.560997 41.764268),2023-160451
2023,254155,247-Senior Suites of Norwood Park,Submitted,5700 N. Harlem Ave,60631,2.0,,Norwood Park,Senior Living Community,93678,2015,1,2809,44,3291355.1,2604099.7,,,,62.9,127.6,69.8,137.9,598.8,6.4,41.912783,-87.640005,POINT (-87.640005 41.912783),2023-254155
2023,156942,Burton-Judson Courts,Submitted,1005 East 60th Street,60637,3.0,,Woodlawn,Residence Hall/Dormitory,201402,1931,1,,65,3635874.9,,11501467.8,,,75.2,119.2,83.2,128.9,1272.4,6.3,41.704651,-87.52797,POINT (-87.52797 41.704651),2023-156942
2023,173455,525 S. Dearborn St.,Submitted,521-531 S. Dearborn St.,60605,2.0,,Loop,Multifamily Housing,56364,1892,1,,,2224326.6,4274829.1,,,,115.3,190.1,123.8,199.9,538.3,9.6,41.928223,-87.640917,POINT (-87.640917 41.928223),2023-173455
2023,158227,Grand Plaza,Submitted,540 N. State St,60654,1.5,,Near North Side,Multifamily Housing,1119317,2003,1,,33,28765852.2,63320199,,25101552.1,,104.7,151.8,111.1,159.4,8711,7.8,41.955531,-87.708208,POINT (-87.708208 41.955531),2023-158227
2023,156856,Presence Stone Professional Office Building,Not Submitted,2800 - 2812 N Sheridan Rd,60657,0.0,,Lake View,Medical Office,,,,,,,,,,,,,,,,,41.840771,-87.62312,POINT (-87.62312 41.840771),2023-156856
2023,250060,Garfield Center,Submitted,10 S. Kedzie Ave.,60612,2.0,,East Garfield Park,Office,62660,1971,1,,41,4251006.2,3106442.6,,,,117.4,242,128,252.2,759.8,12.1,41.958551,-87.646626,POINT (-87.646626 41.958551),2023-250060
2023,251769,U.S. Cellular Plaza - 8410 _ Goby LLC,Submitted,8410 West Bryn Mawr Avenue,60631,1.0,,Ohare,Office,212428,1981,1,,4,25337199.6,14723.7,,,,119.3,334,132.2,370.1,3546,16.7,41.845468,-87.627453,POINT (-87.627453 41.845468),2023-251769
2023,103598,222 North LaSalle,Submitted,222 North Lasalle Street,60601,4.0,,Loop,Office,1217630,1986,1,10092,83,44796325.1,,,,,36.8,103,38.9,108.9,6269.7,5.1,41.889827,-87.637512,POINT (-87.637512 41.889827),2023-103598
2023,172252,Sacred Heart Home Inc,Submitted,1550 S Albany Ave,60623,4.0,,North Lawndale,Residential Care Facility,71584,1912,1,,,911998,6689314.3,,,,106.2,133.8,116.3,144,482.9,6.7,41.902236,-87.629788,POINT (-87.629788 41.902236),2023-172252
2023,175896,Sheridan Lake,Submitted,6415 N. Sheridan Rd.,60626,3.5,,Rogers Park,Multifamily Housing,68271,1969,1,,57,1495180.8,5477693.9,,,,102.1,145.6,113.1,156.5,500.2,7.3,41.907493,-87.638353,POINT (-87.638353 41.907493),2023-175896
2023,175226,,Not Submitted,5233 5237 S Greenwood Ave,60615,0.0,,Hyde Park,Residential,,,,,,,,,,,,,,,,,41.886183,-87.715397,POINT (-87.715397 41.886183),2023-175226
2023,103970,424 West Oakdale Avenue,Submitted,424 W. Oakdale Ave.,60657,4.0,,Lake View,Multifamily Housing,52080,1970,1,,82,530557.8,2832580.7,,,,64.6,85.6,68.9,90,224.7,4.3,41.876778,-87.647439,POINT (-87.647439 41.876778),2023-103970
2023,105983,1330 N. Dearborn Apartments,Submitted,1330 N. Dearborn St.,60642,1.0,,Near North Side,Multifamily Housing,72900,1962,1,,10,2022205.1,5215260.8,,,,99.3,152.8,109,162.5,560,7.7,41.95005,-87.716829,POINT (-87.716829 41.95005),2023-105983
2023,233760,Park Newberry,Submitted,55 W. Delaware Place,60610,1.5,,Near North Side,Multifamily Housing,260055,1995,1,,33,5789560.4,21258378.2,,,,104,148.2,113.1,157.3,1939.2,7.5,41.909314,-87.647077,POINT (-87.647077 41.909314),2023-233760
2023,250114,Zelda Ormes Apartments,Submitted,116 W Elm St,60610,3.5,,Near North Side,Multifamily Housing,150850,1975,1,,80,2893321.3,9743399.8,,,,83.8,121.5,90.6,128.4,922.4,6.1,41.912254,-87.634891,POINT (-87.634891 41.912254),2023-250114
2023,251705,Yale -CPS,Not Covered 2024,7025 S Princeton Ave,60621,,true,Greater Grand Crossing,K-12 School,,,,,,,,,,,,,,,,,41.883024,-87.661256,POINT (-87.661256 41.883024),2023-251705
2023,251319,Marketplace at Six Corners,Submitted,4660 & 4640 W. Irving Park,60641,1.0,,Portage Park,Strip Mall,77966,1997,1,,,10444316.2,5933871.1,,,,210.1,455,220.3,462.9,1776.5,22.8,41.772683,-87.585208,POINT (-87.585208 41.772683),2023-251319
2023,118349,Chicago Bar Association,Submitted,321 S. Plymouth Ct.,60604,4.0,,Loop,Office,99051,1990,1,234,65,6158030.5,,,,,62.2,174.1,68.7,192.3,861.6,8.7,41.967087,-87.659721,POINT (-87.659721 41.967087),2023-118349
2023,256768,,Not Submitted,355 E Wacker Dr,60601,0.0,,Loop,,,,,,,,,,,,,,,,,,41.981299,-87.712614,POINT (-87.712614 41.981299),2023-256768
2023,101471,Brompton,Submitted,701-15 West Brompton,60657,3.5,,Lake View,Multifamily Housing,53469,1980,1,,77,1466323.1,1222240.7,,,,50.3,100.8,54.5,112.5,270.1,5.1,41.936641,-87.639583,POINT (-87.639583 41.936641),2023-101471
2023,105441,Archer Courts Apartments,Submitted,2220-2242 S Princeton Avenue,60616,4.0,,Armour Square,Multifamily Housing,137730,1950,2,10542,61,1229177.6,12011470.9,,,,96.1,116.6,105.6,126.6,810,5.9,41.853824,-87.629977,POINT (-87.629977 41.853824),2023-105441
2023,103682,,Not Submitted,4624  S Ellis Ave,60653,0.0,,Kenwood,Residential,,,,,,,,,,,,,,,,,41.896701,-87.631393,POINT (-87.631393 41.896701),2023-103682
2023,254316,Chicago-North,Submitted,2544 West Montrose Ave,60618,4.0,,Lincoln Square,Other - Specialty Hospital,148775,2000,1,6873,,9664481,9963381,,,,131.9,252.2,140.7,260.6,1881.5,12.6,41.925485,-87.639795,POINT (-87.639795 41.925485),2023-254316
2023,137704,Vranas and Assoc. C/O Realty and Mortgage Co.,Not Submitted,346 N Justine St,60607,0.0,,Near West Side,Office,,,,,,,,,,,,,,,,,41.761784,-87.558177,POINT (-87.558177 41.761784),2023-137704
2023,104237,536-552 W. Addison St.,Submitted,536 W. Addison St.,60613,1.0,,Lake View,Multifamily Housing,62762,1970,1,,24,1109140.8,4957426.5,,,,96.7,132.4,104.2,139.9,418.5,6.7,41.921316,-87.791824,POINT (-87.791824 41.921316),2023-104237
2023,256956,Michigan Ave Suites LLC,Submitted,320 N Michigan Ave,60601,1.0,,Loop,Multifamily Housing,95000,2000,1,,6,5143431.6,692344.8,,,,61.4,159.2,67.5,174.1,756.4,8,41.886832,-87.626556,POINT (-87.626556 41.886832),2023-256956
2023,113632,"Lake Shore Land Association, Inc.",Submitted,1130 N. Lake Shore Drive,60611,3.0,,Near North Side,Multifamily Housing,59350,1910,1,,,710646.8,3677184.1,,,,73.9,98.6,84.5,110.3,294.7,5,41.899072,-87.626051,POINT (-87.626051 41.899072),2023-113632
2023,250106,Maudelle Brown Bousfield Apartments,Submitted,4949 S. Cottage Grove,60615,1.5,,Kenwood,Multifamily Housing,67320,1961,1,,33,1374679.3,5780599.9,,,,106.3,147.3,116.6,158.4,499.4,7.4,41.87748,-87.624447,POINT (-87.624447 41.87748),2023-250106
2023,147834,"2620 Washington Master Tenant, LLC",Submitted,2620 W. Washington Blvd,60612,3.5,,Near West Side,Multifamily Housing,73016,1926,1,,78,1483746,3959436.3,,,,74.5,113.8,83.9,123.2,417.9,5.7,41.798022,-87.584894,POINT (-87.584894 41.798022),2023-147834
2023,251434,Nicholson,Submitted,6006 S Peoria St,60621,1.0,,Englewood,K-12 School,71602,1958,2,,23,1544073.4,5451479.7,,,,97.7,140.3,108.9,152.1,505.6,7.1,42.014938,-87.663111,POINT (-87.663111 42.014938),2023-251434
2023,103638,The Field Museum,Submitted,1400 South Lake Shore Drive,60605,,true,Near South Side,Mixed Use Property,1280537,1921,1,32174,,64490189.7,102155438.5,,,,130.2,224.9,129.9,223.8,14449.4,11.3,41.885828,-87.626138,POINT (-87.626138 41.885828),2023-103638
2023,254039,Sheridan Shore Courts Condominium Association,Submitted,7021-7035 N. Sheridan Rd.,60626,3.0,,Rogers Park,Multifamily Housing,80078,1920,1,,63,707207.2,5457293.8,,,,77,96.3,88.6,107.8,388.8,4.9,41.886739,-87.660158,POINT (-87.660158 41.886739),2023-254039
2023,102079,East Bank Club,Submitted,500 North Kingsbury Street,60654,1.0,,Near North Side,Fitness Center/Health Club/Gym,302780,1980,1,,,31887558.1,35386298.8,,,,222.2,417.6,230.5,427.5,6341.2,20.9,41.743658,-87.610015,POINT (-87.610015 41.743658),2023-102079
2023,159187,Midway Gardens Apartments,Not Submitted,727 E 60th St,60637,0.0,,Woodlawn,Residential,,,,,,,,,,,,,,,,,41.887497,-87.648021,POINT (-87.648021 41.887497),2023-159187
2023,244387,Regatta Condominium Association,Submitted,420 E. Waterside Dr,60601,3.0,,Loop,Multifamily Housing,452227,2006,1,,67,11644174.4,20102521.6,,,,70.2,118.8,74.7,124,2697,6,41.985932,-87.728369,POINT (-87.728369 41.985932),2023-244387
2023,254034,Warren Project,Submitted,1609 W. Warren Blvd.,60612,4.0,,Near West Side,Multifamily Housing,78628,2014,1,1931,94,1282260.6,2084113.8,,,,42.8,73.5,46.1,77.1,290.1,3.7,41.920791,-87.777478,POINT (-87.777478 41.920791),2023-254034
2023,112954,1515 W. MORSE LLC,Submitted,1515 W Morse Ave,60626,2.5,,Rogers Park,Multifamily Housing,62072,1972,1,,51,780420,5173194.4,,,,95.9,122.7,105.5,132.1,384,6.2,41.994329,-87.65537,POINT (-87.65537 41.994329),2023-112954
2023,175433,1130 S Wabash Ave,Not Covered 2024,1130 S Wabash Ave,60605,,true,Loop,Office,,,,,,,,,,,,,,,,,41.94643,-87.714437,POINT (-87.714437 41.94643),2023-175433
2023,251241,(IL0404) - 212 E. Condominium (212 E. Cullerton),Submitted,212 E. Cullerton,60616,2.0,,Near South Side,Multifamily Housing,150107,2003,1,,45,4523563.5,6278658.2,,,,72,128.3,76.8,133.4,938.3,6.3,41.877988,-87.62446,POINT (-87.62446 41.877988),2023-251241
2023,103745,900 North Michigan,Submitted,900 North Michigan,60611,,true,Near North Side,Mixed Use Property,2136748,1989,1,,,136037136.8,40972397.5,,,,82.8,198.4,85.3,204.3,21210.5,9.9,41.931604,-87.644592,POINT (-87.644592 41.931604),2023-103745
2023,158316,Pendry Chicago,Submitted,230 N Michigan Ave,60601,1.5,,Loop,Hotel,300000,1929,1,,31,16561664.4,18677580,,,,117.5,219.9,123.7,226.5,3309.4,11,41.954128,-87.672775,POINT (-87.672775 41.954128),2023-158316
2023,243596,Imperial Towers,Submitted,4250 N Marine Dr.,60613,3.5,,Uptown,Multifamily Housing,1126000,1962,1,,73,8878218.2,78684209.9,,,,77.8,95.5,86.1,104.2,5421.5,4.8,41.88042,-87.658281,POINT (-87.658281 41.88042),2023-243596
2023,250075,Frank O Lowden Homes,Submitted,200 W. 95th Street,60620,1.0,,Roseland,Multifamily Housing,114868,1954,19,,26,2210917.5,11229272.2,,,,117,156.5,129.7,170.4,905.8,7.9,41.866254,-87.666524,POINT (-87.666524 41.866254),2023-250075
2023,251614,Kozminski Elementary Academy -CPS,Not Covered 2024,936 E 54th St,60615,,true,Hyde Park,K-12 School,,,,,,,,,,,,,,,,,41.741427,-87.565933,POINT (-87.565933 41.741427),2023-251614
2023,158133,353 North Clark,Submitted,353 North Clark Street,60654,3.5,,Near North Side,Office,1364257,2009,1,19067,76,83148410,6213965.3,,,,65.5,175.4,68.9,184.7,11964.1,8.8,41.798972,-87.591918,POINT (-87.591918 41.798972),2023-158133
2023,251511,Brighton Park,Submitted,3825 S Washtenaw Ave,60632,1.0,,Brighton Park,K-12 School,80730,1919,3,,30,2280901.5,4044719.8,,,,78.4,131.7,89.5,143.4,534,6.6,41.800884,-87.61628,POINT (-87.61628 41.800884),2023-251511
2023,251367,Norwood Park,Submitted,5900 N Nina Ave,60631,1.0,,Norwood Park,K-12 School,56330,1916,1,,16,2485863.7,1902420,,,,77.9,159,85.7,167.2,448.9,8,41.778395,-87.635154,POINT (-87.635154 41.778395),2023-251367
2023,254057,HAYMARKET CENTER,Submitted,932 W Washington Blvd,60607,2.0,,Near West Side,Residential Care Facility,150000,1890,1,,,7412036.2,10001468,,,,116.1,208.4,124.9,217,1568.3,10.5,41.880688,-87.625644,POINT (-87.625644 41.880688),2023-254057
2023,111708,2970 Lake Shore Condo Association,Submitted,2970 N Lake Shore Drive,60657,2.5,,Lake View,Multifamily Housing,147700,1954,1,,57,2245830.3,9902510.8,,,,82.3,113,91,122,840.2,5.7,41.919908,-87.679009,POINT (-87.679009 41.919908),2023-111708
2023,255091,,Not Submitted,900 N North Branch St,60642,0.0,,Near North Side,Commercial,,,,,,,,,,,,,,,,,41.85477,-87.622117,POINT (-87.622117 41.85477),2023-255091
2023,101807,Fine Arts Building,Submitted,408 410 S. Michigan Ave,60605,3.0,,Loop,Office,160558,1884,1,1023,62,2813577.4,12679443.1,,,,96.5,132,108.3,144.1,1067.1,6.6,41.940083,-87.729546,POINT (-87.729546 41.940083),2023-101807
2023,256405,8846,Submitted,303 E Superior St,60611,1.0,,Near North Side,Laboratory,418826,2004,1,42468,,60965419.3,52419902.8,,,,270.7,539,277.7,542.7,11314.5,27,41.886674,-87.648727,POINT (-87.648727 41.886674),2023-256405
2023,256733,Byrne,Submitted,5329 S Oak Park Ave,60638,2.0,,Garfield Ridge,K-12 School,78340,1935,4,,44,1890261.7,2922130,,,,61.4,106.7,69,114.6,419.7,5.4,41.908646,-87.650642,POINT (-87.650642 41.908646),2023-256733
2023,159893,Island Terrace,Submitted,6430 S Stony Island Ave,60637,1.5,,Woodlawn,Multifamily Housing,239464,1969,1,20413,39,4405205.3,20831150.6,,,,105.4,142.8,116.4,154.4,1722.8,7.2,41.941426,-87.690799,POINT (-87.690799 41.941426),2023-159893
2023,118831,10725-Bucktown,Submitted,2140 N. Elston Ave,60614,4.0,,Logan Square,Retail Store,130345,2005,1,,99,2051956.3,647200,,,,20.7,49.3,22.3,51,321.5,2.5,41.905379,-87.630175,POINT (-87.630175 41.905379),2023-118831
2023,235845,The Elm at Clark,Submitted,1122 N Clark St,60610,3.5,,Near North Side,Multifamily Housing,356786,1989,1,,52,11384869.9,13078011.4,,,,68.6,127.8,75.6,136.9,2287.6,6.4,41.831724,-87.646276,POINT (-87.646276 41.831724),2023-235845
2023,254378,Darul Amaan Senior Living,Not Submitted,4820 N Kedzie Ave,60625,0.0,,Albany Park,,,,,,,,,,,,,,,,,,41.818711,-87.694675,POINT (-87.694675 41.818711),2023-254378
2023,251281,40 E. Oak,Submitted,40 E Oak Street,60611,3.5,,Near North Side,Multifamily Housing,154113,1928,1,4906,59,2487865.7,12542624.7,,,,97.5,130.7,110.8,144.3,1014.3,6.6,41.707575,-87.605232,POINT (-87.605232 41.707575),2023-251281
2023,105483,The Edison (ds067),Submitted,5200 N Sheridan Rd,60640,3.5,,Edgewater,Multifamily Housing,199190,1926,3,9066,75,1609406.6,14920259.2,,,,83,101.3,93.2,112.3,1017.7,5.1,41.899936,-87.621802,POINT (-87.621802 41.899936),2023-105483
2023,100346,2609 West Belmont Avenue,Submitted,2609 West Belmont Avenue,60618,4.0,,Avondale,Multifamily Housing,104796,2013,1,,98,1331687.9,2979401.3,,,,41.1,65.4,42.1,68.1,344.6,3.3,41.90387,-87.640388,POINT (-87.640388 41.90387),2023-100346
2023,172797,888 South Michigan Condominium Association,Submitted,888 S. Michigan Ave.,60605,1.5,,Loop,Multifamily Housing,79483,2002,1,,36,2604504.9,3345580.9,,,,74.9,135.9,81.2,144.9,542.1,6.8,41.880024,-87.664528,POINT (-87.664528 41.880024),2023-172797
2023,251486,Ruggles,Submitted,7831 S Prairie Ave,60619,4.0,,Greater Grand Crossing,K-12 School,99710,1925,2,,81,1232417.8,3824430,,,,50.7,74.9,59.3,83.9,375.6,3.8,41.902623,-87.686869,POINT (-87.686869 41.902623),2023-251486
2023,252046,Henry Crown Field House,Submitted,5550 South University Ave.,60637,2.0,,Hyde Park,Fitness Center/Health Club/Gym,146501,1932,1,1604,,3573268.1,95991,5111728.7,,,59.9,111,66.3,118.6,844.5,5.8,41.983428,-87.665865,POINT (-87.665865 41.983428),2023-252046
2023,132533,"Elston Industrial lofts, Llc",Submitted,1737-1747 N Elston/ 1430-1454 W Willow,60642,,true,West Town,Mixed Use Property,83832,1923,1,85092,,2507119.2,2300199.8,,,,57.3,112.5,61.8,118.4,473,5.6,41.843686,-87.717355,POINT (-87.717355 41.843686),2023-132533
2023,256538,Noca Blu,Submitted,2340 N California Ave,60647,3.5,,Logan Square,Multifamily Housing,126388,2018,1,1955,78,3967057.5,3519385.5,,,,59.2,117.1,63.6,124.8,742,5.9,41.765881,-87.722587,POINT (-87.722587 41.765881),2023-256538
2023,175400,"740 N. Milwaukee, LLC",Submitted,740 N. Milwaukee Ave.,60642,3.5,,West Town,Multifamily Housing,82600,2003,1,,80,2016559.1,1511195.4,,,,42.7,87.6,47.1,95.7,362.4,4.4,41.94931,-87.663932,POINT (-87.663932 41.94931),2023-175400
2023,164922,Thorek Memorial Hospital,Submitted,850 W. Irving Park Rd,60613,4.0,,Uptown,Hospital (General Medical & Surgical),205000,1981,2,,88,16867636.6,24112478.9,,,,199.9,353.9,204,356,3640.8,17.8,41.88927,-87.629735,POINT (-87.629735 41.88927),2023-164922
2023,156576,Rice Building,Submitted,815 W Van Buren,60607,2.5,,Near West Side,Office,80610,1910,1,1161,58,3028081.3,2692574.7,,,,71,140.3,76.4,145.1,566.7,7,41.939577,-87.669384,POINT (-87.669384 41.939577),2023-156576
2023,102157,OneTwoPru,Submitted,130 East Randolph & 180 North Stetson,60601,4.0,,Loop,Office,2751035,1972,1,26064,80,117957023.6,65810345.1,,,,66.8,145.2,72.3,152.7,20000,7.3,41.875517,-87.714554,POINT (-87.714554 41.875517),2023-102157
2023,250021,Pulaski Park,Not Submitted,1419 W Blackhawk St,60642,0.0,,West Town,Other - Recreation,,,,,,,,,,,,,,,,,41.813292,-87.643381,POINT (-87.643381 41.813292),2023-250021
2023,175085,,Not Submitted,1310 1316 E Hyde Park Blvd,60615,0.0,,Kenwood,Residential,,,,,,,,,,,,,,,,,41.889836,-87.766335,POINT (-87.766335 41.889836),2023-175085
2023,172114,Latin School of Chicago Upper School,Not Submitted,59 W North Blvd,60610,0.0,,Near North Side,K-12 School,,,,,,,,,,,,,,,,,41.878384,-87.620832,POINT (-87.620832 41.878384),2023-172114
2023,164965,S3-Sinai,Not Submitted,2653 W Ogden Ave,60608,0.0,,North Lawndale,Medical Office,,,,,,,,,,,,,,,,,41.882798,-87.632242,POINT (-87.632242 41.882798),2023-164965
2023,156573,,Not Covered 2024,2 12 S Halsted St,60661,,true,Near West Side,Commercial,,,,,,,,,,,,,,,,,41.87135,-87.630733,POINT (-87.630733 41.87135),2023-156573
2023,239994,(IL637) - Park 1500 Loft (1500 W Monroe),Submitted,1500 W Monroe,60607,3.0,,Near West Side,Multifamily Housing,386891,2004,2,,69,8862817.7,17091251,,,,67.1,110.5,72.7,117,2147.9,5.6,41.752669,-87.68306,POINT (-87.68306 41.752669),2023-239994
2023,120631,New Supportive Living Center,Not Submitted,4707 S. Marshfield Ave.,60609,0.0,,New City,Commercial,,,,,,,,,,,,,,,,,41.920036,-87.761084,POINT (-87.761084 41.920036),2023-120631
2023,119422,"26810_26811 939 North Avenue Collection,LLC",Submitted,939 W. North Avenue,60642,,true,Near North Side,Mixed Use Property,219651,2002,1,5,,11219043.4,,,,,51.1,143,54.1,151.4,1569.8,7.1,41.886704,-87.628054,POINT (-87.628054 41.886704),2023-119422
2023,252259,Sheridan Park,Submitted,4536 North Magnolia,60640,2.0,,Uptown,Multifamily Housing,55300,1929,2,6336,44,957261.1,6156871.4,,,,128.6,165.4,141.5,178.6,461,8.3,41.881612,-87.663799,POINT (-87.663799 41.881612),2023-252259
2023,251695,Moos Elementary -CPS,Not Covered 2024,1711 N California Ave,60647,,true,West Town,K-12 School,,,,,,,,,,,,,,,,,41.870386,-87.666341,POINT (-87.666341 41.870386),2023-251695
2023,256746,Englewood Stem HS,Submitted,6835 S Normal Blvd,60621,4.0,,Englewood,K-12 School,160000,2019,1,,81,3245880.8,4090900,,,,45.9,83.6,49.9,88.4,671.4,4.2,41.884324,-87.642398,POINT (-87.642398 41.884324),2023-256746
2023,105012,,Not Submitted,1016 1030 W Balmoral Ave,60640,0.0,,Edgewater,Residential,,,,,,,,,,,,,,,,,41.908152,-87.628937,POINT (-87.628937 41.908152),2023-105012
2023,160379,Aston -CO (pt64),Submitted,200 E Illinois St.,60611,4.0,,Near North Side,Multifamily Housing,567862,2014,1,13109,81,14241798,10562505.9,,,,43.7,89.8,44.5,91.9,2553.7,4.5,42.009065,-87.66262,POINT (-87.66262 42.009065),2023-160379
2023,251667,Fort Dearborn,Submitted,9025 S Throop St,60620,3.0,,Washington Heights,K-12 School,83424,1937,2,,62,980848.8,4906840.1,,,,70.6,94.7,83.8,108.5,397.9,4.8,41.796543,-87.58105,POINT (-87.58105 41.796543),2023-251667
2023,254348,1000 S Clark (ks50),Submitted,1000 S Clark St,60605,2.0,,Loop,Multifamily Housing,445666,2016,3,20264,49,13040694.8,18429912.4,,,,70.6,125.4,73.9,129.9,2803.5,6.3,41.895869,-87.628033,POINT (-87.628033 41.895869),2023-254348
2023,254043,"North Center Senior Housing, NFP (St. Vincent DePaul Residence)",Not Submitted,4040 N Oakley St,60618,0.0,,North Center,Residential,,,,,,,,,,,,,,,,,41.915029,-87.700243,POINT (-87.700243 41.915029),2023-254043
2023,241533,565 West Ouincy Condo Association,Submitted,565 West Ouincy,60661,3.5,,Near West Side,Multifamily Housing,382715,2009,1,,74,11769828.4,3658408.3,,,,40.3,96.1,43.9,105.7,1841.1,4.8,41.876518,-87.650117,POINT (-87.650117 41.876518),2023-241533
2023,251632,Curtis Elementary -CPS,Not Covered 2024,32 E 115th St,60628,,true,Roseland,K-12 School,,,,,,,,,,,,,,,,,41.924741,-87.647563,POINT (-87.647563 41.924741),2023-251632
2023,251301,Lincoln Park Tower Condominium Association,Submitted,1960 N Lincoln Park West,60614,1.0,,Lincoln Park,Multifamily Housing,333031,1967,1,,26,7526068.5,27925966.8,,,,106.5,151.3,118.5,164.3,2536.3,7.6,41.965611,-87.772451,POINT (-87.772451 41.965611),2023-251301
2023,251493,Bethune Elementary -CPS,Not Covered 2024,3030 W Arthington St,60612,,true,East Garfield Park,K-12 School,,,,,,,,,,,,,,,,,41.808188,-87.745763,POINT (-87.745763 41.808188),2023-251493
2023,251217,Harbor House Condominium Association,Submitted,3200 N. Lake Shore Drive,60657,2.5,,Lake View,Multifamily Housing,427429,1966,1,,59,7927858.2,28075572.7,,,,84.2,120.9,91.7,128.3,2600.5,6.1,41.894042,-87.638603,POINT (-87.638603 41.894042),2023-251217
2023,254296,Brompton,Not Submitted,534 552 W Brompton Ave,60657,0.0,,Lake View,Residential,,,,,,,,,,,,,,,,,41.932443,-87.64103,POINT (-87.64103 41.932443),2023-254296
2023,101030,Oakwood Shores Sr,Submitted,3750 S Cottage Grove,60653,3.5,,Oakland,Multifamily Housing,76017,2012,1,1794,74,1799884.5,2201380.1,,,,52.6,96.7,56.3,100.5,368.8,4.9,41.840984,-87.705086,POINT (-87.705086 41.840984),2023-101030
2023,251390,"Pickard Elementary, Josiah L -CPS",Not Covered 2024,2301 W 21st Pl,60608,,true,Lower West Side,K-12 School,,,,,,,,,,,,,,,,,41.863973,-87.627194,POINT (-87.627194 41.863973),2023-251390
2023,125763,Kmart,Not Covered 2024,7050 S Pulaski Rd,60629,,true,West Lawn,Retail Store,,,,,,,,,,,,,,,,,41.887939,-87.627036,POINT (-87.627036 41.887939),2023-125763
2023,256502,Breckinridge House,Submitted,1442 E. 59th Street,60637,4.0,,Hyde Park,Residence Hall/Dormitory,50698,1916,1,50,95,207801,200,2405289.1,,,51.5,68.6,56.9,75,188.8,3.7,41.857793,-87.625462,POINT (-87.625462 41.857793),2023-256502
2023,256534,Eight Eleven Uptown (gh000),Submitted,811 W Agatite Avenue,60640,4.0,,Uptown,Multifamily Housing,513871,2018,1,12784,,13205469.7,9264778.2,,,,43.7,90.9,45.8,93,2339.8,4.6,42.020445,-87.666244,POINT (-87.666244 42.020445),2023-256534
2023,250063,Gallery 37,Not Submitted,66 E Randolph St,60601,0.0,,Loop,Other - Entertainment/Public Assembly,,,,,,,,,,,,,,,,,41.968319,-87.653409,POINT (-87.653409 41.968319),2023-250063
2023,120931,10 South State,Submitted,10-20 South State Street,60603,4.0,,Loop,Retail Store,56109,1970,1,273,,1240004.3,,,,,22.1,61.9,22.1,61.9,173.5,3.1,41.942171,-87.640559,POINT (-87.640559 41.942171),2023-120931
2023,251911,Cardenas,Submitted,2345 S Millard Ave,60623,1.0,,South Lawndale,K-12 School,65670,1972,1,,5,4597014.9,,,,,70,196,78.4,219.5,643.2,9.8,41.861153,-87.703154,POINT (-87.703154 41.861153),2023-251911
2023,175218,Renaissance Place at Hyde Park Condominium Association North,Submitted,5200 S Ellis,60615,3.5,,Hyde Park,Multifamily Housing,121725,1947,1,,79,2615988.1,5371725.7,,,,65.6,106.5,71.1,112,651.3,5.4,41.892374,-87.627243,POINT (-87.627243 41.892374),2023-175218
2023,120267,Pete's Madison,Submitted,2333 W. Madison,60612,1.5,,Near West Side,Supermarket/Grocery Store,66000,2013,0,,34,10522584.3,9348084,,,,301.1,595.1,311.7,610.4,1968.8,29.8,41.765553,-87.626825,POINT (-87.626825 41.765553),2023-120267
2023,257102,Thrive Englewood,Not Covered 2024,6249 S Sangamon St,60621,,true,Englewood,,,,,,,,,,,,,,,,,,41.78011,-87.648085,POINT (-87.648085 41.78011),2023-257102
2023,132821,2550 S Wabash,Submitted,2550 S Wabash Ave,60616,3.0,,Near South Side,Multifamily Housing,68000,2020,1,,68,1035911.7,4186901,,,,76.8,107.3,83,113.6,367.3,5.4,41.906825,-87.754513,POINT (-87.754513 41.906825),2023-132821
2023,175276,,Not Submitted,7650  N Paulina St,60626,0.0,,Rogers Park,Residential,,,,,,,,,,,,,,,,,41.893227,-87.639437,POINT (-87.639437 41.893227),2023-175276
2023,102803,235-Senior Suites of New City,Submitted,4845 S. Western Avenue,60609,3.0,,New City,Senior Living Community,89556,2004,1,5589,63,2185901.2,4455599.4,,,,74.2,120.6,80.1,129,542.5,6.1,41.79774,-87.689176,POINT (-87.689176 41.79774),2023-102803
2023,239704,Renaissance Place at Hyde Park Condominium Association South,Submitted,1000 E 53rd,60615,2.5,,Hyde Park,Multifamily Housing,137769,1975,1,,58,3261410.2,6032777.4,,,,67.5,112.3,73.2,119.2,776.8,5.6,41.875249,-87.641126,POINT (-87.641126 41.875249),2023-239704
2023,106184,,Not Submitted,5300 5308 S Pulaski Rd,60632,0.0,,West Elsdon,Residential,,,,,,,,,,,,,,,,,41.75049,-87.623128,POINT (-87.623128 41.75049),2023-106184
2023,102643,234-Senior Suites of Jefferson Park,Submitted,5400 N. Northwest Highway,60630,2.0,,Jefferson Park,Senior Living Community,60000,2004,1,3665,22,1414502.6,4068299.5,,,,91.4,137.2,103.6,149.7,414,6.9,41.895005,-87.626877,POINT (-87.626877 41.895005),2023-102643
2023,250042,Crane Achievement Academy -CPS,Not Covered 2024,2245 W Jackson Blvd,60612,,true,Near West Side,K-12 School,,,,,,,,,,,,,,,,,41.97667,-87.841393,POINT (-87.841393 41.97667),2023-250042
2023,251912,"Sherman Elementary, William T -CPS",Not Covered 2024,1000 W 52nd St,60609,,true,New City,K-12 School,,,,,,,,,,,,,,,,,41.8831,-87.630147,POINT (-87.630147 41.8831),2023-251912
2023,159573,The Patricians,Not Submitted,401 411 W Fullerton Pkwy,60614,0.0,,Lincoln Park,Residential,,,,,,,,,,,,,,,,,41.880539,-87.634592,POINT (-87.634592 41.880539),2023-159573
2023,251533,Lozano,Submitted,1501 N Greenview Ave,60642,1.0,,West Town,K-12 School,57885,1993,1,,16,1851098.7,3756040.1,,,,96.9,157.7,110.5,172,458.5,7.9,41.871613,-87.625785,POINT (-87.625785 41.871613),2023-251533
2023,159099,Sofitel Chicago Water Tower,Submitted,20 East Chestnut,60611,1.0,,Near North Side,Hotel,377000,2002,1,7365,12,24096021.4,28673198.6,,,,140,258.8,143.3,260.5,4894.5,13,41.701967,-87.64769,POINT (-87.64769 41.701967),2023-159099
2023,105150,,Not Submitted,1533 W Jarvis Ave,60626,0.0,,Rogers Park,Residential,,,,,,,,,,,,,,,,,41.751158,-87.60604,POINT (-87.60604 41.751158),2023-105150
2023,239096,(IL1041) -  Marina Towers (300 N State St),Submitted,300 N State St,60654,4.0,,Near North Side,Multifamily Housing,794774,1960,2,,81,30068177.4,,,,,37.8,105.9,40.2,112.5,4207.1,5.3,41.882434,-87.631037,POINT (-87.631037 41.882434),2023-239096
2023,157832,Community First Medical Center,Not Submitted,5645 W Addison St,60634,0.0,,Portage Park,Hospital (General Medical & Surgical),,,,,,,,,,,,,,,,,41.938588,-87.649396,POINT (-87.649396 41.938588),2023-157832
2023,254981,MiCA,Submitted,North Tower: 2733 W Belden Ave,60647,2.0,,Logan Square,Multifamily Housing,205408,2016,2,,42,6733876.2,7056725.3,,,,67.1,127.9,70.9,131.1,1317,6.4,41.89107,-87.622619,POINT (-87.622619 41.89107),2023-254981
2023,175535,3100 S King Condominium Association,Submitted,3100 S King Dr,60616,1.0,,Douglas,Multifamily Housing,64800,1978,1,,15,3496180.8,747543.6,,,,65.5,163.2,73.9,186.2,528.9,8.2,41.994669,-87.659779,POINT (-87.659779 41.994669),2023-175535
2023,256878,Cicero Senior Lofts,Not Submitted,4835 S Cicero Ave,60632,0.0,,Garfield Ridge,,,,,,,,,,,,,,,,,,41.952655,-87.663947,POINT (-87.663947 41.952655),2023-256878
2023,251628,Miles Davis Elementary -CPS,Not Covered 2024,6740 S Paulina St,60636,,true,West Englewood,K-12 School,,,,,,,,,,,,,,,,,41.870042,-87.626041,POINT (-87.626041 41.870042),2023-251628
2023,103647,135 S LaSalle Property LLC,Submitted,135 S. Lasalle Street,60603,3.0,,Loop,Office,2453127,1934,1,,,37257970.7,70041484.6,,17962151.8,,51.1,79.2,57.6,86.1,9880,4,41.913425,-87.670062,POINT (-87.670062 41.913425),2023-103647
2023,128321,Linden House of Chicago,Submitted,2315 W. Lemoyne Ave.,60622,4.0,,West Town,Multifamily Housing,76497,1992,1,,90,1216379,3397983.1,,,,60.3,91.2,64.9,95.8,350.7,4.6,41.659133,-87.599886,POINT (-87.599886 41.659133),2023-128321
2023,251964,Intercultural Montessori Language School,Submitted,114 South Racine Avenue,60607,3.0,,Near West Side,K-12 School,94925,1920,1,,65,1944279.5,2112123.4,,,,42.7,80.7,48,86.2,384.2,4,41.805254,-87.684213,POINT (-87.684213 41.805254),2023-251964
2023,255932,,Not Covered 2024,33 S Ashland Ave,60607,,true,Near West Side,,,,,,,,,,,,,,,,,,41.878851,-87.688651,POINT (-87.688651 41.878851),2023-255932
2023,146136,Reside on Barry,Submitted,533 West Barry Avenue,60657,1.5,,Lake View,Multifamily Housing,113088,1966,1,4382,40,3634166.5,6460882.6,,,,89.3,150,98.2,160.3,851.7,7.5,41.942154,-87.776506,POINT (-87.776506 41.942154),2023-146136
2023,102473,,Not Submitted,523 531 W Cornelia Ave,60657,0.0,,Lake View,Residential,,,,,,,,,,,,,,,,,41.878132,-87.641585,POINT (-87.641585 41.878132),2023-102473
2023,256552,,Not Submitted,4758 N Laramie Ave,60630,0.0,,Portage Park,,,,,,,,,,,,,,,,,,41.987656,-87.660046,POINT (-87.660046 41.987656),2023-256552
2023,125859,730 Michigan Avenue,Submitted,730 North Michigan Avenue,60611,2.0,,Near North Side,Other - Mall,228000,1997,1,,,20642638.8,6241250,,,,117.9,282.2,117.9,282.2,3219.8,14.1,41.881738,-87.641808,POINT (-87.641808 41.881738),2023-125859
2023,254572,Carriage House (gc09),Submitted,1545 S State St,60605,3.5,,Near South Side,Multifamily Housing,133500,1908,1,2332,73,2240640.2,6391159.1,,,,64.7,97.3,72.6,105.7,653,4.9,41.844747,-87.621967,POINT (-87.621967 41.844747),2023-254572
2023,257060,,Not Covered 2024,1625 N Harlem Ave,60707,,true,Austin,Commercial,,,,,,,,,,,,,,,,,41.909597,-87.80579,POINT (-87.80579 41.909597),2023-257060
2023,250077,Wentworth Gardens,Submitted,3770 S. Wentworth Ave,60609,1.0,,Armour Square,Multifamily Housing,384000,1947,32,,17,10649313.5,27614297.6,,,,99.6,153.2,107.4,161.8,2956.8,7.7,41.90065,-87.627417,POINT (-87.627417 41.90065),2023-250077
2023,256791,Manufacturing Technology and Engineering Center (MTEC),Not Submitted,4101 W 76th St,60652,0.0,,West Lawn,,,,,,,,,,,,,,,,,,41.878496,-87.625942,POINT (-87.625942 41.878496),2023-256791
2023,159649,Belmont Apartments,Submitted,510 West Belmont Avenue,60657,3.0,,Lake View,Multifamily Housing,279147,1970,1,14010,64,4652618.8,20296488,,,,89.4,123,98.8,132.9,1729,6.2,41.809804,-87.624327,POINT (-87.624327 41.809804),2023-159649
2023,101283,Chicago-Central,Not Submitted,4058 W Melrose St,60641,0.0,,Irving Park,Other - Specialty Hospital,,,,,,,,,,,,,,,,,41.794351,-87.580578,POINT (-87.580578 41.794351),2023-101283
2023,243692,5445 Edgewater Plaza Condominium Association,Submitted,5445 N. Sheridan Rd.,60640,2.0,,Edgewater,Multifamily Housing,425474,1971,1,26421,46,6490675.2,38327775.6,,,,105.3,137.3,117.7,149.9,2943.9,6.9,41.877999,-87.766261,POINT (-87.766261 41.877999),2023-243692
2023,251227,372 West Ontario Street,Submitted,372 West Ontario Street,60654,4.0,,Near North Side,Office,50078,1910,1,,83,1245654.4,1100830,,,,46.9,92.7,50.7,96.4,232.8,4.6,41.834782,-87.627072,POINT (-87.627072 41.834782),2023-251227
2023,128800,Lurie Children's Faculty Office Building,Submitted,155 E. Superior Street,60611,3.5,,Near North Side,Office,82717,1917,1,,53,4579353.5,5003303,,,,115.8,218.5,122.9,225.1,906.5,11,41.865535,-87.640813,POINT (-87.640813 41.865535),2023-128800
2023,251571,Howe,Submitted,720 N Lorel Ave,60644,2.0,,Austin,K-12 School,69535,1896,2,,42,1668348.6,3253519.6,,,,70.8,116.3,81.8,127.9,406.2,5.8,41.885555,-87.628083,POINT (-87.628083 41.885555),2023-251571
2023,252064,Mansueto Library,Submitted,1100 East 57th Street,60637,2.0,,Hyde Park,Library,64028,2009,1,,,2348424.9,,7372782.9,3242532.2,,202.5,287.3,202.5,287.3,989,15.4,41.949539,-87.646899,POINT (-87.646899 41.949539),2023-252064
2023,255017,Midway Pointe Senior Residences,Not Submitted,5011 W 47th St,60638,0.0,,Garfield Ridge,,,,,,,,,,,,,,,,,,41.848507,-87.715981,POINT (-87.715981 41.848507),2023-255017
2023,158740,Lakeview East Cooperative,Submitted,707 W. Waveland Ave.,60613,1.0,,Lake View,Multifamily Housing,234695,1973,1,,26,3791887.2,18566804.1,,,,95.3,128.3,104.7,138.3,1516.7,6.5,41.921111,-87.636578,POINT (-87.636578 41.921111),2023-158740
2023,239488,1111 S. Wabash Condominium Association,Submitted,1111 S. Wabash,60605,1.0,,Loop,Multifamily Housing,402312,2005,1,,10,13162440.3,28174445.1,,,,102.7,165.1,108.7,170.9,3338.2,8.3,41.881675,-87.646974,POINT (-87.646974 41.881675),2023-239488
2023,257095,,Not Covered 2024,451 E Pershing Rd,60653,,true,Grand Boulevard,Residential,,,,,,,,,,,,,,,,,41.82354,-87.614576,POINT (-87.614576 41.82354),2023-257095
2023,114789,THE GREENWOOD CONDOMINIUM,Submitted,4720-26 S. Greenwood Ave.,60615,4.0,,Kenwood,Multifamily Housing,54224,1906,1,,93,264361.8,2849817.8,,,,57.4,68.8,64.8,76.5,188.4,3.5,41.889287,-87.704988,POINT (-87.704988 41.889287),2023-114789
2023,117535,Parker Elementary -CPS,Not Covered 2024,6800 S Stewart Ave,60621,,true,Englewood,K-12 School,,,,,,,,,,,,,,,,,41.85223,-87.634934,POINT (-87.634934 41.85223),2023-117535
2023,140928,,Not Submitted,6049 6059 W Irving Park Rd,60634,0.0,,Dunning,Residential,,,,,,,,,,,,,,,,,41.923882,-87.638203,POINT (-87.638203 41.923882),2023-140928
2023,176009,(IL408) - Westgate Condominium Association (812 West Van Buren St),Submitted,812 West Van Buren St,60607,1.5,,Near West Side,Multifamily Housing,65973,1910,1,,40,1489541.3,3584946.9,,,,76.9,120.3,87.6,132.5,398.8,6,41.926851,-87.643066,POINT (-87.643066 41.926851),2023-176009
2023,103721,The Rookery Building,Submitted,209 S. Lasalle,60604,4.0,,Loop,Office,337879,1886,1,,84,19162192.2,,,,,56.7,158.8,56.7,158.8,2681.2,7.9,41.901926,-87.630073,POINT (-87.630073 41.901926),2023-103721
2023,251259,Park Lincoln By Reside,Submitted,2470 North Clark Street,60614,4.0,,Lincoln Park,Multifamily Housing,149351,1970,1,4690,82,4447984.5,498490.1,,,,33.1,86.9,36.3,95.2,648.8,4.3,41.866625,-87.695515,POINT (-87.695515 41.866625),2023-251259
2023,253905,Surf II LLC,Submitted,420 W Surf St,60657,4.0,,Lake View,Multifamily Housing,56500,1933,1,,85,771793.5,3025879,,,,67.2,94.5,75.6,103.3,268.7,4.8,41.974186,-87.804594,POINT (-87.804594 41.974186),2023-253905
2023,251541,Reilly,Submitted,3650 W School St,60618,2.5,,Avondale,K-12 School,113870,1914,4,,55,2452337.5,5344970,,,,68.5,109.6,77.5,120.7,627,5.5,41.800856,-87.601483,POINT (-87.601483 41.800856),2023-251541
2023,252094,1110 N Lake Shore Dr (252094),Submitted,1110 N Lake Shore Dr,60611,1.0,,Near North Side,Multifamily Housing,208489,1970,0,,17,10383897.3,,,,,49.8,139.5,56.4,157.8,1452.9,7,41.881799,-87.764762,POINT (-87.764762 41.881799),2023-252094
2023,251736,Foreman HS,Submitted,3235 N Leclaire Ave,60641,4.0,,Portage Park,K-12 School,234393,1928,2,,73,3736419.4,11075300.4,,,,63.2,94.2,78.9,111.7,1111.1,4.7,41.906687,-87.630217,POINT (-87.630217 41.906687),2023-251736
2023,102587,Carver Millitary Academy -CPS,Not Covered 2024,13100 S Carver Dr,60827,,true,Riverdale,K-12 School,,,,,,,,,,,,,,,,,41.802261,-87.589004,POINT (-87.589004 41.802261),2023-102587
2023,256952,,Not Submitted,2100 S Morgan,60608,0.0,,Lower West Side,Commercial,,,,,,,,,,,,,,,,,41.871448,-87.625781,POINT (-87.625781 41.871448),2023-256952
2023,254052,Martha Washington,Submitted,2324 West Irving Park Road,60618,1.0,,North Center,Multifamily Housing,103162,2005,1,,12,1893179,7973510,,,,95.6,132.5,110.8,148.1,688.4,6.7,42.014652,-87.680636,POINT (-87.680636 42.014652),2023-254052
2023,113414,Ridgemoor Estates V Condominium Association,Submitted,6430 W Belle Plaines,60634,4.0,,Dunning,Multifamily Housing,62931,1990,1,,98,504961.8,2708024.2,,,,51.1,67.7,57.1,73.5,214.5,3.4,41.899264,-87.62738,POINT (-87.62738 41.899264),2023-113414
2023,175529,307 S Sangamon St,Submitted,307 S Sangamon St,60607,4.0,,Near West Side,Office,72977,2011,1,,77,3527679.4,1605585.2,,,,70.3,158.5,76.1,165.9,578.9,7.9,41.808336,-87.697389,POINT (-87.697389 41.808336),2023-175529
2023,172529,One East 14th Place,Submitted,5 E. 14th Place,60605,4.0,,Near South Side,Multifamily Housing,155299,2000,1,,88,3528949.7,4101800,,,,49.1,91.4,52.1,95.3,711.6,4.6,41.827705,-87.608472,POINT (-87.608472 41.827705),2023-172529
2023,134792,Lightner Building,Submitted,1006 S. Michigan Avenue,60605,4.0,,Loop,Office,80000,1904,1,,92,1193564.3,2802827,,,,50,78.6,57.2,86.1,315.9,3.9,41.891311,-87.646324,POINT (-87.646324 41.891311),2023-134792
2023,250054,Tilden HS -CPS,Not Covered 2024,4747 S Union Ave,60609,,true,New City,K-12 School,,,,,,,,,,,,,,,,,41.834547,-87.627994,POINT (-87.627994 41.834547),2023-250054
2023,251748,Gage Park HS -CPS,Not Covered 2024,5600 S Rockwell St,60629,,true,Gage Park,K-12 School,,,,,,,,,,,,,,,,,41.883526,-87.626082,POINT (-87.626082 41.883526),2023-251748
2023,172670,Bricktown SOuare (Ross Bldg),Submitted,6560 W Fullerton Ave,60707,4.0,,Belmont Cragin,Strip Mall,116169,1987,1,,,3105061.7,2855153.1,,,,51.3,100.6,51,99.8,586.1,5,41.856568,-87.618977,POINT (-87.618977 41.856568),2023-172670
2023,173951,Bernard Horwich JCC,Submitted,3003 Touhy Ave,60645,,true,West Ridge,Mixed Use Property,166000,1950,1,,,4600723.9,10931019.1,,,,93.6,146.7,100.6,152.8,1224.3,7.4,41.985156,-87.670009,POINT (-87.670009 41.985156),2023-173951
2023,172126,,Not Submitted,1340 1350 W Fullerton Ave,60614,0.0,,Lincoln Park,Residential,,,,,,,,,,,,,,,,,41.778046,-87.617132,POINT (-87.617132 41.778046),2023-172126
2023,160260,Axis Apartments & Lofts,Not Submitted,441 E Erie St,60611,0.0,,Near North Side,Multifamily Housing,,,,,,,,,,,,,,,,,41.797246,-87.625915,POINT (-87.625915 41.797246),2023-160260
2023,244325,Winston Towers No. 4 Association,Submitted,7033 N. Kedzie Ave,60645,3.5,,West Ridge,Multifamily Housing,325000,1968,1,,60,6410203.8,19301509.7,,,,79.1,117.6,78.7,116.5,1922.1,5.9,41.94065,-87.649435,POINT (-87.649435 41.94065),2023-244325
2023,251739,North-Grand HS,Submitted,4338 W Wabansia Ave,60639,1.0,,Humboldt Park,K-12 School,205094,2004,1,,19,9604332.9,7633769.7,,,,84,170.2,91.6,177,1749.3,8.5,41.929846,-87.646339,POINT (-87.646339 41.929846),2023-251739
2023,102284,Commonwealth Plaza Condominium Association,Submitted,330 West Diversey Parkway,60657,2.5,,Lake View,Multifamily Housing,502673,1957,2,12291,60,6875772.5,40573399.4,,,,94.4,123.1,105.8,134.5,3117.1,6.2,41.887872,-87.639806,POINT (-87.639806 41.887872),2023-102284
2023,175973,Winchester Hood Garden Homes Trust R-704,Submitted,1940-60 W Hood Ave,60660,3.0,,West Ridge,Multifamily Housing,73600,1951,1,,41,1639881.7,6042500.2,,,,104.4,148.6,118.9,164.4,550.4,7.5,41.906512,-87.650297,POINT (-87.650297 41.906512),2023-175973
2023,234641,Winston Towers No. 2 Association,Submitted,6833 N Kedzie Ave,60645,1.5,,West Ridge,Multifamily Housing,260609,1966,1,,31,6498947.1,20493834.6,,,,103.6,152.4,114.8,162.9,1997.9,7.7,41.781493,-87.634942,POINT (-87.634942 41.781493),2023-234641
2023,257123,The Clybourn,Not Covered 2024,3140 N Clybourn Ave,60618,,true,North Center,,,,,,,,,,,,,,,,,,41.938505,-87.687137,POINT (-87.687137 41.938505),2023-257123
2023,100438,Palmolive Building Condominium Association,Submitted,913 921 N Michigan Ave.,60611,1.0,,Near North Side,Multifamily Housing,397200,1929,1,,10,20080490,24822728.9,,,,113,207.2,118.4,214.2,4128.1,10.4,41.736799,-87.579504,POINT (-87.579504 41.736799),2023-100438
2023,256779,Taylor Street Library Apartments,Submitted,1346 W Taylor St,60607,3.0,,Near West Side,Multifamily Housing,81194,2019,1,4803,70,2602410.5,1641818.8,,,,52.3,111,56.1,119,451.3,5.6,41.767353,-87.576478,POINT (-87.576478 41.767353),2023-256779
2023,252326,6200-42 N Hoyne,Submitted,6200-42 N. Hoyne,60659,1.0,,West Ridge,Multifamily Housing,165250,1950,1,,16,3239646.2,14771706.1,,,,109,148.8,122.6,163.1,1237.9,7.5,41.773504,-87.601055,POINT (-87.601055 41.773504),2023-252326
2023,230281,3430-40 N Lake Shore,Submitted,3440 N. Lake Shore Drive,60657,4.0,,Lake View,Multifamily Housing,363424,1955,1,,61,5185959.2,20368829.8,,,,70.3,98.8,76.3,105.1,1807.5,5,41.877357,-87.678433,POINT (-87.678433 41.877357),2023-230281
2023,240540,(IL0361) - Residences at Riverbend Condominium (333 N Canal St ),Submitted,333 N Canal St,60606,4.0,,Near West Side,Multifamily Housing,594410,2001,1,,61,18651700.6,11762843.8,,,,51.2,108.6,56.6,118.9,3234.5,5.4,41.882939,-87.652824,POINT (-87.652824 41.882939),2023-240540
2023,242563,(IL279) - 212 W Washington Condo,Not Submitted,212 W Washington St,60606,0.0,,Loop,Residential,,,,,,,,,,,,,,,,,41.872091,-87.633425,POINT (-87.633425 41.872091),2023-242563
2023,253987,(IL047) - 4900 Marine Drive Condo (4900 N Marine Drive),Submitted,4900 N Marine Drive,60640,4.0,,Uptown,Multifamily Housing,112376,1948,1,,82,1351277,6357095.8,,,,68.6,93.1,75.6,100.6,526.7,4.7,41.817057,-87.724055,POINT (-87.724055 41.817057),2023-253987
2023,252073,118 S Clinton,Submitted,118 S Clinton Street,60661,1.0,,Near West Side,Office,78751,1910,1,,29,5201683.4,,,,,66.1,184.9,66.1,184.9,727.8,9.2,41.77419,-87.675134,POINT (-87.675134 41.77419),2023-252073
2023,251686,Thorp J / Learn-South Chicago,Submitted,8914 S Buffalo Ave,60617,2.5,,South Chicago,K-12 School,135638,1893,3,,57,2705310,5034060.1,,,,57.1,94.8,62.7,100.7,645.9,4.8,41.833572,-87.612431,POINT (-87.612431 41.833572),2023-251686
2023,156076,1340 S Damen Avenue,Submitted,1340 S Damen Avenue,60608,1.5,,Near West Side,Office,160400,1942,1,,40,11971875.6,1382288.7,,,,83.3,218,86.9,226.1,1748.5,10.9,41.975624,-87.729845,POINT (-87.729845 41.975624),2023-156076
2023,254512,NEXT - CO (nx04),Submitted,347 W Chestnut St,60610,4.0,,Near North Side,Multifamily Housing,417000,2016,1,10174,87,9648826.7,11064189.5,,,,49.7,92.6,53.4,98,1937.7,4.6,41.872244,-87.628485,POINT (-87.628485 41.872244),2023-254512
2023,100068,Joffco SOuare,Submitted,555 W Roosevelt,60607,4.0,,Near West Side,Other - Mall,80203,2008,1,629,,5600060.5,955462.5,,,,81.7,208,88.1,222.9,834.3,10.4,41.965039,-87.657406,POINT (-87.657406 41.965039),2023-100068
2023,238266,(IL0679) The Fordham Condominium (25 E. Superior St),Submitted,25 E. Superior St,60611,1.0,,Near North Side,Multifamily Housing,588927,2003,1,,14,25990938.7,8358513.7,,,,58.3,138.5,64.4,153.1,4080.6,6.9,41.76599,-87.573787,POINT (-87.573787 41.76599),2023-238266
2023,256549,287 Chicago River North IL H2S,Submitted,110 W Huron St,60654,4.0,,Near North Side,Hotel,120000,1980,1,4162,88,4767119.2,1899002.9,,,,55.6,127.8,59.4,136.7,767.9,6.4,41.987559,-87.845296,POINT (-87.845296 41.987559),2023-256549
2023,101968,Michigan 30 LLC,Submitted,30 N. Michigan Ave,60602,2.5,,Loop,Office,222125,1914,1,,51,11131510,9466799.6,,,,92.7,185.1,104.2,200,2060.3,9.3,41.920157,-87.707208,POINT (-87.707208 41.920157),2023-101968
2023,103815,328 S Jefferson,Submitted,328 S Jefferson,60661,2.0,,Near West Side,Office,279257,1970,1,,75,8438512.4,13611983,,,,79,135.8,87.7,144.5,1851.3,6.6,41.884588,-87.623273,POINT (-87.623273 41.884588),2023-103815
2023,101569,Robert Morris Center,Not Submitted,401 S State St,60605,0.0,,Loop,Adult Education,,,,,,,,,,,,,,,,,41.778403,-87.646129,POINT (-87.646129 41.778403),2023-101569
2023,101852,29SA6-CHIGS-Sheraton Grand Chicago,Submitted,301 E. North Water Street,60611,2.5,,Near North Side,Hotel,1158300,1990,1,,51,76434237.6,26995100.1,,,,89.3,209.2,89.3,209.2,12128.5,10.5,41.894706,-87.632422,POINT (-87.632422 41.894706),2023-101852
2023,101793,Wrightwood,Submitted,625 West Wrightwood,60614,1.0,,Lincoln Park,Multifamily Housing,88000,1965,1,,30,2000905.4,3325961.1,,,,60.5,103.3,64.4,106.8,456.6,5.2,41.903785,-87.717963,POINT (-87.717963 41.903785),2023-101793
2023,251574,Ariel / U of C NKO,Submitted,1119 E 46th St,60653,1.0,,Kenwood,K-12 School,147109,1893,3,,22,4376258.8,8556600.2,,,,87.9,144.4,100.5,158,1066.8,7.3,41.846991,-87.675559,POINT (-87.675559 41.846991),2023-251574
2023,254080,The Gwen Hotel,Submitted,521 N Rush St,60611,4.0,,Near North Side,Hotel,360000,2000,1,,92,13278286.4,5487200.3,,,,52.1,119.3,59.5,140,2149.3,6,41.935426,-87.643446,POINT (-87.643446 41.935426),2023-254080
2023,157607,Hilliard Homes Limited Partnership (Senior),Submitted,2111 S Clark,60616,3.5,,Near South Side,Multifamily Housing,259326,1966,2,,80,4576984.5,14206580.9,,,,72.4,106.9,78.3,112.8,1395,5.4,41.961395,-87.692926,POINT (-87.692926 41.961395),2023-157607
2023,251520,Palmer ES,Submitted,5051 N Kenneth Ave,60630,1.0,,Albany Park,K-12 School,83282,1925,4,,8,2612159,7691680,,,,123.7,184.8,142.7,204.8,774,9.3,41.991182,-87.660155,POINT (-87.660155 41.991182),2023-251520
2023,254539,Glen Lake I Condominium Association,Submitted,6400 W Berteau,60634,4.0,,Dunning,Multifamily Housing,432630,1996,5,,93,4966403.8,18846184.1,,,,55,77.9,60.9,83.3,1695.9,3.9,42.021064,-87.671965,POINT (-87.671965 42.021064),2023-254539
2023,118850,Wentworth Commons,Submitted,11045 South Wentworth,60628,1.5,,Roseland,Multifamily Housing,68500,2005,1,6476,32,1663745.1,3270923.2,,,,72,118.1,77,123.9,406.5,5.9,41.908271,-87.629971,POINT (-87.629971 41.908271),2023-118850
2023,254156,,Not Submitted,5025 N Paulina St,60640,0.0,,Uptown,Commercial,,,,,,,,,,,,,,,,,41.970363,-87.710362,POINT (-87.710362 41.970363),2023-254156
2023,251941,Cumberland Centre - Building 2,Not Covered 2024,5450 N Cumberland Ave,60656,,true,Ohare,Office,,,,,,,,,,,,,,,,,41.877368,-87.633854,POINT (-87.633854 41.877368),2023-251941
2023,113933,Cranston Condo,Submitted,6929-39 S. Crandon,60649,1.5,,South Shore,Multifamily Housing,111239,1927,1,,35,869514.4,11416712.7,,,,110.4,129.7,124.2,144.1,728.1,6.5,41.736112,-87.628645,POINT (-87.628645 41.736112),2023-113933
2023,138514,Sullivan Athletic Center,Submitted,2323 N. Sheffield Ave.,60614,1.0,,Lincoln Park,College/University,63668,2000,1,,,5925773.6,3526251.1,,,,148.5,318.8,148.5,318.8,1016.4,16,41.930957,-87.651228,POINT (-87.651228 41.930957),2023-138514
2023,114191,232 E Walton Corporation,Submitted,232 E Walton,60611,4.0,,Near North Side,Multifamily Housing,105000,1920,1,,98,1211608.9,3707861.5,,,,46.9,69.4,52.5,75.4,366.5,3.5,41.731682,-87.552824,POINT (-87.552824 41.731682),2023-114191
2023,256834,1375 Fulton,Submitted,1375 W Fulton,60607,4.0,,Near West Side,Office,399230,2020,1,3556,67,16553903,24967951.2,,,,104,181.8,104,181.8,3642.4,9.1,41.885822,-87.632304,POINT (-87.632304 41.885822),2023-256834
2023,103738,Drexel Towers 4825,Submitted,4825 S. Drexel,60615,3.0,,Kenwood,Multifamily Housing,89000,1970,1,,67,1382872.7,6472357.2,,,,88.3,119.9,95.6,127.5,537.3,6,41.883193,-87.650963,POINT (-87.650963 41.883193),2023-103738
2023,105044,,Not Submitted,2018 2040 W Farwell Ave,60645,0.0,,West Ridge,Residential,,,,,,,,,,,,,,,,,41.861877,-87.666109,POINT (-87.666109 41.861877),2023-105044
2023,251231,The Scott Residences (dba) Wells & Scott Development Partners,Submitted,211 W Scott,60610,1.0,,Near North Side,Multifamily Housing,72639,2014,1,,15,3664790,2295726,,,,82.1,174.5,89.2,188.4,634.7,8.7,41.880968,-87.720907,POINT (-87.720907 41.880968),2023-251231
2023,139602,,Not Submitted,4541  N Sheridan Rd,60640,0.0,,Uptown,Residential,,,,,,,,,,,,,,,,,41.970532,-87.659564,POINT (-87.659564 41.970532),2023-139602
2023,101881,25 E Washington,Submitted,25 East Washington Street,60602,4.0,,Loop,Office,497964,1914,1,,84,13463868.5,,13621674.4,,,54.4,108.6,58.6,113.7,2788.3,5.6,41.804201,-87.604944,POINT (-87.604944 41.804201),2023-101881
2023,260074,236-Senior Suites of Rainbow Beach,Submitted,2804 E. 77th Place,60649,1.0,,South Shore,Senior Living Community,60500,2000,1,4563,26,1358119.3,3703199.4,,,,83.7,127.1,90.9,134.7,386.7,6.4,41.866906,-87.673316,POINT (-87.673316 41.866906),2023-260074
2023,250040,Chicago Agriculture HS,Submitted,3857 W 111th St,60655,1.0,,Mount Greenwood,K-12 School,192250,1957,3,,6,10025943.8,12502089.9,,,,117.2,214.3,129.1,226.1,2066.9,10.8,41.890047,-87.637467,POINT (-87.637467 41.890047),2023-250040
2023,240429,The Buckingham Condominium Association,Submitted,360 E Randolph Street,60601,3.0,,Loop,Multifamily Housing,506142,1981,1,,43,23372818.3,2307616.1,,,,50.7,134.1,56.4,149.8,3392.9,6.7,41.93934,-87.654233,POINT (-87.654233 41.93934),2023-240429
2023,175808,Romanian Village,Submitted,5154 N Clark St,60640,1.0,,Uptown,Multifamily Housing,70000,1923,1,,30,1276081.2,4743977.4,,,,86,122.2,94.7,131,430.5,6.2,41.885271,-87.66091,POINT (-87.66091 41.885271),2023-175808
2023,156750,The Bush Temple,Submitted,800-10 N Clark St,60610,,true,Near North Side,Multifamily Housing,197570,1901,1,,,4081128.4,5326971.9,,,,47.6,86.1,51.9,92.8,854,4.3,41.91407,-87.664478,POINT (-87.664478 41.91407),2023-156750
2023,256429,Carmen Hall,Not Submitted,60 E 32nd Street,60616,0.0,,Douglas,Residential,,,,,,,,,,,,,,,,,41.906848,-87.64925,POINT (-87.64925 41.906848),2023-256429
2023,101854,10 South Riverside Plaza,Submitted,10 South Riverside Plaza,60606,4.0,,Near West Side,Office,786938,1964,1,3838,88,23750883.4,16005000.9,,,,50.5,105.9,55.2,111.4,4173.3,5.3,41.949,-87.65011,POINT (-87.65011 41.949),2023-101854
2023,172685,Washington SOuare-North and Cicero Development LLC,Submitted,4821-4951 W. North Avenue,60639,4.0,,Austin,Strip Mall,179477,1980,1,,,11591771.4,1300557.6,,,,71.8,188.5,74.6,190.6,1691,9.4,41.910291,-87.700796,POINT (-87.700796 41.910291),2023-172685
2023,251719,Falconer,Submitted,3020 N Lamon Ave,60641,1.5,,Belmont Cragin,K-12 School,165513,1919,2,,33,5175417.2,6608410,,,,71.2,129.5,80.5,139.2,1075.1,6.5,41.886923,-87.625278,POINT (-87.625278 41.886923),2023-251719
2023,256423,Perlstein Hall,Not Submitted,10 W 33rd Street,60616,0.0,,Douglas,Commercial,,,,,,,,,,,,,,,,,41.880821,-87.684102,POINT (-87.684102 41.880821),2023-256423
2023,113199,30 E. Division Condominium Association,Submitted,30 E. Division,60610,2.0,,Near North Side,Multifamily Housing,72000,1977,1,,20,3365832.2,1375045.2,,,,65.8,150.9,70.4,163.6,544,7.6,41.896036,-87.624131,POINT (-87.624131 41.896036),2023-113199
2023,251880,Monarcas,Submitted,5815 S Homan Ave,60629,1.0,,Gage Park,K-12 School,89103,1928,3,,11,3669039.4,4665900.1,,,,93.5,170.3,104.8,183.3,761.2,8.5,41.91126,-87.635988,POINT (-87.635988 41.91126),2023-251880
2023,138730,Grand Blvd Plaza,Not Submitted,5401 S Wentworth Ave,60609,0.0,,Fuller Park,Commercial,,,,,,,,,,,,,,,,,41.780673,-87.605789,POINT (-87.605789 41.780673),2023-138730
2023,251538,Morgan Elementary,Not Covered 2024,8407 S Kerfoot Ave,60620,,true,Auburn Gresham,K-12 School,,,,,,,,,,,,,,,,,41.74128,-87.63961,POINT (-87.63961 41.74128),2023-251538
2023,251580,Gillespie,Submitted,9301 S State St,60619,1.0,,Roseland,K-12 School,91300,1937,2,,23,1585334.6,8170640.1,,,,106.9,142.6,126.2,162.9,655.8,7.2,41.878772,-87.724649,POINT (-87.724649 41.878772),2023-251580
2023,251581,Avalon Park Elementary -CPS,Not Covered 2024,8045 S Kenwood Ave,60619,,true,Avalon Park,K-12 School,,,,,,,,,,,,,,,,,41.89405,-87.638031,POINT (-87.638031 41.89405),2023-251581
2023,254387,The Hensley,Submitted,707 N Wells,60654,1.0,,Near North Side,Multifamily Housing,90344,2016,1,,21,2934589.3,4889916.2,,,,86.6,147.8,92.8,155,670.3,7.4,42.002996,-87.705954,POINT (-87.705954 42.002996),2023-254387
2023,137104,15th Street Loft Condominium Association,Submitted,1507 S State St,60605,3.5,,Near South Side,Multifamily Housing,110000,1910,1,,75,2722761.8,3699171,,,,58.4,104.6,65.1,112.6,577.4,5.2,41.87273,-87.628499,POINT (-87.628499 41.87273),2023-137104
2023,250044,Garvey Elementary -CPS,Not Covered 2024,10309 S Morgan St,60643,,true,Washington Heights,K-12 School,,,,,,,,,,,,,,,,,41.782302,-87.667777,POINT (-87.667777 41.782302),2023-250044
2023,231520,Lowell House Condominium Association,Submitted,88 West Schiller,60610,2.5,,Near North Side,Multifamily Housing,279351,1969,1,,52,4235385.1,19379704.5,,,,84.5,115.3,93.1,124.1,1622,5.8,41.874173,-87.675093,POINT (-87.675093 41.874173),2023-231520
2023,260078,,Not Submitted,1626  W 87th St,60620,0.0,,Auburn Gresham,Residential,,,,,,,,,,,,,,,,,41.952357,-87.688272,POINT (-87.688272 41.952357),2023-260078
2023,116428,Bethel Terrace,Submitted,900 W 63rd Parkway,60621,2.0,,Englewood,Multifamily Housing,81078,1983,1,,41,3875866.8,2218482,,,,75.2,162.6,81.8,176.6,660.1,8.1,41.795185,-87.580598,POINT (-87.580598 41.795185),2023-116428
2023,256887,,Not Submitted,1700 N Western Ave,60647,0.0,,West Town,,,,,,,,,,,,,,,,,,41.989466,-87.814211,POINT (-87.814211 41.989466),2023-256887
2023,256615,MarOuee at Block 37,Submitted,25 West Randolph St.,60601,2.5,,Loop,Multifamily Housing,590021,2016,1,,57,17434129.6,21694205.2,,,,66.3,121.3,70.4,126.7,3591.7,6.1,41.891754,-87.647493,POINT (-87.647493 41.891754),2023-256615
2023,125235,53100527--CHICAGO,Submitted,2021 W Chicago Ave,60622,1.0,,West Town,Supermarket/Grocery Store,54963,2013,1,,27,12883337.9,5193559,,,,328.9,755.5,338.2,765.3,2078.5,37.8,41.980943,-87.836434,POINT (-87.836434 41.980943),2023-125235
2023,250095,Dr. Mildred C. Harris Apartments,Submitted,6360 S Minerva Ave,60637,2.5,,Woodlawn,Multifamily Housing,100911,1967,1,,60,2346734.9,6725300.1,,,,89.9,135.1,97.4,142.9,685.6,6.8,41.912152,-87.687416,POINT (-87.687416 41.912152),2023-250095
2023,160243,Arkadia Tower (rk000),Submitted,765 West Adams Street,60661,2.0,,Near West Side,Multifamily Housing,352027,2015,1,13404,42,13014678.8,11320717.4,,,,69.1,137.3,73.8,144.3,2422.3,6.9,41.936699,-87.639069,POINT (-87.639069 41.936699),2023-160243
2023,173622,444 W Jackson,Submitted,444 W Jackson,60606,2.0,,Near West Side,Fitness Center/Health Club/Gym,71235,1974,1,,,4069807.9,7284560,,,,159.4,267.3,168.2,276.6,956.4,13.4,42.006253,-87.684479,POINT (-87.684479 42.006253),2023-173622
2023,101804,401 N Michigan Avenue,Submitted,401 N Michigan Avenue,60611,4.0,,Near North Side,Office,1040767,1965,1,5600,78,30242576.6,42794561.4,,,,70.2,124.5,75.1,129.7,6504.6,6.2,41.763235,-87.559617,POINT (-87.559617 41.763235),2023-101804
2023,256616,Grand & Orleans,Submitted,330 W. Grand Avenue,60654,3.5,,Lincoln Park,Multifamily Housing,209000,2005,1,,80,4264866.3,7623487.8,,,,56.9,95.4,63.4,102.6,1001.7,4.8,41.963786,-87.66946,POINT (-87.66946 41.963786),2023-256616
2023,251237,1242 Lake Shore Drive,Submitted,1242 N. Lake Shore Drive,60610,2.0,,Near North Side,Multifamily Housing,136591,1929,1,,48,1922150,10509523.1,,,,91,120.2,102.2,132.5,827.2,6.1,41.994475,-87.657731,POINT (-87.657731 41.994475),2023-251237
2023,243773,680 North Lake Shore Drive,Submitted,680 North Lake Shore Drive,60611,4.0,,Near North Side,Multifamily Housing,1647872,1926,1,,87,38289871.4,53954983.3,,,,56,99.4,60.7,104,8223.3,5,41.89478,-87.627217,POINT (-87.627217 41.89478),2023-243773
2023,168538,,Not Submitted,401 465 E Illinois St,60611,0.0,,Near North Side,Commercial,,,,,,,,,,,,,,,,,41.808935,-87.601541,POINT (-87.601541 41.808935),2023-168538
2023,142211,642 W. Addison Apartments,Submitted,630-644 W. Addison St.,60642,2.0,,Lake View,Multifamily Housing,50736,1925,1,,47,671777.7,3592641.5,,,,84.1,111.4,92.7,120.2,284.8,5.6,41.961001,-87.71458,POINT (-87.71458 41.961001),2023-142211
2023,113485,1366 North Dearborn Condominium Association,Submitted,1366 N Dearborn,60610,3.0,,Near North Side,Multifamily Housing,77280,1923,1,,64,995509.9,5065259.5,,,,78.4,104.9,88.8,116,408.3,5.3,41.742855,-87.672814,POINT (-87.672814 41.742855),2023-113485
2023,103761,Kinzie Hotel,Not Submitted,20 W Kinzie St,60654,0.0,,Near North Side,Office,,,,,,,,,,,,,,,,,41.903177,-87.624891,POINT (-87.624891 41.903177),2023-103761
2023,175334,41-51 N Central Ave,Submitted,41-51 N Central Ave,60644,3.0,,Austin,Multifamily Housing,55000,1910,1,,44,863120,4402582,,,,95.7,128,103.8,136.5,354.6,6.4,41.913387,-87.686249,POINT (-87.686249 41.913387),2023-175334
2023,175850,10252-KBS Kingsbury SO.,Submitted,1550 N. Kingsbury St,60622,1.0,,Near North Side,Supermarket/Grocery Store,74883,2000,1,9719,,18047456.8,19246500.1,,,,498,944.7,519,968,3547.5,47.4,41.800004,-87.588086,POINT (-87.588086 41.800004),2023-175850
2023,243913,990 North Lake Shore Drive,Submitted,990 North Lake Shore Drive,60611,2.5,,Near North Side,Multifamily Housing,296542,1973,1,,37,11732761.4,8796083.2,,,,69.2,141.9,76.3,154.1,2108.8,7.1,41.69206,-87.665643,POINT (-87.665643 41.69206),2023-243913
2023,177806,5514 S. Cornell Condominium Association Inc,Submitted,5514-5524 S Cornell Ave,60637,1.0,,Hyde Park,Multifamily Housing,54634,1914,1,,30,447798.8,4548976.1,,,,91.5,110.4,105,125.1,304.3,5.6,41.872924,-87.6293,POINT (-87.6293 41.872924),2023-177806
2023,106109,Dearborn North,Submitted,1117 N Dearborn,60610,4.0,,Near North Side,Multifamily Housing,83916,1929,1,,94,1221595.1,4141961.9,,,,63.9,92.6,71.1,99.9,390.9,4.7,41.990849,-87.675993,POINT (-87.675993 41.990849),2023-106109
2023,172772,Manhattan Building Condominium,Submitted,431 S Dearborn St,60605,1.0,,Loop,Multifamily Housing,121000,1891,1,,9,7797395.9,,,,,64.4,180.4,71,198.7,1091,9,41.821602,-87.607792,POINT (-87.607792 41.821602),2023-172772
2023,252043,Renee Granville-Grossman Residential Commons,Submitted,6031 South Ellis Avenue,60637,2.0,,Woodlawn,Residence Hall/Dormitory,338679,2009,1,,44,11168711.1,863422,20362201.1,6946956.8,,116.2,186,122.9,194.4,3326.7,9.8,41.948894,-87.656818,POINT (-87.656818 41.948894),2023-252043
2023,158303,W Chicago Lakeshore,Submitted,644 North Lake Shore Drive,60611,2.5,,Near North Side,Hotel,381382,1965,1,49426,54,19883814.4,12369340.2,,,,84.6,180,88.9,189.1,3439.1,9,41.794035,-87.582362,POINT (-87.582362 41.794035),2023-158303
2023,100429,The John Hancock Center,Submitted,875 N Michigan Ave,60611,1.0,,Near North Side,Mixed Use Property,2290873,1970,1,,24,163082452.8,,,,,71.2,199.3,75.1,210.3,22818.4,10,41.894843,-87.638617,POINT (-87.638617 41.894843),2023-100429
2023,251329,McCabe Hall,Submitted,900 W. Belden,60614,1.0,,Lincoln Park,College/University,58406,1977,1,,,1960381.2,7747731.1,,,,166.2,233.3,186.2,254.2,685.8,11.7,41.887891,-87.642685,POINT (-87.642685 41.887891),2023-251329
2023,251247,520 W Huron,Submitted,520 W. Huron Street,60654,4.0,,Near North Side,Multifamily Housing,280800,1900,2,,87,4642196.9,9946249.5,,,,52,83.5,55.7,87.1,1177.8,4.2,41.89269,-87.621438,POINT (-87.621438 41.89269),2023-251247
2023,255922,1550 N Wieland (Chicago) Manager LLC,Submitted,1550 N Wieland St,60610,1.5,,Near North Side,Multifamily Housing,58491,2017,1,,36,1883174.6,2318759.8,,,,71.8,131.8,76.7,138.6,386.7,6.6,41.888681,-87.647423,POINT (-87.647423 41.888681),2023-255922
2023,113466,Franklin Building Condominium Association,Submitted,720 S Dearborn St,60605,2.0,,Loop,Multifamily Housing,80626,1912,1,,48,1954406.6,4368297.7,,,,78.4,124.8,84.4,130.6,505.5,6.3,41.981199,-87.656401,POINT (-87.656401 41.981199),2023-113466
2023,240842,200 East Delaware,Submitted,200 E. Delaware Place,60611,3.0,,Near North Side,Multifamily Housing,342121,1972,1,,66,5172159.2,21135290.9,,,,76.9,107.2,85.7,116.7,1846.3,5.4,42.009615,-87.69061,POINT (-87.69061 42.009615),2023-240842
2023,252218,343 W Erie St,Submitted,343 W Erie Street,60654,4.0,,Near North Side,Office,85700,1910,1,,96,1645170.6,26573.4,,,,19.5,54.1,22.4,62.2,231.6,2.7,41.955519,-87.67368,POINT (-87.67368 41.955519),2023-252218
2023,103681,Fordham Hall- ID# 103681,Submitted,6455 N Sheridan Rd,60626,2.0,,Rogers Park,Residence Hall/Dormitory,113750,1991,1,3473,44,2909008.1,10677777.8,,,,119.4,170.2,138.1,189.7,974.2,8.6,41.869889,-87.727482,POINT (-87.727482 41.869889),2023-103681
2023,173494,Evelyn Lane Condominium Association,Submitted,5332 N Delphia,60656,3.5,,Ohare,Multifamily Housing,56317,1971,1,,80,2089536.2,,,,,37.1,103.9,41,114.9,292.4,5.2,41.962216,-87.66623,POINT (-87.66623 41.962216),2023-173494
2023,250173,322 South Green,Submitted,322 South Green,60607,2.0,,Near West Side,Office,91106,1921,1,,,2683439.4,4914124.4,,,,83.4,139.1,91.3,146.7,636.5,7,41.932056,-87.641125,POINT (-87.641125 41.932056),2023-250173
2023,251347,Evergreen Academy Middle -CPS,Not Covered 2024,3537 S Paulina St,60609,,true,Mckinley Park,K-12 School,,,,,,,,,,,,,,,,,41.894698,-87.632821,POINT (-87.632821 41.894698),2023-251347
2023,224902,209 E Lake Shore Drive,Submitted,209 East Lake Shore Drive,60611,2.5,,Near North Side,Multifamily Housing,257300,1920,1,,58,7036722.2,14870771.1,,,,85.1,137.3,92.6,145,1774.4,6.9,41.880616,-87.629049,POINT (-87.629049 41.880616),2023-224902
2023,251760,"Walsh, John A -CPS",Not Covered 2024,2031 S Peoria St,60608,,true,Lower West Side,K-12 School,,,,,,,,,,,,,,,,,41.90242,-87.629794,POINT (-87.629794 41.90242),2023-251760
2023,255921,"MLK Medical Properties, LLC",Submitted,2535 South King Drive,60616,2.5,,Near South Side,Medical Office,55184,2016,1,2402,40,4032365.2,,,,,73.1,204.6,77.4,216.9,564.2,10.2,41.801068,-87.708835,POINT (-87.708835 41.801068),2023-255921
2023,173774,2828 N Burling,Submitted,2828 N Burling Street,60657,4.0,,Lake View,Multifamily Housing,75896,1972,1,,94,1276214.9,957138.9,,,,29.4,60.3,32,66.8,229.4,3,41.957015,-87.761006,POINT (-87.761006 41.957015),2023-173774
2023,254167,Simpson Living Learning Center-ID# 254167,Submitted,6333 N Winthrop Ave,60626,1.0,,Edgewater,Residence Hall/Dormitory,117481,1991,1,5351,,5406963.6,6999318.7,,,,105.6,191.4,116.7,203,1128.3,9.6,41.80963,-87.645708,POINT (-87.645708 41.80963),2023-254167
2023,251709,Volta,Submitted,4950 N Avers Ave,60625,2.0,,Albany Park,K-12 School,86480,1931,3,,19,1970757.6,7303150,,,,107.2,152.5,132.3,180,663.7,7.7,41.78396,-87.59643,POINT (-87.59643 41.78396),2023-251709
2023,102340,Grand on Grand Condominium Association,Submitted,200 W. Grand Ave.,60654,1.0,,Near North Side,Multifamily Housing,147102,2004,1,,8,5231147.2,10477101,,,,106.8,174.4,115.3,182.4,1288.4,8.8,41.880665,-87.627089,POINT (-87.627089 41.880665),2023-102340
2023,175450,Goodman Theatre,Submitted,56-60 W. Randolph St.,60601,4.0,,Loop,Office,50913,2000,1,,,2101696.5,5929100,,,,157.7,237.9,167.9,248.5,609,12,41.821114,-87.601638,POINT (-87.601638 41.821114),2023-175450
2023,252050,Jones Laboratory,Submitted,5747 S. Ellis Ave.,60637,3.0,,Hyde Park,Laboratory,72388,1929,1,636,,6163658.8,300,10905614,1136112,,251.5,433.9,258.9,441.9,1646.4,22.7,41.895719,-87.618731,POINT (-87.618731 41.895719),2023-252050
2023,251394,Hale,Submitted,6140 S Melvina Ave,60638,3.5,,Clearing,K-12 School,99233,1953,2,,73,1246516.2,4559660.2,,,,58.5,83.4,70.3,95.8,416.6,4.2,41.783485,-87.725486,POINT (-87.725486 41.783485),2023-251394
2023,172542,Lake Vista Apartments,Submitted,1430 S. Indiana Ave.,60605,3.0,,Near South Side,Multifamily Housing,334816,1982,1,,45,5750887.8,20986699.4,,,,79.9,113.9,86.9,121.3,1919.4,5.7,41.886708,-87.630795,POINT (-87.630795 41.886708),2023-172542
2023,256411,8792,Submitted,303 E Chicago Ave,60611,3.0,,Near North Side,Laboratory,303490,1925,1,327,,20999272.6,56652328.1,,,,255.9,389.7,263.7,397.7,5947.3,19.6,41.790758,-87.601436,POINT (-87.601436 41.790758),2023-256411
2023,146897,Vision Rentals,Submitted,1624 W. Division St,60622,4.0,,West Town,Multifamily Housing,62270,2009,1,1989,,778693.1,1259708.2,,,,32.7,56.3,38,62.7,175.9,2.8,41.884359,-87.63408,POINT (-87.63408 41.884359),2023-146897
2023,140991,One East 15th Place Condominium,Submitted,1529 S State St,60605,2.0,,Near South Side,Multifamily Housing,188000,2001,1,,47,5247257.4,9446792.2,,,,78.2,130.9,84.8,138.7,1236,6.6,41.954725,-87.646582,POINT (-87.646582 41.954725),2023-140991
2023,102725,237-Senior Suites of W. Humboldt Park,Submitted,3656 W. Huron Street,60624,1.0,,Humboldt Park,Senior Living Community,70370,2009,1,4579,16,1690199,4246299.9,,,,84.4,130.6,91.3,137.9,462,6.6,41.900032,-87.629289,POINT (-87.629289 41.900032),2023-102725
2023,163944,New Life Community Church Midway,Not Submitted,5101 S Keeler Ave,60632,0.0,,Archer Heights,Worship Facility,,,,,,,,,,,,,,,,,41.898476,-87.625524,POINT (-87.625524 41.898476),2023-163944
2023,257024,Evo Union Park (wr034),Submitted,1454 W Randolph St,60607,3.0,,Near West Side,Multifamily Housing,256940,2022,1,5759,65,7383649.8,6914445.7,,,,55.6,108.7,59.4,115,1400.4,5.5,41.762504,-87.623382,POINT (-87.623382 41.762504),2023-257024
2023,200849,Sheridan Surf LLC,Submitted,2850 N Sheridan Rd,60657,3.0,,Lake View,Multifamily Housing,188910,1929,1,,63,3668796.1,11086033,,,,78.1,116,85.1,123,1102.2,5.8,41.87445,-87.631544,POINT (-87.631544 41.87445),2023-200849
2023,252288,Parkside Terrace Apartments,Submitted,143 N Parkside Avenue,60644,4.0,,Austin,Multifamily Housing,85000,1920,2,4286,94,740509.9,4677717.2,,,,63.7,82.2,70.1,88.8,352.1,4.1,41.903609,-87.643075,POINT (-87.643075 41.903609),2023-252288
2023,120445,15 E. Oak,Submitted,1-15 East Oak Street,60611,3.0,,Near North Side,Office,96213,2009,1,737,,2357622.2,505166.8,,,,29.8,74.1,29.8,74.1,356.7,3.7,41.892766,-87.616864,POINT (-87.616864 41.892766),2023-120445
2023,260135,309-315 W 23rd Condo Assocication,Submitted,313 W 23rd Street,60616,4.0,,Armour Square,Multifamily Housing,52230,2007,1,,94,1791982.8,182833.2,,,,37.8,99.7,41.4,108.2,260.4,5,41.939676,-87.662535,POINT (-87.662535 41.939676),2023-260135
2023,175979,245-Senior Suites Chicago Midway,Submitted,6800 Keating Avenue,60629,3.0,,West Lawn,Senior Living Community,84139,2015,1,,65,1812413.5,1972800,,,,45,84.9,46.9,86.5,358.4,4.3,41.95029,-87.649732,POINT (-87.649732 41.95029),2023-175979
2023,252303,,Not Submitted,6236-44 S King Dr,60637,0.0,,Washington Park,Residential,,,,,,,,,,,,,,,,,41.688109,-87.53755,POINT (-87.53755 41.688109),2023-252303
2023,128978,"Woodbridge Nursing Pavilion, Ltd",Not Submitted,2242 N Kedzie Blvd,60647,0.0,,Logan Square,Senior Care Community,,,,,,,,,,,,,,,,,41.918262,-87.659963,POINT (-87.659963 41.918262),2023-128978
2023,251629,Bass Elementary -CPS,Not Covered 2024,6554 S May St,60621,,true,Englewood,K-12 School,,,,,,,,,,,,,,,,,41.883091,-87.636646,POINT (-87.636646 41.883091),2023-251629
2023,147673,,Not Submitted,2301 2305 S Michigan Ave,60616,0.0,,Near South Side,Residential,,,,,,,,,,,,,,,,,41.878812,-87.626247,POINT (-87.626247 41.878812),2023-147673
2023,135179,300 West Grand Condominium Association,Submitted,300-310 W. Grand Ave.,60654,4.0,,Near North Side,Multifamily Housing,96400,1998,1,,84,1704782.9,3464288.8,,,,53.6,87.2,59.2,92.7,422.5,4.4,41.910842,-87.635839,POINT (-87.635839 41.910842),2023-135179
2023,251403,"Faraday Elementary, Michael -CPS",Not Covered 2024,3250 W Monroe St,60624,,true,East Garfield Park,K-12 School,,,,,,,,,,,,,,,,,41.897851,-87.632226,POINT (-87.632226 41.897851),2023-251403
2023,256810,Montclare Senior Residences of Calumet Heights,Submitted,9401 S Stony Island,60617,1.0,,Calumet Heights,Multifamily Housing,130550,2020,1,,28,2978932.3,9068706.2,,,,92.3,136.8,100.7,146.6,898.5,6.9,41.877792,-87.636524,POINT (-87.636524 41.877792),2023-256810
2023,242643,(IL296) - 1400 Museum Park Condo (100 E 14th Street),Submitted,100 E 14th Street,60605,4.0,,Near South Side,Multifamily Housing,532624,2008,1,,98,10777437.6,9670043.1,,,,38.4,75.7,38.8,77,2021.6,3.8,41.878228,-87.633805,POINT (-87.633805 41.878228),2023-242643
2023,102854,Hyde Park West Apartments & Townhomes,Not Submitted,5325  S Cottage Grove Ave,60615,0.0,,Hyde Park,Residential,,,,,,,,,,,,,,,,,41.955156,-87.788887,POINT (-87.788887 41.955156),2023-102854
2023,238787,840 Lake Shore Condominium Association,Submitted,840 N. Lake Shore Dr.,60611,1.0,,Near North Side,Multifamily Housing,278998,2003,1,,5,11173184.3,13139945.1,,,,87.1,161.6,92.4,171.7,2261.3,8.1,41.929272,-87.642502,POINT (-87.642502 41.929272),2023-238787
2023,255952,221 W Hubbard,Submitted,221 W Hubbard St,60654,2.0,,Near North Side,Multifamily Housing,173700,2017,1,,48,5908163.6,7914585,,,,79.6,143.1,86.3,152,1247,7.2,41.994219,-87.655662,POINT (-87.655662 41.994219),2023-255952
2023,250053,Taft HS,Submitted,6530 W Bryn Mawr Ave,60631,4.0,,Norwood Park,K-12 School,388970,1939,4,,94,4912263.8,9620939.9,,,,37.4,61.3,43.8,68,1198.3,3.1,41.808787,-87.596963,POINT (-87.596963 41.808787),2023-250053
2023,254347,New Malcolm X College,Submitted,1900 W Jackson Blvd,60612,0.0,,Near West Side,College/University,545000,2016,1,16010,,25696719.6,19532440.5,,,,83,169.7,86.1,173.4,4473.3,8.21,41.891055,-87.627898,POINT (-87.627898 41.891055),2023-254347
2023,237722,(IL527) - The Darien (3100 N. Lake Shore Drive),Submitted,3100 N. Lake Shore Drive,60657,4.0,,Lake View,Multifamily Housing,350000,1951,1,,94,2698854.2,15940202.9,,,,53.3,69.4,58.9,75.1,1224.3,3.5,41.895404,-87.620483,POINT (-87.620483 41.895404),2023-237722
2023,172708,St. Mary of Providence,Submitted,4200 N. Austin Ave,60634,,true,Portage Park,Mixed Use Property,193381,1939,11,,,3173782.9,9394571.3,,,,65,97,75.2,106.9,943.1,4.9,41.877799,-87.649634,POINT (-87.649634 41.877799),2023-172708
2023,159276,"Foxboro Properties, LLC",Not Submitted,6201 S Emerald Dr,60621,0.0,,Englewood,Office,,,,,,,,,,,,,,,,,41.749341,-87.669329,POINT (-87.669329 41.749341),2023-159276
2023,103641,33 North LaSalle Street,Submitted,33 North Lasalle Street,60602,2.5,,Loop,Office,411612,1929,1,,56,12590759.2,24252128.3,,725532,,91.3,149.1,100.8,159.1,3088.1,7.5,41.97541,-87.708822,POINT (-87.708822 41.97541),2023-103641
2023,244760,50 East Bellevue Condo Association,Submitted,50 East Bellevue Place,60611,4.0,,Near North Side,Multifamily Housing,241151,1979,1,,85,5515130.7,5471894.1,,,,45.6,87.9,51.1,100.2,1062.3,4.4,41.903278,-87.629129,POINT (-87.629129 41.903278),2023-244760
2023,252125,2013-Chicago Downtown--Franklin/Madison,Submitted,1 South Franklin Street,60606,1.0,,Loop,Hotel,140633,1990,1,,7,5755539.3,10741999.6,,2257999.3,,133.4,209.4,143.3,220.5,,,41.882905,-87.654804,POINT (-87.654804 41.882905),2023-252125
2023,257132,,Not Covered 2024,1257 W Roosevelt Rd,60608,,true,Near West Side,Residential,,,,,,,,,,,,,,,,,41.866705,-87.658912,POINT (-87.658912 41.866705),2023-257132
2023,173712,1155 West Armitage Condominium Association,Submitted,1155 W Armitage Ave,60614,4.0,,Lincoln Park,Multifamily Housing,75360,1993,1,,98,1036352.2,2619275.5,,,,48.5,75,55.5,82.1,284.1,3.8,41.822901,-87.683255,POINT (-87.683255 41.822901),2023-173712
2023,255020,Onni 311 N Morgan LLC dba The Emily Hotel,Submitted,311 N Morgan St,60607,1.0,,Near West Side,Hotel,128500,2017,1,,15,8986431.8,7351392.6,,,,127.1,255.9,131.4,259.4,1647.8,12.8,41.703891,-87.620771,POINT (-87.620771 41.703891),2023-255020
2023,174498,TRIO - Abacus,Submitted,660 W Wayman St,60661,4.0,,Near West Side,Multifamily Housing,280146,2010,1,5080,92,4496159.3,7188334.4,,,,41.7,71.9,45.6,75.6,1010.9,3.6,41.881992,-87.632507,POINT (-87.632507 41.881992),2023-174498
2023,254170,San Francisco Hall-ID# 254170,Submitted,6327 N Kenmore Ave,60626,3.5,,Edgewater,Residence Hall/Dormitory,92000,2013,1,3024,73,3919664.2,210596.9,,,,44.9,121.7,46.4,125.9,559.6,6.1,41.798525,-87.593304,POINT (-87.593304 41.798525),2023-254170
2023,252068,Hampton Inn Majestic,Not Submitted,22 W Monroe St,60603,0.0,,Loop,Hotel,,,,,,,,,,,,,,,,,41.924024,-87.65463,POINT (-87.65463 41.924024),2023-252068
2023,254984,THC 1333 S. Wabash LLC,Submitted,1333 S Wabash Ave,60605,1.5,,Near South Side,Multifamily Housing,266179,2016,1,,31,9948700.5,10969920.3,,,,78.6,147.9,84.9,155.9,1974.7,7.4,41.836123,-87.62711,POINT (-87.62711 41.836123),2023-254984
2023,256249,110 NC LLC,Submitted,110 N Carpenter,60607,4.0,,Near West Side,Office,649985,2018,1,,87,25696796.2,13666066.2,,,,60.6,132.8,63.2,135.2,4321.4,6.6,41.794349,-87.584076,POINT (-87.584076 41.794349),2023-256249
2023,161103,618 S. Michigan,Submitted,618 S. Michigan,60605,2.0,,Loop,College/University,91447,1925,1,718,,4702662.1,2716998.7,,,,81.1,175.2,89.5,186.7,802.3,8.8,41.971143,-87.709627,POINT (-87.709627 41.971143),2023-161103
2023,251245,3800 Lake Shore Drive Condo Association,Submitted,3800 N Lake Shore Drive,60613,3.5,,Lake View,Multifamily Housing,249095,1927,2,,79,3131974,15843287,,,,76.2,102,84.6,110.6,1279.7,5.1,41.74879,-87.720636,POINT (-87.720636 41.74879),2023-251245
2023,116385,Southpoint Nursing and Rehabilitation Center,Not Submitted,1010  W 95th St,60643,0.0,,Washington Heights,Residential,,,,,,,,,,,,,,,,,41.946616,-87.649317,POINT (-87.649317 41.946616),2023-116385
2023,256676,Union Row,Submitted,560-648 W 16th Street,60616,4.0,,Near West Side,Multifamily Housing,71000,2010,9,,94,1416676.5,2279669.6,,,,52.1,89.6,57.3,97,319.3,4.5,41.970353,-87.650135,POINT (-87.650135 41.970353),2023-256676
2023,115108,,Not Submitted,3825  N Pine Grove Ave,60613,0.0,,Lake View,Residential,,,,,,,,,,,,,,,,,41.908656,-87.649843,POINT (-87.649843 41.908656),2023-115108
2023,159812,(IL415) - Horizon House (5733 N Sheridan Rd),Submitted,5733 N Sheridan Rd,60660,3.5,,Edgewater,Multifamily Housing,273845,1967,1,,54,10173687.2,,,,,37.2,104,42.3,118.3,1423.5,5.2,41.883101,-87.631263,POINT (-87.631263 41.883101),2023-159812
2023,132823,Bria of Forest Edge,Not Submitted,8001 S Western Ave,60620,0.0,,Ashburn,Senior Care Community,,,,,,,,,,,,,,,,,41.825059,-87.623254,POINT (-87.623254 41.825059),2023-132823
2023,256670,,Not Submitted,1 S Leavitt Street,60612,0.0,,Near West Side,Residential,,,,,,,,,,,,,,,,,41.955685,-87.654725,POINT (-87.654725 41.955685),2023-256670
2023,229823,5040-60 Marine Drive Condominium Association,Submitted,5040-5060 N Marine Drive,60640,3.0,,Uptown,Multifamily Housing,234113,1939,1,,64,3405089.2,13832224.4,,,,73.6,102.8,81,111.3,1211.1,5.2,41.913864,-87.633441,POINT (-87.633441 41.913864),2023-229823
2023,252217,1320 W Fullerton Avenue,Submitted,1320 W Fullerton Avenue,60614,1.0,,Lincoln Park,Fitness Center/Health Club/Gym,131000,1984,1,,,14176139.9,10130929.2,,,,185.6,384.2,192.9,393.8,2521.6,19.2,41.866856,-87.628651,POINT (-87.628651 41.866856),2023-252217
2023,256555,Lincoln Common D,Submitted,2350 N Lincoln,60614,2.5,,Lincoln Park,Office,57566,2019,1,,40,4998847.9,2072.5,,,,86.9,243.2,86.9,243.2,699.5,12.2,41.742578,-87.633937,POINT (-87.633937 41.742578),2023-256555
2023,256837,2150 S Canalport Avenue,Submitted,2150 S Canalport Avenue,60608,,true,Lower West Side,Office,221330,1900,1,,,2510183,4570932.5,,,,32,53.4,36,57.4,594,2.7,41.875762,-87.715846,POINT (-87.715846 41.875762),2023-256837
2023,134136,171 West Oak Street,Submitted,171 West Oak Street,60610,4.0,,Near North Side,Multifamily Housing,156000,1979,1,,69,3247956.4,8020242.4,,,,72.2,112.3,78.8,118.9,880.4,5.6,41.925283,-87.653758,POINT (-87.653758 41.925283),2023-134136
2023,251665,Hayt,Submitted,1518 W Granville Ave,60660,1.0,,Edgewater,K-12 School,118800,1906,3,,29,3433284,6018760,,,,79.6,134.1,90,143.8,800.1,6.7,41.803755,-87.590384,POINT (-87.590384 41.803755),2023-251665
2023,251406,John Whistler Elementary -CPS,Not Covered 2024,11513 S Ada St,60643,,true,West Pullman,K-12 School,,,,,,,,,,,,,,,,,41.895647,-87.648854,POINT (-87.648854 41.895647),2023-251406
2023,251324,Arts & Letters Hall,Submitted,2315 N. Kenmore,60614,2.0,,Lincoln Park,College/University,111269,2011,1,,,5462223.3,4336781.9,,,,88.1,178.4,92,182.5,994.6,8.9,41.892501,-87.628243,POINT (-87.628243 41.892501),2023-251324
2023,129920,The Thompson Building,Submitted,350 N. Clark St.,60654,2.5,,Near North Side,Office,111033,1912,1,,51,6730810.6,2625600,,,,84.3,194.6,88.7,204,1081.2,9.7,41.795773,-87.585574,POINT (-87.585574 41.795773),2023-129920
2023,250145,180 North Wabash LLC,Submitted,180 N Wabash,60601,1.5,,Loop,Office,162153,1919,1,,33,10130098.5,9053486.1,,,,118.3,233.5,125.5,242,1898.3,11.7,41.688796,-87.609394,POINT (-87.609394 41.688796),2023-250145
2023,100683,Transforming Housing III,Not Submitted,7000  S Parnell Ave,60621,0.0,,Englewood,Residential,,,,,,,,,,,,,,,,,41.802239,-87.613996,POINT (-87.613996 41.802239),2023-100683
2023,157988,Union League Club Of Chicago,Submitted,65 W. Jackson,60604,1.0,,Loop,Hotel,311794,1926,1,9,22,11394609.3,46593601.3,,2711364,,194.7,267.1,207.6,280.7,4212,13.5,41.99946,-87.761821,POINT (-87.761821 41.99946),2023-157988
2023,251477,Wadsworth - CPS,Not Covered 2024,6420 S University Ave,60637,,true,Woodlawn,K-12 School,,,,,,,,,,,,,,,,,41.85563,-87.625415,POINT (-87.625415 41.85563),2023-251477
2023,256965,Dever,Submitted,3436 N Osceola Ave,60634,1.0,,Dunning,K-12 School,66250,1935,4,,14,1581905.5,2785069.8,,,,97.5,164.2,110.5,177.8,369.3,8.2,41.979255,-87.845399,POINT (-87.845399 41.979255),2023-256965
2023,251616,Hanson Park,Submitted,5411 W Fullerton Ave,60639,4.0,,Belmont Cragin,K-12 School,132816,1959,4,,97,1131289.6,2803859.9,,,,29.6,46,33.6,51.4,307.2,2.3,41.927684,-87.681501,POINT (-87.681501 41.927684),2023-251616
2023,251404,Burr,Submitted,1621 W Wabansia Ave,60622,1.0,,West Town,K-12 School,60929,1896,1,,18,1156180,5709490.1,,,,112.7,151.5,134.6,174.5,465,7.6,41.876722,-87.63471,POINT (-87.63471 41.876722),2023-251404
2023,142943,(IL351) - 420 W. Grand Condo Association (420 W. Grand Ave.),Submitted,420 W. Grand Ave.,60654,4.0,,Near North Side,Multifamily Housing,116400,1993,1,,97,1565283.1,3023006.7,,,,39.4,64.9,45,71.6,379.6,3.3,41.887157,-87.756605,POINT (-87.756605 41.887157),2023-142943
2023,254154,Swartzberg House,Submitted,3101 W Touhy Ave,60645,2.5,,West Ridge,Multifamily Housing,83680,1980,1,4000,54,1388148.3,5247200.1,,,,79.3,112.3,89.2,122.7,472.9,5.7,41.978804,-87.679634,POINT (-87.679634 41.978804),2023-254154
2023,101557,Atlas 2 E 8th St,Not Submitted,2 E 8th St,60605,0.0,,Loop,Multifamily Housing,,,,,,,,,,,,,,,,,42.005991,-87.704726,POINT (-87.704726 42.005991),2023-101557
2023,251392,Canty,Submitted,3740 N Panama Ave,60634,1.0,,Dunning,K-12 School,103578,1936,4,,27,2855745.1,5348089.9,,,,79.2,131.4,92.2,143.5,683.6,6.6,41.882195,-87.652193,POINT (-87.652193 41.882195),2023-251392
2023,250048,Kennedy HS - Kinzie,Submitted,6325 W 56th St,60638,2.5,,Garfield Ridge,K-12 School,345406,1965,1,,37,11118093.6,15938140.1,,,,78.3,138.6,86.4,146.5,2402.2,7,41.81125,-87.606098,POINT (-87.606098 41.81125),2023-250048
2023,256532,Addison & Clark (dd020),Submitted,1025 W Addison St,60613,1.0,,Lake View,Multifamily Housing,260793,2018,1,9422,12,11729971.7,11070265,,,,87.4,170.5,92.3,177.7,2229.2,8.5,41.803747,-87.582209,POINT (-87.582209 41.803747),2023-256532
2023,160440,Pittsfield Building,Not Submitted,55 E Washington St,60602,0.0,,Loop,Residential,,,,,,,,,,,,,,,,,41.939838,-87.666366,POINT (-87.666366 41.939838),2023-160440
2023,256407,8795,Submitted,340 E Superior St,60611,2.0,,Near North Side,College/University,187974,1925,1,268,,8460273.8,18414153,,,,143,228.9,152,237.3,2161.8,11.5,41.923618,-87.656457,POINT (-87.656457 41.923618),2023-256407
2023,175899,211 N Stetson Avenue,Submitted,211 N Stetson Avenue,60601,1.0,,Loop,Fitness Center/Health Club/Gym,118000,1991,1,,,12271673.9,1716149.2,,,,118.5,306.5,118.5,306.5,1808.2,15.3,41.890045,-87.62681,POINT (-87.62681 41.890045),2023-175899
2023,251383,"Mcnair Academy Center, Ronald E -CPS",Not Covered 2024,4820 W Walton St,60651,,true,Austin,K-12 School,,,,,,,,,,,,,,,,,41.897965,-87.747185,POINT (-87.747185 41.897965),2023-251383
2023,173870,Coronado Apartments LLC,Submitted,1061 W. Rosemont Ave.,60660,4.0,,Edgewater,Multifamily Housing,80500,1927,1,,92,1316454.3,3765214.4,,,,63.1,94.9,70.6,103.2,384.2,4.8,41.824001,-87.603123,POINT (-87.603123 41.824001),2023-173870
2023,175777,,Not Submitted,4553 N Magnolia Ave,60640,0.0,,Uptown,Residential,,,,,,,,,,,,,,,,,41.975426,-87.652727,POINT (-87.652727 41.975426),2023-175777
2023,251401,"Neil Elementary, Jane A -CPS",Not Covered 2024,8555 S Michigan Ave,60619,,true,Chatham,K-12 School,,,,,,,,,,,,,,,,,41.886921,-87.642879,POINT (-87.642879 41.886921),2023-251401
2023,175876,7121 7125 N Paulina,Submitted,7121 7125 N Paulina,60660,3.5,,Rogers Park,Multifamily Housing,58400,1925,1,,77,292119.2,3798769.1,,,,70,82.3,80.5,93.3,242.6,4.2,41.97881,-87.689411,POINT (-87.689411 41.97881),2023-175876
2023,134280,The Altgeld Commons Lofts Condominium Association,Submitted,2512 N. Bosworth Ave.,60614,4.0,,Lincoln Park,Multifamily Housing,54000,1920,1,,83,619551.1,2057540.4,,,,49.6,72.1,56.4,78.9,196,3.6,41.739275,-87.668159,POINT (-87.668159 41.739275),2023-134280
2023,256668,900-10 W Winona,Submitted,900-10 W Winona St,60640,4.0,,Uptown,Multifamily Housing,51576,1912,1,,93,626823.9,1431885.6,,,,39.9,63.2,42.5,66.4,163.8,3.2,41.90377,-87.643369,POINT (-87.643369 41.90377),2023-256668
2023,175185,Jeffery Building Inc.,Submitted,1949 - 1959 E. 71st Street,60649,2.5,,South Shore,Multifamily Housing,52193,1935,1,,60,727452.6,3475030,,,,80.5,108.9,86.9,115.7,286.4,5.5,41.929773,-87.639394,POINT (-87.639394 41.929773),2023-175185
2023,257161,320 South Canal,Submitted,320 South Canal Street,60606,3.0,,Near West Side,Office,1797756,2021,1,,,42510224,,,24077375.1,,37,78.4,37.8,82,7727.1,4.3,41.877126,-87.639777,POINT (-87.639777 41.877126),2023-257161
2023,160325,G & A Senior Residence at Eastgate Village,Submitted,300 E. 26th Street,60616,4.0,,Near South Side,Multifamily Housing,104388,2009,1,6,91,681229.7,6051702,,,,64.5,79.1,70.8,85.7,416.8,4,41.843794,-87.617768,POINT (-87.617768 41.843794),2023-160325
2023,158640,(IL278) - 2000 N. Lincoln Park West,Submitted,2000 N. Lincoln Park West; 2052 N. Lincoln Park West,60614,4.0,,Lincoln Park,Multifamily Housing,250348,1930,1,,89,4351537,7252530.7,,,,46.4,79.1,49.3,82,994.1,4,41.88231,-87.752836,POINT (-87.752836 41.88231),2023-158640
2023,251564,Carter Elementary -CPS,Not Covered 2024,5740 S Michigan Ave,60637,,true,Washington Park,K-12 School,,,,,,,,,,,,,,,,,41.756876,-87.722322,POINT (-87.722322 41.756876),2023-251564
2023,250142,850 West Jackson,Submitted,850 West Jackson,60607,2.0,,Near West Side,Office,106056,1912,1,,,8975933.5,,,,,84.6,237,84.6,237,1255.9,11.8,41.957668,-87.702171,POINT (-87.702171 41.957668),2023-250142
2023,252065,280 Building,Submitted,280 S. Columbus Dr.,60603,3.0,,Loop,College/University,142184,1973,1,,,3847684.2,9005503.1,,2990377.1,,111.4,161.4,122.7,175.5,1174.3,8.3,41.894152,-87.630411,POINT (-87.630411 41.894152),2023-252065
2023,255936,MARLOWE,Submitted,169 West Huron St,60654,4.0,,Near North Side,Multifamily Housing,150863,2018,1,4980,88,2771789.8,5459170,,,,54.6,89.4,58.9,94.7,677.8,4.5,41.925125,-87.678751,POINT (-87.678751 41.925125),2023-255936
2023,173871,6334 N Sheridan Condominium Association,Submitted,6334 N Sheridan Rd,60660,4.0,,Edgewater,Multifamily Housing,63000,1918,1,,89,649104.7,3846165.9,,,,71.4,93,84.1,106,295.1,4.7,42.018017,-87.690337,POINT (-87.690337 42.018017),2023-173871
2023,256428,McCormick Tribune Campus Center,Not Submitted,3201 S State Street,60616,0.0,,Douglas,Commercial,,,,,,,,,,,,,,,,,41.896503,-87.637024,POINT (-87.637024 41.896503),2023-256428
2023,257137,,Not Covered 2024,1723 S Michigan Ave,60616,,true,Near South Side,,,,,,,,,,,,,,,,,,41.858471,-87.623505,POINT (-87.623505 41.858471),2023-257137
2023,172110,1260 Dearborn,Submitted,1260 N Dearborn,60610,2.5,,Near North Side,Multifamily Housing,104400,1929,1,,60,2131700.3,8649898.8,,,,103.3,144.2,110.6,152,757.7,7.3,41.915187,-87.730102,POINT (-87.730102 41.915187),2023-172110
2023,256730,Sadlowski,Submitted,3930 E 105th St,60617,3.5,,East Side,K-12 School,111081,2016,1,,75,2333733.9,1942119.9,,,,38.5,77.2,42,80.9,429.7,3.9,41.894724,-87.631126,POINT (-87.631126 41.894724),2023-256730
2023,116552,,Not Submitted,4001 4013 S Ellis Ave,60653,0.0,,Oakland,Residential,,,,,,,,,,,,,,,,,41.950858,-87.654289,POINT (-87.654289 41.950858),2023-116552
2023,251762,Schubert,Submitted,2727 N Long Ave,60639,2.5,,Belmont Cragin,K-12 School,92400,1930,4,,58,1426441.2,4878300,,,,68.2,98.7,79.6,110.6,458.7,5,41.925035,-87.654956,POINT (-87.654956 41.925035),2023-251762
2023,173927,Cornell,Submitted,5401 S Cornell Ave,60615,3.5,,Hyde Park,Multifamily Housing,91059,2005,1,,77,3660959.8,928192.3,,,,50.4,123.3,56.1,139.3,561.5,6.2,41.79489,-87.711083,POINT (-87.711083 41.79489),2023-173927
2023,134895,The RacOuet Club of Chicago,Submitted,1365 N. Dearborn Parkway,60610,1.0,,Near North Side,Fitness Center/Health Club/Gym,62000,1922,1,,,3111352.9,8444051.9,,,,186.4,283.5,197.7,295.9,883.8,14.3,41.787921,-87.595806,POINT (-87.595806 41.787921),2023-134895
2023,256795,Motif on Belden,Submitted,2845 W Belden Avenue,60647,2.5,,Logan Square,Multifamily Housing,70400,2023,1,,60,2358128.8,2451114,,,,68.3,130.3,71.4,133.6,460.1,6.5,41.811057,-87.704235,POINT (-87.704235 41.811057),2023-256795
2023,250081,Alfreda Barnett Duster Apartments,Submitted,150 S. Campbell,60612,3.5,,Near West Side,Multifamily Housing,100282,1967,1,,71,1660241,6103199.9,,,,77.4,110.3,85.1,118.6,556.5,5.5,41.969219,-87.653338,POINT (-87.653338 41.969219),2023-250081
2023,173766,3314 Lake Shore Condominium Association,Not Submitted,3314  N Lake Shore Dr,60657,0.0,,Lake View,Residential,,,,,,,,,,,,,,,,,41.887556,-87.619655,POINT (-87.619655 41.887556),2023-173766
2023,156711,20 North Michigan Avenue,Submitted,20 N. Michigan Ave,60602,3.0,,Loop,Office,214800,1880,1,,70,6668547.1,7327384.1,,,,65.2,122.7,69.8,127.6,1322.3,6.2,41.909765,-87.743376,POINT (-87.743376 41.909765),2023-156711
2023,172443,The Duncan,Submitted,1515 W. Monroe St.,60607,1.0,,Near West Side,Multifamily Housing,128820,2018,2,,15,6024697.5,6461440,,,,96.9,183.6,105.7,196.9,1186.2,9.2,41.901906,-87.631537,POINT (-87.631537 41.901906),2023-172443
2023,175551,"00187AS - Chicago, IL",Submitted,11730 S. Marshfield Ave.,60643,3.0,,Morgan Park,Supermarket/Grocery Store,61567,2008,1,0,48,8838537,7070200.3,,,,258.4,522.5,269.5,532.4,1612.2,26.2,41.905005,-87.696784,POINT (-87.696784 41.905005),2023-175551
2023,251604,Revere,Submitted,1010 E 72nd St,60619,1.0,,Greater Grand Crossing,K-12 School,81610,1903,3,,24,1733913.5,6377570.1,,,,99.4,141.5,114.3,157.1,581.4,7.1,41.880599,-87.629907,POINT (-87.629907 41.880599),2023-251604
2023,251229,210 East Pearson Condominium Association,Submitted,210 E. Pearson St.,60611,3.0,,Near North Side,Multifamily Housing,104142,1926,1,,63,1593490.4,7620204.2,,,,88.5,119.7,97.6,129,627.7,6,41.890645,-87.681145,POINT (-87.681145 41.890645),2023-251229
2023,257188,Archer Senior,Submitted,2928 S Archer Avenue,60608,2.5,,Bridgeport,Multifamily Housing,53245,2007,1,2932,56,1384473.3,2144120.1,,,,66.3,115.1,71,119.6,307.6,5.8,41.841387,-87.659101,POINT (-87.659101 41.841387),2023-257188
2023,251257,Reside on Surf,Submitted,425 West Surf Street,60657,4.0,,Lake View,Multifamily Housing,119250,1924,1,4553,87,1669989.3,6040018.3,,,,64.7,92.4,72,99.8,554.5,4.6,41.974653,-87.697529,POINT (-87.697529 41.974653),2023-251257
2023,126141,839 W. 79th,Submitted,839 W. 79th Street,60620,1.0,,Auburn Gresham,Office,54000,2023,1,,9,4286792.1,,,,,79.4,222.3,79.4,222.3,599.8,11.1,42.000552,-87.660569,POINT (-87.660569 42.000552),2023-126141
2023,103692,333 South Wabash,Submitted,333 S. Wabash,60604,2.5,,Loop,Office,1414679,1972,1,12200,54,69708963.5,54024358.5,,,,87.5,178.1,93.9,184.8,12623.1,8.9,41.870167,-87.706289,POINT (-87.706289 41.870167),2023-103692
2023,257101,Encuentro Square,Not Covered 2024,1844 N Ridgeway Ave,60647,,true,Logan Square,Commercial,,,,,,,,,,,,,,,,,41.914951,-87.720741,POINT (-87.720741 41.914951),2023-257101
2023,175824,Academy at Drexel Court,Submitted,6140 S Drexel Ave,60637,2.0,,Woodlawn,Multifamily Housing,81009,1959,1,5112,20,1970397.2,8733815.4,,,,132.1,181.3,145.1,194.9,739.6,9.1,41.886294,-87.642644,POINT (-87.642644 41.886294),2023-175824
2023,241550,Lofts At Museum Park Condominium Association,Submitted,1305 S. Michigan Ave.,60605,3.0,,Near South Side,Multifamily Housing,271348,2004,1,,62,6912097.5,12361217.1,,,,71,119.2,79,130,1623.7,6,41.964346,-87.656053,POINT (-87.656053 41.964346),2023-241550
2023,101674,Presidents Plaza 2,Submitted,8700 West Bryn Mawr Ave,60631,3.5,,Ohare,Office,441327,1983,1,,78,21344312.5,540571,,,,49.6,136.7,52.7,145.4,3015.2,6.8,41.878691,-87.628142,POINT (-87.628142 41.878691),2023-101674
2023,256802,Upshore Chapter (up005),Submitted,4555 N Sheridan Rd,60640,4.0,,Uptown,Multifamily Housing,97203,2019,1,3687,88,2704033.9,2394058.9,,,,52.4,103.8,54.1,108.4,505.5,5.2,41.904746,-87.628625,POINT (-87.628625 41.904746),2023-256802
2023,230101,Tiara Home Owners Association,Submitted,6145-6147 N. Sheridan Rd.,60660,4.0,,Edgewater,Multifamily Housing,213211,1965,1,,96,6183956,,,,,29,81.2,32.6,91.2,865.3,4.1,41.937873,-87.727002,POINT (-87.727002 41.937873),2023-230101
2023,164512,The Salvation Army,Not Submitted,506  N Desplaines St,60654,0.0,,West Town,Residential,,,,,,,,,,,,,,,,,41.882272,-87.665981,POINT (-87.665981 41.882272),2023-164512
2023,130453,833 West Jackson,Submitted,833 West Jackson,60607,3.0,,Near West Side,Office,74272,1930,1,,,1657789.2,1834180.4,,,,47,88.4,51,92.7,329.4,4.4,41.822543,-87.616574,POINT (-87.616574 41.822543),2023-130453
2023,254181,International House,Submitted,1414 E. 59th Street,60637,3.5,,Hyde Park,Residence Hall/Dormitory,237121,1932,1,5728,74,4176455.4,474277,13824298.9,695196,,80.8,124.2,89,134.1,1564.1,6.6,41.846717,-87.62337,POINT (-87.62337 41.846717),2023-254181
2023,103739,20 North Clark Street - 2821,Submitted,20 North Clark Street,60602,3.5,,Loop,Office,445973,1981,1,2098,78,17156739.4,,,,,38.5,107.7,41.9,117.2,2400.6,5.4,41.87822,-87.634524,POINT (-87.634524 41.87822),2023-103739
2023,175242,C5870LAK (22233),Submitted,5870 W Lake St,60644,1.0,,Austin,Multifamily Housing,50000,1965,1,2370,26,826379.5,4425278.5,,,,105,139.2,111,146.4,350.7,7,41.87772,-87.65469,POINT (-87.65469 41.87772),2023-175242
2023,251514,South Shore ES,Not Covered 2024,1404 E 70th St,60637,,true,South Shore,K-12 School,,,,,,,,,,,,,,,,,41.906672,-87.633162,POINT (-87.633162 41.906672),2023-251514
2023,160394,1020 W Lawrence,Submitted,1020 W Lawrence Ave,60640,2.0,,Uptown,Multifamily Housing,174162,1935,1,,43,7624852.1,8368569.2,,,,91.8,173,99,184.2,1511.4,8.7,41.804144,-87.609206,POINT (-87.609206 41.804144),2023-160394
2023,160429,Academy SOuare Senior,Submitted,318 S Throop St,60607,1.0,,Near West Side,Multifamily Housing,87388,1984,1,,8,3997659.4,3630087,,,,87.3,171.7,90.6,180.9,752.2,8.6,41.780955,-87.615789,POINT (-87.615789 41.780955),2023-160429
2023,252070,Lake Village East Apts,Submitted,4700 South Lake Park Ave,60615,4.0,,Kenwood,Multifamily Housing,180000,1971,3,7093,83,3223341.5,9330000.1,,,,69.7,104.6,75.4,110.4,946.6,5.3,41.882173,-87.649857,POINT (-87.649857 41.882173),2023-252070
2023,252328,5630 N Sheridan,Submitted,5630 N. Sheridan Ave,60660,4.0,,Edgewater,Multifamily Housing,239996,1957,1,,88,3036973.4,14669199.5,,,,73.8,99.6,83.1,109.4,1204.1,5,41.861002,-87.649961,POINT (-87.649961 41.861002),2023-252328
2023,250037,Brennemann,Submitted,4251 N Clarendon Ave,60613,1.0,,Uptown,K-12 School,53422,1963,2,,6,2636452.4,2596870.1,,,,98,189.2,110.3,206.3,506.8,9.5,42.01672,-87.675177,POINT (-87.675177 42.01672),2023-250037
2023,256542,5525 W Diversey Avenue,Submitted,5525 W Diversey Avenue,60639,4.0,,Belmont Cragin,Multifamily Housing,71055,2019,1,,85,1428665.9,2032813.8,,,,48.7,86.3,53.2,91.1,307.9,4.3,41.756133,-87.597855,POINT (-87.597855 41.756133),2023-256542
2023,132118,CC Care (Community Care Center),Submitted,4314 S. Wabash Ave.,60653,3.5,,Grand Boulevard,Senior Living Community,62600,1969,1,,56,1656556.7,4720099.9,,,,101.9,153.3,110.2,162.1,482.5,7.7,41.953804,-87.747734,POINT (-87.747734 41.953804),2023-132118
2023,157347,Chicago Benchmarking: Blackhawk and British School,Submitted,1460 N Halsted & 814 W Eastman,60642,1.0,,Near North Side,Medical Office,222851,2008,2,,,14364032.8,6512709.4,,,,93.7,211.2,93.7,211.2,2266.5,10.2,41.908127,-87.64835,POINT (-87.64835 41.908127),2023-157347
2023,252268,Heritage Woods of Chicago,Submitted,2800 West Fulton,60612,1.0,,East Garfield Park,Senior Living Community,73518,2000,1,,25,2405556,5104111.2,,,,102.1,164.5,111.8,174.6,607.7,8.3,41.804189,-87.619605,POINT (-87.619605 41.804189),2023-252268
2023,159924,Twin Towers Apartments LLC,Submitted,1645-49 E 50th Street,60615,3.0,,Kenwood,Multifamily Housing,217600,1951,2,,62,4405853.3,13895877.1,,,,84.1,123.7,91.8,131.6,1354.5,6.2,41.905996,-87.650439,POINT (-87.650439 41.905996),2023-159924
2023,254169,de Nobili Hall-ID#254169,Submitted,6350 N Kenmore Ave,60626,1.0,,Edgewater,Residence Hall/Dormitory,73000,2013,1,2374,29,3466976.3,5349190.3,,,,120.8,209.9,134.2,224,769.2,10.5,41.870775,-87.624293,POINT (-87.624293 41.870775),2023-254169
2023,257135,Portrait,Not Covered 2024,948 W Sunnyside Ave,60640,,true,Uptown,Commercial,,,,,,,,,,,,,,,,,41.963784,-87.654371,POINT (-87.654371 41.963784),2023-257135
2023,254409,Haberdasher SOuare Lofts,Submitted,728 W Jackson Blvd,60661,3.5,,Near West Side,Multifamily Housing,420684,1927,2,,71,8274431.3,15426171.3,,,,56.3,93.6,63.1,101.6,1977.1,4.7,41.759991,-87.563015,POINT (-87.563015 41.759991),2023-254409
2023,160196,The Art Institute of Chicago,Submitted,111 South Michigan Ave,60603,2.0,,Loop,Museum,1008416,1892,1,38587,,68085972.1,130248119.7,,,,196.7,324.7,209.2,338.6,16444.7,16.3,41.935984,-87.665238,POINT (-87.665238 41.935984),2023-160196
2023,251258,Reside 707,Submitted,707 West Sheridan Road,60613,2.5,,Lake View,Multifamily Housing,101428,1974,1,3771,59,2255574.3,6426942,,,,85.6,128.8,91.9,134.8,657,6.5,41.96633,-87.65042,POINT (-87.65042 41.96633),2023-251258
2023,174321,The Shelby (sh457),Submitted,2300 S Michigan Ave,60616,3.0,,Near South Side,Multifamily Housing,86995,2008,1,,44,4031969.1,,,,,46.3,129.8,46.3,129.8,564.2,6.5,41.799647,-87.585659,POINT (-87.585659 41.799647),2023-174321
2023,251440,Goodlow Elementary Magnet -CPS,Not Covered 2024,2040 W 62nd St,60636,,true,West Englewood,K-12 School,,,,,,,,,,,,,,,,,42.006419,-87.687241,POINT (-87.687241 42.006419),2023-251440
2023,174249,Westport Commons - Ultra Foods,Not Submitted,3250 W 87th St,60652,0.0,,Ashburn,Commercial,,,,,,,,,,,,,,,,,41.970097,-87.789637,POINT (-87.789637 41.970097),2023-174249
2023,256563,1323 W Morse,Submitted,1323 W Morse Ave,60626,1.0,,Rogers Park,Multifamily Housing,56780,2018,1,,18,2733816,1796443.9,,,,79.8,168,87,179,460.9,8.1,41.819781,-87.599925,POINT (-87.599925 41.819781),2023-256563
2023,250035,Austin Polytechical HS -CPS,Not Covered 2024,231 N Pine Ave,60644,,true,Austin,K-12 School,,,,,,,,,,,,,,,,,41.885378,-87.763008,POINT (-87.763008 41.885378),2023-250035
2023,102336,Institute of Cultural Affairs - Greenrise,Submitted,4750 N Sheridan Road,60640,4.0,,Uptown,Office,182250,1921,1,,86,2469025.7,8426720.2,,,,62.1,88.8,70.4,97.2,853,4.7,41.897629,-87.62427,POINT (-87.62427 41.897629),2023-102336
2023,254352,Fourth Presbyterian Church of Chicago,Submitted,126 E Chestnut St,60611,1.0,,Near North Side,Worship Facility,163806,1912,1,,14,6844625.2,7223900.1,,,,85.9,163.3,91.8,169,1341.4,8.2,41.969193,-87.767669,POINT (-87.767669 41.969193),2023-254352
2023,157208,400 South Jefferson - OPI,Submitted,400 South Jefferson Street,60607,4.0,,Near West Side,Office,275487,1946,1,882,97,4848856.3,4355596.1,,,,33.4,65.9,35.9,68.5,909.8,3.3,41.972478,-87.669686,POINT (-87.669686 41.972478),2023-157208
2023,251669,Monroe,Submitted,3651 W Schubert Ave,60647,2.0,,Logan Square,K-12 School,120199,1905,2,,45,2922204.1,5264590.1,,,,68.1,114.1,77.6,123.6,688.5,5.7,41.86017,-87.620972,POINT (-87.620972 41.86017),2023-251669
2023,251865,Prieto,Submitted,2231 N Central Ave,60639,2.5,,Belmont Cragin,K-12 School,115458,2009,2,,56,3172474.2,2686359.9,,,,50.7,101.4,54.7,105.5,586.6,5.1,41.742118,-87.731485,POINT (-87.731485 41.742118),2023-251865
2023,101217,850 Eastwood,Submitted,850 West Eastwood Avenue,60640,4.0,,Uptown,Multifamily Housing,244164,1992,1,11197,98,1852448.7,13151009.7,,,,61.4,77.8,66.9,83.5,957.7,3.9,41.728535,-87.596293,POINT (-87.596293 41.728535),2023-101217
2023,103743,33 N. Dearborn,Submitted,33 N. Dearborn,60602,3.5,,Loop,Office,372134,1966,1,,79,8827461.2,11204529.4,,7171044.1,,73.1,115.6,79.7,122.7,2208.2,5.9,41.790376,-87.601428,POINT (-87.601428 41.790376),2023-103743
2023,257070,,Not Covered 2024,920 N Wells St,60606,,true,Near North Side,,,,,,,,,,,,,,,,,,41.89965,-87.634644,POINT (-87.634644 41.89965),2023-257070
2023,124961,3335 W Diversey Ave AKA 2769-2789 N Milwaukee Ave,Submitted,3335 W Diversey Ave,60647,4.0,,Logan Square,Multifamily Housing,50000,1920,1,,,1115732.3,3557860,,,,93.5,137.2,101.7,145.1,345.1,6.9,41.775349,-87.663959,POINT (-87.663959 41.775349),2023-124961
2023,121102,1333 West Belmont Avenue,Submitted,1333 West Belmont,60657,3.5,,Lake View,Medical Office,72945,2011,1,,51,6477507,10998.8,,,,89,248.8,89,248.8,906.9,12.4,41.894243,-87.624409,POINT (-87.624409 41.894243),2023-121102
2023,101545,Reside at 849,Submitted,849 West Buena Avenue,60613,2.5,,Uptown,Multifamily Housing,51163,1925,1,1330,51,505718.5,3794668.1,,,,84.1,105.6,93.5,115.3,272.3,5.3,41.684476,-87.655364,POINT (-87.655364 41.684476),2023-101545
2023,256674,Cityview Lofts,Submitted,1259 N Wood Street,60622,3.0,,West Town,Multifamily Housing,50590,1909,1,,64,840892.4,1782367,,,,51.9,83.5,57.4,90,212.3,4.2,42.007377,-87.709126,POINT (-87.709126 42.007377),2023-256674
2023,231019,AOua at Lakeshore East,Submitted,225 N Columbus Dr,60601,4.0,,Loop,Multifamily Housing,1306541,2009,1,,76,30229399.3,62705599.1,,,,71.1,115.2,74.9,119.1,7560.3,5.8,41.979317,-87.838909,POINT (-87.838909 41.979317),2023-231019
2023,256788,Hyatt House Chicago West Loop Fulton Market,Submitted,105 North May St.,60607,3.5,,Near West Side,Hotel,129336,2019,1,,80,5071745,5434390,,,,81.2,153.9,85.9,158.4,998.3,7.7,41.765149,-87.579203,POINT (-87.579203 41.765149),2023-256788
2023,250139,Domestic Violence Courthouse,Submitted,555 W. Harrison St.,60607,2.5,,Near West Side,Courthouse,187268,1890,1,,60,8091865.8,7260039.4,,,,83.9,163.6,94.1,174.3,1517.8,8.1,41.994136,-87.680889,POINT (-87.680889 41.994136),2023-250139
2023,250051,Simeon HS,Submitted,8147 S Vincennes Ave,60620,1.0,,Chatham,K-12 School,284691,2003,2,,16,13126348.8,12647870,,,,90.5,175.7,100.5,186.6,2508.4,8.8,41.763326,-87.576093,POINT (-87.576093 41.763326),2023-250051
2023,250133,70800789 -- 47th ~ Damen,Not Submitted,4620 S Damen Ave,60609,0.0,,New City,Supermarket/Grocery Store,,,,,,,,,,,,,,,,,41.879863,-87.679173,POINT (-87.679173 41.879863),2023-250133
2023,251575,"Delano Elementary, Edward C -CPS",Not Covered 2024,3937 W Wilcox St,60624,,true,West Garfield Park,K-12 School,,,,,,,,,,,,,,,,,41.927278,-87.641654,POINT (-87.641654 41.927278),2023-251575
2023,158083,Renaissance Ohare,Submitted,8500 West Bryn Mawr Ave,60631,3.0,,Ohare,Hotel,314254,2003,1,,68,13030591.7,16937870.1,,,,95.4,172.7,101.1,176.6,2722.9,8.7,41.831596,-87.627931,POINT (-87.627931 41.831596),2023-158083
2023,101876,55 E. Jackson AcOuisitions LLC,Submitted,55 E. Jackson Blvd,60604,2.5,,Loop,Office,434169,1961,1,,53,19461011.1,25145206.6,,,,102.7,186.3,112.8,199.1,4058.6,9.3,41.828983,-87.632519,POINT (-87.632519 41.828983),2023-101876
2023,256897,Steppenwolf Theatre Company Liz and Eric Lefkofsky Arts and Education Center,Submitted,1646 N. Halsted St.,60614,1.0,,Lincoln Park,Performing Arts,53000,2020,1,,,3656949.5,,,,,69,193.2,69,193.2,511.7,9.7,41.910048,-87.693464,POINT (-87.693464 41.910048),2023-256897
2023,260132,O11970/2401 W GRACE ST/CHICAGO/IL,Submitted,2401 W Grace St,60618,3.5,,North Center,Office,93089,2000,1,487,75,3189523.9,1976500.2,,,,55.5,118.2,61,124,551.3,5.9,41.894165,-87.629389,POINT (-87.629389 41.894165),2023-260132
2023,251475,Belding,Submitted,4257 N Tripp Ave,60641,4.0,,Irving Park,K-12 School,69480,1899,2,,83,82113.2,4632220.3,,,,67.9,73.3,88.8,95.3,257.5,3.7,41.924271,-87.653423,POINT (-87.653423 41.924271),2023-251475
2023,103816,AMA Plaza,Submitted,330 North Wabash,60611,2.5,,Near North Side,Office,1870680,1971,1,19222,58,107166823.3,48228600.4,,45181729,,107.2,209.5,110.4,215.4,20894.8,11.2,41.879989,-87.630689,POINT (-87.630689 41.879989),2023-103816
2023,113621,1414 North Wells Condominium Association,Submitted,1414 N. Wells St.,60610,4.0,,Near North Side,Multifamily Housing,80000,1994,1,,91,1377620.9,2699303.1,,,,51,83.6,57.6,90.6,336.1,4.2,41.925687,-87.640958,POINT (-87.640958 41.925687),2023-113621
2023,234566,1410 North State Parkway Condominium Association,Submitted,1410 N State Parkway,60610,4.0,,Near North Side,Multifamily Housing,120150,1980,1,,63,4508160.6,2321633.2,,,,56.8,125.3,62.8,138.2,754.1,6.3,41.904077,-87.637859,POINT (-87.637859 41.904077),2023-234566
2023,175472,Tower Lofts Condo,Submitted,1601 West School Street,60657,3.0,,Lake View,Multifamily Housing,176062,1915,1,,68,4834223.7,5903912.1,,,,61,112.1,67.5,118.7,990,5.6,41.862987,-87.713006,POINT (-87.713006 41.862987),2023-175472
2023,250176,O'Hare Building 804 (Aviation Administration Building),Submitted,Chicago O'hare International Airport,60666,2.0,,Ohare,Office,166041,1943,1,,42,10040133.7,5075459.9,,,,91,201.4,98.2,205.8,1674.4,10.1,41.884167,-87.622113,POINT (-87.622113 41.884167),2023-250176
2023,251530,Pasteur,Submitted,5825 S Kostner Ave,60629,3.0,,West Elsdon,K-12 School,98900,1927,6,,63,2280597.9,3148780,,,,54.9,98,63.4,106.9,486.3,4.9,41.87808,-87.676709,POINT (-87.676709 41.87808),2023-251530
2023,101572,King HS,Submitted,4445 S Drexel Blvd,60653,2.5,,Kenwood,K-12 School,310545,1971,1,,38,7248633.7,21232189.5,,,,91.7,137.1,101.7,147.6,2142,6.9,41.998309,-87.659696,POINT (-87.659696 41.998309),2023-101572
2023,156891,Olympia Centre,Submitted,737 N Michigan,60611,,true,Near North Side,Mixed Use Property,1060961,1984,1,23204,,64972670.4,,,,,61.2,171.5,65.8,184.1,9091,8.6,41.881922,-87.626063,POINT (-87.626063 41.881922),2023-156891
2023,251414,Wadsworth,Submitted,6650 S Ellis Ave,60637,2.5,,Woodlawn,K-12 School,64558,1963,1,,54,1242288.8,3060479.5,,,,66.6,103.7,77.5,115.1,336.4,5.2,41.812543,-87.604583,POINT (-87.604583 41.812543),2023-251414
2023,256663,630 N. Franklin Condominium Association,Submitted,630 N Franklin St,60654,1.5,,Near North Side,Multifamily Housing,225000,2005,1,,39,6003012.9,12163024.6,,,,80.7,131.5,91.7,145.1,1486,6.6,41.932006,-87.641096,POINT (-87.641096 41.932006),2023-256663
2023,251506,Peterson,Submitted,5510 N Christiana Ave,60625,1.0,,North Park,K-12 School,97862,1925,3,,23,3284288.8,4722629.8,,,,81.8,144.6,91.5,154.8,710.4,7.3,41.896653,-87.62224,POINT (-87.62224 41.896653),2023-251506
2023,175365,College of Education Building,Submitted,2247 N. Halstead Ave.,60614,2.0,,Lincoln Park,College/University,51170,2000,1,,,3784382.1,4019,,,,74,207.2,77.4,216.7,529.7,10.4,41.998086,-87.659884,POINT (-87.659884 41.998086),2023-175365
2023,101179,Shriners Hospital for Children-Chicago,Submitted,2211 N. Oak Park Ave.,60707,4.0,,Montclare,Hospital (General Medical & Surgical),196466,1981,1,8942,61,14486536.1,29691101.8,,,,224.9,365.1,233,369.9,3604,18.3,41.905262,-87.625291,POINT (-87.625291 41.905262),2023-101179
2023,134965,"""I AM"" Temple of Chicago",Not Covered 2024,176 W Washington St,60602,,true,Loop,Commercial,,,,,,,,,,,,,,,,,41.881589,-87.652086,POINT (-87.652086 41.881589),2023-134965
2023,256880,OneChicago,Submitted,23 W Chicago Ave,60654,3.5,,Near North Side,Multifamily Housing,993583,2021,2,,77,13748304.2,48280796.1,,,,62.4,89.8,66.2,93.7,4488.1,4.5,41.751003,-87.627955,POINT (-87.627955 41.751003),2023-256880
2023,102032,450 Briar Place Condominium Association,Submitted,450 W. Briar Pl.,60657,4.0,,Lake View,Multifamily Housing,161000,1972,1,,84,4155934.3,1739583,,,,36.6,83.6,39.1,89.9,673.9,4.2,41.879957,-87.64128,POINT (-87.64128 41.879957),2023-102032
2023,234897,(IL452) - 55 East Erie Condo (55 E Erie St ),Submitted,55 E Erie St,60611,3.0,,Near North Side,Multifamily Housing,546349,2004,1,,47,21425138.8,17035293.5,,,,70.4,142.5,77,155,3902.6,7.1,41.880757,-87.634709,POINT (-87.634709 41.880757),2023-234897
2023,106017,6900 S. Shore Drive,Submitted,6900 S. Shore Drive,60649,3.0,,South Shore,Multifamily Housing,52604,1963,1,4,61,849554,3949627.4,,,,91.2,124.1,99.9,133.1,328.7,6.2,41.899249,-87.624275,POINT (-87.624275 41.899249),2023-106017
2023,103661,One Magnificent Mile,Submitted,980 North Michigan Avenue,60611,2.5,,Near North Side,Mixed Use Property,1017675,1983,1,,58,48887603.3,,,,,48,134.5,51.7,144.7,6840.3,6.7,41.789559,-87.599819,POINT (-87.599819 41.789559),2023-103661
2023,260184,Hampden Green Condominium Association,Submitted,2728 N Hampden Court,60614,1.5,,Lincoln Park,Multifamily Housing,140000,1970,1,,35,2814015.3,13282400.1,,,,115,155.9,120.6,162.4,1099.2,7.9,41.881056,-87.627586,POINT (-87.627586 41.881056),2023-260184
2023,257069,,Not Covered 2024,311 W Huron St,60654,,true,Near North Side,,,,,,,,,,,,,,,,,,41.894566,-87.636787,POINT (-87.636787 41.894566),2023-257069
2023,158336,"Fairmont Chicago, Millennium Park",Submitted,200 N Columbus Dr,60601,1.0,,Loop,Hotel,700000,1987,1,29518,30,52578312.8,12771950,,,,93.4,229.5,97,239.6,8035.1,11.5,41.908682,-87.627727,POINT (-87.627727 41.908682),2023-158336
2023,251585,Bell,Submitted,3730 N Oakley Ave,60618,1.0,,North Center,K-12 School,112084,1916,2,,25,2732715.1,7672940.4,,,,92.8,140.1,107.7,155.9,789.9,7,41.900149,-87.622217,POINT (-87.622217 41.900149),2023-251585
2023,251917,CHICAGO MID NORTH (1437),Submitted,2939 W Addison St,60618,3.0,,Irving Park,Retail Store,191143,2003,1,1575,67,10295829.7,5068500.4,,,,80.4,178.7,85.3,183.9,1709.8,8.9,41.807441,-87.748567,POINT (-87.748567 41.807441),2023-251917
2023,255191,Culver,Submitted,1025 East 57th Street,60637,2.0,,Hyde Park,Laboratory,30126,1897,1,,,1712203.1,,4045463.3,1415166.6,,238.1,363.4,253.4,381.7,582.8,19.3,41.791281,-87.600238,POINT (-87.600238 41.791281),2023-255191
2023,160198,The Blackstone Hotel,Submitted,636 South Michigan Avenue,60605,2.0,,Loop,Hotel,314666,1910,1,,46,13850834.1,20658738.9,,,,109.7,192.2,114.5,196.1,3035.3,9.6,41.894671,-87.634904,POINT (-87.634904 41.894671),2023-160198
2023,257122,,Not Covered 2024,812 W Adams St,60607,,true,Near West Side,Residential,,,,,,,,,,,,,,,,,41.879356,-87.647925,POINT (-87.647925 41.879356),2023-257122
2023,101177,,Not Submitted,6901 6921 S Paxton Ave,60649,0.0,,South Shore,Residential,,,,,,,,,,,,,,,,,41.905055,-87.755692,POINT (-87.755692 41.905055),2023-101177
2023,157346,East Park Tower,Submitted,5242 S Hyde Park,60615,4.0,,Hyde Park,Multifamily Housing,137394,1928,1,,85,1653157.9,7345279.8,,,,65.5,89.8,74.4,99.9,621.5,4.5,41.785958,-87.59431,POINT (-87.59431 41.785958),2023-157346
2023,134516,(IL219) - 333 S Des Plaines (333 S. Des Plaines),Submitted,333 S. Des Plaines,60661,2.5,,Near West Side,Multifamily Housing,178336,1924,1,,40,4465433.8,6144611.4,,,,59.5,106.3,59.2,105.5,951.2,5.3,41.88568,-87.703648,POINT (-87.703648 41.88568),2023-134516
2023,251314,Clock Tower Lofts Condominium Association,Submitted,2300 W Wabansia Ave,60647,0.0,,West Town,Multifamily Housing,130866,1915,1,,89,2177640.5,5402608.2,,,,57.9,89.9,70.1,102.2,578.1,4.42,41.779797,-87.617175,POINT (-87.617175 41.779797),2023-251314
2023,159897,Shoreland,Submitted,5454 S Shore Drive,60615,4.0,,Hyde Park,Multifamily Housing,638697,1925,1,,98,9470264.5,10135629.7,,,,30.7,58.2,32.8,61.1,1863.4,2.9,41.874381,-87.632807,POINT (-87.632807 41.874381),2023-159897
2023,114291,2912 Condominium Association,Submitted,2912-2914 N. Commonwealth Ave.,60657,4.0,,Lake View,Multifamily Housing,59677,1926,1,,74,699546.7,4465357.3,,,,86.5,111.4,100,125.4,335.1,5.6,41.982936,-87.727868,POINT (-87.727868 41.982936),2023-114291
2023,252086,Palmer House Office Center - Thor Equities,Not Submitted,27 E Monroe St,60603,0.0,,Loop,Office,,,,,,,,,,,,,,,,,41.989051,-87.665262,POINT (-87.665262 41.989051),2023-252086
2023,130949,Life Changers International Church,Not Covered 2024,1337 W 15th St,60608,,true,Near West Side,Commercial,,,,,,,,,,,,,,,,,41.989006,-87.6555,POINT (-87.6555 41.989006),2023-130949
2023,240557,345 Fullerton Parkway Condominium Association,Submitted,345 West Fullerton Parkway,60614,3.5,,Lincoln Park,Multifamily Housing,291527,1972,2,9980,73,5896185.8,14631799.9,,,,70.4,109.3,77.3,117.5,1602.2,5.5,41.789564,-87.591406,POINT (-87.591406 41.789564),2023-240557
2023,172765,The Oaks,Submitted,820 South Park Terrace,60605,3.0,,Loop,Multifamily Housing,157844,1979,1,,63,2394763.2,10831799.8,,,,83.8,114.5,91.8,123.1,910.4,5.8,41.721804,-87.613994,POINT (-87.613994 41.721804),2023-172765
2023,101592,5452 S Ellis,Submitted,5452-5466 S. Ellis Ave,60615,4.0,,Hyde Park,Multifamily Housing,51368,1900,1,,91,233520.6,3091010,,,,64.7,75.9,73.7,85.3,196.9,3.8,41.947338,-87.642865,POINT (-87.642865 41.947338),2023-101592
2023,160425,Chestnut Place Apartments,Submitted,850 North State Street,60610,4.0,,Near North Side,Multifamily Housing,257712,1982,1,,83,8541371.9,3183465.1,,,,45.5,105.8,48.8,114.2,1364.2,5.3,41.98121,-87.838013,POINT (-87.838013 41.98121),2023-160425
2023,250078,Henry Horner Annex,Submitted,1815 W. Monroe Street,60612,4.0,,Near West Side,Multifamily Housing,102000,1969,1,,93,1935701.3,2802299.9,,,,46.5,82,49.7,86.8,419.7,4.1,41.876863,-87.627797,POINT (-87.627797 41.876863),2023-250078
2023,119987,70800552 -- Chicago,Submitted,7030 S Ashland Avenue,60601,1.0,,West Englewood,Supermarket/Grocery Store,63284,2006,1,,21,7984443.7,15914027.9,,,,377.6,617.3,377.1,615.7,1962.5,31,42.0127,-87.664647,POINT (-87.664647 42.0127),2023-119987
2023,173476,St. Demetrios Greek Orthodox Church,Submitted,2727 W Winona St,60625,3.5,,Lincoln Square,Worship Facility,63141,1924,1,0,54,726882.2,2520525.3,,,,51.4,74.1,60.8,82.9,235.6,3.7,41.875573,-87.626376,POINT (-87.626376 41.875573),2023-173476
2023,254246,North Washington Park Manor,Submitted,550 E 50th Place,60615,2.0,,Grand Boulevard,Multifamily Housing,53200,1985,1,,46,1034018,3401805.5,,,,83.4,121.6,84,123.3,325.4,6.1,41.948277,-87.644878,POINT (-87.644878 41.948277),2023-254246
2023,102435,60 W Erie Condo,Submitted,60 W Erie St Apt 1401,60654,1.0,,Near North Side,Multifamily Housing,68800,2003,1,,3,4325456.7,923297.4,,,,76.3,190.1,80.3,200.5,654.3,9.5,41.872086,-87.633718,POINT (-87.633718 41.872086),2023-102435
2023,254096,350 W Belden,Submitted,350 W Belden Ave,60614,4.0,,Lincoln Park,Multifamily Housing,140220,1955,1,,98,2016245.1,2140441.3,,,,29.6,56.3,33.2,61,395.8,2.8,41.900944,-87.619708,POINT (-87.619708 41.900944),2023-254096
2023,173961,Chatham Park South Co-Op,Submitted,660 E 85th Street,60619,2.5,,Chatham,Multifamily Housing,75264,1983,1,,54,2935811.4,1817969.4,,,,63.2,134.6,68.4,145.6,507.3,6.7,41.873881,-87.679779,POINT (-87.679779 41.873881),2023-173961
2023,251735,Pritzker,Submitted,2009 W Schiller St,60622,1.5,,West Town,K-12 School,66300,1961,1,,34,1611003.1,3683520.1,,,,79.9,126.4,88.5,135.4,421.1,6.4,41.993958,-87.65536,POINT (-87.65536 41.993958),2023-251735
2023,137657,Union Park Lofts Condominium Association,Submitted,1327 W. Washington Blvd.,60607,4.0,,Near West Side,Multifamily Housing,100200,2006,1,,98,1382373.7,2156651.8,,,,35.3,61.2,39.7,65.6,308,3.1,41.940909,-87.639369,POINT (-87.639369 41.940909),2023-137657
2023,254011,(IL624) - Sheridan Grande Condo (4848 N. Sheridan Rd.),Submitted,4848 N. Sheridan Rd.,60640,1.5,,Uptown,Multifamily Housing,110976,2006,1,,33,3093049.8,6236027.6,,,,84.1,137,93.3,147.6,764,6.9,41.866091,-87.622667,POINT (-87.622667 41.866091),2023-254011
2023,251592,Cleveland,Submitted,3121 W Byron St,60618,2.5,,Irving Park,K-12 School,97461,1910,2,,52,1715908.5,5209450,,,,71.1,105.4,82.7,117.6,516.8,5.3,41.943004,-87.768945,POINT (-87.768945 41.943004),2023-251592
2023,254173,Sullivan Station Apartments,Not Submitted,1060 E  41st St,60609,0.0,,Oakland,Residential,,,,,,,,,,,,,,,,,41.887921,-87.63236,POINT (-87.63236 41.887921),2023-254173
2023,101681,Ascension Resurrection Medical Center Campus.,Submitted,7435 West Talcott Avenue,60631,2.0,,Norwood Park,Hospital (General Medical & Surgical),1096074,1953,2,,46,86268188.6,162639539.1,,,,227.1,376.2,235,380,20709.2,18.9,41.83433,-87.623174,POINT (-87.623174 41.83433),2023-101681
2023,175049,,Not Submitted,7311 7339 S Cottage Grove Ave,60619,0.0,,Greater Grand Crossing,Residential,,,,,,,,,,,,,,,,,41.820382,-87.614382,POINT (-87.614382 41.820382),2023-175049
2023,135082,Standard Club of Chicago,Not Submitted,320 S Plymouth Ct,60604,0.0,,Loop,Social/Meeting Hall,,,,,,,,,,,,,,,,,42.006531,-87.681498,POINT (-87.681498 42.006531),2023-135082
2023,163996,St Vincent Depaul,Submitted,2145 North Halsted,60614,2.0,,Lincoln Park,Pre-school/Daycare,144166,2001,1,,,4017269.9,7835756.2,,,,82.2,135.1,91.1,144.2,978.3,6.8,41.949548,-87.694821,POINT (-87.694821 41.949548),2023-163996
2023,256773,,Not Submitted,1604 N Richmond St,60647,0.0,,West Town,,,,,,,,,,,,,,,,,,41.805523,-87.725819,POINT (-87.725819 41.805523),2023-256773
2023,101716,311 S. Wacker,Submitted,311 South Wacker,60606,4.0,,Loop,Office,1433821,1990,1,18628,81,64819597.1,,,,,45.2,126.6,48.2,134.9,9069.5,6.3,41.89454,-87.624095,POINT (-87.624095 41.89454),2023-101716
2023,243190,2 East Erie Condominium Association,Submitted,2 East Erie Street,60611,1.0,,Near North Side,Multifamily Housing,398623,2002,1,,17,13452940.6,15794284.6,,2303772.1,,79.1,141.4,85.1,148.8,,,41.803159,-87.596864,POINT (-87.596864 41.803159),2023-243190
2023,165664,DANK Haus German American Cultural Center,Not Submitted,4740 N Western Ave,60625,0.0,,Lincoln Square,Mixed Use Property,,,,,,,,,,,,,,,,,41.908621,-87.684588,POINT (-87.684588 41.908621),2023-165664
2023,160445,Cobbler SOuare Lofts (cO34),Submitted,1350 Wells St,60610,4.0,,Near North Side,Multifamily Housing,307867,1989,1,9859,65,7968203,4770299.8,,,,41.4,88.7,43.4,90.9,1368.3,4.4,41.964855,-87.714831,POINT (-87.714831 41.964855),2023-160445
2023,255955,Landmark West Loop,Submitted,1035 W Van Buren Street,60607,1.0,,Near West Side,Multifamily Housing,250817,2017,1,8204,26,10650572.5,7851698.4,,,,73.8,151.8,77.7,155.9,1907.3,7.6,41.879284,-87.637101,POINT (-87.637101 41.879284),2023-255955
2023,162430,Providence St. Mel School,Not Submitted,119 S Central Park Blvd,60624,0.0,,East Garfield Park,K-12 School,,,,,,,,,,,,,,,,,41.789542,-87.601115,POINT (-87.601115 41.789542),2023-162430
2023,130684,Chicago Medical Training Office,Not Submitted,7431 7445 S East End Ave,60649,0.0,,South Shore,Commercial,,,,,,,,,,,,,,,,,41.957885,-87.797557,POINT (-87.797557 41.957885),2023-130684
2023,256789,Independence Apartments,Submitted,4022 N Elston,60618,2.0,,Irving Park,Multifamily Housing,60454,2019,1,,46,2190565.5,414106.9,,,,43.1,108.7,44.1,109.7,328.5,5.4,42.011475,-87.66463,POINT (-87.66463 42.011475),2023-256789
2023,256673,Harding Court,Submitted,4845-4859 N Harding,60625,4.0,,Albany Park,Multifamily Housing,51824,1960,1,,89,672490.9,1992697,,,,51.4,76.7,56.6,82,199.9,3.9,41.995015,-87.658516,POINT (-87.658516 41.995015),2023-256673
2023,157955,Hilton Chicago (CHICH),Submitted,720 S. Michigan Avenue,60605,3.0,,Loop,Hotel,2054590,1927,1,165672,70,75704574.2,113169359.3,,,,91.9,161,97.7,168.1,16603.5,8.1,41.782909,-87.602597,POINT (-87.602597 41.782909),2023-157955
2023,251651,Gary,Submitted,3740 W 31st St,60623,1.5,,South Lawndale,K-12 School,132193,1911,3,,36,3437214.8,6496410,,,,75.1,124.4,89.4,143.7,826,6.2,41.880853,-87.628042,POINT (-87.628042 41.880853),2023-251651
2023,159963,Northwest Home for the Aged,Submitted,6840 N Sacramento Ave,60645,1.0,,West Ridge,Senior Living Community,150000,1985,1,,18,5797629.8,7334300.1,,,,87.5,159.6,94.8,165.3,1200.8,8,41.80449,-87.58474,POINT (-87.58474 41.80449),2023-159963
2023,101708,233 North Michigan Avenue,Submitted,233 North Michigan Avenue,60601,,true,Loop,Office,1051591,1972,1,,,34371318.9,40362287.9,,,,71.1,131.8,79.2,142.1,6953.1,6.6,41.890001,-87.621439,POINT (-87.621439 41.890001),2023-101708
2023,115942,Britton Budd,Submitted,501 W Surf St,60657,4.0,,Lake View,Multifamily Housing,267400,2009,1,,82,5022623.2,6089899.8,,,,41.6,76.5,44.5,80.6,1026.2,3.8,41.838031,-87.627783,POINT (-87.627783 41.838031),2023-115942
2023,174279,Diversey SOuare Phase 1 - TOTAL,Submitted,3300 W Diversey Ave,60647,2.0,,Avondale,Multifamily Housing,181132,1920,6,9751,49,2684749.7,12989714.2,,,,86.5,116.8,95.2,126.3,1065.6,5.9,41.88391,-87.644042,POINT (-87.644042 41.88391),2023-174279
2023,251570,McAuliffe,Submitted,1841 N Springfield Ave,60647,1.0,,Hermosa,K-12 School,90799,1990,1,,25,4337140,498630,,,,53.3,139.5,57,149.1,633.3,7,41.968692,-87.675692,POINT (-87.675692 41.968692),2023-251570
2023,104836,Barry Building IV,Submitted,445 West Barry Avenue,60657,4.0,,Lake View,Multifamily Housing,82550,1971,1,,96,2013374.1,1644300.7,,,,44.3,89.2,48.6,98.6,369,4.5,41.798051,-87.585332,POINT (-87.585332 41.798051),2023-104836
2023,106113,,Not Submitted,721 729 W Sheridan Rd,60613,0.0,,Lake View,Residential,,,,,,,,,,,,,,,,,41.939222,-87.639665,POINT (-87.639665 41.939222),2023-106113
2023,114196,1550 State Parkway Condominium Association,Submitted,1550 N State Pkwy,60610,2.5,,Near North Side,Multifamily Housing,104400,1912,1,,52,1912208.3,7011116.3,,,,85.5,121.8,95.1,132.6,639.9,6.1,41.932713,-87.680965,POINT (-87.680965 41.932713),2023-114196
2023,160375,West 77 (we045),Submitted,77 West Huron Street,60654,3.0,,Near North Side,Multifamily Housing,390703,1988,1,10540,61,8828476.7,14773954.9,,,,60.4,103,66.3,110.1,2020,5.2,41.894929,-87.651082,POINT (-87.651082 41.894929),2023-160375
2023,251532,Chappell,Submitted,2135 W Foster Ave,60625,1.0,,Lincoln Square,K-12 School,87149,1937,3,,13,3581716.1,4310829.9,,,,90.6,167,101.9,178.9,730.1,8.4,41.877321,-87.643833,POINT (-87.643833 41.877321),2023-251532
2023,256560,AM1980 (am028),Submitted,1980 N Milwaukee Ave,60647,4.0,,Logan Square,Multifamily Housing,85652,2022,1,1596,85,2307788.7,2673155.8,,,,58.2,108.2,61.1,111.3,464.9,5.4,41.867808,-87.680453,POINT (-87.680453 41.867808),2023-256560
2023,255743,Burnham Pointe,Submitted,730 S Clark St,60605,1.0,,Loop,Multifamily Housing,394506,2008,1,12824,21,13913667.4,16710383.3,,,,77.6,143.2,84.8,152.5,2834.4,7.2,41.97544,-87.726486,POINT (-87.726486 41.97544),2023-255743
2023,251219,555 Cornelia (251219),Submitted,555 West Cornelia Ave.,60657,4.0,,Lake View,Multifamily Housing,220800,1961,1,,95,1505480.6,13224600.4,,,,66.7,82,74.7,90.6,913.1,4.1,41.886336,-87.716203,POINT (-87.716203 41.886336),2023-251219
2023,100856,United Center Office Building,Not Submitted,1901 W Madison St,60612,0.0,,Near West Side,,,,,,,,,,,,,,,,,,41.681059,-87.539114,POINT (-87.539114 41.681059),2023-100856
2023,175889,The Scott Condominium Association,Submitted,60-70 E. Scott St.,60610,2.0,,Near North Side,Multifamily Housing,80419,1918,2,,50,2712701.7,1031540.4,,,,46.6,107.9,51.8,121.9,434.4,5.4,41.8838,-87.642863,POINT (-87.642863 41.8838),2023-175889
2023,251887,Stem,Submitted,1522 W Fillmore St,60607,2.5,,Near West Side,K-12 School,69329,1894,2,,31,1491815.1,4660360.4,,,,88.7,130.8,103.5,146.9,456.3,6.6,41.973049,-87.728309,POINT (-87.728309 41.973049),2023-251887
2023,114197,,Not Submitted,1316 1326 N State Pkwy,60610,0.0,,Near North Side,Residential,,,,,,,,,,,,,,,,,41.932511,-87.739425,POINT (-87.739425 41.932511),2023-114197
2023,101929,200 S. Michigan Ave,Submitted,200 S. Michigan Ave,60604,4.0,,Loop,Office,371566,1955,1,,92,6916062.2,11641800.1,,,,49.9,85,58.6,97.3,1586,4.3,41.879741,-87.708082,POINT (-87.708082 41.879741),2023-101929
2023,251790,StMonica_School,Submitted,5115 N. Mont Clare Ave.,60656,2.0,,Norwood Park,K-12 School,54061,1958,1,,43,812449.6,2819199.6,,,,67.2,96.8,78.9,109.1,263.4,4.9,41.863354,-87.656301,POINT (-87.656301 41.863354),2023-251790
2023,116644,,Not Submitted,60  E 36th Pl,60653,0.0,,Douglas,Residential,,,,,,,,,,,,,,,,,41.873634,-87.628527,POINT (-87.628527 41.873634),2023-116644
2023,240959,340 West Superior Condominium Association,Submitted,340 W. Superior,60654,1.5,,Near North Side,Multifamily Housing,283145,2002,1,,34,5709119.1,12273627.4,,,,63.5,102,71.6,109.8,1450.7,5.1,41.862402,-87.666419,POINT (-87.666419 41.862402),2023-240959
2023,105604,,Not Submitted,525 531 W Arlington Pl,60614,0.0,,Lincoln Park,Residential,,,,,,,,,,,,,,,,,41.962514,-87.654611,POINT (-87.654611 41.962514),2023-105604
2023,116122,The Legacy HB at Clarendon Park,Submitted,4520 N. Clarendon Ave.,60640,4.0,,Uptown,Multifamily Housing,74503,1918,1,,83,1717115.3,2240886.4,,,,53.1,96.1,56.3,104.9,359.3,4.8,41.933042,-87.638023,POINT (-87.638023 41.933042),2023-116122
2023,256710,Bennett Apartments,Not Submitted,7131 S Bennett,60649,0.0,,South Shore,Residential,,,,,,,,,,,,,,,,,42.00072,-87.658564,POINT (-87.658564 42.00072),2023-256710
2023,128170,,Not Submitted,1301 1311 W Fletcher St,60657,0.0,,Lake View,Residential,,,,,,,,,,,,,,,,,41.914916,-87.723898,POINT (-87.723898 41.914916),2023-128170
2023,135620,,Not Submitted,8704 S Constance Ave,60617,0.0,,Calumet Heights,Commercial,,,,,,,,,,,,,,,,,41.838384,-87.625292,POINT (-87.625292 41.838384),2023-135620
2023,250014,Mann Park,Not Submitted,2949 E 131st St,60633,0.0,,Hegewisch,Other - Recreation,,,,,,,,,,,,,,,,,41.944414,-87.647758,POINT (-87.647758 41.944414),2023-250014
2023,254570,Sherwin Sheridan LLC,Submitted,7347-65 Sheridan Rd,60626,4.0,,Rogers Park,Multifamily Housing,99500,1950,1,,61,561478.8,6389755,,,,69.9,83.2,79.1,92.7,418,4.2,41.987163,-87.842645,POINT (-87.842645 41.987163),2023-254570
2023,173845,1338 West Argyle Street (wr80),Submitted,1338-1354 W Argyle St,60640,3.0,,Uptown,Multifamily Housing,51150,1931,1,,61,780740.7,4157249.4,,,,96.5,128.1,108.8,140.6,330.1,6.5,41.968509,-87.761114,POINT (-87.761114 41.968509),2023-173845
2023,112320,Thorndale Manor Apartments,Submitted,1020 West Thorndale Ave,60660,1.0,,Edgewater,Multifamily Housing,55000,1976,1,,17,1022918,5211669.6,,,,113.4,151.6,129.8,168.8,419.9,7.6,41.765176,-87.577096,POINT (-87.577096 41.765176),2023-112320
2023,113452,Plymouth Court,Submitted,1115 S. Plymouth Court,60605,4.0,,Loop,Multifamily Housing,161250,1978,1,,93,3023443.2,3830468.6,,,,42.5,77.4,47.1,85.4,626.5,3.9,41.88265,-87.635473,POINT (-87.635473 41.88265),2023-113452
2023,257025,,Not Covered 2024,700 W. Chicago Ave.,60654,,true,West Town,Commercial,,,,,,,,,,,,,,,,,41.934261,-87.638066,POINT (-87.638066 41.934261),2023-257025
2023,251877,Williams Multiplex Elementary -CPS,Not Covered 2024,2710 S Dearborn St,60616,,true,Douglas,K-12 School,,,,,,,,,,,,,,,,,41.950481,-87.730605,POINT (-87.730605 41.950481),2023-251877
2023,255957,Old Town Park 1,Submitted,1140 N Wells St,60610,4.0,,Near North Side,Multifamily Housing,646690,2018,1,,86,14477525,12590456.8,,,,41.9,83.1,44.5,87,2694.4,4.2,41.862255,-87.718259,POINT (-87.718259 41.862255),2023-255957
2023,175995,IL2125ZZ-OUINCY COURT BLDG,Submitted,11 W Ouincy Court,60604,4.0,,Loop,Office,120592,1985,1,256,89,2278455.7,2010197.8,,,,35.6,70.4,38.8,74.5,425.6,3.5,41.870716,-87.718341,POINT (-87.718341 41.870716),2023-175995
2023,257168,The Sally,Not Covered 2024,1135 W Winona St,60640,,true,Uptown,Residential,,,,,,,,,,,,,,,,,41.975077,-87.65935,POINT (-87.65935 41.975077),2023-257168
2023,254355,Schreiber Center- ID#254355,Submitted,16 E Pearson St,60661,4.0,,Near North Side,College/University,126000,2016,1,2,,2634038.5,2446534.4,,,,40.3,78.9,43.4,82.1,498.5,4,41.856001,-87.657989,POINT (-87.657989 41.856001),2023-254355
2023,251544,Peck ES,Submitted,3826 W 58th St,60629,4.0,,West Elsdon,K-12 School,149530,1926,5,,77,3097280.5,3021089.9,,,,40.9,79.2,45,84.6,593.8,4,41.81448,-87.608455,POINT (-87.608455 41.81448),2023-251544
2023,112765,309-The Breakers at Edgewater Beach,Submitted,5333 North Sheridan Road,60640,4.0,,Edgewater,Senior Living Community,1742595,2005,1,19867,98,8572155.3,22075702.3,,,,17.6,27.1,19.3,28.8,2372,1.4,41.923205,-87.648535,POINT (-87.648535 41.923205),2023-112765
2023,251793,StThomastheApostle_School,Submitted,5467 S. Kimbark Ave.,60615,3.5,,Hyde Park,K-12 School,63851,1950,1,,72,162765.1,4678999.7,,,,75.8,84.1,89.3,98.2,271.3,4.2,41.900931,-87.634515,POINT (-87.634515 41.900931),2023-251793
2023,228455,Hemingway House Condominium Association,Submitted,1850 N. Clark Street,60614,1.0,,Lincoln Park,Multifamily Housing,212100,1969,1,,21,6074052.6,20607008.8,,,,125.8,182.2,137,194.2,1944.4,9.2,41.903447,-87.629825,POINT (-87.629825 41.903447),2023-228455
2023,251576,Henry,Submitted,4250 N Saint Louis Ave,60618,4.0,,Irving Park,K-12 School,90100,1904,2,,83,1202262.6,2910619.7,,,,45.6,71.3,50.8,76.7,322.8,3.6,41.896554,-87.629193,POINT (-87.629193 41.896554),2023-251576
2023,104834,515-523 W. Barry Ave.,Submitted,515 W. Barry Ave.,60657,2.5,,Lake View,Multifamily Housing,58593,1967,1,,53,939664.8,3549652,,,,76.6,108.5,83.3,115.2,320,5.5,41.803731,-87.622545,POINT (-87.622545 41.803731),2023-104834
2023,150992,4101-4113 N Kedzie Ave: 4113 North Kedzie Avenue,Submitted,4113 North Kedzie Avenue,60618,1.5,,Irving Park,Multifamily Housing,53252,1929,1,,35,481083.5,3996885.4,,,,84.1,104.1,84,104,279.6,5.3,41.828863,-87.692493,POINT (-87.692493 41.828863),2023-150992
2023,251240,5757 N. Sheridan Condominium Association,Submitted,5757 N. Sheridan,60660,2.0,,Edgewater,Multifamily Housing,197627,1962,1,,18,3471243.1,20503788.2,,,,121.3,158.1,140.5,178.8,1574.7,8,41.893608,-87.632801,POINT (-87.632801 41.893608),2023-251240
2023,132594,McKinley Park Lofts Condominium Association,Submitted,2323 W Pershing Rd,60609,4.0,,New City,Multifamily Housing,207826,1940,1,,96,3035745.7,6172005.4,,,,44.3,72.1,47.5,75.1,752.6,3.6,41.932499,-87.641384,POINT (-87.641384 41.932499),2023-132594
2023,182200,Del Prado,Submitted,5301-5317 S. Hyde Park Boulevard,60615,2.0,,Hyde Park,Multifamily Housing,238232,1918,1,,,8966036.5,4447599.8,,,,56.3,125,60.6,135.9,1490.8,6.3,41.984626,-87.656496,POINT (-87.656496 41.984626),2023-182200
2023,160363,Flair Tower,Submitted,222 W. Erie Street,60654,2.0,,Near North Side,Multifamily Housing,256900,2010,1,8394,49,8681779,7292880,,,,62.2,124.4,66.5,129,1602.1,6.2,42.009665,-87.669949,POINT (-87.669949 42.009665),2023-160363
2023,171887,1820 N Spaulding,Submitted,1820 N Spaulding,60647,4.0,,Logan Square,Multifamily Housing,65000,2015,1,,87,932235.8,2794618.6,,,,57.3,85.3,64.6,92.6,278.9,4.3,41.693016,-87.627767,POINT (-87.627767 41.693016),2023-171887
2023,251718,McPherson,Submitted,4728 N Wolcott Ave,60640,1.0,,Lincoln Square,K-12 School,155337,1888,4,,21,3916256.1,11302319.7,,,,98,147,112.9,162.7,1148.3,7.4,41.995856,-87.699727,POINT (-87.699727 41.995856),2023-251718
2023,256953,Parkside of Old Town Phase III Midrise,Submitted,532 W Hobbie 551 W Elm 531 W Elm,60610,0.0,,Near North Side,Multifamily Housing,112400,2021,3,3704,36,4188941.5,3489030.1,,,,68.3,136.9,73.5,146.1,745.4,6.6,42.007759,-87.678167,POINT (-87.678167 42.007759),2023-256953
2023,243683,3950 N Lake Shore Drive CA,Submitted,3950 N. Lake Shore Drive,60613,2.0,,Lake View,Multifamily Housing,742292,1957,5,,46,14559692,57877505.7,,,,97.6,136.8,105.5,144.8,5111.3,6.9,41.954313,-87.673646,POINT (-87.673646 41.954313),2023-243683
2023,120518,HHCS ICRC,Submitted,3500 S Giles Street,60653,1.0,,Douglas,Residential Care Facility,70455,1974,1,,,2711156.6,7184154.8,,,,140.4,214.8,152.7,226.7,760.9,10.8,41.876235,-87.652011,POINT (-87.652011 41.876235),2023-120518
2023,134783,Alice B. Sharp Building,Submitted,37 S. Wabash Avenue,60606,2.0,,Loop,College/University,227736,1903,1,,,11210337.1,9507999.8,,,,91,181.7,98.6,189.7,2073.6,9.1,41.775441,-87.609321,POINT (-87.609321 41.775441),2023-134783
2023,128007,,Not Submitted,7248 7256 N Western Ave,60645,0.0,,West Ridge,Residential,,,,,,,,,,,,,,,,,41.901936,-87.63341,POINT (-87.63341 41.901936),2023-128007
2023,173789,,Not Submitted,5332 5340 W Windsor,60630,0.0,,Portage Park,Residential,,,,,,,,,,,,,,,,,41.87786,-87.698775,POINT (-87.698775 41.87786),2023-173789
2023,137211,Skyline Michigan Condominium Association,Submitted,1601 S Michigan Ave,60616,4.0,,Near South Side,Multifamily Housing,55223,1997,1,,88,970408,2310141.4,,,,59.4,93.1,66.5,101,258.5,4.7,41.84035,-87.629175,POINT (-87.629175 41.84035),2023-137211
2023,173908,5000 South Cornell,Submitted,5000 South Cornell Ave,60615,4.0,,Kenwood,Multifamily Housing,149950,1930,1,,94,1361759.7,7946841.7,,,,62.1,81.1,69.7,89.3,612.6,4.1,41.969987,-87.654696,POINT (-87.654696 41.969987),2023-173908
2023,133957,Capitol Hill Lofts,Submitted,625 W Jackson,60661,4.0,,Near West Side,Multifamily Housing,120000,1918,1,,90,2275824,3801534.7,,,,50.6,86.4,55,90.4,520.4,4.3,41.932939,-87.641493,POINT (-87.641493 41.932939),2023-133957
2023,172276,Sangamon Lofts Condominium Association,Submitted,411 S. Sangamon St.,60607,4.0,,Near West Side,Multifamily Housing,178600,1920,1,,97,2497453.9,4399590.7,,,,38.6,65,43.5,70.7,583.1,3.3,41.981733,-87.657299,POINT (-87.657299 41.981733),2023-172276
2023,104879,2600 N Hampden,Submitted,2600 N Hampden Court,60614,3.5,,Lincoln Park,Multifamily Housing,65000,2005,1,,78,2453611.2,,,,,37.7,105.7,41.6,116.5,343.3,5.3,41.729656,-87.576605,POINT (-87.576605 41.729656),2023-104879
2023,252262,Humboldt Ridge Apartments,Not Submitted,1816 N St Louis Ave,60647,0.0,,Logan Square,Residential,,,,,,,,,,,,,,,,,41.722941,-87.662863,POINT (-87.662863 41.722941),2023-252262
2023,256817,4400 Grove Apartments - North Bldg,Submitted,4424 Cottage Grove,60653,3.5,,Grand Boulevard,Multifamily Housing,57149,2020,1,,79,756618.9,2238096.1,,,,52.4,78.2,57.5,83.8,224.7,3.9,42.010244,-87.665219,POINT (-87.665219 42.010244),2023-256817
2023,132388,,Not Submitted,3913 3959 W Madison St,60624,0.0,,West Garfield Park,Commercial,,,,,,,,,,,,,,,,,41.696087,-87.608945,POINT (-87.608945 41.696087),2023-132388
2023,235635,Hermitage on Huron Condominium (235635),Submitted,70 West Huron Street,60654,4.0,,Near North Side,Multifamily Housing,263120,1985,1,,89,3213530,13814800.2,,,,64.7,89.3,71.3,95.6,1183.4,4.5,41.7852,-87.61157,POINT (-87.61157 41.7852),2023-235635
2023,104238,3510 N. Pine Grove Ave.,Submitted,3510 N. Pine Grove Ave.,60657,1.5,,Lake View,Multifamily Housing,71310,1970,1,,32,1227995.9,5241628.7,,,,90.7,125.4,98.5,133.2,450.2,6.3,41.907556,-87.632046,POINT (-87.632046 41.907556),2023-104238
2023,236345,(IL0802) - The Private Residences at Ontario (10 E Ontario St),Submitted,10 E Ontario St,60611,1.0,,Near North Side,Multifamily Housing,690169,1983,1,,,30811762.2,9887972.6,,,,59,140,64.5,152.8,4836.4,7,41.690916,-87.605022,POINT (-87.605022 41.690916),2023-236345
2023,116749,East Park Redevelopment Limited Partnership,Submitted,3300 W Maypole Ave,60624,3.5,,East Garfield Park,Multifamily Housing,63002,1995,1,,60,2271607.6,4156998.2,,,,102,170.2,108.8,176.5,538.6,8.5,41.874541,-87.627758,POINT (-87.627758 41.874541),2023-116749
2023,103630,Stroger Hospital Campus,Submitted,1901 W. Harrison St.,60612,1.0,,Near West Side,Hospital (General Medical & Surgical),1596300,2002,4,,12,164583491.7,325493521,,,,307,502.8,319.6,515,40317,25.3,41.902281,-87.627178,POINT (-87.627178 41.902281),2023-103630
2023,188280,Blackwood,Submitted,5200-5208 S. Blackstone Avenue,60615,2.0,,Hyde Park,Multifamily Housing,148157,1930,1,,43,5445773.8,4414720.1,,,,66.6,134.2,71.5,144.8,996.5,6.7,41.960473,-87.650282,POINT (-87.650282 41.960473),2023-188280
2023,132017,,Not Submitted,1300 1310 N Dearborn St,60610,0.0,,Near North Side,Commercial,,,,,,,,,,,,,,,,,41.889603,-87.766327,POINT (-87.766327 41.889603),2023-132017
2023,101713,Aon Center,Submitted,200 E. Randolph Street,60601,4.0,,Loop,Office,3193966,1972,1,18371,79,86452665.2,68682641.1,,59941055.4,,67.4,115.5,69.8,118.1,18913.7,5.9,41.89506,-87.65379,POINT (-87.65379 41.89506),2023-101713
2023,160369,Jackson Park Terrace,Submitted,6040 S Harper Avenue,60637,3.5,,Woodlawn,Multifamily Housing,343336,1974,9,25551,75,5818978.2,19440215.8,,,,73.6,106.9,80.2,114,1846.8,5.4,41.884322,-87.64316,POINT (-87.64316 41.884322),2023-160369
2023,175887,444 West St. James LLC,Submitted,444 W St James Pl,60614,4.0,,Lincoln Park,Multifamily Housing,112662,1930,1,,94,2795653.9,2478610.7,,,,46.8,92.6,50.8,101.2,522.8,4.6,41.854272,-87.648032,POINT (-87.648032 41.854272),2023-175887
2023,101643,G&A Senior Residence at Ravenswood,Submitted,1818 W Peterson #900,60660,3.5,,West Ridge,Multifamily Housing,109912,2006,1,8,74,1707696.8,8723591.3,,,,94.9,126.8,106.8,138.6,702.3,6.4,41.799402,-87.594877,POINT (-87.594877 41.799402),2023-101643
2023,106122,344-358 W. Oakdale Ave.,Submitted,350 W. Oakdale Ave.,60657,3.0,,Lake View,Multifamily Housing,108991,1950,1,,62,1469219.6,6809459.7,,,,76,103.3,84.4,112.6,567.3,5.2,41.881903,-87.635164,POINT (-87.635164 41.881903),2023-106122
2023,128905,Clayton Residential Home Inc,Submitted,2026 North Clark Street,60614,2.0,,Lincoln Park,Residential Care Facility,61757,1928,1,,,2120476.1,8542800.4,,,,172.7,241.4,188.5,257.4,750.4,12.2,41.923801,-87.658258,POINT (-87.658258 41.923801),2023-128905
2023,101918,Randolph Wells,Submitted,205 W Randolph,60606,3.5,,Loop,Office,200116,1914,1,,71,7931988,477886,,,,42,113.5,46.2,124.3,1135.2,5.7,41.887132,-87.655832,POINT (-87.655832 41.887132),2023-101918
2023,238365,Vision on State Condominium Association,Submitted,1255 S State Street,60605,2.5,,Near South Side,Multifamily Housing,275971,2007,1,,38,9447961.4,12908722,,,,81,145,87.7,155.1,2007.6,7.3,41.82999,-87.641066,POINT (-87.641066 41.82999),2023-238365
2023,251551,Murphy,Submitted,3539 W Grace St,60618,3.5,,Irving Park,K-12 School,85287,1924,1,,59,1197311.7,4806910.1,,,,70.4,98.5,84.9,113.7,422.8,5,41.705917,-87.594129,POINT (-87.594129 41.705917),2023-251551
2023,148504,South Sauganash Condo Assoc (6000-6038 N. Cicero Ave.),Submitted,6000 N. Cicero Ave,60646,2.0,,Forest Glen,Multifamily Housing,225000,2003,1,,43,13206117.2,12125698.8,,,,112.6,220.9,119.6,226.9,2491.8,11.1,41.795927,-87.595091,POINT (-87.595091 41.795927),2023-148504
2023,251556,Ogden ES Branch @ Jenner,Submitted,1119 N Cleveland Avenue,60610,2.0,,Near North Side,K-12 School,90164,2000,1,,44,2871754.1,2115579.7,,,,55.3,113.8,60.8,120.5,514.2,5.7,41.857189,-87.707969,POINT (-87.707969 41.857189),2023-251556
2023,242236,University Station CA,Not Submitted,1550 S Blue Island Ave,60608,0.0,,Near West Side,Multifamily Housing,,,,,,,,,,,,,,,,,41.885906,-87.624372,POINT (-87.624372 41.885906),2023-242236
2023,105921,1246 Pratt LLC,Submitted,1246 W. Pratt Blvd.,60626,3.5,,Rogers Park,Multifamily Housing,65419,1934,1,,79,1262922.9,4362859.9,,,,86,124.1,98.3,136.6,408.4,6.2,41.914487,-87.710352,POINT (-87.710352 41.914487),2023-105921
2023,251682,Lyon,Submitted,2941 N Mcvicker Ave,60634,1.0,,Belmont Cragin,K-12 School,117576,1926,3,,25,3863377.1,5560100.3,,,,80.1,141.7,89.3,150.6,835.9,7.1,41.879203,-87.627558,POINT (-87.627558 41.879203),2023-251682
2023,255148,Gill Park Cooperative,Submitted,810 W. Grace,60613,4.0,,Lake View,Multifamily Housing,227000,1973,1,,98,2298101.7,12910363,,,,67,88.1,72.9,94.3,1007.3,4.4,41.937613,-87.640335,POINT (-87.640335 41.937613),2023-255148
2023,173713,2430 Lake View Avenue Building Corporation,Submitted,2430 N Lakeview Ave,60614,2.0,,Lincoln Park,Multifamily Housing,120050,1927,1,,,2623922.4,6727071.6,,,,77.9,120,85.5,128.1,724.4,6,42.017065,-87.664747,POINT (-87.664747 42.017065),2023-173713
2023,251886,Ross Elementary (Cockrell Cpc) -CPS,Not Covered 2024,6059 S Wabash Ave,60637,,true,Washington Park,K-12 School,,,,,,,,,,,,,,,,,41.937338,-87.644456,POINT (-87.644456 41.937338),2023-251886
2023,101703,AlgonOuin #2,Submitted,1606 E. 50th Street,60615,1.0,,Kenwood,Multifamily Housing,59310,1950,1,,12,2415078.5,3264860,,,,95.8,171.8,101.1,177.4,511.3,8.6,41.954641,-87.651569,POINT (-87.651569 41.954641),2023-101703
2023,260149,Riverside SOuare & River's Edge/ 90033,Submitted,3145 South Ashland,60608,4.0,,Mckinley Park,Strip Mall,169208,1987,3,4365,,12344926,5467208.2,,,,105.3,238.2,104.7,236.6,2017.7,11.9,41.915158,-87.764469,POINT (-87.764469 41.915158),2023-260149
2023,175493,,Not Submitted,4812 4846 N Clark St,60640,0.0,,Uptown,Residential,,,,,,,,,,,,,,,,,41.906784,-87.767179,POINT (-87.767179 41.906784),2023-175493
2023,172547,,Not Covered 2024,2222 S Michigan Ave,60616,,true,Near South Side,Commercial,,,,,,,,,,,,,,,,,41.973618,-87.654789,POINT (-87.654789 41.973618),2023-172547
2023,257104,The Seng,Not Covered 2024,869 W Blackhawk St,60642,,true,Near North Side,Residential,,,,,,,,,,,,,,,,,41.908022,-87.650729,POINT (-87.650729 41.908022),2023-257104
2023,255938,The Church of Jesus Christ of Latter-day Saints,Not Submitted,822 N Clark St,60610,0.0,,Near North Side,,,,,,,,,,,,,,,,,,41.991928,-87.680948,POINT (-87.680948 41.991928),2023-255938
2023,101709,20 North Wacker Drive,Submitted,20 North Wacker Drive,60606,3.5,,Loop,Office,1200000,1929,1,4917,71,44307644.6,54810171.9,,,,82.6,151.3,91.9,163.4,9110.7,7.6,41.949032,-87.646059,POINT (-87.646059 41.949032),2023-101709
2023,158453,The Buckingham,Not Covered 2024,59 E Van Buren St,60605,,true,Loop,Residence Hall/Dormitory,,,,,,,,,,,,,,,,,41.802373,-87.605888,POINT (-87.605888 41.802373),2023-158453
2023,118872,N001845-CHICAGO BRICKYARD,Submitted,2630 N. Narragansett Ave.,60639,4.0,,Belmont Cragin,Wholesale Club/Supercenter,138510,2005,1,961,89,4148925.7,3012662.4,,,,51.7,106.7,57.3,113.1,740.5,5.3,41.779757,-87.60577,POINT (-87.60577 41.779757),2023-118872
2023,256886,215 N Peoria St,Submitted,215 N Peoria St,60607,3.0,,Near West Side,Office,89865,2020,1,,70,5147265.1,2378781,,,,83.7,188.2,88,194.4,846.6,9.4,41.887419,-87.651174,POINT (-87.651174 41.887419),2023-256886
2023,101757,IL0000FC-CHICAGO FEDERAL CTR,Submitted,219 S Dearborn,60604,3.5,,Loop,Mixed Use Property,3176860,1975,1,9437,74,87396839.3,97712715.9,,,,58.3,109.3,62.8,113.8,17418.5,5.5,41.673438,-87.616845,POINT (-87.616845 41.673438),2023-101757
2023,168225,2970 North Sheridan,Submitted,2970 North Sheridan,60657,4.0,,Lake View,Multifamily Housing,244440,1925,1,,94,3470962.5,13189435.3,,,,68.2,96.4,74.2,102.4,1186.2,4.9,42.004436,-87.811164,POINT (-87.811164 42.004436),2023-168225
2023,251461,"Washington Elementary, Harold -CPS",Not Covered 2024,9130 S University Ave,60619,,true,Burnside,K-12 School,,,,,,,,,,,,,,,,,41.806835,-87.606361,POINT (-87.606361 41.806835),2023-251461
2023,115231,1209 W Sherwin Ave,Submitted,1209 W Sherwin Ave,60626,3.0,,Rogers Park,Multifamily Housing,50000,1930,1,,70,709009.8,4345212.3,,,,101.1,131,118,148.3,330,6.6,41.94443,-87.642937,POINT (-87.642937 41.94443),2023-115231
2023,173846,DeVry University Campbell,Not Submitted,3300 N Campbell Ave,60618,0.0,,North Center,College/University,,,,,,,,,,,,,,,,,41.904532,-87.628846,POINT (-87.628846 41.904532),2023-173846
2023,158061,Anderson Point Apartments,Submitted,5700 North Ashland Ave,60660,4.0,,Edgewater,Multifamily Housing,159775,2020,1,,89,2959653.1,6242081.3,,,,57.6,92.9,64.8,99.1,745.7,4.7,41.893016,-87.638772,POINT (-87.638772 41.893016),2023-158061
2023,101958,17 N. State LLC,Submitted,17 N. State Street,60602,3.5,,Loop,Office,409072,1914,1,,78,12752463.6,10647827.8,,,,57.2,114.6,64.6,122.9,2349.9,5.7,41.870635,-87.627278,POINT (-87.627278 41.870635),2023-101958
2023,251224,142 East Ontario,Submitted,142 E Ontario,60611,2.0,,Near North Side,Office,137050,1986,1,,44,8120611.2,,,,,59.3,165.9,59.3,165.9,1136.2,8.3,41.838256,-87.621858,POINT (-87.621858 41.838256),2023-251224
2023,100729,801 S Canal St,Submitted,801 S Canal St,60607,4.0,,Near West Side,Office,680000,1989,1,1159,88,20766631.6,8673714,,,,43.3,98.9,45.4,104.7,3366.4,5,41.965206,-87.677744,POINT (-87.677744 41.965206),2023-100729
2023,252107,Harris Theater for Music and Dance,Submitted,205 E Randolph Street,60601,3.0,,Loop,Performing Arts,141322,2003,1,,,4636962.5,,,1241268.1,,41.6,99.9,43.9,107.1,714.2,5.1,41.87811,-87.627535,POINT (-87.627535 41.87811),2023-252107
2023,124139,Fullerton Court Apartments,Submitted,2303 N. Clybourn,60614,1.0,,Lincoln Park,Multifamily Housing,141982,1981,5,9608,4,9093059.9,5034380.2,,,,99.5,216.6,108.9,236.5,1539.7,10.8,41.885594,-87.642526,POINT (-87.642526 41.885594),2023-124139
2023,102311,Veterans Square strip center & office bldg,Not Submitted,4827 4855 N Milwaukee Ave,60630,0.0,,Jefferson Park,Commercial,,,,,,,,,,,,,,,,,41.907176,-87.634738,POINT (-87.634738 41.907176),2023-102311
2023,103310,Marshall Field Garden Apartment Homes,Submitted,1448 N Sedgwick St,60610,3.5,,Near North Side,Multifamily Housing,583000,1929,10,62082,78,10341226.6,37153709.2,,,,81.5,116.6,86.6,121.6,3420.4,5.9,41.958905,-87.733982,POINT (-87.733982 41.958905),2023-103310
2023,175106,,Not Submitted,5235  W Lake St,60644,0.0,,Austin,Residential,,,,,,,,,,,,,,,,,41.876647,-87.640695,POINT (-87.640695 41.876647),2023-175106
2023,103640,One North LaSalle,Submitted,1 N. Lasalle,60602,4.0,,Loop,Office,554777,1929,1,2608,73,11904023.3,25789051.4,,,,67.9,108.9,76.7,118,3035.4,5.5,41.864991,-87.620811,POINT (-87.620811 41.864991),2023-103640
2023,160137,IL0032ZZ-CHICAGO CUSTOMHOUSE,Submitted,610 S Canal Street,60607,2.0,,Near West Side,Courthouse,278611,1973,1,2694,48,13492777.1,7728142.7,,,,76.2,164.7,83.1,173.9,2298.4,8.2,41.878333,-87.627179,POINT (-87.627179 41.878333),2023-160137
2023,157618,Burnham Station Condo Assoc,Submitted,61 W 15th St,60605,3.0,,Near South Side,Multifamily Housing,110000,2000,1,,61,3557276.8,3757007.1,,,,66.5,126.4,74.4,137.1,697.3,6.3,41.870912,-87.699887,POINT (-87.699887 41.870912),2023-157618
2023,159525,Columbus Plaza Venture LLC,Submitted,233 E Wacker Drive,60601,1.0,,Loop,Multifamily Housing,540543,1980,1,,8,24356591.8,21003526.9,,,,83.9,167,93,183.7,4523.6,8.4,41.95966,-87.654838,POINT (-87.654838 41.95966),2023-159525
2023,101733,Two North Riverside Plaza,Submitted,2 North Riverside Plaza,60606,3.0,,Near West Side,Office,741315,1929,1,,64,35061810.8,2470430.9,,,,50.6,135.9,55.3,147.6,5037.1,6.8,42.000324,-87.661134,POINT (-87.661134 42.000324),2023-101733
2023,175959,5100 Hyde Park Association,Submitted,5100 Hyde Park Boulevard,60615,4.0,,Hyde Park,Multifamily Housing,111592,1910,1,,82,762176,5177098,,,,53.2,67.8,60.5,75.3,381.6,3.4,41.942688,-87.696682,POINT (-87.696682 41.942688),2023-175959
2023,256436,Tech Park Central,Not Submitted,3424 S State Street,60616,0.0,,Douglas,Commercial,,,,,,,,,,,,,,,,,41.886708,-87.634319,POINT (-87.634319 41.886708),2023-256436
2023,251670,May Elementary Community Academy -CPS,Not Covered 2024,512 S Lavergne Ave,60644,,true,Austin,K-12 School,,,,,,,,,,,,,,,,,41.87358,-87.74975,POINT (-87.74975 41.87358),2023-251670
2023,101765,77 West Wacker Drive,Submitted,77 W. Wacker Drive,60601,4.0,,Loop,Office,1185113,1992,1,6007,81,43692454.8,,,,,36.9,103.2,38.8,108.7,6113.4,5.2,41.731645,-87.657932,POINT (-87.657932 41.731645),2023-101765
2023,101846,200 West Adams St.,Submitted,200 West Adams St.,60606,4.0,,Loop,Office,789024,1985,1,3389,87,23014073.4,,,,,29.2,81.7,30.8,86.2,3220.1,4.1,41.894063,-87.621396,POINT (-87.621396 41.894063),2023-101846
2023,172106,55 W. Chestnut Apartments,Submitted,55 W. Chestnut St.,60642,2.5,,Near North Side,Multifamily Housing,205000,1957,1,,55,4055812.7,10203364.9,,,,69.6,107.7,76,114.5,1109.4,5.4,41.884324,-87.641695,POINT (-87.641695 41.884324),2023-172106
2023,251765,5550 North Kenmore Avenue,Submitted,5550 North Kenmore Avenue,60640,3.0,,Edgewater,Multifamily Housing,156035,1928,1,,46,2934576.4,13498364.6,,,,105.3,143.5,118.7,157.7,1127.6,7.2,41.866602,-87.679201,POINT (-87.679201 41.866602),2023-251765
2023,100179,Saint Anthony Hospital - Main Hospital,Submitted,2875 West 19th Street,60623,3.0,,South Lawndale,Hospital (General Medical & Surgical),239057,1897,1,,62,23884419.6,39236857.5,,,,264,452.1,273.1,459.7,5277.5,22.1,41.689939,-87.637608,POINT (-87.637608 41.689939),2023-100179
2023,251633,Prussing,Submitted,4650 N Menard Ave,60630,2.0,,Portage Park,K-12 School,101993,1927,4,,45,2163252.4,4776519.6,,,,68,108.6,80,121.2,556.4,5.5,41.921485,-87.667026,POINT (-87.667026 41.921485),2023-251633
2023,104105,Sheridan Shores,Submitted,640 W. Sheridan Road,60613,4.0,,Lake View,Multifamily Housing,60918,1970,1,,85,759260.5,3232800.1,,,,65.5,90.6,70.4,95.4,273.2,4.5,41.878937,-87.624483,POINT (-87.624483 41.878937),2023-104105
2023,100397,Bogan HS -CPS,Not Covered 2024,3939 W 79th St,60652,,true,Ashburn,K-12 School,,,,,,,,,,,,,,,,,41.74876,-87.720695,POINT (-87.720695 41.74876),2023-100397
2023,165439,Spertus Institute for Jewish Learning and Leadership,Submitted,610 S. Michigan Ave,60605,4.0,,Loop,College/University,142776,2007,1,,,5914528.8,,,,,41.4,116,42.3,118.5,827.6,5.8,41.882852,-87.627714,POINT (-87.627714 41.882852),2023-165439
2023,251213,Burnham Park Plaza Condo,Submitted,40 E. 9th St.,60605,1.0,,Loop,Multifamily Housing,418548,1915,1,,17,19447880.6,10237100,,,,70.9,155.8,74.2,158.3,3264.9,7.8,41.894827,-87.624396,POINT (-87.624396 41.894827),2023-251213
2023,250090,Irene McCoy Gaines Apartments,Submitted,3700 W. Congress Parkway,60624,4.0,,East Garfield Park,Multifamily Housing,117963,1964,1,,91,1752335.9,5228931.5,,,,59.2,88.1,64.4,93.6,522.9,4.4,41.930834,-87.789134,POINT (-87.789134 41.930834),2023-250090
2023,140794,The Parc Orleans Condominium Association Inc,Submitted,1546 N. Orleans,60610,4.0,,Near North Side,Multifamily Housing,116130,2002,1,,81,2638781.9,3731049,,,,54.9,97.4,61.5,106.6,567.4,4.9,41.973466,-87.651811,POINT (-87.651811 41.973466),2023-140794
2023,118332,840 North Michigan Avenue AcOuisition LLC,Submitted,840 North Michigan Ave.,60611,1.0,,Near North Side,Retail Store,87135,1992,1,,21,6821935.5,102.6,,,,78.3,219.2,78.3,219.2,954.5,11,41.975334,-87.698757,POINT (-87.698757 41.975334),2023-118332
2023,256997,ZoeLife 400 Aberdeen LLC,Submitted,400 N Aberdeen Street,60642,4.0,,West Town,Laboratory,423460,2022,1,24246,,11826578.6,11478970.1,,,,55,106.7,63.7,117.1,2264.5,5.3,41.95239,-87.647752,POINT (-87.647752 41.95239),2023-256997
2023,214742,The Whitney Condominium Association,Submitted,1301 N Dearborn,60610,3.0,,Near North Side,Multifamily Housing,229582,1997,1,,68,3948411.8,11476528.5,,,,67.2,100.6,73.9,107.2,1162,5.1,41.902312,-87.628497,POINT (-87.628497 41.902312),2023-214742
2023,101448,,Not Submitted,1401  W Roosevelt Rd,60608,0.0,,Near West Side,Residential,,,,,,,,,,,,,,,,,41.98084,-87.845844,POINT (-87.845844 41.98084),2023-101448
2023,105252,Lake Grove Village Apartments,Submitted,3500-3544 South Lake Park Avenue & 3515-3555 South Cottage Grove Avenue,60653,4.0,,Oakland,Multifamily Housing,464733,1971,8,29617,85,7162398.4,25408800,,,,70.1,100.6,73.7,104.4,2351.7,5.1,41.985318,-87.829818,POINT (-87.829818 41.985318),2023-105252
2023,251893,Edgebrook,Submitted,6525 N Hiawatha Ave,60646,1.5,,Forest Glen,K-12 School,65590,1939,4,,39,1679311.3,3096640.1,,,,72.8,121.3,82.7,131.7,399.4,6.1,41.995565,-87.657129,POINT (-87.657129 41.995565),2023-251893
2023,252037,Ratner Athletics Center,Submitted,5530 South Ellis Avenue,60637,2.0,,Hyde Park,Fitness Center/Health Club/Gym,168984,2003,1,15736,,10261728.8,,15937010.1,6479952.3,,193.4,318.4,190.8,316,2835.5,16.8,41.967962,-87.689032,POINT (-87.689032 41.967962),2023-252037
2023,134779,CDM Center,Submitted,243 S. Wabash,60604,2.0,,Loop,College/University,184461,1916,1,,,9966088.4,6827105,,,,91,190.1,96.6,195.5,1757.1,9.5,41.876562,-87.63354,POINT (-87.63354 41.876562),2023-134779
2023,252333,Morningside Court,Submitted,1250 W. Morse Avenue,60626,4.0,,Rogers Park,Multifamily Housing,130000,1980,1,5503,74,2382897.1,7343970.9,,,,74.8,110.6,82.7,118.1,723.5,5.6,42.009206,-87.709076,POINT (-87.709076 42.009206),2023-252333
2023,173818,"3838 North Broadway, LLC",Submitted,3838 N. Broadway St.,60613,2.0,,Lake View,Multifamily Housing,70680,1928,1,,44,3443573.2,2597421.5,,,,85.5,175,88.7,178.4,619.8,8.8,41.897831,-87.617906,POINT (-87.617906 41.897831),2023-173818
2023,101954,The Garland Building Office Condominium,Submitted,111 North Wabash,60602,1.5,,Loop,Office,259000,1914,1,,31,12041455,11811500.6,,,,92.1,178.1,101.7,188.3,2312.2,8.9,41.908914,-87.665058,POINT (-87.665058 41.908914),2023-101954
2023,126411,Jenel Management Corp,Not Submitted,25 E Oak St,60611,0.0,,Near North Side,Retail Store,,,,,,,,,,,,,,,,,42.022372,-87.670154,POINT (-87.670154 42.022372),2023-126411
2023,101039,Marshall Metro HS -CPS,Not Covered 2024,3250 W Adams St,60624,,true,East Garfield Park,K-12 School,,,,,,,,,,,,,,,,,41.940213,-87.64045,POINT (-87.64045 41.940213),2023-101039
2023,251372,Avondale-Logandale,Submitted,3212 W George St,60618,1.5,,Avondale,K-12 School,138900,1881,2,,35,3440292.2,7413770,,,,78.1,125.4,90.3,137.7,875.1,6.3,41.891814,-87.640279,POINT (-87.640279 41.891814),2023-251372
2023,223537,,Not Submitted,5348-5358 N Cumberland Ave,60656,0.0,,Ohare,Commercial,,,,,,,,,,,,,,,,,41.892485,-87.629824,POINT (-87.629824 41.892485),2023-223537
2023,251483,Hamilton,Submitted,1650 W Cornelia Ave,60657,3.0,,Lake View,K-12 School,74643,1903,1,,65,1062667.5,3699679.5,,,,63.8,91.9,73.9,102.5,345.2,4.6,41.828146,-87.632794,POINT (-87.632794 41.828146),2023-251483
2023,257127,,Not Covered 2024,3821 N Ashland Ave,60613,,true,Lake View,Residential,,,,,,,,,,,,,,,,,41.951329,-87.668555,POINT (-87.668555 41.951329),2023-257127
2023,103602,190 South LaSalle,Submitted,190 South Lasalle,60603,4.0,,Loop,Office,883718,1985,1,5868,76,46626862.9,,,,,52.8,147.7,55.6,155.7,6524,7.4,41.969552,-87.694572,POINT (-87.694572 41.969552),2023-103602
2023,255929,Mansueto High School,Submitted,2911 W 47th St,60632,2.0,,Brighton Park,K-12 School,67000,2017,1,,25,3294934.1,1840930,,,,76.7,166.5,81.1,171.2,538.3,8,41.908989,-87.62619,POINT (-87.62619 41.908989),2023-255929
2023,106223,4521-23 North Malden Street,Submitted,4521-23 N. Malden St.,60640,4.0,,Uptown,Multifamily Housing,51840,1988,1,,83,479064.5,2911685.5,,,,65.4,84.9,71,90.6,221.7,4.3,41.810637,-87.601869,POINT (-87.601869 41.810637),2023-106223
2023,173930,Snell-Hitchcock,Submitted,5709 Ellis Avenue,60637,3.0,,Hyde Park,Residence Hall/Dormitory,73837,1902,1,46,69,1424800,78304,3513273.1,,,67.9,112.4,74.9,122.1,436.8,5.9,41.998058,-87.6558,POINT (-87.6558 41.998058),2023-173930
2023,158739,The Montrose (Pensacola) (ps49),Submitted,4334 N Hazel St,60613,2.5,,Uptown,Multifamily Housing,414675,1981,1,10251,36,20289980.9,4393592.3,,,,59.5,148.1,66.1,165.5,3072.3,7.4,41.843952,-87.635318,POINT (-87.635318 41.843952),2023-158739
2023,159250,Van Buren Park Apartments,Submitted,2045 W. Jackson Blvd,60612,3.0,,Near West Side,Multifamily Housing,210619,1983,14,15811,67,7587081.1,4331749.6,,,,56.6,122.5,61.5,131.7,1291.7,6.1,41.903429,-87.66913,POINT (-87.66913 41.903429),2023-159250
2023,251653,KIPP Academy Chicago Primary,Not Submitted,116 N Leclaire Ave,60644,0.0,,Austin,Municipal,,,,,,,,,,,,,,,,,41.883095,-87.635633,POINT (-87.635633 41.883095),2023-251653
2023,161181,Crowell 820 N. LaSalle,Submitted,820 N. Lasalle,60610,1.0,,Near North Side,College/University,102928,1938,1,,,5155044.1,11222731.2,,,,159.1,254.7,170.6,266.8,1317.4,12.8,41.943465,-87.641945,POINT (-87.641945 41.943465),2023-161181
2023,158438,Realtor Building,Submitted,430 N. Michigan Ave,60611,4.0,,Near North Side,Office,324698,1962,1,2419,78,10896599.9,8635429,,,,60.2,121.9,64.8,128.3,1983.3,6.1,41.85668,-87.62376,POINT (-87.62376 41.85668),2023-158438
2023,159594,Wrightwood III LLC,Submitted,451 W Wrightwood Ave,60614,4.0,,Lincoln Park,Multifamily Housing,116380,1933,1,,91,1738430.7,5835580.1,,,,65.1,94.5,73.5,103,553.2,4.8,41.931573,-87.649119,POINT (-87.649119 41.931573),2023-159594
2023,257149,345 North Morgan,Submitted,345 N Morgan St,60607,3.0,,Near West Side,Office,236000,2022,1,,69,9816256.2,263553.1,,,,42.7,117.6,45.7,126,1387.5,5.9,41.888189,-87.651833,POINT (-87.651833 41.888189),2023-257149
2023,253963,Montclare Senior Residences of Avalon Park Phase II,Submitted,1210 E. 78th Street,60619,4.0,,Avalon Park,Multifamily Housing,102573,2015,1,,93,1898037.6,3599026.3,,,,53.6,88.7,57.7,93.3,456.7,4.5,41.890521,-87.619469,POINT (-87.619469 41.890521),2023-253963
2023,256430,Cunningham Hall,Not Submitted,3100 S Michigan Avenue,60616,0.0,,Douglas,Residential,,,,,,,,,,,,,,,,,41.71772,-87.531508,POINT (-87.531508 41.71772),2023-256430
2023,251690,Chicago Military Academy-Bronzeville -CPS,Not Covered 2024,3533 S Giles Ave,60653,,true,Douglas,K-12 School,,,,,,,,,,,,,,,,,41.740376,-87.607577,POINT (-87.607577 41.740376),2023-251690
2023,130726,"768 West Jackson, LLC",Submitted,768 W. Jackson Blvd.,60661,3.0,,Near West Side,Multifamily Housing,56000,1885,1,,65,2046114.1,1675868.4,,,,66.5,133.7,71.3,142.7,375.3,6.7,41.876684,-87.642643,POINT (-87.642643 41.876684),2023-130726
2023,251517,Skinner North,Submitted,640 W Scott St,60610,2.0,,Near North Side,K-12 School,68922,1961,1,,49,1168152.7,3984819.8,,,,74.8,108.2,83.6,117.4,375.1,5.4,41.899744,-87.656495,POINT (-87.656495 41.899744),2023-251517
2023,251730,Yates -CPS,Not Covered 2024,1839 N Richmond St,60647,,true,Logan Square,K-12 School,,,,,,,,,,,,,,,,,41.768983,-87.585814,POINT (-87.585814 41.768983),2023-251730
2023,244840,235 W. Van Buren Condo Association,Submitted,235 W Van Buren,60607,3.0,,Loop,Multifamily Housing,801360,2009,1,,68,16809657.6,37924758.2,,10615703.9,,81.5,120.5,86.6,126.6,,,41.951903,-87.646357,POINT (-87.646357 41.951903),2023-244840
2023,251907,Burnham Mathematics And Science Academy -CPS,Not Covered 2024,1903 E 96th St,60617,,true,South Deering,K-12 School,,,,,,,,,,,,,,,,,41.883242,-87.677649,POINT (-87.677649 41.883242),2023-251907
2023,117167,MooGoong Terrace,Submitted,4848 N. Kedzie Ave,60625,2.5,,Albany Park,Multifamily Housing,55125,1983,1,,57,1887743.6,1700906.4,,,,65.1,128.3,73.5,144.3,354.5,6.4,41.975356,-87.651897,POINT (-87.651897 41.975356),2023-117167
2023,256884,,Not Covered 2024,633 S Lasalle St,60605,,true,Loop,,,,,,,,,,,,,,,,,,41.898041,-87.637928,POINT (-87.637928 41.898041),2023-256884
2023,255949,Hotel Zachary,Submitted,3630 N. Clark St.,60613,1.0,,Lake View,Hotel,184703,2018,1,,4,16044693.9,13034241.9,,,,157.4,317.3,163.9,324.1,2937.3,15.9,41.895575,-87.632543,POINT (-87.632543 41.895575),2023-255949
2023,251408,Clissold,Submitted,2350 W 110th Pl,60643,1.0,,Morgan Park,K-12 School,63257,1930,2,,30,1657809,3565940.1,,,,82.6,132.6,94.4,145,421.4,6.7,41.902878,-87.689633,POINT (-87.689633 41.902878),2023-251408
2023,136887,5050 S Kedzie Ave,Not Covered 2024,5050 S Kedzie Ave,60632,,true,Gage Park,Retail Store,,,,,,,,,,,,,,,,,41.887705,-87.620588,POINT (-87.620588 41.887705),2023-136887
2023,241915,474 North Lake Shore Drive,Submitted,474 North Lake Shore Drive,60611,4.0,,Near North Side,Multifamily Housing,603888,1991,1,,91,13342732.1,19944985.6,,,,55.1,96.5,60.4,101.8,2926.3,4.8,41.954145,-87.686975,POINT (-87.686975 41.954145),2023-241915
2023,160299,"OneEleven (nl025, nl026)",Submitted,111 West Wacker Drive,60601,1.0,,Loop,Multifamily Housing,810402,2014,1,19504,29,28622886.7,20423199.5,,,,60.5,125.4,65.3,133.3,5089.7,6.3,41.692628,-87.598763,POINT (-87.598763 41.692628),2023-160299
2023,175711,2339 N. Geneva,Submitted,2339 N. Geneva Terrace,60614,1.5,,Lincoln Park,Multifamily Housing,64979,1933,1,,34,829519.9,6167719.9,,,,107.7,135.4,120.2,149.1,443.7,6.8,41.897341,-87.721955,POINT (-87.721955 41.897341),2023-175711
2023,101492,Wright College,Submitted,4300 North Narragansett,60634,0.0,,Dunning,College/University,544380,1993,4,46913,,26740185,32612941.8,,,,109,200.4,113.5,202,5307.5,9.75,41.957573,-87.646403,POINT (-87.646403 41.957573),2023-101492
2023,101013,The Damen Jarvis,Submitted,7320-30 N Damen Ave,60645,3.5,,Rogers Park,Multifamily Housing,55000,1922,1,,55,788825.3,3842883,,,,84.2,113.5,105.6,136.4,314.5,5.7,41.886733,-87.76984,POINT (-87.76984 41.886733),2023-101013
2023,165812,South Chicago Senior Housing,Submitted,3039 E 91st Street,60617,3.0,,South Chicago,Multifamily Housing,139827,1925,1,1223,61,2314785.4,6292985.2,,,,61.6,93.6,66,98.1,658.1,4.7,41.971655,-87.650576,POINT (-87.650576 41.971655),2023-165812
2023,174228,Roscoe SOuare/ 90034,Submitted,3330 N Western Ave,60618,3.0,,North Center,Strip Mall,140451,1981,2,3624,,12983441.2,4572206.7,,,,125,293,124.4,291.4,2059.5,14.7,41.861425,-87.625838,POINT (-87.625838 41.861425),2023-174228
2023,113548,(IL616) - Astor Terrace (1450 N. Astor St),Submitted,1450 N. Astor St,60610,1.0,,Near North Side,Multifamily Housing,67568,1972,1,,24,3015391.6,2179942.3,,,,76.9,158.8,84.6,175.2,537.7,8,41.833579,-87.61183,POINT (-87.61183 41.833579),2023-113548
2023,244073,900/910 Lake Shore Drive,Submitted,900 North Lake Shore Dr.,60611,4.0,,Near North Side,Multifamily Housing,622596,1955,2,389,83,7183420.1,38055673.9,,,,72.7,96.5,81.1,104.7,3026.4,4.9,41.834147,-87.674598,POINT (-87.674598 41.834147),2023-244073
2023,252091,1301 E 47Th St,Submitted,1301 E 47th St,60653,3.5,,Kenwood,Fitness Center/Health Club/Gym,92000,1974,1,,,2290468.7,5791895.9,,,,87.9,135.8,87.9,135.8,613.9,6.7,41.880437,-87.657225,POINT (-87.657225 41.880437),2023-252091
2023,161145,624 S Michigan,Submitted,624 S Michigan,60605,3.0,,Loop,College/University,161155,1960,1,885,,4479264.8,7434278.8,,,,73.9,126.3,86.4,139.3,1021.6,6.3,41.932204,-87.796587,POINT (-87.796587 41.932204),2023-161145
2023,260118,440 W Barry LLC,Submitted,440 W Barry Ave,60657,4.0,,Lake View,Multifamily Housing,66754,1929,1,,82,669471.4,3969389,,,,69.5,90.5,77.8,99,304.5,4.6,41.895924,-87.619546,POINT (-87.619546 41.895924),2023-260118
2023,256408,8794,Submitted,320 E Superior St,60611,2.0,,Near North Side,Laboratory,186803,1965,1,22298,,26544272.6,32939364.2,,,,318.4,583,329.5,589.3,5463.6,29.2,41.704851,-87.623602,POINT (-87.623602 41.704851),2023-256408
2023,254261,Pencil Factory Lofts,Not Submitted,1800 West Roscoe,60657,0.0,,North Center,Residential,,,,,,,,,,,,,,,,,41.876808,-87.631916,POINT (-87.631916 41.876808),2023-254261
2023,243690,The 400 Condominium Association,Submitted,400 E. Randolph St.,60601,3.0,,Loop,Multifamily Housing,1110000,1963,1,,69,21137733.8,57843924.1,,,,71.2,108,76.9,113.8,6030,5.4,41.902526,-87.62565,POINT (-87.62565 41.902526),2023-243690
2023,112468,3300 Lake Shore Drive Condominium Association,Submitted,3300 N Lake Shore Drive,60657,3.0,,Lake View,Multifamily Housing,139094,1926,1,,62,1823794,9823129.5,,,,83.7,110.9,93.8,121.8,776.9,5.6,41.892514,-87.622835,POINT (-87.622835 41.892514),2023-112468
2023,243278,253 East Delaware Condominium Association,Submitted,253 E Delaware Place,60611,2.0,,Near North Side,Multifamily Housing,142874,1957,1,,45,2095516,12139342.2,,,,99.6,130.3,110.1,141.2,938,6.6,41.93981,-87.75413,POINT (-87.75413 41.93981),2023-243278
2023,251464,Fiske,Submitted,6020 S Langley Ave,60637,1.0,,Woodlawn,K-12 School,105274,1915,2,,17,4542313.4,3404540.2,,,,75.5,154.8,87.1,172.9,816.4,7.8,41.73921,-87.668013,POINT (-87.668013 41.73921),2023-251464
2023,159288,Medical Center Apartments,Not Submitted,1926 1960 W Harrison St,60612,0.0,,Near West Side,Residential,,,,,,,,,,,,,,,,,41.896471,-87.643089,POINT (-87.643089 41.896471),2023-159288
2023,251235,(IL0465) - 110 East Delaware Condominium (110 E Delaware Pl),Submitted,110 E Delaware Pl,60611,3.0,,Near North Side,Multifamily Housing,162009,1981,1,,61,5317406.6,1433835,,,,41.7,101.2,45.4,111.2,820.2,5.1,41.823622,-87.62628,POINT (-87.62628 41.823622),2023-251235
2023,250018,Douglas Park,Not Submitted,1401 S Sacramento Dr,60623,0.0,,North Lawndale,Other - Recreation,,,,,,,,,,,,,,,,,41.885294,-87.705819,POINT (-87.705819 41.885294),2023-250018
2023,251608,Gunsaulus,Submitted,4420 S Sacramento Ave,60632,3.5,,Brighton Park,K-12 School,106519,1924,1,,53,1676175.7,6147669.6,,,,73.5,104.7,87.8,119.7,561.1,5.3,41.9606,-87.652425,POINT (-87.652425 41.9606),2023-251608
2023,257125,,Not Covered 2024,4720 S California Ave,60632,,true,Brighton Park,,,,,,,,,,,,,,,,,,41.807498,-87.694763,POINT (-87.694763 41.807498),2023-257125
2023,255967,The Buyer's Market Incorporated,Submitted,4545 W. Division St.,60651,3.0,,Humboldt Park,Enclosed Mall,153760,2016,1,,,3304231.7,1585888.2,,,,31.8,71,33,72.3,546.6,3.6,41.804746,-87.742938,POINT (-87.742938 41.804746),2023-255967
2023,172066,StBedetheVenerable_School,Submitted,4440 W. 83rd St.,60652,4.0,,Ashburn,K-12 School,76410,1958,1,,90,680153.3,2687199.9,,,,44.1,61.9,53.1,71.3,237.9,3.1,41.892531,-87.626896,POINT (-87.626896 41.892531),2023-172066
2023,174247,The Washington at Woodlawn Park,Submitted,6154 South Rhodes Avenue,60637,4.0,,Woodlawn,Multifamily Housing,306951,1911,10,6501,98,1888256.9,10075817,,,,39,51.7,38.9,51.5,799.4,2.6,41.91571,-87.745908,POINT (-87.745908 41.91571),2023-174247
2023,252253,Northwest Tower,Submitted,1170 W Erie,60642,1.5,,West Town,Multifamily Housing,139677,1972,1,,32,2771266.9,13094892.6,,,,113.6,154,124.5,165.4,1083.3,7.8,41.879747,-87.648322,POINT (-87.648322 41.879747),2023-252253
2023,239540,(IL487) - The Gold Coast (71 E Division St ),Submitted,71 E Division St,60610,4.0,,Near North Side,Multifamily Housing,199712,1970,1,,91,4110276.8,2977965.2,,,,35.5,73.3,39,80.9,733.3,3.7,41.938953,-87.63816,POINT (-87.63816 41.938953),2023-239540
2023,254055,Park Douglas Apartments,Submitted,1235 S Washtenaw,60608,4.0,,North Lawndale,Multifamily Housing,67800,2011,1,,89,882535.5,2650671,,,,52.1,77.5,52.8,79.5,264.3,3.9,41.988649,-87.66037,POINT (-87.66037 41.988649),2023-254055
2023,173970,"0092AS - Chicago, IL",Submitted,1655 E. 95th Street,60619,3.5,,South Deering,Supermarket/Grocery Store,72651,1999,1,899,72,8739783.3,4880900,,,,187.5,407.4,195.9,415.1,1482.1,20.4,41.962319,-87.66389,POINT (-87.66389 41.962319),2023-173970
2023,161901,Higgins,Submitted,11710 S Morgan St,60643,2.0,,West Pullman,K-12 School,51303,1965,2,,50,1835434.2,363710,,,,42.9,107.6,45.8,114,276.1,5.4,41.877886,-87.6579,POINT (-87.6579 41.877886),2023-161901
2023,250151,244 E Pearson LLC,Submitted,244 E Pearson St,60611,1.0,,Near North Side,Multifamily Housing,145000,2000,1,,14,6122492.4,3348043.4,,,,65.3,142.5,70,152.5,1034.5,7.1,41.911052,-87.633843,POINT (-87.633843 41.911052),2023-250151
2023,158654,The Belden (tb28),Submitted,2300 N Lincoln Park W,60614,4.0,,Lincoln Park,Multifamily Housing,269400,1923,1,5105,98,1138610.8,13231023.9,,,,53.3,63.4,60.9,71.3,862.1,3.2,42.006364,-87.661013,POINT (-87.661013 42.006364),2023-158654
2023,158644,Astor House,Submitted,1340 N. Astor Street,60610,1.5,,Near North Side,Multifamily Housing,206150,1969,1,,34,5061878,13788105.7,,,,91.4,139,97.8,145.2,1409.2,6.8,41.799836,-87.604075,POINT (-87.604075 41.799836),2023-158644
2023,257115,Straits Row Apartments,Not Covered 2024,633 S La Salle St,60605,,true,Loop,Commercial,,,,,,,,,,,,,,,,,41.873745,-87.631569,POINT (-87.631569 41.873745),2023-257115
2023,251903,Smyth -CPS,Not Covered 2024,1051 W 13th Ave,60608,,true,Near West Side,K-12 School,,,,,,,,,,,,,,,,,41.870573,-87.628448,POINT (-87.628448 41.870573),2023-251903
2023,252320,Newberry Park Apartments,Submitted,1355 South Blue Island,60608,4.0,,Near West Side,Multifamily Housing,101401,1994,2,3222,70,1549609.6,6634150.7,,,,80.9,111.6,86.7,117.7,571.3,5.6,41.870849,-87.733554,POINT (-87.733554 41.870849),2023-252320
2023,120344,4039-43 N Ravenswood LLC,Submitted,4043 N Ravenswood,60613,4.0,,Lake View,Other,90000,1910,1,,,1267191.6,2038867.3,,,,36.7,63.2,43.1,70.5,285.6,3.2,41.990272,-87.726535,POINT (-87.726535 41.990272),2023-120344
2023,101940,Mallers Building LLC,Submitted,5 S. Wabash Ave.,60603,,true,Loop,Enclosed Mall,314262,1912,1,191,,12437231.9,11982568.6,,,,77.7,150.8,77.4,150,2376.7,7.6,41.748355,-87.668973,POINT (-87.668973 41.748355),2023-101940
2023,101950,332 Property LLC,Submitted,332 South Michigan Ave.,60604,3.5,,Loop,Office,529401,1910,1,,73,14038594.2,26838213.3,,,,77.2,127.5,84.2,134.3,3389.8,6.4,41.760324,-87.556736,POINT (-87.556736 41.760324),2023-101950
2023,216479,1122 N Dearborn,Submitted,1122 N Dearborn,60610,3.0,,Near North Side,Multifamily Housing,235263,1999,1,,66,5232161.3,11079000.1,,,,69.3,111.7,75.2,117.5,1320.5,5.6,41.852691,-87.696278,POINT (-87.696278 41.852691),2023-216479
2023,252284,Amhurst Lofts,Submitted,2600 N Southport Ave,60614,4.0,,Lincoln Park,Multifamily Housing,110526,1920,1,,88,1486402.8,4089225.8,,,,50.4,76.5,57.2,83.2,425.2,3.8,41.876625,-87.666523,POINT (-87.666523 41.876625),2023-252284
2023,172789,Lake Meadows Building 5,Submitted,3323 S. King Drive,60616,3.5,,Douglas,Multifamily Housing,105742,1954,1,,57,896035.9,10081930.3,,,,103.8,123.8,113.4,133.9,660.9,6.2,41.935436,-87.642844,POINT (-87.642844 41.935436),2023-172789
2023,112622,,Not Submitted,5918  N Kenmore Ave,60660,0.0,,Edgewater,Residential,,,,,,,,,,,,,,,,,41.924623,-87.705644,POINT (-87.705644 41.924623),2023-112622
2023,173781,Irving Park YMCA,Not Submitted,4251 4259 W Irving Park Rd,60641,0.0,,Irving Park,Residential,,,,,,,,,,,,,,,,,41.909542,-87.64961,POINT (-87.64961 41.909542),2023-173781
2023,158867,Windermere House,Submitted,1642 E 56th Street,60615,4.0,,Hyde Park,Multifamily Housing,359018,1923,1,,84,3955981.2,17185890.3,,,,58.9,81.1,65.8,88.6,1466.3,4.1,41.886707,-87.630066,POINT (-87.630066 41.886707),2023-158867
2023,121264,Chicago Theological Seminary,Submitted,1407 East 60th Street,60637,3.0,,Woodlawn,College/University,80489,2011,1,595,,2260388.6,29361,3511386.8,1329132,,88.6,146.5,89.5,147.9,621,7.7,41.765386,-87.653055,POINT (-87.653055 41.765386),2023-121264
2023,255004,IIT,Not Submitted,3137 S Federal St,60616,0.0,,Douglas,,,,,,,,,,,,,,,,,,41.889225,-87.632674,POINT (-87.632674 41.889225),2023-255004
2023,159415,Astoria Tower,Submitted,8 E 9th Street,60605,4.0,,Loop,Multifamily Housing,404898,2008,1,,74,9929138.9,11760846.4,,,,53.6,99.2,58.5,105.7,2014,5,41.918514,-87.683801,POINT (-87.683801 41.918514),2023-159415
2023,252126,08270 - Ford City 14,Submitted,7601 South Cicero Avenue,60652,2.0,,West Lawn,Movie Theater,72545,1990,1,,,6991210.9,3293979.9,,,,141.8,317.5,147.9,324,1153.2,15.9,41.893997,-87.626032,POINT (-87.626032 41.893997),2023-252126
2023,159537,"DT Chicago Magnificent Mile, IL-SV",Submitted,300 E Ohio Street,60611,3.5,,Near North Side,Hotel,421989,2008,1,19245,80,16784347,15907858.2,,,,77.5,151,81.7,157.8,3193.4,7.6,41.907488,-87.746205,POINT (-87.746205 41.907488),2023-159537
2023,256737,Edward Everett Elementary School,Not Covered 2024,3419 S Bell Avenue,60608,,true,Mckinley Park,Commercial,,,,,,,,,,,,,,,,,41.891231,-87.639846,POINT (-87.639846 41.891231),2023-256737
2023,238850,100 Bellevue Place,Submitted,100 East Bellevue Place,60611,4.0,,Near North Side,Multifamily Housing,350600,1970,1,7443,95,4084847,18667231.3,,,,64.9,88.5,71.7,95.3,1563.1,4.5,41.874472,-87.629813,POINT (-87.629813 41.874472),2023-238850
2023,256892,335 Schiller LLC,Submitted,343 W Schiller St,60610,3.5,,Near North Side,Multifamily Housing,97268,2020,1,,79,2869232.9,2315164.9,,,,53.3,107.6,56.4,112.4,524.4,5.4,41.878014,-87.633189,POINT (-87.633189 41.878014),2023-256892
2023,119387,1747 W. Roosevelt,Submitted,1747 W. Roosevelt,60608,2.5,,Near West Side,Office,155174,2004,1,,54,7325629.2,7718430.2,,,,96.9,184.4,96.6,183.3,1021.6,6.6,41.973589,-87.728029,POINT (-87.728029 41.973589),2023-119387
2023,254038,Porta Coeli Residence,Submitted,2260 E. 99th Street,60617,0.0,,South Deering,Multifamily Housing,79039,2015,1,,12,1918629.7,4718881.7,,,,84,130.7,88,135.2,507.2,6.4,41.910473,-87.671136,POINT (-87.671136 41.910473),2023-254038
2023,252121,"RMD -15094 Chicago (Lurie), IL",Submitted,211 East Grand,60611,2.5,,Near North Side,Hotel,106200,2012,1,2986,56,5932045.5,3949053.1,,,,93,195.4,98.6,204,1039.8,9.8,41.941292,-87.641132,POINT (-87.641132 41.941292),2023-252121
2023,251276,MWRDGC Main Office Building,Submitted,100 E Erie St,60611,3.5,,Near North Side,Office,95622,1955,1,831,74,3665178.2,2803004.6,,,,67.6,138.1,71.3,141.1,661.7,6.9,41.881866,-87.631066,POINT (-87.631066 41.881866),2023-251276
2023,140771,Affinity on North Ave.,Submitted,551 W North Ave,60610,4.0,,Near North Side,Multifamily Housing,63139,2000,1,3480,58,1308746,3589153.2,,,,77.6,117.7,85.8,126.2,373.8,5.9,41.979809,-87.766108,POINT (-87.766108 41.979809),2023-140771
2023,101724,(IL392) - Tribune Tower (435 N Michigan Avenue),Submitted,435 N Michigan Avenue,60611,4.0,,Near North Side,Multifamily Housing,895265,2000,1,,74,19728743.5,24931065,,,,49.9,90.9,52.7,93.6,4084.6,4.6,41.966667,-87.654942,POINT (-87.654942 41.966667),2023-101724
2023,255951,The Professional Building (Central Campus Health Center),Submitted,1950 W. Polk St.,60612,1.0,,Near West Side,Office,282000,2018,1,,,16730187.3,15150079.7,,,,113.1,222.5,115.6,224.1,3145.6,11.2,41.902972,-87.683485,POINT (-87.683485 41.902972),2023-255951
2023,120343,5101 N Sheridan - CLK,Submitted,5101 N Sheridan,60640,4.0,,Uptown,Multifamily Housing,209520,1951,1,5891,85,2867216.7,9464939.5,,,,58.9,85.8,63.5,90.3,903.9,4.3,41.890872,-87.629776,POINT (-87.629776 41.890872),2023-120343
2023,175258,New Mildred LLC,Submitted,2900-2914 North Mildred Avenue,60657,4.0,,Lake View,Multifamily Housing,62000,1965,1,,85,1498884.5,1732129.6,,,,52.1,97,55.3,106,301.7,4.9,41.880247,-87.655384,POINT (-87.655384 41.880247),2023-175258
2023,250067,Goldblatts Building,Submitted,1609 W. Chicago,60622,2.5,,West Town,Office,160280,1940,1,,57,9046772.4,2762303.3,,,,73.7,176.1,76.1,178.1,1412.5,8.8,41.764558,-87.577085,POINT (-87.577085 41.764558),2023-250067
2023,175910,,Not Submitted,4432 4444 W West End Ave,60624,0.0,,West Garfield Park,Residential,,,,,,,,,,,,,,,,,41.878637,-87.735837,POINT (-87.735837 41.878637),2023-175910
2023,257182,The Jackson at Woodlawn Park,Submitted,6230 South Cottage Grove Avenue,60637,4.0,,Woodlawn,Multifamily Housing,85251,2011,2,5555,95,569777.1,4006037.5,,,,53.7,68.1,57.2,71.7,292.5,3.4,41.781238,-87.606159,POINT (-87.606159 41.781238),2023-257182
2023,115860,Printers Row Lofts,Submitted,732 S. Financial Place,60605,4.0,,Loop,Multifamily Housing,198049,1908,1,,98,2565147.7,6267731.6,,,,44.6,69.5,50,74.9,691.8,3.5,41.878138,-87.637065,POINT (-87.637065 41.878138),2023-115860
2023,250015,Hamilton Park,Not Submitted,513 W 72nd St,60621,0.0,,Englewood,Other - Recreation,,,,,,,,,,,,,,,,,41.873897,-87.624366,POINT (-87.624366 41.873897),2023-250015
2023,260088,231-Senior Suites-Garfield Ridge,Submitted,5839 S. Harlem Avenue,60638,3.0,,Garfield Ridge,Senior Living Community,60000,2000,1,2741,69,1535130.5,3082000,,,,77,125.6,83,132.1,378.5,6.3,42.007758,-87.66828,POINT (-87.66828 42.007758),2023-260088
2023,109191,Edgewater Presbyterian Church,Submitted,1020 W Bryn Mawr Ave,60640,1.5,,Edgewater,Worship Facility,62500,1926,1,,35,188188.5,4297067.8,,,,71.8,80.6,81.9,91.3,253.4,4.1,41.687229,-87.679647,POINT (-87.679647 41.687229),2023-109191
2023,146962,Coliseum Park,Submitted,1440 S. Wabash Avenue,60605,4.0,,Near South Side,Multifamily Housing,62500,2009,1,,78,1082590,1862292.5,,,,47.1,79.8,52,84.9,250.4,4,41.789758,-87.59789,POINT (-87.59789 41.789758),2023-146962
2023,254381,Campus North Residential Commons,Submitted,5500 South University Ave,60637,3.0,,Hyde Park,Residence Hall/Dormitory,419219,2016,1,12565,69,11099884,15038989.9,,9653812.3,,85.4,132.8,88.1,135.8,2860.6,6.8,41.993561,-87.749672,POINT (-87.749672 41.993561),2023-254381
2023,124236,830 N Michigan Ave,Not Covered 2024,830 N Michigan Ave,60611,,true,Near North Side,Enclosed Mall,,,,,,,,,,,,,,,,,41.830186,-87.619169,POINT (-87.619169 41.830186),2023-124236
2023,256808,Milieu Apartments,Submitted,205 South Peoria Street,60607,4.0,,Near West Side,Multifamily Housing,380472,2018,1,,83,8928374,6600063.6,,,,40.8,83.9,43.8,89,1599.8,4.2,41.749368,-87.60504,POINT (-87.60504 41.749368),2023-256808
2023,238747,(IL0614) - 1250 North Dearborn Street Condominium (1250 N Dearborn St ),Submitted,1250 N Dearborn St,60610,4.0,,Near North Side,Multifamily Housing,199011,1990,1,,77,5101960.5,3719246,,,,44.3,91.4,45.9,95.7,911.4,4.6,41.909801,-87.661425,POINT (-87.661425 41.909801),2023-238747
2023,257090,,Not Covered 2024,3501 N Halsted St,60657,,true,Lake View,Commercial,,,,,,,,,,,,,,,,,41.945581,-87.64919,POINT (-87.64919 41.945581),2023-257090
2023,251386,Crown Community Academy -CPS,Not Covered 2024,2128 S St Louis Ave,60623,,true,North Lawndale,K-12 School,,,,,,,,,,,,,,,,,41.760699,-87.606828,POINT (-87.606828 41.760699),2023-251386
2023,256420,John T. Rettaliata Engineering Center,Not Submitted,10 W 32nd Street,60616,0.0,,Douglas,Commercial,,,,,,,,,,,,,,,,,41.879616,-87.626642,POINT (-87.626642 41.879616),2023-256420
2023,105858,Arlington Place,Submitted,546-550 West Arlington Place,60614,4.0,,Lincoln Park,Multifamily Housing,55360,1927,1,,93,1701814.4,1068118.9,,,,50,106.3,54.7,119.4,294.9,5.3,41.878081,-87.6453,POINT (-87.6453 41.878081),2023-105858
2023,256813,,Not Submitted,639 W Roosevelt Rd,60605,0.0,,Near West Side,,,,,,,,,,,,,,,,,,41.898381,-87.618288,POINT (-87.618288 41.898381),2023-256813
2023,255010,Fletcher Jones Audi,Not Submitted,949 N Elston Ave,60642,0.0,,West Town,,,,,,,,,,,,,,,,,,41.735368,-87.638879,POINT (-87.638879 41.735368),2023-255010
2023,242654,1660 N LaSalle CA,Submitted,1660 N. Lasalle,60614,2.5,,Lincoln Park,Multifamily Housing,477220,1978,1,,54,11157119.3,26646350.4,,,,79.2,124.1,88.3,133.6,2976.4,6.2,41.86031,-87.659248,POINT (-87.659248 41.86031),2023-242654
2023,175383,Chicago Metropolitan Housing Development Corporation,Submitted,5152-5178 S. King Dr.,60615,2.5,,Washington Heights,Multifamily Housing,58656,1915,1,,59,408005.7,3688367.1,,,,69.8,85.5,79.4,95.5,253,4.3,41.917335,-87.688454,POINT (-87.688454 41.917335),2023-175383
2023,146828,"Greenglen Park Property, LLC",Submitted,1373 West Greenleaf Ave,60626,3.5,,Rogers Park,Multifamily Housing,75435,1925,1,,80,497369.9,3837342.4,,,,57.5,71.9,65.7,79.9,270.3,3.6,41.892395,-87.626415,POINT (-87.626415 41.892395),2023-146828
2023,251715,National Teachers,Submitted,55 W Cermak Rd,60616,1.0,,Near South Side,K-12 School,156400,1999,2,,4,8318538.1,8954029.9,,,,110.4,209,120.3,219.4,1639.5,10.5,41.819517,-87.621635,POINT (-87.621635 41.819517),2023-251715
2023,160304,The Tides at Lakeshore East (td016),Submitted,360 E South Water St,60601,2.0,,Loop,Multifamily Housing,484482,2008,1,23987,49,13546472.9,26895061.7,,,,83.5,136.6,89.2,142,3323.9,6.9,41.965267,-87.659238,POINT (-87.659238 41.965267),2023-160304
2023,256646,Coeval 1,Not Submitted,51 E 14th Street,60605,0.0,,Near South Side,Residential,,,,,,,,,,,,,,,,,41.96622,-87.722268,POINT (-87.722268 41.96622),2023-256646
2023,113602,Twelve Nine Astor Building Corporation,Submitted,1209-17 North Astor St,60610,4.0,,Near North Side,Multifamily Housing,97000,1925,1,,82,1054589.6,5558868,,,,68.2,90.6,80.2,103,442.8,4.6,41.790485,-87.60143,POINT (-87.60143 41.790485),2023-113602
2023,252044,Social Service Administration,Submitted,969 East 60th Street,60637,1.0,,Woodlawn,College/University,52600,1963,1,811,,1510270.6,,5371567.4,1586388.2,,161,230.7,174.7,247.9,651.6,12.4,41.893803,-87.640295,POINT (-87.640295 41.893803),2023-252044
2023,255945,Eleven40 (lv002),Submitted,1140 S Wabash Ave,60605,2.0,,Loop,Multifamily Housing,296760,2017,3,10261,44,9520556.2,9889200.2,,,,65.4,124.8,69.7,130.9,1857.4,6.3,41.861078,-87.627124,POINT (-87.627124 41.861078),2023-255945
2023,172154,Apostolic Church of God,Submitted,6320 S Dorchester Ave,60637,1.0,,Woodlawn,Worship Facility,216000,1977,1,,21,5919319.9,6963288.1,,,,59.6,110.6,66.3,118.6,1198.1,5.5,41.895615,-87.706705,POINT (-87.706705 41.895615),2023-172154
2023,173719,Francis W Parker School - Main Building,Submitted,330 W Webster Ave,60614,2.5,,Lincoln Park,K-12 School,233000,2000,2,,35,12589866.9,1655348.4,,,,61.1,158.8,61.7,158.3,1849.5,7.9,41.859648,-87.620661,POINT (-87.620661 41.859648),2023-173719
2023,250138,Provident Hospital,Submitted,500 E. 51st St.,60615,1.0,,Grand Boulevard,Hospital (General Medical & Surgical),373995,1981,2,,3,37728352.7,68044068.7,,,,282.8,473.5,300.5,490.6,8893.1,23.8,41.955807,-87.645717,POINT (-87.645717 41.955807),2023-250138
2023,251466,Dvorak Math/Science/Tech Academy - CPS,Not Covered 2024,3615 W 16th St,60623,,true,North Lawndale,K-12 School,,,,,,,,,,,,,,,,,41.901552,-87.630063,POINT (-87.630063 41.901552),2023-251466
2023,157100,1601 W Division LLC,Submitted,1611 W Division St,60622,4.0,,West Town,Multifamily Housing,108887,2013,1,,89,1913098.7,3703141.8,,,,51.6,84.9,55,88.5,464.4,4.3,41.944881,-87.712805,POINT (-87.712805 41.944881),2023-157100
2023,256818,4400 Grove Apartments - South Bldg,Submitted,4434 Cottage Grove,60653,4.0,,Grand Boulevard,Multifamily Housing,56922,2020,1,,92,764267,1602919.8,,,,41.6,67.2,45.9,71.8,192.1,3.4,41.910762,-87.666121,POINT (-87.666121 41.910762),2023-256818
2023,119914,N002301-CHICAGO (83RD & STEWART) IL,Submitted,8411 South Holland Road,60620,4.0,,Chatham,Wholesale Club/Supercenter,137684,2007,1,833,90,4044232,3657549.8,,,,55.9,110.1,61.8,116.3,760.1,5.5,41.871812,-87.624315,POINT (-87.624315 41.871812),2023-119914
2023,256836,1440 N Dayton Street,Submitted,1440 N Dayton Street,60642,3.0,,Near North Side,Office,65614,1965,1,,50,3060401.3,1702297.9,,,,72.6,157.8,81.3,170,518.6,7.9,41.924265,-87.657064,POINT (-87.657064 41.924265),2023-256836
2023,251290,Millenium Knickerbocker,Not Submitted,163 E Walton Pl,60611,0.0,,Near North Side,Residential,,,,,,,,,,,,,,,,,41.766442,-87.632096,POINT (-87.632096 41.766442),2023-251290
2023,105725,The Dunham,Not Submitted,7000 7008 S South Shore Dr,60649,0.0,,South Shore,Residential,,,,,,,,,,,,,,,,,41.897478,-87.624289,POINT (-87.624289 41.897478),2023-105725
2023,114008,Shoreline Park Condominium Association,Submitted,4950 N. Marine Drive,60640,3.5,,Uptown,Multifamily Housing,388924,1953,1,,79,7079531.4,22373610.4,,,,75.7,111.4,84.8,120.9,2178.9,5.6,41.895609,-87.641579,POINT (-87.641579 41.895609),2023-114008
2023,116810,Verde Condo Association,Submitted,680 N Green Street,60642,4.0,,West Town,Multifamily Housing,70950,1999,1,,82,2013576.6,2076700.1,,,,57.7,110.2,65.1,118.7,392,5.5,41.902332,-87.740459,POINT (-87.740459 41.902332),2023-116810
2023,115692,,Not Submitted,460  E 41st St,60653,0.0,,Grand Boulevard,Residential,,,,,,,,,,,,,,,,,41.890419,-87.652422,POINT (-87.652422 41.890419),2023-115692
2023,260129,Plumbers Local 130 UA,Submitted,1340 W Washington Boulevard,60607,2.0,,Near West Side,Office,51130,1925,1,0,,2147401,3320219.1,,,,106.9,185.8,115.4,194.7,476.8,9.3,42.011796,-87.706932,POINT (-87.706932 42.011796),2023-260129
2023,159745,Clarendon Court Apartments,Submitted,4500 N Clarendon Ave,60640,1.5,,Uptown,Multifamily Housing,110000,1980,1,9455,40,3444540.1,5741099.8,,,,83.5,142.5,89.7,150,786.9,7.2,41.854195,-87.625382,POINT (-87.625382 41.854195),2023-159745
2023,121043,209 W. Jackson,Submitted,209 W. Jackson,60606,3.5,,Loop,Office,164000,1897,1,,72,5955577.1,5894592.8,,,,72.3,139.4,81.1,149.7,1146.4,7,41.87695,-87.634048,POINT (-87.634048 41.87695),2023-121043
2023,251637,Field Elementary -CPS,Not Covered 2024,7019 N Ashland Ave,60626,,true,Rogers Park,K-12 School,,,,,,,,,,,,,,,,,41.883423,-87.628022,POINT (-87.628022 41.883423),2023-251637
2023,116720,230-Senior Suites-Central Station,Submitted,1400 S. Indiana Street,60605,1.0,,Near South Side,Senior Living Community,71586,1998,1,5437,16,1698725.6,3672099.8,,,,75,120.3,81.3,128.4,432.7,6,41.849199,-87.685704,POINT (-87.685704 41.849199),2023-116720
2023,257130,,Not Covered 2024,3817 N Ashland Ave,60613,,true,Lake View,,,,,,,,,,,,,,,,,,41.951269,-87.668498,POINT (-87.668498 41.951269),2023-257130
2023,165253,Chicago Lighthouse for the Blind,Submitted,1850 W. Roosevelt Rd,60608,2.5,,Near West Side,Office,110000,1955,1,101,52,4710073.9,5102677.1,,,,89.2,168.6,95.6,174.8,930.1,8.5,41.897427,-87.62711,POINT (-87.62711 41.897427),2023-165253
2023,116144,Pope Building Condominium Association,Submitted,633 S Plymouth Ct,60605,4.0,,Loop,Multifamily Housing,125000,1895,1,,84,1810185.3,5031401.2,,,,54.7,82.8,61.4,89.5,520.5,4.2,41.777489,-87.59315,POINT (-87.59315 41.777489),2023-116144
2023,124699,The Van Buren Building,Not Submitted,210 214 W Van Buren St,60607,0.0,,Loop,Commercial,,,,,,,,,,,,,,,,,41.883176,-87.651929,POINT (-87.651929 41.883176),2023-124699
2023,256809,North+Vine,Submitted,633 W North Ave,60610,3.0,,Near North Side,Multifamily Housing,251566,2020,1,2460,50,8785985.6,7679196.8,,,,65.5,129.8,67.8,132.3,1637.2,6.5,41.948621,-87.739248,POINT (-87.739248 41.948621),2023-256809
2023,253965,Bauer Building,Submitted,224-230 W Huron St,60654,4.0,,Near North Side,Office,66043,1903,1,,91,1819054.7,1375968.4,,,,48.4,99,54.5,106.8,327.6,5,41.879301,-87.664508,POINT (-87.664508 41.879301),2023-253965
2023,123973,Dream Town,Not Covered 2024,4032 W Madison St,60624,,true,West Garfield Park,Office,,,,,,,,,,,,,,,,,41.802228,-87.602737,POINT (-87.602737 41.802228),2023-123973
2023,157614,50 E 16th,Submitted,50 East 16th St,60616,2.0,,Near South Side,Multifamily Housing,228031,2008,1,,47,7584147.2,8880235.4,,,,72.2,134,79.3,143.6,1532.8,6.7,41.883176,-87.655425,POINT (-87.655425 41.883176),2023-157614
2023,166122,Rudolph,Submitted,1628 W Washington Blvd,60612,4.0,,Near West Side,K-12 School,263250,1928,2,,63,6086591.8,7349070.1,,,,51,94.1,56.3,99.6,1242,4.7,41.883387,-87.653392,POINT (-87.653392 41.883387),2023-166122
2023,256547,Central States,Submitted,8647 West Higgins Road,60631,4.0,,Ohare,Office,148870,2019,1,,86,8692891.2,,,,,58.4,163.5,62.7,175.6,1216.3,8.2,41.779692,-87.641428,POINT (-87.641428 41.779692),2023-256547
2023,251402,Dett -CPS,Not Covered 2024,2306 W Maypole Ave,60612,,true,Near West Side,K-12 School,,,,,,,,,,,,,,,,,41.986762,-87.655432,POINT (-87.655432 41.986762),2023-251402
2023,101199,DuSable Campus -CPS,Not Covered 2024,4934 S Wabash Ave,60615,,true,Grand Boulevard,K-12 School,,,,,,,,,,,,,,,,,41.881069,-87.685308,POINT (-87.685308 41.881069),2023-101199
2023,250061,WOODSON REGIONAL LIBRARY,Submitted,9525 S. Halsted St.,60628,2.0,,Washington Heights,Library,65000,1975,1,,,5672619.9,1086026.4,,,,104,261.9,105.7,262.2,851.4,13.1,41.88171,-87.647504,POINT (-87.647504 41.88171),2023-250061
2023,160179,The Kimpton Gray Hotel,Submitted,39 S Lasalle St,60603,3.5,,Loop,Hotel,239678,2016,1,7108,74,9600466.2,8414909.8,,,,75.2,149,79.5,155.2,1790.2,7.5,41.881147,-87.626035,POINT (-87.626035 41.881147),2023-160179
2023,132798,8501 West Higgins Rd Chicago IL,Submitted,8501 West Higgins Road,60631,4.0,,Ohare,Office,167156,1967,1,,77,10006695.2,,,,,59.9,167.6,63.5,177.8,1400.1,8.4,41.903255,-87.624916,POINT (-87.624916 41.903255),2023-132798
2023,254060,University Village Lofts,Submitted,1524 And 1525 S Sangamon Street,60608,4.0,,Near West Side,Multifamily Housing,252097,2003,2,,96,4390094.4,6885778.8,,,,44.7,77.4,48.9,81.6,980,3.9,41.895623,-87.635825,POINT (-87.635825 41.895623),2023-254060
2023,251340,AJ1034 - Chicago Marriott @ Medical District/UIC,Submitted,625 S. Ashland Avenue,60607,1.0,,Near West Side,Hotel,72000,2000,1,7309,23,4528303.8,5953660,,,,145.6,262.9,152.7,271.9,949.8,13.2,41.864012,-87.643684,POINT (-87.643684 41.864012),2023-251340
2023,175961,"A&M FULTON WEST, LLC",Submitted,300 N Elizabeth,60607,3.5,,Near West Side,Office,122519,1908,1,,53,5016011.1,8632672.4,,,,111.4,188.6,116.2,194.1,1160.4,9.5,41.923782,-87.786254,POINT (-87.786254 41.923782),2023-175961
2023,241410,The Brownstone Condominium Association,Submitted,1440 N. State Parkway,60610,2.5,,Near North Side,Multifamily Housing,100000,1975,1,,39,2027555.1,7096550.2,,,,91.2,131.3,99.6,138.8,660.6,6.6,41.808364,-87.666033,POINT (-87.666033 41.808364),2023-241410
2023,102397,Walsh Park Apartments,Submitted,1734 N. Paulina Street,60622,3.5,,West Town,Multifamily Housing,95110,1984,1,4149,74,2850306,2646561.8,,,,57.8,113.1,62.7,123.1,539.4,5.7,41.906524,-87.638597,POINT (-87.638597 41.906524),2023-102397
2023,172132,Interwest Chicago Hotel LLC dba Claridge House,Submitted,1244 N Dearborn Parkway,60610,2.5,,Near North Side,Hotel,83961,1923,1,,55,5082852.1,2902963.3,,,,95.1,205.8,99.4,216.1,865.4,10.3,41.901756,-87.750713,POINT (-87.750713 41.901756),2023-172132
2023,157320,24 S. Morgan,Submitted,24 South Morgan Street,60607,2.0,,Near West Side,Multifamily Housing,129844,2008,1,3190,45,2972763.8,4886499,,,,60.5,103.6,65,108.3,675.5,5.2,41.760861,-87.576038,POINT (-87.576038 41.760861),2023-157320
2023,254066,1515 Michigan Avenue Condominium Association,Submitted,1515 -1525 S. Michigan Ave.,60605,3.5,,Near South Side,Multifamily Housing,61861,1997,1,,79,1159902.5,2564179.2,,,,60.2,96,66.1,102.6,298.5,4.8,41.880696,-87.625284,POINT (-87.625284 41.880696),2023-254066
2023,256785,The Meridian,Not Submitted,2217 W Madison St,60612,0.0,,Near West Side,,,,,,,,,,,,,,,,,,41.962607,-87.70814,POINT (-87.70814 41.962607),2023-256785
2023,260025,Autumn Green at Wright Campus,Submitted,4239 N. Oak Park Ave,60634,3.5,,Dunning,Senior Living Community,128542,2017,1,,60,3898571.2,5165800.1,,,,70.5,127.1,78.4,136.5,819.9,6.4,41.799154,-87.759896,POINT (-87.759896 41.799154),2023-260025
2023,241873,The Columbian Condominium Association,Submitted,1160 S Michigan Ave,60605,3.0,,Loop,Multifamily Housing,464164,2007,1,,70,9850883.1,16792368,,,,57.4,97.4,61.2,100.8,2270.3,4.9,41.905705,-87.629255,POINT (-87.629255 41.905705),2023-241873
2023,257037,23rd Place at Southbridge Apartments,Not Submitted,2300 S State St,60616,0.0,,Near South Side,,,,,,,,,,,,,,,,,,41.917937,-87.787867,POINT (-87.787867 41.917937),2023-257037
2023,251943,1825 W Lawrence Ave,Not Submitted,1825 W Lawrence Ave,60640,0.0,,Lincoln Square,Bank Branch,,,,,,,,,,,,,,,,,41.883109,-87.626976,POINT (-87.626976 41.883109),2023-251943
2023,251898,Durkin Park,Submitted,8445 S Kolin Ave,60652,1.0,,Ashburn,K-12 School,79722,1961,5,,22,3120014.6,2683320.1,,,,72.8,144.9,80.1,154.8,579.1,7.3,41.953274,-87.749913,POINT (-87.749913 41.953274),2023-251898
2023,159981,7447 South Shore LLC,Submitted,7447 S. South Shore Drive,60649,1.0,,South Shore,Multifamily Housing,334983,1968,1,21,21,7218660.8,29253000.8,,,,108.9,152,121,164.9,2563.8,7.7,41.707642,-87.601013,POINT (-87.601013 41.707642),2023-159981
2023,251668,Ravenswood,Submitted,4332 N Paulina St,60613,3.5,,Lake View,K-12 School,76423,1915,3,,55,1000429.1,4792409.9,,,,75.8,102.5,90.1,117.5,394.5,5.2,41.77107,-87.740529,POINT (-87.740529 41.77107),2023-251668
2023,114861,The Narragansett Condominium Inc,Submitted,1640 E 50th St.,60615,2.5,,Kenwood,Multifamily Housing,147000,1928,1,,52,1113003.8,10848924.1,,,,81.4,98.7,90.8,108.6,732,5,41.883761,-87.632569,POINT (-87.632569 41.883761),2023-114861
2023,120830,Astoria Place Living and Rehab,Submitted,6300 North California Ave.,60659,1.5,,West Ridge,Senior Living Community,51828,1972,1,,32,3203437.9,5109880.5,,,,160.4,276.6,168.5,281.3,719.6,13.9,41.881034,-87.659406,POINT (-87.659406 41.881034),2023-120830
2023,257082,Park Boulevard,Not Covered 2024,41 W 36th St,60609,,true,Douglas,Residential,,,,,,,,,,,,,,,,,41.82902,-87.628189,POINT (-87.628189 41.82902),2023-257082
2023,102550,Eastwood by the Lake,Not Submitted,809 817 W Eastwood Ave,60640,0.0,,Uptown,Residential,,,,,,,,,,,,,,,,,41.995938,-87.655419,POINT (-87.655419 41.995938),2023-102550
2023,173618,318 W Adams Level Office LLC,Submitted,318 W Adams,60606,2.5,,Loop,Office,157700,1927,1,,51,7712079.8,6261154.7,,,,88.6,178.6,104.5,194.3,1411.6,9,41.856058,-87.667248,POINT (-87.667248 41.856058),2023-173618
2023,251582,Fuller -CPS,Not Covered 2024,4214 S St Lawrence Ave,60653,,true,Grand Boulevard,K-12 School,,,,,,,,,,,,,,,,,41.877594,-87.628587,POINT (-87.628587 41.877594),2023-251582
2023,252082,Intrinsic School - Belmont Campus,Submitted,4540 W Belmont Avenue,60641,1.0,,Irving Park,K-12 School,57779,2014,1,487,16,3983115.8,1462520,,,,94.2,219.6,99.6,225.3,635,11,41.886923,-87.642293,POINT (-87.642293 41.886923),2023-252082
2023,244523,933 Van Buren Condominium Association,Submitted,933 W. Van Buren St.,60607,3.5,,Near West Side,Multifamily Housing,300015,2003,1,,78,5988945.4,10084143.9,,,,53.6,91.2,58.7,96.3,1373.6,4.6,41.932394,-87.678173,POINT (-87.678173 41.932394),2023-244523
2023,252317,4423 N Sheridan,Submitted,4423 N. Sheridan Rd,60640,4.0,,Uptown,Multifamily Housing,92940,1927,1,,85,1164519,7058479.1,,,,88.5,114.8,98.5,126,537.8,5.8,41.900146,-87.731298,POINT (-87.731298 41.900146),2023-252317
2023,120876,224 N Desplaines St,Not Submitted,224 N Desplaines St,60661,0.0,,Near West Side,Office,,,,,,,,,,,,,,,,,41.765702,-87.562415,POINT (-87.562415 41.765702),2023-120876
2023,110743,,Not Submitted,30  W Oak St,60610,0.0,,Near North Side,Residential,,,,,,,,,,,,,,,,,41.825556,-87.631529,POINT (-87.631529 41.825556),2023-110743
2023,251334,Seton Hall,Submitted,2425 N. Sheffield,60614,2.0,,Lincoln Park,College/University,50174,1989,1,,,2004594.3,3380237,,,,107.3,182.6,117,193.4,460,9.2,41.703954,-87.719642,POINT (-87.719642 41.703954),2023-251334
2023,252216,Beach Point Tower Condominium Association,Submitted,5801 N Sheridan Rd,60660,4.0,,Edgewater,Multifamily Housing,160000,1956,1,,67,2581973.9,11220849.3,,,,86.3,118.8,99,130.7,957.3,6,41.961233,-87.654956,POINT (-87.654956 41.961233),2023-252216
2023,125048,"Sunshine Enterprise, LLC - Series II (218 S Wabash)",Submitted,218 South Wabash,60604,3.0,,Loop,Office,111550,1900,1,1,69,5212978.9,,,,,46.7,130.9,49,137.2,729.4,6.5,41.923237,-87.653685,POINT (-87.653685 41.923237),2023-125048
2023,118700,1986 - 47TH AND WESTERN,Submitted,4555 S Western Blvd,60609,3.5,,New City,Retail Store,103699,2005,1,1353,72,3578949.2,4962699.9,,,,82.4,146.9,92,157.6,764.4,7.4,41.780727,-87.615782,POINT (-87.615782 41.780727),2023-118700
2023,252054,Mitchell Tower,Submitted,1131 East 57th Street,60637,1.0,,Hyde Park,Other,2804,1903,1,148,,113203.1,,612713,,,258.9,375.9,288.7,411.8,56.5,20.2,41.881598,-87.651621,POINT (-87.651621 41.881598),2023-252054
2023,256671,Chantico Lofts,Submitted,1061 W 16th Street,60608,4.0,,Lower West Side,Multifamily Housing,54104,2007,1,,88,806883.5,1938934.7,,,,50.8,79.4,55.6,84.1,215.9,4,41.789841,-87.62249,POINT (-87.62249 41.789841),2023-256671
2023,100417,Marist High School,Submitted,4200 W. 115th Street,60655,4.0,,Mount Greenwood,K-12 School,241936,1963,2,,76,4841943.4,8937893.2,,,,57,94.8,64.7,102.8,1152.2,4.8,41.884531,-87.624602,POINT (-87.624602 41.884531),2023-100417
2023,251300,2020 Lincoln Park West Condominium Association,Submitted,2020 N. Lincoln Park West,60614,2.0,,Lincoln Park,Multifamily Housing,434293,1972,1,,43,11523111.8,22468900,,,,78.3,128.6,87.2,138.1,2805.7,6.5,41.908254,-87.639863,POINT (-87.639863 41.908254),2023-251300
2023,252261,-,Not Submitted,301 N Austin Blvd,60644,0.0,,Austin,Residential,,,,,,,,,,,,,,,,,41.907909,-87.625946,POINT (-87.625946 41.907909),2023-252261
2023,254368,AbilityLab,Submitted,355 E. Erie Ave,60611,1.0,,Near North Side,Outpatient Rehabilitation/Physical Therapy,877895,2016,1,26646,,57550159.2,97785890.3,,,,176.9,300.5,182.7,306,13246.3,15.1,41.893341,-87.617589,POINT (-87.617589 41.893341),2023-254368
2023,236366,1700 East 56th Street,Submitted,1700 E 56th St,60637,4.0,,Hyde Park,Multifamily Housing,474807,1969,1,,86,7578375.7,21160684.8,,,,60.5,91.5,66,97.5,2184.3,4.6,41.860227,-87.62253,POINT (-87.62253 41.860227),2023-236366
2023,106052,"6214 N. Winthrop, LLC",Submitted,6214-6218 N. Winthrop Ave.,60660,4.0,,Edgewater,Multifamily Housing,58321,1969,1,,95,855949.9,2827655.8,,,,63.2,92,71.2,100.4,270,4.6,41.773447,-87.56849,POINT (-87.56849 41.773447),2023-106052
2023,159411,1130 South Michigan,Submitted,1130 S Michigan Ave,60605,3.5,,Loop,Multifamily Housing,717245,1967,1,31121,58,14915041.6,37680697.6,,,,73.3,113.4,79.3,119.4,4088.3,5.7,41.90513,-87.645192,POINT (-87.645192 41.90513),2023-159411
2023,156696,"(IL732) - Film Exchange Lofts (1307 S Wabash Ave, Chicago)",Submitted,"1307 S Wabash Ave, Chicago",60605,3.5,,Near South Side,Multifamily Housing,155000,1929,1,,78,2055852.3,7062266.2,,,,58.8,85,64,90.9,662.8,4.3,41.902843,-87.6301,POINT (-87.6301 41.902843),2023-156696
2023,103449,,Not Submitted,7616  S South Shore Dr,60649,0.0,,South Shore,Residential,,,,,,,,,,,,,,,,,41.876612,-87.658038,POINT (-87.658038 41.876612),2023-103449
2023,114201,1350 N Astor Street,Submitted,1350 N Astor Street,60610,4.0,,Near North Side,Multifamily Housing,71495,1949,1,,83,896410.1,4557697.3,,,,76.3,102,86.5,112.9,367.5,5.1,41.938996,-87.726183,POINT (-87.726183 41.938996),2023-114201
2023,256541,508 West Diversey Parkway,Submitted,508 West Diversey Parkway,60614,4.0,,Lake View,Multifamily Housing,98000,2019,1,1501292,93,1553306.2,3222712.2,,,,48.7,78.9,54.3,85.4,388.5,4,41.886424,-87.626168,POINT (-87.626168 41.886424),2023-256541
2023,240953,(IL247) - River Place on the Park Condo (700 N Larrabee),Submitted,700 N Larrabee,60654,2.0,,Near North Side,Multifamily Housing,224310,2006,1,,42,7165887.8,13509649.8,,,,92.2,152.7,98.9,158.9,1720.2,7.7,41.842506,-87.695297,POINT (-87.695297 41.842506),2023-240953
2023,173639,Madison 123 Assoc LLC,Not Submitted,123 W Madison St,60602,0.0,,Loop,Office,,,,,,,,,,,,,,,,,41.879303,-87.631002,POINT (-87.631002 41.879303),2023-173639
2023,128088,,Not Submitted,5061  N Pulaski Rd,60630,0.0,,Albany Park,Residential,,,,,,,,,,,,,,,,,41.9772,-87.84139,POINT (-87.84139 41.9772),2023-128088
2023,251728,Burbank,Submitted,2035 N Mobile Ave,60639,2.0,,Belmont Cragin,K-12 School,165364,1929,2,,50,4465127.8,5069710.3,,,,57.7,107.8,64.1,114.5,894,5.4,41.952939,-87.648041,POINT (-87.648041 41.952939),2023-251728
2023,251407,Tubman,Submitted,2851 N Seminary Ave,60657,1.0,,Lake View,K-12 School,57743,1913,1,,8,1424069.8,6146529.7,,,,131.1,180.8,152.7,205.2,525.7,9.1,41.765248,-87.566349,POINT (-87.566349 41.765248),2023-251407
2023,252311,Frances Larry Apartments,Submitted,824-32 E 53rd St,60615,4.0,,Hyde Park,Multifamily Housing,61200,1930,1,,89,492481.3,2693044.8,,,,52.1,68.7,57.9,75,211.9,3.5,41.910843,-87.629022,POINT (-87.629022 41.910843),2023-252311
2023,256440,IIT Tower,Not Submitted,10 W 35th Street,60616,0.0,,Douglas,Commercial,,,,,,,,,,,,,,,,,42.016464,-87.684441,POINT (-87.684441 42.016464),2023-256440
2023,101753,222 South Riverside,Submitted,222 South Riverside Plaza,60606,4.0,,Near West Side,Office,1237455,1971,1,19287,85,37409646.2,32041693.6,,,,56.1,111.8,60.1,116,6936.2,5.6,41.874634,-87.630418,POINT (-87.630418 41.874634),2023-101753
2023,175987,CH10 - Chicago South,Submitted,11840 S Marshfield Ave,60643,2.5,,Morgan Park,Office,129029,2000,1,,55,4384254.8,3892079.4,,,,64.1,126.8,65.6,131,820.2,6.4,41.973128,-87.651076,POINT (-87.651076 41.973128),2023-175987
2023,250083,Daniel Hudson Burnham Apartments,Submitted,1930 W. Loyola Ave,60626,2.5,,West Ridge,Multifamily Housing,99530,1983,1,,53,2314509.9,8171500.4,,,,105.4,151.3,117.5,163.2,757.9,7.6,41.893483,-87.621931,POINT (-87.621931 41.893483),2023-250083
2023,256672,River Walk Townhomes,Submitted,2903-2923 N Claremont Ave,60618,3.0,,Avondale,Multifamily Housing,71737,2004,3,,69,1245320.6,4339142.6,,,,77.8,112.1,85.2,121.4,404.7,5.6,41.901711,-87.625667,POINT (-87.625667 41.901711),2023-256672
